-2.0,-1.2000000000000002,0.0,1.198437786022534,-0.11532184080758993,0.12
-2.0,-1.2000000000000002,0.2,1.198437786022534,-0.11532184080758993,0.0970820393249937
-2.0,-1.2000000000000002,0.4,1.198437786022534,-0.11532184080758993,0.037082039324993696
-2.0,-1.2000000000000002,0.6000000000000001,1.198437786022534,-0.11532184080758993,-0.0370820393249937
-2.0,-1.2000000000000002,0.8,1.198437786022534,-0.11532184080758993,-0.09708203932499368
-2.0,-1.2000000000000002,1.0,1.198437786022534,-0.11532184080758993,-0.12
-2.0,-1.1,0.0,1.1980337974724493,-0.1443588251106354,0.12
-2.0,-1.1,0.2,1.1980337974724493,-0.1443588251106354,0.0970820393249937
-2.0,-1.1,0.4,1.1980337974724493,-0.1443588251106354,0.037082039324993696
-2.0,-1.1,0.6000000000000001,1.1980337974724493,-0.1443588251106354,-0.0370820393249937
-2.0,-1.1,0.8,1.1980337974724493,-0.1443588251106354,-0.09708203932499368
-2.0,-1.1,1.0,1.1980337974724493,-0.1443588251106354,-0.12
-2.0,-1.0,0.0,1.1975743390803293,-0.17195342375185865,0.12
-2.0,-1.0,0.2,1.1975743390803293,-0.17195342375185865,0.0970820393249937
-2.0,-1.0,0.4,1.1975743390803293,-0.17195342375185865,0.037082039324993696
-2.0,-1.0,0.6000000000000001,1.1975743390803293,-0.17195342375185865,-0.0370820393249937
-2.0,-1.0,0.8,1.1975743390803293,-0.17195342375185865,-0.09708203932499368
-2.0,-1.0,1.0,1.1975743390803293,-0.17195342375185865,-0.12
-2.0,-0.9,0.0,1.1970667705088351,-0.19782992062319807,0.12
-2.0,-0.9,0.2,1.1970667705088351,-0.19782992062319807,0.0970820393249937
-2.0,-0.9,0.4,1.1970667705088351,-0.19782992062319807,0.037082039324993696
-2.0,-0.9,0.6000000000000001,1.1970667705088351,-0.19782992062319807,-0.0370820393249937
-2.0,-0.9,0.8,1.1970667705088351,-0.19782992062319807,-0.09708203932499368
-2.0,-0.9,1.0,1.1970667705088351,-0.19782992062319807,-0.12
-2.0,-0.8,0.0,1.1965232288540864,-0.22172976632154795,0.12
-2.0,-0.8,0.2,1.1965232288540864,-0.22172976632154795,0.0970820393249937
-2.0,-0.8,0.4,1.1965232288540864,-0.22172976632154795,0.037082039324993696
-2.0,-0.8,0.6000000000000001,1.1965232288540864,-0.22172976632154795,-0.0370820393249937
-2.0,-0.8,0.8,1.1965232288540864,-0.22172976632154795,-0.09708203932499368
-2.0,-0.8,1.0,1.1965232288540864,-0.22172976632154795,-0.12
-2.0,-0.7000000000000001,0.0,1.195960568228548,-0.24341416148892897,0.12
-2.0,-0.7000000000000001,0.2,1.195960568228548,-0.24341416148892897,0.0970820393249937
-2.0,-0.7000000000000001,0.4,1.195960568228548,-0.24341416148892897,0.037082039324993696
-2.0,-0.7000000000000001,0.6000000000000001,1.195960568228548,-0.24341416148892897,-0.0370820393249937
-2.0,-0.7000000000000001,0.8,1.195960568228548,-0.24341416148892897,-0.09708203932499368
-2.0,-0.7000000000000001,1.0,1.195960568228548,-0.24341416148892897,-0.12
-2.0,-0.6000000000000001,0.0,1.1953997804461671,-0.26266644281673673,0.12
-2.0,-0.6000000000000001,0.2,1.1953997804461671,-0.26266644281673673,0.0970820393249937
-2.0,-0.6000000000000001,0.4,1.1953997804461671,-0.26266644281673673,0.037082039324993696
-2.0,-0.6000000000000001,0.6000000000000001,1.1953997804461671,-0.26266644281673673,-0.0370820393249937
-2.0,-0.6000000000000001,0.8,1.1953997804461671,-0.26266644281673673,-0.09708203932499368
-2.0,-0.6000000000000001,1.0,1.1953997804461671,-0.26266644281673673,-0.12
-2.0,-0.5,0.0,1.1948648757927602,-0.2792942478739019,0.12
-2.0,-0.5,0.2,1.1948648757927602,-0.2792942478739019,0.0970820393249937
-2.0,-0.5,0.4,1.1948648757927602,-0.2792942478739019,0.037082039324993696
-2.0,-0.5,0.6000000000000001,1.1948648757927602,-0.2792942478739019,-0.0370820393249937
-2.0,-0.5,0.8,1.1948648757927602,-0.2792942478739019,-0.09708203932499368
-2.0,-0.5,1.0,1.1948648757927602,-0.2792942478739019,-0.12
-2.0,-0.4,0.0,1.1943812791488062,-0.2931314371287148,0.12
-2.0,-0.4,0.2,1.1943812791488062,-0.2931314371287148,0.0970820393249937
-2.0,-0.4,0.4,1.1943812791488062,-0.2931314371287148,0.037082039324993696
-2.0,-0.4,0.6000000000000001,1.1943812791488062,-0.2931314371287148,-0.0370820393249937
-2.0,-0.4,0.8,1.1943812791488062,-0.2931314371287148,-0.09708203932499368
-2.0,-0.4,1.0,1.1943812791488062,-0.2931314371287148,-0.12
-2.0,-0.30000000000000004,0.0,1.193973875918911,-0.304039753960108,0.12
-2.0,-0.30000000000000004,0.2,1.193973875918911,-0.304039753960108,0.0970820393249937
-2.0,-0.30000000000000004,0.4,1.193973875918911,-0.304039753960108,0.037082039324993696
-2.0,-0.30000000000000004,0.6000000000000001,1.193973875918911,-0.304039753960108,-0.0370820393249937
-2.0,-0.30000000000000004,0.8,1.193973875918911,-0.304039753960108,-0.09708203932499368
-2.0,-0.30000000000000004,1.0,1.193973875918911,-0.304039753960108,-0.12
-2.0,-0.2,0.0,1.1936649099303756,-0.3119102060721124,0.12
-2.0,-0.2,0.2,1.1936649099303756,-0.3119102060721124,0.0970820393249937
-2.0,-0.2,0.4,1.1936649099303756,-0.3119102060721124,0.037082039324993696
-2.0,-0.2,0.6000000000000001,1.1936649099303756,-0.3119102060721124,-0.0370820393249937
-2.0,-0.2,0.8,1.1936649099303756,-0.3119102060721124,-0.09708203932499368
-2.0,-0.2,1.0,1.1936649099303756,-0.3119102060721124,-0.12
-2.0,-0.1,0.0,1.1934719777147516,-0.31666415450885044,0.12
-2.0,-0.1,0.2,1.1934719777147516,-0.31666415450885044,0.0970820393249937
-2.0,-0.1,0.4,1.1934719777147516,-0.31666415450885044,0.037082039324993696
-2.0,-0.1,0.6000000000000001,1.1934719777147516,-0.31666415450885044,-0.0370820393249937
-2.0,-0.1,0.8,1.1934719777147516,-0.31666415450885044,-0.09708203932499368
-2.0,-0.1,1.0,1.1934719777147516,-0.31666415450885044,-0.12
-2.0,0.0,0.0,1.1934063700000557,-0.3182540993889886,0.12
-2.0,0.0,0.2,1.1934063700000557,-0.3182540993889886,0.0970820393249937
-2.0,0.0,0.4,1.1934063700000557,-0.3182540993889886,0.037082039324993696
-2.0,0.0,0.6000000000000001,1.1934063700000557,-0.3182540993889886,-0.0370820393249937
-2.0,0.0,0.8,1.1934063700000557,-0.3182540993889886,-0.09708203932499368
-2.0,0.0,1.0,1.1934063700000557,-0.3182540993889886,-0.12
-2.0,0.1,0.0,1.1934719777147516,-0.31666415450885044,0.12
-2.0,0.1,0.2,1.1934719777147516,-0.31666415450885044,0.0970820393249937
-2.0,0.1,0.4,1.1934719777147516,-0.31666415450885044,0.037082039324993696
-2.0,0.1,0.6000000000000001,1.1934719777147516,-0.31666415450885044,-0.0370820393249937
-2.0,0.1,0.8,1.1934719777147516,-0.31666415450885044,-0.09708203932499368
-2.0,0.1,1.0,1.1934719777147516,-0.31666415450885044,-0.12
-2.0,0.2,0.0,1.1936649099303756,-0.3119102060721124,0.12
-2.0,0.2,0.2,1.1936649099303756,-0.3119102060721124,0.0970820393249937
-2.0,0.2,0.4,1.1936649099303756,-0.3119102060721124,0.037082039324993696
-2.0,0.2,0.6000000000000001,1.1936649099303756,-0.3119102060721124,-0.0370820393249937
-2.0,0.2,0.8,1.1936649099303756,-0.3119102060721124,-0.09708203932499368
-2.0,0.2,1.0,1.1936649099303756,-0.3119102060721124,-0.12
-2.0,0.30000000000000004,0.0,1.193973875918911,-0.304039753960108,0.12
-2.0,0.30000000000000004,0.2,1.193973875918911,-0.304039753960108,0.0970820393249937
-2.0,0.30000000000000004,0.4,1.193973875918911,-0.304039753960108,0.037082039324993696
-2.0,0.30000000000000004,0.6000000000000001,1.193973875918911,-0.304039753960108,-0.0370820393249937
-2.0,0.30000000000000004,0.8,1.193973875918911,-0.304039753960108,-0.09708203932499368
-2.0,0.30000000000000004,1.0,1.193973875918911,-0.304039753960108,-0.12
-2.0,0.4,0.0,1.1943812791488062,-0.2931314371287148,0.12
-2.0,0.4,0.2,1.1943812791488062,-0.2931314371287148,0.0970820393249937
-2.0,0.4,0.4,1.1943812791488062,-0.2931314371287148,0.037082039324993696
-2.0,0.4,0.6000000000000001,1.1943812791488062,-0.2931314371287148,-0.0370820393249937
-2.0,0.4,0.8,1.1943812791488062,-0.2931314371287148,-0.09708203932499368
-2.0,0.4,1.0,1.1943812791488062,-0.2931314371287148,-0.12
-2.0,0.5,0.0,1.1948648757927602,-0.2792942478739019,0.12
-2.0,0.5,0.2,1.1948648757927602,-0.2792942478739019,0.0970820393249937
-2.0,0.5,0.4,1.1948648757927602,-0.2792942478739019,0.037082039324993696
-2.0,0.5,0.6000000000000001,1.1948648757927602,-0.2792942478739019,-0.0370820393249937
-2.0,0.5,0.8,1.1948648757927602,-0.2792942478739019,-0.09708203932499368
-2.0,0.5,1.0,1.1948648757927602,-0.2792942478739019,-0.12
-2.0,0.6000000000000001,0.0,1.1953997804461671,-0.26266644281673673,0.12
-2.0,0.6000000000000001,0.2,1.1953997804461671,-0.26266644281673673,0.0970820393249937
-2.0,0.6000000000000001,0.4,1.1953997804461671,-0.26266644281673673,0.037082039324993696
-2.0,0.6000000000000001,0.6000000000000001,1.1953997804461671,-0.26266644281673673,-0.0370820393249937
-2.0,0.6000000000000001,0.8,1.1953997804461671,-0.26266644281673673,-0.09708203932499368
-2.0,0.6000000000000001,1.0,1.1953997804461671,-0.26266644281673673,-0.12
-2.0,0.7000000000000001,0.0,1.195960568228548,-0.24341416148892897,0.12
-2.0,0.7000000000000001,0.2,1.195960568228548,-0.24341416148892897,0.0970820393249937
-2.0,0.7000000000000001,0.4,1.195960568228548,-0.24341416148892897,0.037082039324993696
-2.0,0.7000000000000001,0.6000000000000001,1.195960568228548,-0.24341416148892897,-0.0370820393249937
-2.0,0.7000000000000001,0.8,1.195960568228548,-0.24341416148892897,-0.09708203932499368
-2.0,0.7000000000000001,1.0,1.195960568228548,-0.24341416148892897,-0.12
-2.0,0.8,0.0,1.1965232288540864,-0.22172976632154795,0.12
-2.0,0.8,0.2,1.1965232288540864,-0.22172976632154795,0.0970820393249937
-2.0,0.8,0.4,1.1965232288540864,-0.22172976632154795,0.037082039324993696
-2.0,0.8,0.6000000000000001,1.1965232288540864,-0.22172976632154795,-0.0370820393249937
-2.0,0.8,0.8,1.1965232288540864,-0.22172976632154795,-0.09708203932499368
-2.0,0.8,1.0,1.1965232288540864,-0.22172976632154795,-0.12
-2.0,0.9,0.0,1.1970667705088351,-0.19782992062319807,0.12
-2.0,0.9,0.2,1.1970667705088351,-0.19782992062319807,0.0970820393249937
-2.0,0.9,0.4,1.1970667705088351,-0.19782992062319807,0.037082039324993696
-2.0,0.9,0.6000000000000001,1.1970667705088351,-0.19782992062319807,-0.0370820393249937
-2.0,0.9,0.8,1.1970667705088351,-0.19782992062319807,-0.09708203932499368
-2.0,0.9,1.0,1.1970667705088351,-0.19782992062319807,-0.12
-2.0,1.0,0.0,1.1975743390803293,-0.17195342375185865,0.12
-2.0,1.0,0.2,1.1975743390803293,-0.17195342375185865,0.0970820393249937
-2.0,1.0,0.4,1.1975743390803293,-0.17195342375185865,0.037082039324993696
-2.0,1.0,0.6000000000000001,1.1975743390803293,-0.17195342375185865,-0.0370820393249937
-2.0,1.0,0.8,1.1975743390803293,-0.17195342375185865,-0.09708203932499368
-2.0,1.0,1.0,1.1975743390803293,-0.17195342375185865,-0.12
-2.0,1.1,0.0,1.1980337974724493,-0.1443588251106354,0.12
-2.0,1.1,0.2,1.1980337974724493,-0.1443588251106354,0.0970820393249937
-2.0,1.1,0.4,1.1980337974724493,-0.1443588251106354,0.037082039324993696
-2.0,1.1,0.6000000000000001,1.1980337974724493,-0.1443588251106354,-0.0370820393249937
-2.0,1.1,0.8,1.1980337974724493,-0.1443588251106354,-0.09708203932499368
-2.0,1.1,1.0,1.1980337974724493,-0.1443588251106354,-0.12
-2.0,1.2000000000000002,0.0,1.198437786022534,-0.11532184080758993,0.12
-2.0,1.2000000000000002,0.2,1.198437786022534,-0.11532184080758993,0.0970820393249937
-2.0,1.2000000000000002,0.4,1.198437786022534,-0.11532184080758993,0.037082039324993696
-2.0,1.2000000000000002,0.6000000000000001,1.198437786022534,-0.11532184080758993,-0.0370820393249937
-2.0,1.2000000000000002,0.8,1.198437786022534,-0.11532184080758993,-0.09708203932499368
-2.0,1.2000000000000002,1.0,1.198437786022534,-0.11532184080758993,-0.12
-1.9000000000000001,-1.2000000000000002,0.0,1.1976926399593477,-0.12001471119242171,0.12
-1.9000000000000001,-1.2000000000000002,0.2,1.1976926399593477,-0.12001471119242171,0.0970820393249937
-1.9000000000000001,-1.2000000000000002,0.4,1.1976926399593477,-0.12001471119242171,0.037082039324993696
-1.9000000000000001,-1.2000000000000002,0.6000000000000001,1.1976926399593477,-0.12001471119242171,-0.0370820393249937
-1.9000000000000001,-1.2000000000000002,0.8,1.1976926399593477,-0.12001471119242171,-0.09708203932499368
-1.9000000000000001,-1.2000000000000002,1.0,1.1976926399593477,-0.12001471119242171,-0.12
-1.9000000000000001,-1.1,0.0,1.197095956629924,-0.15023331731789322,0.12
-1.9000000000000001,-1.1,0.2,1.197095956629924,-0.15023331731789322,0.0970820393249937
-1.9000000000000001,-1.1,0.4,1.197095956629924,-0.15023331731789322,0.037082039324993696
-1.9000000000000001,-1.1,0.6000000000000001,1.197095956629924,-0.15023331731789322,-0.0370820393249937
-1.9000000000000001,-1.1,0.8,1.197095956629924,-0.15023331731789322,-0.09708203932499368
-1.9000000000000001,-1.1,1.0,1.197095956629924,-0.15023331731789322,-0.12
-1.9000000000000001,-1.0,0.0,1.1964173454091744,-0.1789508417972565,0.12
-1.9000000000000001,-1.0,0.2,1.1964173454091744,-0.1789508417972565,0.0970820393249937
-1.9000000000000001,-1.0,0.4,1.1964173454091744,-0.1789508417972565,0.037082039324993696
-1.9000000000000001,-1.0,0.6000000000000001,1.1964173454091744,-0.1789508417972565,-0.0370820393249937
-1.9000000000000001,-1.0,0.8,1.1964173454091744,-0.1789508417972565,-0.09708203932499368
-1.9000000000000001,-1.0,1.0,1.1964173454091744,-0.1789508417972565,-0.12
-1.9000000000000001,-0.9,0.0,1.1956676763774994,-0.20588034861866522,0.12
-1.9000000000000001,-0.9,0.2,1.1956676763774994,-0.20588034861866522,0.0970820393249937
-1.9000000000000001,-0.9,0.4,1.1956676763774994,-0.20588034861866522,0.037082039324993696
-1.9000000000000001,-0.9,0.6000000000000001,1.1956676763774994,-0.20588034861866522,-0.0370820393249937
-1.9000000000000001,-0.9,0.8,1.1956676763774994,-0.20588034861866522,-0.09708203932499368
-1.9000000000000001,-0.9,1.0,1.1956676763774994,-0.20588034861866522,-0.12
-1.9000000000000001,-0.8,0.0,1.1948648757927602,-0.2307527670516714,0.12
-1.9000000000000001,-0.8,0.2,1.1948648757927602,-0.2307527670516714,0.0970820393249937
-1.9000000000000001,-0.8,0.4,1.1948648757927602,-0.2307527670516714,0.037082039324993696
-1.9000000000000001,-0.8,0.6000000000000001,1.1948648757927602,-0.2307527670516714,-0.0370820393249937
-1.9000000000000001,-0.8,0.8,1.1948648757927602,-0.2307527670516714,-0.09708203932499368
-1.9000000000000001,-0.8,1.0,1.1948648757927602,-0.2307527670516714,-0.12
-1.9000000000000001,-0.7000000000000001,0.0,1.194033836855366,-0.2533195801130208,0.12
-1.9000000000000001,-0.7000000000000001,0.2,1.194033836855366,-0.2533195801130208,0.0970820393249937
-1.9000000000000001,-0.7000000000000001,0.4,1.194033836855366,-0.2533195801130208,0.037082039324993696
-1.9000000000000001,-0.7000000000000001,0.6000000000000001,1.194033836855366,-0.2533195801130208,-0.0370820393249937
-1.9000000000000001,-0.7000000000000001,0.8,1.194033836855366,-0.2533195801130208,-0.09708203932499368
-1.9000000000000001,-0.7000000000000001,1.0,1.194033836855366,-0.2533195801130208,-0.12
-1.9000000000000001,-0.6000000000000001,0.0,1.1932055640713455,-0.2733553076662011,0.12
-1.9000000000000001,-0.6000000000000001,0.2,1.1932055640713455,-0.2733553076662011,0.0970820393249937
-1.9000000000000001,-0.6000000000000001,0.4,1.1932055640713455,-0.2733553076662011,0.037082039324993696
-1.9000000000000001,-0.6000000000000001,0.6000000000000001,1.1932055640713455,-0.2733553076662011,-0.0370820393249937
-1.9000000000000001,-0.6000000000000001,0.8,1.1932055640713455,-0.2733553076662011,-0.09708203932499368
-1.9000000000000001,-0.6000000000000001,1.0,1.1932055640713455,-0.2733553076662011,-0.12
-1.9000000000000001,-0.5,0.0,1.192415520171705,-0.29065975934443194,0.12
-1.9000000000000001,-0.5,0.2,1.192415520171705,-0.29065975934443194,0.0970820393249937
-1.9000000000000001,-0.5,0.4,1.192415520171705,-0.29065975934443194,0.037082039324993696
-1.9000000000000001,-0.5,0.6000000000000001,1.192415520171705,-0.29065975934443194,-0.0370820393249937
-1.9000000000000001,-0.5,0.8,1.192415520171705,-0.29065975934443194,-0.09708203932499368
-1.9000000000000001,-0.5,1.0,1.192415520171705,-0.29065975934443194,-0.12
-1.9000000000000001,-0.4,0.0,1.1917012572165988,-0.3050600347866355,0.12
-1.9000000000000001,-0.4,0.2,1.1917012572165988,-0.3050600347866355,0.0970820393249937
-1.9000000000000001,-0.4,0.4,1.1917012572165988,-0.3050600347866355,0.037082039324993696
-1.9000000000000001,-0.4,0.6000000000000001,1.1917012572165988,-0.3050600347866355,-0.0370820393249937
-1.9000000000000001,-0.4,0.8,1.1917012572165988,-0.3050600347866355,-0.09708203932499368
-1.9000000000000001,-0.4,1.0,1.1917012572165988,-0.3050600347866355,-0.12
-1.9000000000000001,-0.30000000000000004,0.0,1.1910995304706777,-0.31641225120069166,0.12
-1.9000000000000001,-0.30000000000000004,0.2,1.1910995304706777,-0.31641225120069166,0.0970820393249937
-1.9000000000000001,-0.30000000000000004,0.4,1.1910995304706777,-0.31641225120069166,0.037082039324993696
-1.9000000000000001,-0.30000000000000004,0.6000000000000001,1.1910995304706777,-0.31641225120069166,-0.0370820393249937
-1.9000000000000001,-0.30000000000000004,0.8,1.1910995304706777,-0.31641225120069166,-0.09708203932499368
-1.9000000000000001,-0.30000000000000004,1.0,1.1910995304706777,-0.31641225120069166,-0.12
-1.9000000000000001,-0.2,0.0,1.190643193639648,-0.3246029809927349,0.12
-1.9000000000000001,-0.2,0.2,1.190643193639648,-0.3246029809927349,0.0970820393249937
-1.9000000000000001,-0.2,0.4,1.190643193639648,-0.3246029809927349,0.037082039324993696
-1.9000000000000001,-0.2,0.6000000000000001,1.190643193639648,-0.3246029809927349,-0.0370820393249937
-1.9000000000000001,-0.2,0.8,1.190643193639648,-0.3246029809927349,-0.09708203932499368
-1.9000000000000001,-0.2,1.0,1.190643193639648,-0.3246029809927349,-0.12
-1.9000000000000001,-0.1,0.0,1.1903582364626502,-0.3295503850981784,0.12
-1.9000000000000001,-0.1,0.2,1.1903582364626502,-0.3295503850981784,0.0970820393249937
-1.9000000000000001,-0.1,0.4,1.1903582364626502,-0.3295503850981784,0.037082039324993696
-1.9000000000000001,-0.1,0.6000000000000001,1.1903582364626502,-0.3295503850981784,-0.0370820393249937
-1.9000000000000001,-0.1,0.8,1.1903582364626502,-0.3295503850981784,-0.09708203932499368
-1.9000000000000001,-0.1,1.0,1.1903582364626502,-0.3295503850981784,-0.12
-1.9000000000000001,0.0,0.0,1.1902613351281137,-0.33120503069059504,0.12
-1.9000000000000001,0.0,0.2,1.1902613351281137,-0.33120503069059504,0.0970820393249937
-1.9000000000000001,0.0,0.4,1.1902613351281137,-0.33120503069059504,0.037082039324993696
-1.9000000000000001,0.0,0.6000000000000001,1.1902613351281137,-0.33120503069059504,-0.0370820393249937
-1.9000000000000001,0.0,0.8,1.1902613351281137,-0.33120503069059504,-0.09708203932499368
-1.9000000000000001,0.0,1.0,1.1902613351281137,-0.33120503069059504,-0.12
-1.9000000000000001,0.1,0.0,1.1903582364626502,-0.3295503850981784,0.12
-1.9000000000000001,0.1,0.2,1.1903582364626502,-0.3295503850981784,0.0970820393249937
-1.9000000000000001,0.1,0.4,1.1903582364626502,-0.3295503850981784,0.037082039324993696
-1.9000000000000001,0.1,0.6000000000000001,1.1903582364626502,-0.3295503850981784,-0.0370820393249937
-1.9000000000000001,0.1,0.8,1.1903582364626502,-0.3295503850981784,-0.09708203932499368
-1.9000000000000001,0.1,1.0,1.1903582364626502,-0.3295503850981784,-0.12
-1.9000000000000001,0.2,0.0,1.190643193639648,-0.3246029809927349,0.12
-1.9000000000000001,0.2,0.2,1.190643193639648,-0.3246029809927349,0.0970820393249937
-1.9000000000000001,0.2,0.4,1.190643193639648,-0.3246029809927349,0.037082039324993696
-1.9000000000000001,0.2,0.6000000000000001,1.190643193639648,-0.3246029809927349,-0.0370820393249937
-1.9000000000000001,0.2,0.8,1.190643193639648,-0.3246029809927349,-0.09708203932499368
-1.9000000000000001,0.2,1.0,1.190643193639648,-0.3246029809927349,-0.12
-1.9000000000000001,0.30000000000000004,0.0,1.1910995304706777,-0.31641225120069166,0.12
-1.9000000000000001,0.30000000000000004,0.2,1.1910995304706777,-0.31641225120069166,0.0970820393249937
-1.9000000000000001,0.30000000000000004,0.4,1.1910995304706777,-0.31641225120069166,0.037082039324993696
-1.9000000000000001,0.30000000000000004,0.6000000000000001,1.1910995304706777,-0.31641225120069166,-0.0370820393249937
-1.9000000000000001,0.30000000000000004,0.8,1.1910995304706777,-0.31641225120069166,-0.09708203932499368
-1.9000000000000001,0.30000000000000004,1.0,1.1910995304706777,-0.31641225120069166,-0.12
-1.9000000000000001,0.4,0.0,1.1917012572165988,-0.3050600347866355,0.12
-1.9000000000000001,0.4,0.2,1.1917012572165988,-0.3050600347866355,0.0970820393249937
-1.9000000000000001,0.4,0.4,1.1917012572165988,-0.3050600347866355,0.037082039324993696
-1.9000000000000001,0.4,0.6000000000000001,1.1917012572165988,-0.3050600347866355,-0.0370820393249937
-1.9000000000000001,0.4,0.8,1.1917012572165988,-0.3050600347866355,-0.09708203932499368
-1.9000000000000001,0.4,1.0,1.1917012572165988,-0.3050600347866355,-0.12
-1.9000000000000001,0.5,0.0,1.192415520171705,-0.29065975934443194,0.12
-1.9000000000000001,0.5,0.2,1.192415520171705,-0.29065975934443194,0.0970820393249937
-1.9000000000000001,0.5,0.4,1.192415520171705,-0.29065975934443194,0.037082039324993696
-1.9000000000000001,0.5,0.6000000000000001,1.192415520171705,-0.29065975934443194,-0.0370820393249937
-1.9000000000000001,0.5,0.8,1.192415520171705,-0.29065975934443194,-0.09708203932499368
-1.9000000000000001,0.5,1.0,1.192415520171705,-0.29065975934443194,-0.12
-1.9000000000000001,0.6000000000000001,0.0,1.1932055640713455,-0.2733553076662011,0.12
-1.9000000000000001,0.6000000000000001,0.2,1.1932055640713455,-0.2733553076662011,0.0970820393249937
-1.9000000000000001,0.6000000000000001,0.4,1.1932055640713455,-0.2733553076662011,0.037082039324993696
-1.9000000000000001,0.6000000000000001,0.6000000000000001,1.1932055640713455,-0.2733553076662011,-0.0370820393249937
-1.9000000000000001,0.6000000000000001,0.8,1.1932055640713455,-0.2733553076662011,-0.09708203932499368
-1.9000000000000001,0.6000000000000001,1.0,1.1932055640713455,-0.2733553076662011,-0.12
-1.9000000000000001,0.7000000000000001,0.0,1.194033836855366,-0.2533195801130208,0.12
-1.9000000000000001,0.7000000000000001,0.2,1.194033836855366,-0.2533195801130208,0.0970820393249937
-1.9000000000000001,0.7000000000000001,0.4,1.194033836855366,-0.2533195801130208,0.037082039324993696
-1.9000000000000001,0.7000000000000001,0.6000000000000001,1.194033836855366,-0.2533195801130208,-0.0370820393249937
-1.9000000000000001,0.7000000000000001,0.8,1.194033836855366,-0.2533195801130208,-0.09708203932499368
-1.9000000000000001,0.7000000000000001,1.0,1.194033836855366,-0.2533195801130208,-0.12
-1.9000000000000001,0.8,0.0,1.1948648757927602,-0.2307527670516714,0.12
-1.9000000000000001,0.8,0.2,1.1948648757927602,-0.2307527670516714,0.0970820393249937
-1.9000000000000001,0.8,0.4,1.1948648757927602,-0.2307527670516714,0.037082039324993696
-1.9000000000000001,0.8,0.6000000000000001,1.1948648757927602,-0.2307527670516714,-0.0370820393249937
-1.9000000000000001,0.8,0.8,1.1948648757927602,-0.2307527670516714,-0.09708203932499368
-1.9000000000000001,0.8,1.0,1.1948648757927602,-0.2307527670516714,-0.12
-1.9000000000000001,0.9,0.0,1.1956676763774994,-0.20588034861866522,0.12
-1.9000000000000001,0.9,0.2,1.1956676763774994,-0.20588034861866522,0.0970820393249937
-1.9000000000000001,0.9,0.4,1.1956676763774994,-0.20588034861866522,0.037082039324993696
-1.9000000000000001,0.9,0.6000000000000001,1.1956676763774994,-0.20588034861866522,-0.0370820393249937
-1.9000000000000001,0.9,0.8,1.1956676763774994,-0.20588034861866522,-0.09708203932499368
-1.9000000000000001,0.9,1.0,1.1956676763774994,-0.20588034861866522,-0.12
-1.9000000000000001,1.0,0.0,1.1964173454091744,-0.1789508417972565,0.12
-1.9000000000000001,1.0,0.2,1.1964173454091744,-0.1789508417972565,0.0970820393249937
-1.9000000000000001,1.0,0.4,1.1964173454091744,-0.1789508417972565,0.037082039324993696
-1.9000000000000001,1.0,0.6000000000000001,1.1964173454091744,-0.1789508417972565,-0.0370820393249937
-1.9000000000000001,1.0,0.8,1.1964173454091744,-0.1789508417972565,-0.09708203932499368
-1.9000000000000001,1.0,1.0,1.1964173454091744,-0.1789508417972565,-0.12
-1.9000000000000001,1.1,0.0,1.197095956629924,-0.15023331731789322,0.12
-1.9000000000000001,1.1,0.2,1.197095956629924,-0.15023331731789322,0.0970820393249937
-1.9000000000000001,1.1,0.4,1.197095956629924,-0.15023331731789322,0.037082039324993696
-1.9000000000000001,1.1,0.6000000000000001,1.197095956629924,-0.15023331731789322,-0.0370820393249937
-1.9000000000000001,1.1,0.8,1.197095956629924,-0.15023331731789322,-0.09708203932499368
-1.9000000000000001,1.1,1.0,1.197095956629924,-0.15023331731789322,-0.12
-1.9000000000000001,1.2000000000000002,0.0,1.1976926399593477,-0.12001471119242171,0.12
-1.9000000000000001,1.2000000000000002,0.2,1.1976926399593477,-0.12001471119242171,0.0970820393249937
-1.9000000000000001,1.2000000000000002,0.4,1.1976926399593477,-0.12001471119242171,0.037082039324993696
-1.9000000000000001,1.2000000000000002,0.6000000000000001,1.1976926399593477,-0.12001471119242171,-0.0370820393249937
-1.9000000000000001,1.2000000000000002,0.8,1.1976926399593477,-0.12001471119242171,-0.09708203932499368
-1.9000000000000001,1.2000000000000002,1.0,1.1976926399593477,-0.12001471119242171,-0.12
-1.8,-1.2000000000000002,0.0,1.1966595550006567,-0.12350843425460789,0.12
-1.8,-1.2000000000000002,0.2,1.1966595550006567,-0.12350843425460789,0.0970820393249937
-1.8,-1.2000000000000002,0.4,1.1966595550006567,-0.12350843425460789,0.037082039324993696
-1.8,-1.2000000000000002,0.6000000000000001,1.1966595550006567,-0.12350843425460789,-0.0370820393249937
-1.8,-1.2000000000000002,0.8,1.1966595550006567,-0.12350843425460789,-0.09708203932499368
-1.8,-1.2000000000000002,1.0,1.1966595550006567,-0.12350843425460789,-0.12
-1.8,-1.1,0.0,1.1957957158906576,-0.1546067278790428,0.12
-1.8,-1.1,0.2,1.1957957158906576,-0.1546067278790428,0.0970820393249937
-1.8,-1.1,0.4,1.1957957158906576,-0.1546067278790428,0.037082039324993696
-1.8,-1.1,0.6000000000000001,1.1957957158906576,-0.1546067278790428,-0.0370820393249937
-1.8,-1.1,0.8,1.1957957158906576,-0.1546067278790428,-0.09708203932499368
-1.8,-1.1,1.0,1.1957957158906576,-0.1546067278790428,-0.12
-1.8,-1.0,0.0,1.1948132669364795,-0.18416024218469984,0.12
-1.8,-1.0,0.2,1.1948132669364795,-0.18416024218469984,0.0970820393249937
-1.8,-1.0,0.4,1.1948132669364795,-0.18416024218469984,0.037082039324993696
-1.8,-1.0,0.6000000000000001,1.1948132669364795,-0.18416024218469984,-0.0370820393249937
-1.8,-1.0,0.8,1.1948132669364795,-0.18416024218469984,-0.09708203932499368
-1.8,-1.0,1.0,1.1948132669364795,-0.18416024218469984,-0.12
-1.8,-0.9,0.0,1.1937279451297824,-0.2118736882257298,0.12
-1.8,-0.9,0.2,1.1937279451297824,-0.2118736882257298,0.0970820393249937
-1.8,-0.9,0.4,1.1937279451297824,-0.2118736882257298,0.037082039324993696
-1.8,-0.9,0.6000000000000001,1.1937279451297824,-0.2118736882257298,-0.0370820393249937
-1.8,-0.9,0.8,1.1937279451297824,-0.2118736882257298,-0.09708203932499368
-1.8,-0.9,1.0,1.1937279451297824,-0.2118736882257298,-0.12
-1.8,-0.8,0.0,1.1925657029345835,-0.2374701624101381,0.12
-1.8,-0.8,0.2,1.1925657029345835,-0.2374701624101381,0.0970820393249937
-1.8,-0.8,0.4,1.1925657029345835,-0.2374701624101381,0.037082039324993696
-1.8,-0.8,0.6000000000000001,1.1925657029345835,-0.2374701624101381,-0.0370820393249937
-1.8,-0.8,0.8,1.1925657029345835,-0.2374701624101381,-0.09708203932499368
-1.8,-0.8,1.0,1.1925657029345835,-0.2374701624101381,-0.12
-1.8,-0.7000000000000001,0.0,1.1913625790987847,-0.26069391322894353,0.12
-1.8,-0.7000000000000001,0.2,1.1913625790987847,-0.26069391322894353,0.0970820393249937
-1.8,-0.7000000000000001,0.4,1.1913625790987847,-0.26069391322894353,0.037082039324993696
-1.8,-0.7000000000000001,0.6000000000000001,1.1913625790987847,-0.26069391322894353,-0.0370820393249937
-1.8,-0.7000000000000001,0.8,1.1913625790987847,-0.26069391322894353,-0.09708203932499368
-1.8,-0.7000000000000001,1.0,1.1913625790987847,-0.26069391322894353,-0.12
-1.8,-0.6000000000000001,0.0,1.1901634599189745,-0.28131289664071596,0.12
-1.8,-0.6000000000000001,0.2,1.1901634599189745,-0.28131289664071596,0.0970820393249937
-1.8,-0.6000000000000001,0.4,1.1901634599189745,-0.28131289664071596,0.037082039324993696
-1.8,-0.6000000000000001,0.6000000000000001,1.1901634599189745,-0.28131289664071596,-0.0370820393249937
-1.8,-0.6000000000000001,0.8,1.1901634599189745,-0.28131289664071596,-0.09708203932499368
-1.8,-0.6000000000000001,1.0,1.1901634599189745,-0.28131289664071596,-0.12
-1.8,-0.5,0.0,1.1890196860183617,-0.2991210945789348,0.12
-1.8,-0.5,0.2,1.1890196860183617,-0.2991210945789348,0.0970820393249937
-1.8,-0.5,0.4,1.1890196860183617,-0.2991210945789348,0.037082039324993696
-1.8,-0.5,0.6000000000000001,1.1890196860183617,-0.2991210945789348,-0.0370820393249937
-1.8,-0.5,0.8,1.1890196860183617,-0.2991210945789348,-0.09708203932499368
-1.8,-0.5,1.0,1.1890196860183617,-0.2991210945789348,-0.12
-1.8,-0.4,0.0,1.1879856228142824,-0.3139405734164088,0.12
-1.8,-0.4,0.2,1.1879856228142824,-0.3139405734164088,0.0970820393249937
-1.8,-0.4,0.4,1.1879856228142824,-0.3139405734164088,0.037082039324993696
-1.8,-0.4,0.6000000000000001,1.1879856228142824,-0.3139405734164088,-0.0370820393249937
-1.8,-0.4,0.8,1.1879856228142824,-0.3139405734164088,-0.09708203932499368
-1.8,-0.4,1.0,1.1879856228142824,-0.3139405734164088,-0.12
-1.8,-0.30000000000000004,0.0,1.187114482175644,-0.32562326181926243,0.12
-1.8,-0.30000000000000004,0.2,1.187114482175644,-0.32562326181926243,0.0970820393249937
-1.8,-0.30000000000000004,0.4,1.187114482175644,-0.32562326181926243,0.037082039324993696
-1.8,-0.30000000000000004,0.6000000000000001,1.187114482175644,-0.32562326181926243,-0.0370820393249937
-1.8,-0.30000000000000004,0.8,1.187114482175644,-0.32562326181926243,-0.09708203932499368
-1.8,-0.30000000000000004,1.0,1.187114482175644,-0.32562326181926243,-0.12
-1.8,-0.2,0.0,1.1864538275494165,-0.3340524302267577,0.12
-1.8,-0.2,0.2,1.1864538275494165,-0.3340524302267577,0.0970820393249937
-1.8,-0.2,0.4,1.1864538275494165,-0.3340524302267577,0.037082039324993696
-1.8,-0.2,0.6000000000000001,1.1864538275494165,-0.3340524302267577,-0.0370820393249937
-1.8,-0.2,0.8,1.1864538275494165,-0.3340524302267577,-0.09708203932499368
-1.8,-0.2,1.0,1.1864538275494165,-0.3340524302267577,-0.12
-1.8,-0.1,0.0,1.18604128518058,-0.33914385717447953,0.12
-1.8,-0.1,0.2,1.18604128518058,-0.33914385717447953,0.0970820393249937
-1.8,-0.1,0.4,1.18604128518058,-0.33914385717447953,0.037082039324993696
-1.8,-0.1,0.6000000000000001,1.18604128518058,-0.33914385717447953,-0.0370820393249937
-1.8,-0.1,0.8,1.18604128518058,-0.33914385717447953,-0.09708203932499368
-1.8,-0.1,1.0,1.18604128518058,-0.33914385717447953,-0.12
-1.8,0.0,0.0,1.1859009977643646,-0.3408466708073683,0.12
-1.8,0.0,0.2,1.1859009977643646,-0.3408466708073683,0.0970820393249937
-1.8,0.0,0.4,1.1859009977643646,-0.3408466708073683,0.037082039324993696
-1.8,0.0,0.6000000000000001,1.1859009977643646,-0.3408466708073683,-0.0370820393249937
-1.8,0.0,0.8,1.1859009977643646,-0.3408466708073683,-0.09708203932499368
-1.8,0.0,1.0,1.1859009977643646,-0.3408466708073683,-0.12
-1.8,0.1,0.0,1.18604128518058,-0.33914385717447953,0.12
-1.8,0.1,0.2,1.18604128518058,-0.33914385717447953,0.0970820393249937
-1.8,0.1,0.4,1.18604128518058,-0.33914385717447953,0.037082039324993696
-1.8,0.1,0.6000000000000001,1.18604128518058,-0.33914385717447953,-0.0370820393249937
-1.8,0.1,0.8,1.18604128518058,-0.33914385717447953,-0.09708203932499368
-1.8,0.1,1.0,1.18604128518058,-0.33914385717447953,-0.12
-1.8,0.2,0.0,1.1864538275494165,-0.3340524302267577,0.12
-1.8,0.2,0.2,1.1864538275494165,-0.3340524302267577,0.0970820393249937
-1.8,0.2,0.4,1.1864538275494165,-0.3340524302267577,0.037082039324993696
-1.8,0.2,0.6000000000000001,1.1864538275494165,-0.3340524302267577,-0.0370820393249937
-1.8,0.2,0.8,1.1864538275494165,-0.3340524302267577,-0.09708203932499368
-1.8,0.2,1.0,1.1864538275494165,-0.3340524302267577,-0.12
-1.8,0.30000000000000004,0.0,1.187114482175644,-0.32562326181926243,0.12
-1.8,0.30000000000000004,0.2,1.187114482175644,-0.32562326181926243,0.0970820393249937
-1.8,0.30000000000000004,0.4,1.187114482175644,-0.32562326181926243,0.037082039324993696
-1.8,0.30000000000000004,0.6000000000000001,1.187114482175644,-0.32562326181926243,-0.0370820393249937
-1.8,0.30000000000000004,0.8,1.187114482175644,-0.32562326181926243,-0.09708203932499368
-1.8,0.30000000000000004,1.0,1.187114482175644,-0.32562326181926243,-0.12
-1.8,0.4,0.0,1.1879856228142824,-0.3139405734164088,0.12
-1.8,0.4,0.2,1.1879856228142824,-0.3139405734164088,0.0970820393249937
-1.8,0.4,0.4,1.1879856228142824,-0.3139405734164088,0.037082039324993696
-1.8,0.4,0.6000000000000001,1.1879856228142824,-0.3139405734164088,-0.0370820393249937
-1.8,0.4,0.8,1.1879856228142824,-0.3139405734164088,-0.09708203932499368
-1.8,0.4,1.0,1.1879856228142824,-0.3139405734164088,-0.12
-1.8,0.5,0.0,1.1890196860183617,-0.2991210945789348,0.12
-1.8,0.5,0.2,1.1890196860183617,-0.2991210945789348,0.0970820393249937
-1.8,0.5,0.4,1.1890196860183617,-0.2991210945789348,0.037082039324993696
-1.8,0.5,0.6000000000000001,1.1890196860183617,-0.2991210945789348,-0.0370820393249937
-1.8,0.5,0.8,1.1890196860183617,-0.2991210945789348,-0.09708203932499368
-1.8,0.5,1.0,1.1890196860183617,-0.2991210945789348,-0.12
-1.8,0.6000000000000001,0.0,1.1901634599189745,-0.28131289664071596,0.12
-1.8,0.6000000000000001,0.2,1.1901634599189745,-0.28131289664071596,0.0970820393249937
-1.8,0.6000000000000001,0.4,1.1901634599189745,-0.28131289664071596,0.037082039324993696
-1.8,0.6000000000000001,0.6000000000000001,1.1901634599189745,-0.28131289664071596,-0.0370820393249937
-1.8,0.6000000000000001,0.8,1.1901634599189745,-0.28131289664071596,-0.09708203932499368
-1.8,0.6000000000000001,1.0,1.1901634599189745,-0.28131289664071596,-0.12
-1.8,0.7000000000000001,0.0,1.1913625790987847,-0.26069391322894353,0.12
-1.8,0.7000000000000001,0.2,1.1913625790987847,-0.26069391322894353,0.0970820393249937
-1.8,0.7000000000000001,0.4,1.1913625790987847,-0.26069391322894353,0.037082039324993696
-1.8,0.7000000000000001,0.6000000000000001,1.1913625790987847,-0.26069391322894353,-0.0370820393249937
-1.8,0.7000000000000001,0.8,1.1913625790987847,-0.26069391322894353,-0.09708203932499368
-1.8,0.7000000000000001,1.0,1.1913625790987847,-0.26069391322894353,-0.12
-1.8,0.8,0.0,1.1925657029345835,-0.2374701624101381,0.12
-1.8,0.8,0.2,1.1925657029345835,-0.2374701624101381,0.0970820393249937
-1.8,0.8,0.4,1.1925657029345835,-0.2374701624101381,0.037082039324993696
-1.8,0.8,0.6000000000000001,1.1925657029345835,-0.2374701624101381,-0.0370820393249937
-1.8,0.8,0.8,1.1925657029345835,-0.2374701624101381,-0.09708203932499368
-1.8,0.8,1.0,1.1925657029345835,-0.2374701624101381,-0.12
-1.8,0.9,0.0,1.1937279451297824,-0.2118736882257298,0.12
-1.8,0.9,0.2,1.1937279451297824,-0.2118736882257298,0.0970820393249937
-1.8,0.9,0.4,1.1937279451297824,-0.2118736882257298,0.037082039324993696
-1.8,0.9,0.6000000000000001,1.1937279451297824,-0.2118736882257298,-0.0370820393249937
-1.8,0.9,0.8,1.1937279451297824,-0.2118736882257298,-0.09708203932499368
-1.8,0.9,1.0,1.1937279451297824,-0.2118736882257298,-0.12
-1.8,1.0,0.0,1.1948132669364795,-0.18416024218469984,0.12
-1.8,1.0,0.2,1.1948132669364795,-0.18416024218469984,0.0970820393249937
-1.8,1.0,0.4,1.1948132669364795,-0.18416024218469984,0.037082039324993696
-1.8,1.0,0.6000000000000001,1.1948132669364795,-0.18416024218469984,-0.0370820393249937
-1.8,1.0,0.8,1.1948132669364795,-0.18416024218469984,-0.09708203932499368
-1.8,1.0,1.0,1.1948132669364795,-0.18416024218469984,-0.12
-1.8,1.1,0.0,1.1957957158906576,-0.1546067278790428,0.12
-1.8,1.1,0.2,1.1957957158906576,-0.1546067278790428,0.0970820393249937
-1.8,1.1,0.4,1.1957957158906576,-0.1546067278790428,0.037082039324993696
-1.8,1.1,0.6000000000000001,1.1957957158906576,-0.1546067278790428,-0.0370820393249937
-1.8,1.1,0.8,1.1957957158906576,-0.1546067278790428,-0.09708203932499368
-1.8,1.1,1.0,1.1957957158906576,-0.1546067278790428,-0.12
-1.8,1.2000000000000002,0.0,1.1966595550006567,-0.12350843425460789,0.12
-1.8,1.2000000000000002,0.2,1.1966595550006567,-0.12350843425460789,0.0970820393249937
-1.8,1.2000000000000002,0.4,1.1966595550006567,-0.12350843425460789,0.037082039324993696
-1.8,1.2000000000000002,0.6000000000000001,1.1966595550006567,-0.12350843425460789,-0.0370820393249937
-1.8,1.2000000000000002,0.8,1.1966595550006567,-0.12350843425460789,-0.09708203932499368
-1.8,1.2000000000000002,1.0,1.1966595550006567,-0.12350843425460789,-0.12
-1.7000000000000002,-1.2000000000000002,0.0,1.1952596829035713,-0.12576810186818235,0.12
-1.7000000000000002,-1.2000000000000002,0.2,1.1952596829035713,-0.12576810186818235,0.0970820393249937
-1.7000000000000002,-1.2000000000000002,0.4,1.1952596829035713,-0.12576810186818235,0.037082039324993696
-1.7000000000000002,-1.2000000000000002,0.6000000000000001,1.1952596829035713,-0.12576810186818235,-0.0370820393249937
-1.7000000000000002,-1.2000000000000002,0.8,1.1952596829035713,-0.12576810186818235,-0.09708203932499368
-1.7000000000000002,-1.2000000000000002,1.0,1.1952596829035713,-0.12576810186818235,-0.12
-1.7000000000000002,-1.1,0.0,1.194033836855366,-0.15743535912141451,0.12
-1.7000000000000002,-1.1,0.2,1.194033836855366,-0.15743535912141451,0.0970820393249937
-1.7000000000000002,-1.1,0.4,1.194033836855366,-0.15743535912141451,0.037082039324993696
-1.7000000000000002,-1.1,0.6000000000000001,1.194033836855366,-0.15743535912141451,-0.0370820393249937
-1.7000000000000002,-1.1,0.8,1.194033836855366,-0.15743535912141451,-0.09708203932499368
-1.7000000000000002,-1.1,1.0,1.194033836855366,-0.15743535912141451,-0.12
-1.7000000000000002,-1.0,0.0,1.1926396754263424,-0.18752957430751616,0.12
-1.7000000000000002,-1.0,0.2,1.1926396754263424,-0.18752957430751616,0.0970820393249937
-1.7000000000000002,-1.0,0.4,1.1926396754263424,-0.18752957430751616,0.037082039324993696
-1.7000000000000002,-1.0,0.6000000000000001,1.1926396754263424,-0.18752957430751616,-0.0370820393249937
-1.7000000000000002,-1.0,0.8,1.1926396754263424,-0.18752957430751616,-0.09708203932499368
-1.7000000000000002,-1.0,1.0,1.1926396754263424,-0.18752957430751616,-0.12
-1.7000000000000002,-0.9,0.0,1.1910995304706777,-0.21575005597617267,0.12
-1.7000000000000002,-0.9,0.2,1.1910995304706777,-0.21575005597617267,0.0970820393249937
-1.7000000000000002,-0.9,0.4,1.1910995304706777,-0.21575005597617267,0.037082039324993696
-1.7000000000000002,-0.9,0.6000000000000001,1.1910995304706777,-0.21575005597617267,-0.0370820393249937
-1.7000000000000002,-0.9,0.8,1.1910995304706777,-0.21575005597617267,-0.09708203932499368
-1.7000000000000002,-0.9,1.0,1.1910995304706777,-0.21575005597617267,-0.12
-1.7000000000000002,-0.8,0.0,1.1894502302878653,-0.24181483440300194,0.12
-1.7000000000000002,-0.8,0.2,1.1894502302878653,-0.24181483440300194,0.0970820393249937
-1.7000000000000002,-0.8,0.4,1.1894502302878653,-0.24181483440300194,0.037082039324993696
-1.7000000000000002,-0.8,0.6000000000000001,1.1894502302878653,-0.24181483440300194,-0.0370820393249937
-1.7000000000000002,-0.8,0.8,1.1894502302878653,-0.24181483440300194,-0.09708203932499368
-1.7000000000000002,-0.8,1.0,1.1894502302878653,-0.24181483440300194,-0.12
-1.7000000000000002,-0.7000000000000001,0.0,1.1877429162955442,-0.26546347893783323,0.12
-1.7000000000000002,-0.7000000000000001,0.2,1.1877429162955442,-0.26546347893783323,0.0970820393249937
-1.7000000000000002,-0.7000000000000001,0.4,1.1877429162955442,-0.26546347893783323,0.037082039324993696
-1.7000000000000002,-0.7000000000000001,0.6000000000000001,1.1877429162955442,-0.26546347893783323,-0.0370820393249937
-1.7000000000000002,-0.7000000000000001,0.8,1.1877429162955442,-0.26546347893783323,-0.09708203932499368
-1.7000000000000002,-0.7000000000000001,1.0,1.1877429162955442,-0.26546347893783323,-0.12
-1.7000000000000002,-0.6000000000000001,0.0,1.18604128518058,-0.28645970014167715,0.12
-1.7000000000000002,-0.6000000000000001,0.2,1.18604128518058,-0.28645970014167715,0.0970820393249937
-1.7000000000000002,-0.6000000000000001,0.4,1.18604128518058,-0.28645970014167715,0.037082039324993696
-1.7000000000000002,-0.6000000000000001,0.6000000000000001,1.18604128518058,-0.28645970014167715,-0.0370820393249937
-1.7000000000000002,-0.6000000000000001,0.8,1.18604128518058,-0.28645970014167715,-0.09708203932499368
-1.7000000000000002,-0.6000000000000001,1.0,1.18604128518058,-0.28645970014167715,-0.12
-1.7000000000000002,-0.5,0.0,1.1844181927552921,-0.30459371071269287,0.12
-1.7000000000000002,-0.5,0.2,1.1844181927552921,-0.30459371071269287,0.0970820393249937
-1.7000000000000002,-0.5,0.4,1.1844181927552921,-0.30459371071269287,0.037082039324993696
-1.7000000000000002,-0.5,0.6000000000000001,1.1844181927552921,-0.30459371071269287,-0.0370820393249937
-1.7000000000000002,-0.5,0.8,1.1844181927552921,-0.30459371071269287,-0.09708203932499368
-1.7000000000000002,-0.5,1.0,1.1844181927552921,-0.30459371071269287,-0.12
-1.7000000000000002,-0.4,0.0,1.1829507872191891,-0.31968432161156163,0.12
-1.7000000000000002,-0.4,0.2,1.1829507872191891,-0.31968432161156163,0.0970820393249937
-1.7000000000000002,-0.4,0.4,1.1829507872191891,-0.31968432161156163,0.037082039324993696
-1.7000000000000002,-0.4,0.6000000000000001,1.1829507872191891,-0.31968432161156163,-0.0370820393249937
-1.7000000000000002,-0.4,0.8,1.1829507872191891,-0.31968432161156163,-0.09708203932499368
-1.7000000000000002,-0.4,1.0,1.1829507872191891,-0.31968432161156163,-0.12
-1.7000000000000002,-0.30000000000000004,0.0,1.1817145798086366,-0.33158075244247476,0.12
-1.7000000000000002,-0.30000000000000004,0.2,1.1817145798086366,-0.33158075244247476,0.0970820393249937
-1.7000000000000002,-0.30000000000000004,0.4,1.1817145798086366,-0.33158075244247476,0.037082039324993696
-1.7000000000000002,-0.30000000000000004,0.6000000000000001,1.1817145798086366,-0.33158075244247476,-0.0370820393249937
-1.7000000000000002,-0.30000000000000004,0.8,1.1817145798086366,-0.33158075244247476,-0.09708203932499368
-1.7000000000000002,-0.30000000000000004,1.0,1.1817145798086366,-0.33158075244247476,-0.12
-1.7000000000000002,-0.2,0.0,1.180777066267729,-0.34016413800100703,0.12
-1.7000000000000002,-0.2,0.2,1.180777066267729,-0.34016413800100703,0.0970820393249937
-1.7000000000000002,-0.2,0.4,1.180777066267729,-0.34016413800100703,0.037082039324993696
-1.7000000000000002,-0.2,0.6000000000000001,1.180777066267729,-0.34016413800100703,-0.0370820393249937
-1.7000000000000002,-0.2,0.8,1.180777066267729,-0.34016413800100703,-0.09708203932499368
-1.7000000000000002,-0.2,1.0,1.180777066267729,-0.34016413800100703,-0.12
-1.7000000000000002,-0.1,0.0,1.1801916407796933,-0.34534871593594757,0.12
-1.7000000000000002,-0.1,0.2,1.1801916407796933,-0.34534871593594757,0.0970820393249937
-1.7000000000000002,-0.1,0.4,1.1801916407796933,-0.34534871593594757,0.037082039324993696
-1.7000000000000002,-0.1,0.6000000000000001,1.1801916407796933,-0.34534871593594757,-0.0370820393249937
-1.7000000000000002,-0.1,0.8,1.1801916407796933,-0.34534871593594757,-0.09708203932499368
-1.7000000000000002,-0.1,1.0,1.1801916407796933,-0.34534871593594757,-0.12
-1.7000000000000002,0.0,0.0,1.179992563459866,-0.347082683658364,0.12
-1.7000000000000002,0.0,0.2,1.179992563459866,-0.347082683658364,0.0970820393249937
-1.7000000000000002,0.0,0.4,1.179992563459866,-0.347082683658364,0.037082039324993696
-1.7000000000000002,0.0,0.6000000000000001,1.179992563459866,-0.347082683658364,-0.0370820393249937
-1.7000000000000002,0.0,0.8,1.179992563459866,-0.347082683658364,-0.09708203932499368
-1.7000000000000002,0.0,1.0,1.179992563459866,-0.347082683658364,-0.12
-1.7000000000000002,0.1,0.0,1.1801916407796933,-0.34534871593594757,0.12
-1.7000000000000002,0.1,0.2,1.1801916407796933,-0.34534871593594757,0.0970820393249937
-1.7000000000000002,0.1,0.4,1.1801916407796933,-0.34534871593594757,0.037082039324993696
-1.7000000000000002,0.1,0.6000000000000001,1.1801916407796933,-0.34534871593594757,-0.0370820393249937
-1.7000000000000002,0.1,0.8,1.1801916407796933,-0.34534871593594757,-0.09708203932499368
-1.7000000000000002,0.1,1.0,1.1801916407796933,-0.34534871593594757,-0.12
-1.7000000000000002,0.2,0.0,1.180777066267729,-0.34016413800100703,0.12
-1.7000000000000002,0.2,0.2,1.180777066267729,-0.34016413800100703,0.0970820393249937
-1.7000000000000002,0.2,0.4,1.180777066267729,-0.34016413800100703,0.037082039324993696
-1.7000000000000002,0.2,0.6000000000000001,1.180777066267729,-0.34016413800100703,-0.0370820393249937
-1.7000000000000002,0.2,0.8,1.180777066267729,-0.34016413800100703,-0.09708203932499368
-1.7000000000000002,0.2,1.0,1.180777066267729,-0.34016413800100703,-0.12
-1.7000000000000002,0.30000000000000004,0.0,1.1817145798086366,-0.33158075244247476,0.12
-1.7000000000000002,0.30000000000000004,0.2,1.1817145798086366,-0.33158075244247476,0.0970820393249937
-1.7000000000000002,0.30000000000000004,0.4,1.1817145798086366,-0.33158075244247476,0.037082039324993696
-1.7000000000000002,0.30000000000000004,0.6000000000000001,1.1817145798086366,-0.33158075244247476,-0.0370820393249937
-1.7000000000000002,0.30000000000000004,0.8,1.1817145798086366,-0.33158075244247476,-0.09708203932499368
-1.7000000000000002,0.30000000000000004,1.0,1.1817145798086366,-0.33158075244247476,-0.12
-1.7000000000000002,0.4,0.0,1.1829507872191891,-0.31968432161156163,0.12
-1.7000000000000002,0.4,0.2,1.1829507872191891,-0.31968432161156163,0.0970820393249937
-1.7000000000000002,0.4,0.4,1.1829507872191891,-0.31968432161156163,0.037082039324993696
-1.7000000000000002,0.4,0.6000000000000001,1.1829507872191891,-0.31968432161156163,-0.0370820393249937
-1.7000000000000002,0.4,0.8,1.1829507872191891,-0.31968432161156163,-0.09708203932499368
-1.7000000000000002,0.4,1.0,1.1829507872191891,-0.31968432161156163,-0.12
-1.7000000000000002,0.5,0.0,1.1844181927552921,-0.30459371071269287,0.12
-1.7000000000000002,0.5,0.2,1.1844181927552921,-0.30459371071269287,0.0970820393249937
-1.7000000000000002,0.5,0.4,1.1844181927552921,-0.30459371071269287,0.037082039324993696
-1.7000000000000002,0.5,0.6000000000000001,1.1844181927552921,-0.30459371071269287,-0.0370820393249937
-1.7000000000000002,0.5,0.8,1.1844181927552921,-0.30459371071269287,-0.09708203932499368
-1.7000000000000002,0.5,1.0,1.1844181927552921,-0.30459371071269287,-0.12
-1.7000000000000002,0.6000000000000001,0.0,1.18604128518058,-0.28645970014167715,0.12
-1.7000000000000002,0.6000000000000001,0.2,1.18604128518058,-0.28645970014167715,0.0970820393249937
-1.7000000000000002,0.6000000000000001,0.4,1.18604128518058,-0.28645970014167715,0.037082039324993696
-1.7000000000000002,0.6000000000000001,0.6000000000000001,1.18604128518058,-0.28645970014167715,-0.0370820393249937
-1.7000000000000002,0.6000000000000001,0.8,1.18604128518058,-0.28645970014167715,-0.09708203932499368
-1.7000000000000002,0.6000000000000001,1.0,1.18604128518058,-0.28645970014167715,-0.12
-1.7000000000000002,0.7000000000000001,0.0,1.1877429162955442,-0.26546347893783323,0.12
-1.7000000000000002,0.7000000000000001,0.2,1.1877429162955442,-0.26546347893783323,0.0970820393249937
-1.7000000000000002,0.7000000000000001,0.4,1.1877429162955442,-0.26546347893783323,0.037082039324993696
-1.7000000000000002,0.7000000000000001,0.6000000000000001,1.1877429162955442,-0.26546347893783323,-0.0370820393249937
-1.7000000000000002,0.7000000000000001,0.8,1.1877429162955442,-0.26546347893783323,-0.09708203932499368
-1.7000000000000002,0.7000000000000001,1.0,1.1877429162955442,-0.26546347893783323,-0.12
-1.7000000000000002,0.8,0.0,1.1894502302878653,-0.24181483440300194,0.12
-1.7000000000000002,0.8,0.2,1.1894502302878653,-0.24181483440300194,0.0970820393249937
-1.7000000000000002,0.8,0.4,1.1894502302878653,-0.24181483440300194,0.037082039324993696
-1.7000000000000002,0.8,0.6000000000000001,1.1894502302878653,-0.24181483440300194,-0.0370820393249937
-1.7000000000000002,0.8,0.8,1.1894502302878653,-0.24181483440300194,-0.09708203932499368
-1.7000000000000002,0.8,1.0,1.1894502302878653,-0.24181483440300194,-0.12
-1.7000000000000002,0.9,0.0,1.1910995304706777,-0.21575005597617267,0.12
-1.7000000000000002,0.9,0.2,1.1910995304706777,-0.21575005597617267,0.0970820393249937
-1.7000000000000002,0.9,0.4,1.1910995304706777,-0.21575005597617267,0.037082039324993696
-1.7000000000000002,0.9,0.6000000000000001,1.1910995304706777,-0.21575005597617267,-0.0370820393249937
-1.7000000000000002,0.9,0.8,1.1910995304706777,-0.21575005597617267,-0.09708203932499368
-1.7000000000000002,0.9,1.0,1.1910995304706777,-0.21575005597617267,-0.12
-1.7000000000000002,1.0,0.0,1.1926396754263424,-0.18752957430751616,0.12
-1.7000000000000002,1.0,0.2,1.1926396754263424,-0.18752957430751616,0.0970820393249937
-1.7000000000000002,1.0,0.4,1.1926396754263424,-0.18752957430751616,0.037082039324993696
-1.7000000000000002,1.0,0.6000000000000001,1.1926396754263424,-0.18752957430751616,-0.0370820393249937
-1.7000000000000002,1.0,0.8,1.1926396754263424,-0.18752957430751616,-0.09708203932499368
-1.7000000000000002,1.0,1.0,1.1926396754263424,-0.18752957430751616,-0.12
-1.7000000000000002,1.1,0.0,1.194033836855366,-0.15743535912141451,0.12
-1.7000000000000002,1.1,0.2,1.194033836855366,-0.15743535912141451,0.0970820393249937
-1.7000000000000002,1.1,0.4,1.194033836855366,-0.15743535912141451,0.037082039324993696
-1.7000000000000002,1.1,0.6000000000000001,1.194033836855366,-0.15743535912141451,-0.0370820393249937
-1.7000000000000002,1.1,0.8,1.194033836855366,-0.15743535912141451,-0.09708203932499368
-1.7000000000000002,1.1,1.0,1.194033836855366,-0.15743535912141451,-0.12
-1.7000000000000002,1.2000000000000002,0.0,1.1952596829035713,-0.12576810186818235,0.12
-1.7000000000000002,1.2000000000000002,0.2,1.1952596829035713,-0.12576810186818235,0.0970820393249937
-1.7000000000000002,1.2000000000000002,0.4,1.1952596829035713,-0.12576810186818235,0.037082039324993696
-1.7000000000000002,1.2000000000000002,0.6000000000000001,1.1952596829035713,-0.12576810186818235,-0.0370820393249937
-1.7000000000000002,1.2000000000000002,0.8,1.1952596829035713,-0.12576810186818235,-0.09708203932499368
-1.7000000000000002,1.2000000000000002,1.0,1.1952596829035713,-0.12576810186818235,-0.12
-1.6,-1.2000000000000002,0.0,1.1934063700000557,-0.12677113618129712,0.12
-1.6,-1.2000000000000002,0.2,1.1934063700000557,-0.12677113618129712,0.0970820393249937
-1.6,-1.2000000000000002,0.4,1.1934063700000557,-0.12677113618129712,0.037082039324993696
-1.6,-1.2000000000000002,0.6000000000000001,1.1934063700000557,-0.12677113618129712,-0.0370820393249937
-1.6,-1.2000000000000002,0.8,1.1934063700000557,-0.12677113618129712,-0.09708203932499368
-1.6,-1.2000000000000002,1.0,1.1934063700000557,-0.12677113618129712,-0.12
-1.6,-1.1,0.0,1.1917012572165988,-0.15869094829665573,0.12
-1.6,-1.1,0.2,1.1917012572165988,-0.15869094829665573,0.0970820393249937
-1.6,-1.1,0.4,1.1917012572165988,-0.15869094829665573,0.037082039324993696
-1.6,-1.1,0.6000000000000001,1.1917012572165988,-0.15869094829665573,-0.0370820393249937
-1.6,-1.1,0.8,1.1917012572165988,-0.15869094829665573,-0.09708203932499368
-1.6,-1.1,1.0,1.1917012572165988,-0.15869094829665573,-0.12
-1.6,-1.0,0.0,1.1897620231028936,-0.18902517291288742,0.12
-1.6,-1.0,0.2,1.1897620231028936,-0.18902517291288742,0.0970820393249937
-1.6,-1.0,0.4,1.1897620231028936,-0.18902517291288742,0.037082039324993696
-1.6,-1.0,0.6000000000000001,1.1897620231028936,-0.18902517291288742,-0.0370820393249937
-1.6,-1.0,0.8,1.1897620231028936,-0.18902517291288742,-0.09708203932499368
-1.6,-1.0,1.0,1.1897620231028936,-0.18902517291288742,-0.12
-1.6,-0.9,0.0,1.1876197305563498,-0.21747072048478827,0.12
-1.6,-0.9,0.2,1.1876197305563498,-0.21747072048478827,0.0970820393249937
-1.6,-0.9,0.4,1.1876197305563498,-0.21747072048478827,0.037082039324993696
-1.6,-0.9,0.6000000000000001,1.1876197305563498,-0.21747072048478827,-0.0370820393249937
-1.6,-0.9,0.8,1.1876197305563498,-0.21747072048478827,-0.09708203932499368
-1.6,-0.9,1.0,1.1876197305563498,-0.21747072048478827,-0.12
-1.6,-0.8,0.0,1.1853256065677882,-0.24374337250386788,0.12
-1.6,-0.8,0.2,1.1853256065677882,-0.24374337250386788,0.0970820393249937
-1.6,-0.8,0.4,1.1853256065677882,-0.24374337250386788,0.037082039324993696
-1.6,-0.8,0.6000000000000001,1.1853256065677882,-0.24374337250386788,-0.0370820393249937
-1.6,-0.8,0.8,1.1853256065677882,-0.24374337250386788,-0.09708203932499368
-1.6,-0.8,1.0,1.1853256065677882,-0.24374337250386788,-0.12
-1.6,-0.7000000000000001,0.0,1.1829507872191891,-0.26758062131573557,0.12
-1.6,-0.7000000000000001,0.2,1.1829507872191891,-0.26758062131573557,0.0970820393249937
-1.6,-0.7000000000000001,0.4,1.1829507872191891,-0.26758062131573557,0.037082039324993696
-1.6,-0.7000000000000001,0.6000000000000001,1.1829507872191891,-0.26758062131573557,-0.0370820393249937
-1.6,-0.7000000000000001,0.8,1.1829507872191891,-0.26758062131573557,-0.09708203932499368
-1.6,-0.7000000000000001,1.0,1.1829507872191891,-0.26758062131573557,-0.12
-1.6,-0.6000000000000001,0.0,1.1805838725718718,-0.28874429300981014,0.12
-1.6,-0.6000000000000001,0.2,1.1805838725718718,-0.28874429300981014,0.0970820393249937
-1.6,-0.6000000000000001,0.4,1.1805838725718718,-0.28874429300981014,0.037082039324993696
-1.6,-0.6000000000000001,0.6000000000000001,1.1805838725718718,-0.28874429300981014,-0.0370820393249937
-1.6,-0.6000000000000001,0.8,1.1805838725718718,-0.28874429300981014,-0.09708203932499368
-1.6,-0.6000000000000001,1.0,1.1805838725718718,-0.28874429300981014,-0.12
-1.6,-0.5,0.0,1.1783262027387456,-0.30702292717430407,0.12
-1.6,-0.5,0.2,1.1783262027387456,-0.30702292717430407,0.0970820393249937
-1.6,-0.5,0.4,1.1783262027387456,-0.30702292717430407,0.037082039324993696
-1.6,-0.5,0.6000000000000001,1.1783262027387456,-0.30702292717430407,-0.0370820393249937
-1.6,-0.5,0.8,1.1783262027387456,-0.30702292717430407,-0.09708203932499368
-1.6,-0.5,1.0,1.1783262027387456,-0.30702292717430407,-0.12
-1.6,-0.4,0.0,1.1762850884064948,-0.3222338897387589,0.12
-1.6,-0.4,0.2,1.1762850884064948,-0.3222338897387589,0.0970820393249937
-1.6,-0.4,0.4,1.1762850884064948,-0.3222338897387589,0.037082039324993696
-1.6,-0.4,0.6000000000000001,1.1762850884064948,-0.3222338897387589,-0.0370820393249937
-1.6,-0.4,0.8,1.1762850884064948,-0.3222338897387589,-0.09708203932499368
-1.6,-0.4,1.0,1.1762850884064948,-0.3222338897387589,-0.12
-1.6,-0.30000000000000004,0.0,1.1745655632982455,-0.3342251977933063,0.12
-1.6,-0.30000000000000004,0.2,1.1745655632982455,-0.3342251977933063,0.0970820393249937
-1.6,-0.30000000000000004,0.4,1.1745655632982455,-0.3342251977933063,0.037082039324993696
-1.6,-0.30000000000000004,0.6000000000000001,1.1745655632982455,-0.3342251977933063,-0.0370820393249937
-1.6,-0.30000000000000004,0.8,1.1745655632982455,-0.3342251977933063,-0.09708203932499368
-1.6,-0.30000000000000004,1.0,1.1745655632982455,-0.3342251977933063,-0.12
-1.6,-0.2,0.0,1.1732615118428398,-0.34287703815166465,0.12
-1.6,-0.2,0.2,1.1732615118428398,-0.34287703815166465,0.0970820393249937
-1.6,-0.2,0.4,1.1732615118428398,-0.34287703815166465,0.037082039324993696
-1.6,-0.2,0.6000000000000001,1.1732615118428398,-0.34287703815166465,-0.0370820393249937
-1.6,-0.2,0.8,1.1732615118428398,-0.34287703815166465,-0.09708203932499368
-1.6,-0.2,1.0,1.1732615118428398,-0.34287703815166465,-0.12
-1.6,-0.1,0.0,1.1724472036473919,-0.34810296448489153,0.12
-1.6,-0.1,0.2,1.1724472036473919,-0.34810296448489153,0.0970820393249937
-1.6,-0.1,0.4,1.1724472036473919,-0.34810296448489153,0.037082039324993696
-1.6,-0.1,0.6000000000000001,1.1724472036473919,-0.34810296448489153,-0.0370820393249937
-1.6,-0.1,0.8,1.1724472036473919,-0.34810296448489153,-0.09708203932499368
-1.6,-0.1,1.0,1.1724472036473919,-0.34810296448489153,-0.12
-1.6,0.0,0.0,1.1721702934404121,-0.3498507610645268,0.12
-1.6,0.0,0.2,1.1721702934404121,-0.3498507610645268,0.0970820393249937
-1.6,0.0,0.4,1.1721702934404121,-0.3498507610645268,0.037082039324993696
-1.6,0.0,0.6000000000000001,1.1721702934404121,-0.3498507610645268,-0.0370820393249937
-1.6,0.0,0.8,1.1721702934404121,-0.3498507610645268,-0.09708203932499368
-1.6,0.0,1.0,1.1721702934404121,-0.3498507610645268,-0.12
-1.6,0.1,0.0,1.1724472036473919,-0.34810296448489153,0.12
-1.6,0.1,0.2,1.1724472036473919,-0.34810296448489153,0.0970820393249937
-1.6,0.1,0.4,1.1724472036473919,-0.34810296448489153,0.037082039324993696
-1.6,0.1,0.6000000000000001,1.1724472036473919,-0.34810296448489153,-0.0370820393249937
-1.6,0.1,0.8,1.1724472036473919,-0.34810296448489153,-0.09708203932499368
-1.6,0.1,1.0,1.1724472036473919,-0.34810296448489153,-0.12
-1.6,0.2,0.0,1.1732615118428398,-0.34287703815166465,0.12
-1.6,0.2,0.2,1.1732615118428398,-0.34287703815166465,0.0970820393249937
-1.6,0.2,0.4,1.1732615118428398,-0.34287703815166465,0.037082039324993696
-1.6,0.2,0.6000000000000001,1.1732615118428398,-0.34287703815166465,-0.0370820393249937
-1.6,0.2,0.8,1.1732615118428398,-0.34287703815166465,-0.09708203932499368
-1.6,0.2,1.0,1.1732615118428398,-0.34287703815166465,-0.12
-1.6,0.30000000000000004,0.0,1.1745655632982455,-0.3342251977933063,0.12
-1.6,0.30000000000000004,0.2,1.1745655632982455,-0.3342251977933063,0.0970820393249937
-1.6,0.30000000000000004,0.4,1.1745655632982455,-0.3342251977933063,0.037082039324993696
-1.6,0.30000000000000004,0.6000000000000001,1.1745655632982455,-0.3342251977933063,-0.0370820393249937
-1.6,0.30000000000000004,0.8,1.1745655632982455,-0.3342251977933063,-0.09708203932499368
-1.6,0.30000000000000004,1.0,1.1745655632982455,-0.3342251977933063,-0.12
-1.6,0.4,0.0,1.1762850884064948,-0.3222338897387589,0.12
-1.6,0.4,0.2,1.1762850884064948,-0.3222338897387589,0.0970820393249937
-1.6,0.4,0.4,1.1762850884064948,-0.3222338897387589,0.037082039324993696
-1.6,0.4,0.6000000000000001,1.1762850884064948,-0.3222338897387589,-0.0370820393249937
-1.6,0.4,0.8,1.1762850884064948,-0.3222338897387589,-0.09708203932499368
-1.6,0.4,1.0,1.1762850884064948,-0.3222338897387589,-0.12
-1.6,0.5,0.0,1.1783262027387456,-0.30702292717430407,0.12
-1.6,0.5,0.2,1.1783262027387456,-0.30702292717430407,0.0970820393249937
-1.6,0.5,0.4,1.1783262027387456,-0.30702292717430407,0.037082039324993696
-1.6,0.5,0.6000000000000001,1.1783262027387456,-0.30702292717430407,-0.0370820393249937
-1.6,0.5,0.8,1.1783262027387456,-0.30702292717430407,-0.09708203932499368
-1.6,0.5,1.0,1.1783262027387456,-0.30702292717430407,-0.12
-1.6,0.6000000000000001,0.0,1.1805838725718718,-0.28874429300981014,0.12
-1.6,0.6000000000000001,0.2,1.1805838725718718,-0.28874429300981014,0.0970820393249937
-1.6,0.6000000000000001,0.4,1.1805838725718718,-0.28874429300981014,0.037082039324993696
-1.6,0.6000000000000001,0.6000000000000001,1.1805838725718718,-0.28874429300981014,-0.0370820393249937
-1.6,0.6000000000000001,0.8,1.1805838725718718,-0.28874429300981014,-0.09708203932499368
-1.6,0.6000000000000001,1.0,1.1805838725718718,-0.28874429300981014,-0.12
-1.6,0.7000000000000001,0.0,1.1829507872191891,-0.26758062131573557,0.12
-1.6,0.7000000000000001,0.2,1.1829507872191891,-0.26758062131573557,0.0970820393249937
-1.6,0.7000000000000001,0.4,1.1829507872191891,-0.26758062131573557,0.037082039324993696
-1.6,0.7000000000000001,0.6000000000000001,1.1829507872191891,-0.26758062131573557,-0.0370820393249937
-1.6,0.7000000000000001,0.8,1.1829507872191891,-0.26758062131573557,-0.09708203932499368
-1.6,0.7000000000000001,1.0,1.1829507872191891,-0.26758062131573557,-0.12
-1.6,0.8,0.0,1.1853256065677882,-0.24374337250386788,0.12
-1.6,0.8,0.2,1.1853256065677882,-0.24374337250386788,0.0970820393249937
-1.6,0.8,0.4,1.1853256065677882,-0.24374337250386788,0.037082039324993696
-1.6,0.8,0.6000000000000001,1.1853256065677882,-0.24374337250386788,-0.0370820393249937
-1.6,0.8,0.8,1.1853256065677882,-0.24374337250386788,-0.09708203932499368
-1.6,0.8,1.0,1.1853256065677882,-0.24374337250386788,-0.12
-1.6,0.9,0.0,1.1876197305563498,-0.21747072048478827,0.12
-1.6,0.9,0.2,1.1876197305563498,-0.21747072048478827,0.0970820393249937
-1.6,0.9,0.4,1.1876197305563498,-0.21747072048478827,0.037082039324993696
-1.6,0.9,0.6000000000000001,1.1876197305563498,-0.21747072048478827,-0.0370820393249937
-1.6,0.9,0.8,1.1876197305563498,-0.21747072048478827,-0.09708203932499368
-1.6,0.9,1.0,1.1876197305563498,-0.21747072048478827,-0.12
-1.6,1.0,0.0,1.1897620231028936,-0.18902517291288742,0.12
-1.6,1.0,0.2,1.1897620231028936,-0.18902517291288742,0.0970820393249937
-1.6,1.0,0.4,1.1897620231028936,-0.18902517291288742,0.037082039324993696
-1.6,1.0,0.6000000000000001,1.1897620231028936,-0.18902517291288742,-0.0370820393249937
-1.6,1.0,0.8,1.1897620231028936,-0.18902517291288742,-0.09708203932499368
-1.6,1.0,1.0,1.1897620231028936,-0.18902517291288742,-0.12
-1.6,1.1,0.0,1.1917012572165988,-0.15869094829665573,0.12
-1.6,1.1,0.2,1.1917012572165988,-0.15869094829665573,0.0970820393249937
-1.6,1.1,0.4,1.1917012572165988,-0.15869094829665573,0.037082039324993696
-1.6,1.1,0.6000000000000001,1.1917012572165988,-0.15869094829665573,-0.0370820393249937
-1.6,1.1,0.8,1.1917012572165988,-0.15869094829665573,-0.09708203932499368
-1.6,1.1,1.0,1.1917012572165988,-0.15869094829665573,-0.12
-1.6,1.2000000000000002,0.0,1.1934063700000557,-0.12677113618129712,0.12
-1.6,1.2000000000000002,0.2,1.1934063700000557,-0.12677113618129712,0.0970820393249937
-1.6,1.2000000000000002,0.4,1.1934063700000557,-0.12677113618129712,0.037082039324993696
-1.6,1.2000000000000002,0.6000000000000001,1.1934063700000557,-0.12677113618129712,-0.0370820393249937
-1.6,1.2000000000000002,0.8,1.1934063700000557,-0.12677113618129712,-0.09708203932499368
-1.6,1.2000000000000002,1.0,1.1934063700000557,-0.12677113618129712,-0.12
-1.5,-1.2000000000000002,0.0,1.1910100792647806,-0.1265075152066546,0.12
-1.5,-1.2000000000000002,0.2,1.1910100792647806,-0.1265075152066546,0.0970820393249937
-1.5,-1.2000000000000002,0.4,1.1910100792647806,-0.1265075152066546,0.037082039324993696
-1.5,-1.2000000000000002,0.6000000000000001,1.1910100792647806,-0.1265075152066546,-0.0370820393249937
-1.5,-1.2000000000000002,0.8,1.1910100792647806,-0.1265075152066546,-0.09708203932499368
-1.5,-1.2000000000000002,1.0,1.1910100792647806,-0.1265075152066546,-0.12
-1.5,-1.1,0.0,1.1886852856733876,-0.15836094997277003,0.12
-1.5,-1.1,0.2,1.1886852856733876,-0.15836094997277003,0.0970820393249937
-1.5,-1.1,0.4,1.1886852856733876,-0.15836094997277003,0.037082039324993696
-1.5,-1.1,0.6000000000000001,1.1886852856733876,-0.15836094997277003,-0.0370820393249937
-1.5,-1.1,0.8,1.1886852856733876,-0.15836094997277003,-0.09708203932499368
-1.5,-1.1,1.0,1.1886852856733876,-0.15836094997277003,-0.12
-1.5,-1.0,0.0,1.18604128518058,-0.18863209447392792,0.12
-1.5,-1.0,0.2,1.18604128518058,-0.18863209447392792,0.0970820393249937
-1.5,-1.0,0.4,1.18604128518058,-0.18863209447392792,0.037082039324993696
-1.5,-1.0,0.6000000000000001,1.18604128518058,-0.18863209447392792,-0.0370820393249937
-1.5,-1.0,0.8,1.18604128518058,-0.18863209447392792,-0.09708203932499368
-1.5,-1.0,1.0,1.18604128518058,-0.18863209447392792,-0.12
-1.5,-0.9,0.0,1.183120429720804,-0.21701848944058255,0.12
-1.5,-0.9,0.2,1.183120429720804,-0.21701848944058255,0.0970820393249937
-1.5,-0.9,0.4,1.183120429720804,-0.21701848944058255,0.037082039324993696
-1.5,-0.9,0.6000000000000001,1.183120429720804,-0.21701848944058255,-0.0370820393249937
-1.5,-0.9,0.8,1.183120429720804,-0.21701848944058255,-0.09708203932499368
-1.5,-0.9,1.0,1.183120429720804,-0.21701848944058255,-0.12
-1.5,-0.8,0.0,1.179992563459866,-0.24323650739752195,0.12
-1.5,-0.8,0.2,1.179992563459866,-0.24323650739752195,0.0970820393249937
-1.5,-0.8,0.4,1.179992563459866,-0.24323650739752195,0.037082039324993696
-1.5,-0.8,0.6000000000000001,1.179992563459866,-0.24323650739752195,-0.0370820393249937
-1.5,-0.8,0.8,1.179992563459866,-0.24323650739752195,-0.09708203932499368
-1.5,-0.8,1.0,1.179992563459866,-0.24323650739752195,-0.12
-1.5,-0.7000000000000001,0.0,1.1767546751184594,-0.26702418657584476,0.12
-1.5,-0.7000000000000001,0.2,1.1767546751184594,-0.26702418657584476,0.0970820393249937
-1.5,-0.7000000000000001,0.4,1.1767546751184594,-0.26702418657584476,0.037082039324993696
-1.5,-0.7000000000000001,0.6000000000000001,1.1767546751184594,-0.26702418657584476,-0.0370820393249937
-1.5,-0.7000000000000001,0.8,1.1767546751184594,-0.26702418657584476,-0.09708203932499368
-1.5,-0.7000000000000001,1.0,1.1767546751184594,-0.26702418657584476,-0.12
-1.5,-0.6000000000000001,0.0,1.1735275642452994,-0.28814384834836243,0.12
-1.5,-0.6000000000000001,0.2,1.1735275642452994,-0.28814384834836243,0.0970820393249937
-1.5,-0.6000000000000001,0.4,1.1735275642452994,-0.28814384834836243,0.037082039324993696
-1.5,-0.6000000000000001,0.6000000000000001,1.1735275642452994,-0.28814384834836243,-0.0370820393249937
-1.5,-0.6000000000000001,0.8,1.1735275642452994,-0.28814384834836243,-0.09708203932499368
-1.5,-0.6000000000000001,1.0,1.1735275642452994,-0.28814384834836243,-0.12
-1.5,-0.5,0.0,1.1704494004953965,-0.30638447203587615,0.12
-1.5,-0.5,0.2,1.1704494004953965,-0.30638447203587615,0.0970820393249937
-1.5,-0.5,0.4,1.1704494004953965,-0.30638447203587615,0.037082039324993696
-1.5,-0.5,0.6000000000000001,1.1704494004953965,-0.30638447203587615,-0.0370820393249937
-1.5,-0.5,0.8,1.1704494004953965,-0.30638447203587615,-0.09708203932499368
-1.5,-0.5,1.0,1.1704494004953965,-0.30638447203587615,-0.12
-1.5,-0.4,0.0,1.167666493953991,-0.3215638033560487,0.12
-1.5,-0.4,0.2,1.167666493953991,-0.3215638033560487,0.0970820393249937
-1.5,-0.4,0.4,1.167666493953991,-0.3215638033560487,0.037082039324993696
-1.5,-0.4,0.6000000000000001,1.167666493953991,-0.3215638033560487,-0.0370820393249937
-1.5,-0.4,0.8,1.167666493953991,-0.3215638033560487,-0.09708203932499368
-1.5,-0.4,1.0,1.167666493953991,-0.3215638033560487,-0.12
-1.5,-0.30000000000000004,0.0,1.1653220502370225,-0.3335301754479487,0.12
-1.5,-0.30000000000000004,0.2,1.1653220502370225,-0.3335301754479487,0.0970820393249937
-1.5,-0.30000000000000004,0.4,1.1653220502370225,-0.3335301754479487,0.037082039324993696
-1.5,-0.30000000000000004,0.6000000000000001,1.1653220502370225,-0.3335301754479487,-0.0370820393249937
-1.5,-0.30000000000000004,0.8,1.1653220502370225,-0.3335301754479487,-0.09708203932499368
-1.5,-0.30000000000000004,1.0,1.1653220502370225,-0.3335301754479487,-0.12
-1.5,-0.2,0.0,1.163544073732602,-0.3421640242771907,0.12
-1.5,-0.2,0.2,1.163544073732602,-0.3421640242771907,0.0970820393249937
-1.5,-0.2,0.4,1.163544073732602,-0.3421640242771907,0.037082039324993696
-1.5,-0.2,0.6000000000000001,1.163544073732602,-0.3421640242771907,-0.0370820393249937
-1.5,-0.2,0.8,1.163544073732602,-0.3421640242771907,-0.09708203932499368
-1.5,-0.2,1.0,1.163544073732602,-0.3421640242771907,-0.12
-1.5,-0.1,0.0,1.1624338254882847,-0.3473790832802439,0.12
-1.5,-0.1,0.2,1.1624338254882847,-0.3473790832802439,0.0970820393249937
-1.5,-0.1,0.4,1.1624338254882847,-0.3473790832802439,0.037082039324993696
-1.5,-0.1,0.6000000000000001,1.1624338254882847,-0.3473790832802439,-0.0370820393249937
-1.5,-0.1,0.8,1.1624338254882847,-0.3473790832802439,-0.09708203932499368
-1.5,-0.1,1.0,1.1624338254882847,-0.3473790832802439,-0.12
-1.5,0.0,0.0,1.1620562791577287,-0.34912324531141903,0.12
-1.5,0.0,0.2,1.1620562791577287,-0.34912324531141903,0.0970820393249937
-1.5,0.0,0.4,1.1620562791577287,-0.34912324531141903,0.037082039324993696
-1.5,0.0,0.6000000000000001,1.1620562791577287,-0.34912324531141903,-0.0370820393249937
-1.5,0.0,0.8,1.1620562791577287,-0.34912324531141903,-0.09708203932499368
-1.5,0.0,1.0,1.1620562791577287,-0.34912324531141903,-0.12
-1.5,0.1,0.0,1.1624338254882847,-0.3473790832802439,0.12
-1.5,0.1,0.2,1.1624338254882847,-0.3473790832802439,0.0970820393249937
-1.5,0.1,0.4,1.1624338254882847,-0.3473790832802439,0.037082039324993696
-1.5,0.1,0.6000000000000001,1.1624338254882847,-0.3473790832802439,-0.0370820393249937
-1.5,0.1,0.8,1.1624338254882847,-0.3473790832802439,-0.09708203932499368
-1.5,0.1,1.0,1.1624338254882847,-0.3473790832802439,-0.12
-1.5,0.2,0.0,1.163544073732602,-0.3421640242771907,0.12
-1.5,0.2,0.2,1.163544073732602,-0.3421640242771907,0.0970820393249937
-1.5,0.2,0.4,1.163544073732602,-0.3421640242771907,0.037082039324993696
-1.5,0.2,0.6000000000000001,1.163544073732602,-0.3421640242771907,-0.0370820393249937
-1.5,0.2,0.8,1.163544073732602,-0.3421640242771907,-0.09708203932499368
-1.5,0.2,1.0,1.163544073732602,-0.3421640242771907,-0.12
-1.5,0.30000000000000004,0.0,1.1653220502370225,-0.3335301754479487,0.12
-1.5,0.30000000000000004,0.2,1.1653220502370225,-0.3335301754479487,0.0970820393249937
-1.5,0.30000000000000004,0.4,1.1653220502370225,-0.3335301754479487,0.037082039324993696
-1.5,0.30000000000000004,0.6000000000000001,1.1653220502370225,-0.3335301754479487,-0.0370820393249937
-1.5,0.30000000000000004,0.8,1.1653220502370225,-0.3335301754479487,-0.09708203932499368
-1.5,0.30000000000000004,1.0,1.1653220502370225,-0.3335301754479487,-0.12
-1.5,0.4,0.0,1.167666493953991,-0.3215638033560487,0.12
-1.5,0.4,0.2,1.167666493953991,-0.3215638033560487,0.0970820393249937
-1.5,0.4,0.4,1.167666493953991,-0.3215638033560487,0.037082039324993696
-1.5,0.4,0.6000000000000001,1.167666493953991,-0.3215638033560487,-0.0370820393249937
-1.5,0.4,0.8,1.167666493953991,-0.3215638033560487,-0.09708203932499368
-1.5,0.4,1.0,1.167666493953991,-0.3215638033560487,-0.12
-1.5,0.5,0.0,1.1704494004953965,-0.30638447203587615,0.12
-1.5,0.5,0.2,1.1704494004953965,-0.30638447203587615,0.0970820393249937
-1.5,0.5,0.4,1.1704494004953965,-0.30638447203587615,0.037082039324993696
-1.5,0.5,0.6000000000000001,1.1704494004953965,-0.30638447203587615,-0.0370820393249937
-1.5,0.5,0.8,1.1704494004953965,-0.30638447203587615,-0.09708203932499368
-1.5,0.5,1.0,1.1704494004953965,-0.30638447203587615,-0.12
-1.5,0.6000000000000001,0.0,1.1735275642452994,-0.28814384834836243,0.12
-1.5,0.6000000000000001,0.2,1.1735275642452994,-0.28814384834836243,0.0970820393249937
-1.5,0.6000000000000001,0.4,1.1735275642452994,-0.28814384834836243,0.037082039324993696
-1.5,0.6000000000000001,0.6000000000000001,1.1735275642452994,-0.28814384834836243,-0.0370820393249937
-1.5,0.6000000000000001,0.8,1.1735275642452994,-0.28814384834836243,-0.09708203932499368
-1.5,0.6000000000000001,1.0,1.1735275642452994,-0.28814384834836243,-0.12
-1.5,0.7000000000000001,0.0,1.1767546751184594,-0.26702418657584476,0.12
-1.5,0.7000000000000001,0.2,1.1767546751184594,-0.26702418657584476,0.0970820393249937
-1.5,0.7000000000000001,0.4,1.1767546751184594,-0.26702418657584476,0.037082039324993696
-1.5,0.7000000000000001,0.6000000000000001,1.1767546751184594,-0.26702418657584476,-0.0370820393249937
-1.5,0.7000000000000001,0.8,1.1767546751184594,-0.26702418657584476,-0.09708203932499368
-1.5,0.7000000000000001,1.0,1.1767546751184594,-0.26702418657584476,-0.12
-1.5,0.8,0.0,1.179992563459866,-0.24323650739752195,0.12
-1.5,0.8,0.2,1.179992563459866,-0.24323650739752195,0.0970820393249937
-1.5,0.8,0.4,1.179992563459866,-0.24323650739752195,0.037082039324993696
-1.5,0.8,0.6000000000000001,1.179992563459866,-0.24323650739752195,-0.0370820393249937
-1.5,0.8,0.8,1.179992563459866,-0.24323650739752195,-0.09708203932499368
-1.5,0.8,1.0,1.179992563459866,-0.24323650739752195,-0.12
-1.5,0.9,0.0,1.183120429720804,-0.21701848944058255,0.12
-1.5,0.9,0.2,1.183120429720804,-0.21701848944058255,0.0970820393249937
-1.5,0.9,0.4,1.183120429720804,-0.21701848944058255,0.037082039324993696
-1.5,0.9,0.6000000000000001,1.183120429720804,-0.21701848944058255,-0.0370820393249937
-1.5,0.9,0.8,1.183120429720804,-0.21701848944058255,-0.09708203932499368
-1.5,0.9,1.0,1.183120429720804,-0.21701848944058255,-0.12
-1.5,1.0,0.0,1.18604128518058,-0.18863209447392792,0.12
-1.5,1.0,0.2,1.18604128518058,-0.18863209447392792,0.0970820393249937
-1.5,1.0,0.4,1.18604128518058,-0.18863209447392792,0.037082039324993696
-1.5,1.0,0.6000000000000001,1.18604128518058,-0.18863209447392792,-0.0370820393249937
-1.5,1.0,0.8,1.18604128518058,-0.18863209447392792,-0.09708203932499368
-1.5,1.0,1.0,1.18604128518058,-0.18863209447392792,-0.12
-1.5,1.1,0.0,1.1886852856733876,-0.15836094997277003,0.12
-1.5,1.1,0.2,1.1886852856733876,-0.15836094997277003,0.0970820393249937
-1.5,1.1,0.4,1.1886852856733876,-0.15836094997277003,0.037082039324993696
-1.5,1.1,0.6000000000000001,1.1886852856733876,-0.15836094997277003,-0.0370820393249937
-1.5,1.1,0.8,1.1886852856733876,-0.15836094997277003,-0.09708203932499368
-1.5,1.1,1.0,1.1886852856733876,-0.15836094997277003,-0.12
-1.5,1.2000000000000002,0.0,1.1910100792647806,-0.1265075152066546,0.12
-1.5,1.2000000000000002,0.2,1.1910100792647806,-0.1265075152066546,0.0970820393249937
-1.5,1.2000000000000002,0.4,1.1910100792647806,-0.1265075152066546,0.037082039324993696
-1.5,1.2000000000000002,0.6000000000000001,1.1910100792647806,-0.1265075152066546,-0.0370820393249937
-1.5,1.2000000000000002,0.8,1.1910100792647806,-0.1265075152066546,-0.09708203932499368
-1.5,1.2000000000000002,1.0,1.1910100792647806,-0.1265075152066546,-0.12
-1.4000000000000001,-1.2000000000000002,0.0,1.1879856228142824,-0.12497987295789188,0.12
-1.4000000000000001,-1.2000000000000002,0.2,1.1879856228142824,-0.12497987295789188,0.0970820393249937
-1.4000000000000001,-1.2000000000000002,0.4,1.1879856228142824,-0.12497987295789188,0.037082039324993696
-1.4000000000000001,-1.2000000000000002,0.6000000000000001,1.1879856228142824,-0.12497987295789188,-0.0370820393249937
-1.4000000000000001,-1.2000000000000002,0.8,1.1879856228142824,-0.12497987295789188,-0.09708203932499368
-1.4000000000000001,-1.2000000000000002,1.0,1.1879856228142824,-0.12497987295789188,-0.12
-1.4000000000000001,-1.1,0.0,1.1848787047547595,-0.15644866138392677,0.12
-1.4000000000000001,-1.1,0.2,1.1848787047547595,-0.15644866138392677,0.0970820393249937
-1.4000000000000001,-1.1,0.4,1.1848787047547595,-0.15644866138392677,0.037082039324993696
-1.4000000000000001,-1.1,0.6000000000000001,1.1848787047547595,-0.15644866138392677,-0.0370820393249937
-1.4000000000000001,-1.1,0.8,1.1848787047547595,-0.15644866138392677,-0.09708203932499368
-1.4000000000000001,-1.1,1.0,1.1848787047547595,-0.15644866138392677,-0.12
-1.4000000000000001,-1.0,0.0,1.1813451898178187,-0.18635426650046527,0.12
-1.4000000000000001,-1.0,0.2,1.1813451898178187,-0.18635426650046527,0.0970820393249937
-1.4000000000000001,-1.0,0.4,1.1813451898178187,-0.18635426650046527,0.037082039324993696
-1.4000000000000001,-1.0,0.6000000000000001,1.1813451898178187,-0.18635426650046527,-0.0370820393249937
-1.4000000000000001,-1.0,0.8,1.1813451898178187,-0.18635426650046527,-0.09708203932499368
-1.4000000000000001,-1.0,1.0,1.1813451898178187,-0.18635426650046527,-0.12
-1.4000000000000001,-0.9,0.0,1.177441678292825,-0.21439788138666152,0.12
-1.4000000000000001,-0.9,0.2,1.177441678292825,-0.21439788138666152,0.0970820393249937
-1.4000000000000001,-0.9,0.4,1.177441678292825,-0.21439788138666152,0.037082039324993696
-1.4000000000000001,-0.9,0.6000000000000001,1.177441678292825,-0.21439788138666152,-0.0370820393249937
-1.4000000000000001,-0.9,0.8,1.177441678292825,-0.21439788138666152,-0.09708203932499368
-1.4000000000000001,-0.9,1.0,1.177441678292825,-0.21439788138666152,-0.12
-1.4000000000000001,-0.8,0.0,1.1732615118428398,-0.24029930351255946,0.12
-1.4000000000000001,-0.8,0.2,1.1732615118428398,-0.24029930351255946,0.0970820393249937
-1.4000000000000001,-0.8,0.4,1.1732615118428398,-0.24029930351255946,0.037082039324993696
-1.4000000000000001,-0.8,0.6000000000000001,1.1732615118428398,-0.24029930351255946,-0.0370820393249937
-1.4000000000000001,-0.8,0.8,1.1732615118428398,-0.24029930351255946,-0.09708203932499368
-1.4000000000000001,-0.8,1.0,1.1732615118428398,-0.24029930351255946,-0.12
-1.4000000000000001,-0.7000000000000001,0.0,1.1689343088602266,-0.2637997344301488,0.12
-1.4000000000000001,-0.7000000000000001,0.2,1.1689343088602266,-0.2637997344301488,0.0970820393249937
-1.4000000000000001,-0.7000000000000001,0.4,1.1689343088602266,-0.2637997344301488,0.037082039324993696
-1.4000000000000001,-0.7000000000000001,0.6000000000000001,1.1689343088602266,-0.2637997344301488,-0.0370820393249937
-1.4000000000000001,-0.7000000000000001,0.8,1.1689343088602266,-0.2637997344301488,-0.09708203932499368
-1.4000000000000001,-0.7000000000000001,1.0,1.1689343088602266,-0.2637997344301488,-0.12
-1.4000000000000001,-0.6000000000000001,0.0,1.16462150918243,-0.2846643656019107,0.12
-1.4000000000000001,-0.6000000000000001,0.2,1.16462150918243,-0.2846643656019107,0.0970820393249937
-1.4000000000000001,-0.6000000000000001,0.4,1.16462150918243,-0.2846643656019107,0.037082039324993696
-1.4000000000000001,-0.6000000000000001,0.6000000000000001,1.16462150918243,-0.2846643656019107,-0.0370820393249937
-1.4000000000000001,-0.6000000000000001,0.8,1.16462150918243,-0.2846643656019107,-0.09708203932499368
-1.4000000000000001,-0.6000000000000001,1.0,1.16462150918243,-0.2846643656019107,-0.12
-1.4000000000000001,-0.5,0.0,1.160507766534416,-0.30268472453010714,0.12
-1.4000000000000001,-0.5,0.2,1.160507766534416,-0.30268472453010714,0.0970820393249937
-1.4000000000000001,-0.5,0.4,1.160507766534416,-0.30268472453010714,0.037082039324993696
-1.4000000000000001,-0.5,0.6000000000000001,1.160507766534416,-0.30268472453010714,-0.0370820393249937
-1.4000000000000001,-0.5,0.8,1.160507766534416,-0.30268472453010714,-0.09708203932499368
-1.4000000000000001,-0.5,1.0,1.160507766534416,-0.30268472453010714,-0.12
-1.4000000000000001,-0.4,0.0,1.1567886137358756,-0.31768075774506604,0.12
-1.4000000000000001,-0.4,0.2,1.1567886137358756,-0.31768075774506604,0.0970820393249937
-1.4000000000000001,-0.4,0.4,1.1567886137358756,-0.31768075774506604,0.037082039324993696
-1.4000000000000001,-0.4,0.6000000000000001,1.1567886137358756,-0.31768075774506604,-0.0370820393249937
-1.4000000000000001,-0.4,0.8,1.1567886137358756,-0.31768075774506604,-0.09708203932499368
-1.4000000000000001,-0.4,1.0,1.1567886137358756,-0.31768075774506604,-0.12
-1.4000000000000001,-0.30000000000000004,0.0,1.1536554347083905,-0.32950262983993317,0.12
-1.4000000000000001,-0.30000000000000004,0.2,1.1536554347083905,-0.32950262983993317,0.0970820393249937
-1.4000000000000001,-0.30000000000000004,0.4,1.1536554347083905,-0.32950262983993317,0.037082039324993696
-1.4000000000000001,-0.30000000000000004,0.6000000000000001,1.1536554347083905,-0.32950262983993317,-0.0370820393249937
-1.4000000000000001,-0.30000000000000004,0.8,1.1536554347083905,-0.32950262983993317,-0.09708203932499368
-1.4000000000000001,-0.30000000000000004,1.0,1.1536554347083905,-0.32950262983993317,-0.12
-1.4000000000000001,-0.2,0.0,1.1512792980348194,-0.338032220576528,0.12
-1.4000000000000001,-0.2,0.2,1.1512792980348194,-0.338032220576528,0.0970820393249937
-1.4000000000000001,-0.2,0.4,1.1512792980348194,-0.338032220576528,0.037082039324993696
-1.4000000000000001,-0.2,0.6000000000000001,1.1512792980348194,-0.338032220576528,-0.0370820393249937
-1.4000000000000001,-0.2,0.8,1.1512792980348194,-0.338032220576528,-0.09708203932499368
-1.4000000000000001,-0.2,1.0,1.1512792980348194,-0.338032220576528,-0.12
-1.4000000000000001,-0.1,0.0,1.1497955317625816,-0.3431843051037183,0.12
-1.4000000000000001,-0.1,0.2,1.1497955317625816,-0.3431843051037183,0.0970820393249937
-1.4000000000000001,-0.1,0.4,1.1497955317625816,-0.3431843051037183,0.037082039324993696
-1.4000000000000001,-0.1,0.6000000000000001,1.1497955317625816,-0.3431843051037183,-0.0370820393249937
-1.4000000000000001,-0.1,0.8,1.1497955317625816,-0.3431843051037183,-0.09708203932499368
-1.4000000000000001,-0.1,1.0,1.1497955317625816,-0.3431843051037183,-0.12
-1.4000000000000001,0.0,0.0,1.1492909684684238,-0.34490740549596105,0.12
-1.4000000000000001,0.0,0.2,1.1492909684684238,-0.34490740549596105,0.0970820393249937
-1.4000000000000001,0.0,0.4,1.1492909684684238,-0.34490740549596105,0.037082039324993696
-1.4000000000000001,0.0,0.6000000000000001,1.1492909684684238,-0.34490740549596105,-0.0370820393249937
-1.4000000000000001,0.0,0.8,1.1492909684684238,-0.34490740549596105,-0.09708203932499368
-1.4000000000000001,0.0,1.0,1.1492909684684238,-0.34490740549596105,-0.12
-1.4000000000000001,0.1,0.0,1.1497955317625816,-0.3431843051037183,0.12
-1.4000000000000001,0.1,0.2,1.1497955317625816,-0.3431843051037183,0.0970820393249937
-1.4000000000000001,0.1,0.4,1.1497955317625816,-0.3431843051037183,0.037082039324993696
-1.4000000000000001,0.1,0.6000000000000001,1.1497955317625816,-0.3431843051037183,-0.0370820393249937
-1.4000000000000001,0.1,0.8,1.1497955317625816,-0.3431843051037183,-0.09708203932499368
-1.4000000000000001,0.1,1.0,1.1497955317625816,-0.3431843051037183,-0.12
-1.4000000000000001,0.2,0.0,1.1512792980348194,-0.338032220576528,0.12
-1.4000000000000001,0.2,0.2,1.1512792980348194,-0.338032220576528,0.0970820393249937
-1.4000000000000001,0.2,0.4,1.1512792980348194,-0.338032220576528,0.037082039324993696
-1.4000000000000001,0.2,0.6000000000000001,1.1512792980348194,-0.338032220576528,-0.0370820393249937
-1.4000000000000001,0.2,0.8,1.1512792980348194,-0.338032220576528,-0.09708203932499368
-1.4000000000000001,0.2,1.0,1.1512792980348194,-0.338032220576528,-0.12
-1.4000000000000001,0.30000000000000004,0.0,1.1536554347083905,-0.32950262983993317,0.12
-1.4000000000000001,0.30000000000000004,0.2,1.1536554347083905,-0.32950262983993317,0.0970820393249937
-1.4000000000000001,0.30000000000000004,0.4,1.1536554347083905,-0.32950262983993317,0.037082039324993696
-1.4000000000000001,0.30000000000000004,0.6000000000000001,1.1536554347083905,-0.32950262983993317,-0.0370820393249937
-1.4000000000000001,0.30000000000000004,0.8,1.1536554347083905,-0.32950262983993317,-0.09708203932499368
-1.4000000000000001,0.30000000000000004,1.0,1.1536554347083905,-0.32950262983993317,-0.12
-1.4000000000000001,0.4,0.0,1.1567886137358756,-0.31768075774506604,0.12
-1.4000000000000001,0.4,0.2,1.1567886137358756,-0.31768075774506604,0.0970820393249937
-1.4000000000000001,0.4,0.4,1.1567886137358756,-0.31768075774506604,0.037082039324993696
-1.4000000000000001,0.4,0.6000000000000001,1.1567886137358756,-0.31768075774506604,-0.0370820393249937
-1.4000000000000001,0.4,0.8,1.1567886137358756,-0.31768075774506604,-0.09708203932499368
-1.4000000000000001,0.4,1.0,1.1567886137358756,-0.31768075774506604,-0.12
-1.4000000000000001,0.5,0.0,1.160507766534416,-0.30268472453010714,0.12
-1.4000000000000001,0.5,0.2,1.160507766534416,-0.30268472453010714,0.0970820393249937
-1.4000000000000001,0.5,0.4,1.160507766534416,-0.30268472453010714,0.037082039324993696
-1.4000000000000001,0.5,0.6000000000000001,1.160507766534416,-0.30268472453010714,-0.0370820393249937
-1.4000000000000001,0.5,0.8,1.160507766534416,-0.30268472453010714,-0.09708203932499368
-1.4000000000000001,0.5,1.0,1.160507766534416,-0.30268472453010714,-0.12
-1.4000000000000001,0.6000000000000001,0.0,1.16462150918243,-0.2846643656019107,0.12
-1.4000000000000001,0.6000000000000001,0.2,1.16462150918243,-0.2846643656019107,0.0970820393249937
-1.4000000000000001,0.6000000000000001,0.4,1.16462150918243,-0.2846643656019107,0.037082039324993696
-1.4000000000000001,0.6000000000000001,0.6000000000000001,1.16462150918243,-0.2846643656019107,-0.0370820393249937
-1.4000000000000001,0.6000000000000001,0.8,1.16462150918243,-0.2846643656019107,-0.09708203932499368
-1.4000000000000001,0.6000000000000001,1.0,1.16462150918243,-0.2846643656019107,-0.12
-1.4000000000000001,0.7000000000000001,0.0,1.1689343088602266,-0.2637997344301488,0.12
-1.4000000000000001,0.7000000000000001,0.2,1.1689343088602266,-0.2637997344301488,0.0970820393249937
-1.4000000000000001,0.7000000000000001,0.4,1.1689343088602266,-0.2637997344301488,0.037082039324993696
-1.4000000000000001,0.7000000000000001,0.6000000000000001,1.1689343088602266,-0.2637997344301488,-0.0370820393249937
-1.4000000000000001,0.7000000000000001,0.8,1.1689343088602266,-0.2637997344301488,-0.09708203932499368
-1.4000000000000001,0.7000000000000001,1.0,1.1689343088602266,-0.2637997344301488,-0.12
-1.4000000000000001,0.8,0.0,1.1732615118428398,-0.24029930351255946,0.12
-1.4000000000000001,0.8,0.2,1.1732615118428398,-0.24029930351255946,0.0970820393249937
-1.4000000000000001,0.8,0.4,1.1732615118428398,-0.24029930351255946,0.037082039324993696
-1.4000000000000001,0.8,0.6000000000000001,1.1732615118428398,-0.24029930351255946,-0.0370820393249937
-1.4000000000000001,0.8,0.8,1.1732615118428398,-0.24029930351255946,-0.09708203932499368
-1.4000000000000001,0.8,1.0,1.1732615118428398,-0.24029930351255946,-0.12
-1.4000000000000001,0.9,0.0,1.177441678292825,-0.21439788138666152,0.12
-1.4000000000000001,0.9,0.2,1.177441678292825,-0.21439788138666152,0.0970820393249937
-1.4000000000000001,0.9,0.4,1.177441678292825,-0.21439788138666152,0.037082039324993696
-1.4000000000000001,0.9,0.6000000000000001,1.177441678292825,-0.21439788138666152,-0.0370820393249937
-1.4000000000000001,0.9,0.8,1.177441678292825,-0.21439788138666152,-0.09708203932499368
-1.4000000000000001,0.9,1.0,1.177441678292825,-0.21439788138666152,-0.12
-1.4000000000000001,1.0,0.0,1.1813451898178187,-0.18635426650046527,0.12
-1.4000000000000001,1.0,0.2,1.1813451898178187,-0.18635426650046527,0.0970820393249937
-1.4000000000000001,1.0,0.4,1.1813451898178187,-0.18635426650046527,0.037082039324993696
-1.4000000000000001,1.0,0.6000000000000001,1.1813451898178187,-0.18635426650046527,-0.0370820393249937
-1.4000000000000001,1.0,0.8,1.1813451898178187,-0.18635426650046527,-0.09708203932499368
-1.4000000000000001,1.0,1.0,1.1813451898178187,-0.18635426650046527,-0.12
-1.4000000000000001,1.1,0.0,1.1848787047547595,-0.15644866138392677,0.12
-1.4000000000000001,1.1,0.2,1.1848787047547595,-0.15644866138392677,0.0970820393249937
-1.4000000000000001,1.1,0.4,1.1848787047547595,-0.15644866138392677,0.037082039324993696
-1.4000000000000001,1.1,0.6000000000000001,1.1848787047547595,-0.15644866138392677,-0.0370820393249937
-1.4000000000000001,1.1,0.8,1.1848787047547595,-0.15644866138392677,-0.09708203932499368
-1.4000000000000001,1.1,1.0,1.1848787047547595,-0.15644866138392677,-0.12
-1.4000000000000001,1.2000000000000002,0.0,1.1879856228142824,-0.12497987295789188,0.12
-1.4000000000000001,1.2000000000000002,0.2,1.1879856228142824,-0.12497987295789188,0.0970820393249937
-1.4000000000000001,1.2000000000000002,0.4,1.1879856228142824,-0.12497987295789188,0.037082039324993696
-1.4000000000000001,1.2000000000000002,0.6000000000000001,1.1879856228142824,-0.12497987295789188,-0.0370820393249937
-1.4000000000000001,1.2000000000000002,0.8,1.1879856228142824,-0.12497987295789188,-0.09708203932499368
-1.4000000000000001,1.2000000000000002,1.0,1.1879856228142824,-0.12497987295789188,-0.12
-1.3,-1.2000000000000002,0.0,1.1842615929890097,-0.12220347313138726,0.12
-1.3,-1.2000000000000002,0.2,1.1842615929890097,-0.12220347313138726,0.0970820393249937
-1.3,-1.2000000000000002,0.4,1.1842615929890097,-0.12220347313138726,0.037082039324993696
-1.3,-1.2000000000000002,0.6000000000000001,1.1842615929890097,-0.12220347313138726,-0.0370820393249937
-1.3,-1.2000000000000002,0.8,1.1842615929890097,-0.12220347313138726,-0.09708203932499368
-1.3,-1.2000000000000002,1.0,1.1842615929890097,-0.12220347313138726,-0.12
-1.3,-1.1,0.0,1.1801916407796933,-0.1529731894855871,0.12
-1.3,-1.1,0.2,1.1801916407796933,-0.1529731894855871,0.0970820393249937
-1.3,-1.1,0.4,1.1801916407796933,-0.1529731894855871,0.037082039324993696
-1.3,-1.1,0.6000000000000001,1.1801916407796933,-0.1529731894855871,-0.0370820393249937
-1.3,-1.1,0.8,1.1801916407796933,-0.1529731894855871,-0.09708203932499368
-1.3,-1.1,1.0,1.1801916407796933,-0.1529731894855871,-0.12
-1.3,-1.0,0.0,1.175562861826166,-0.18221444829666048,0.12
-1.3,-1.0,0.2,1.175562861826166,-0.18221444829666048,0.0970820393249937
-1.3,-1.0,0.4,1.175562861826166,-0.18221444829666048,0.037082039324993696
-1.3,-1.0,0.6000000000000001,1.175562861826166,-0.18221444829666048,-0.0370820393249937
-1.3,-1.0,0.8,1.175562861826166,-0.18221444829666048,-0.09708203932499368
-1.3,-1.0,1.0,1.175562861826166,-0.18221444829666048,-0.12
-1.3,-0.9,0.0,1.1704494004953965,-0.2096350805724421,0.12
-1.3,-0.9,0.2,1.1704494004953965,-0.2096350805724421,0.0970820393249937
-1.3,-0.9,0.4,1.1704494004953965,-0.2096350805724421,0.037082039324993696
-1.3,-0.9,0.6000000000000001,1.1704494004953965,-0.2096350805724421,-0.0370820393249937
-1.3,-0.9,0.8,1.1704494004953965,-0.2096350805724421,-0.09708203932499368
-1.3,-0.9,1.0,1.1704494004953965,-0.2096350805724421,-0.12
-1.3,-0.8,0.0,1.1649735310477682,-0.2349611084192884,0.12
-1.3,-0.8,0.2,1.1649735310477682,-0.2349611084192884,0.0970820393249937
-1.3,-0.8,0.4,1.1649735310477682,-0.2349611084192884,0.037082039324993696
-1.3,-0.8,0.6000000000000001,1.1649735310477682,-0.2349611084192884,-0.0370820393249937
-1.3,-0.8,0.8,1.1649735310477682,-0.2349611084192884,-0.09708203932499368
-1.3,-0.8,1.0,1.1649735310477682,-0.2349611084192884,-0.12
-1.3,-0.7000000000000001,0.0,1.159305048969438,-0.2579394825386255,0.12
-1.3,-0.7000000000000001,0.2,1.159305048969438,-0.2579394825386255,0.0970820393249937
-1.3,-0.7000000000000001,0.4,1.159305048969438,-0.2579394825386255,0.037082039324993696
-1.3,-0.7000000000000001,0.6000000000000001,1.159305048969438,-0.2579394825386255,-0.0370820393249937
-1.3,-0.7000000000000001,0.8,1.159305048969438,-0.2579394825386255,-0.09708203932499368
-1.3,-0.7000000000000001,1.0,1.159305048969438,-0.2579394825386255,-0.12
-1.3,-0.6000000000000001,0.0,1.1536554347083905,-0.2783406106118934,0.12
-1.3,-0.6000000000000001,0.2,1.1536554347083905,-0.2783406106118934,0.0970820393249937
-1.3,-0.6000000000000001,0.4,1.1536554347083905,-0.2783406106118934,0.037082039324993696
-1.3,-0.6000000000000001,0.6000000000000001,1.1536554347083905,-0.2783406106118934,-0.0370820393249937
-1.3,-0.6000000000000001,0.8,1.1536554347083905,-0.2783406106118934,-0.09708203932499368
-1.3,-0.6000000000000001,1.0,1.1536554347083905,-0.2783406106118934,-0.12
-1.3,-0.5,0.0,1.148266578080027,-0.29596065131110066,0.12
-1.3,-0.5,0.2,1.148266578080027,-0.29596065131110066,0.0970820393249937
-1.3,-0.5,0.4,1.148266578080027,-0.29596065131110066,0.037082039324993696
-1.3,-0.5,0.6000000000000001,1.148266578080027,-0.29596065131110066,-0.0370820393249937
-1.3,-0.5,0.8,1.148266578080027,-0.29596065131110066,-0.09708203932499368
-1.3,-0.5,1.0,1.148266578080027,-0.29596065131110066,-0.12
-1.3,-0.4,0.0,1.143394620127094,-0.3106235510139916,0.12
-1.3,-0.4,0.2,1.143394620127094,-0.3106235510139916,0.0970820393249937
-1.3,-0.4,0.4,1.143394620127094,-0.3106235510139916,0.037082039324993696
-1.3,-0.4,0.6000000000000001,1.143394620127094,-0.3106235510139916,-0.0370820393249937
-1.3,-0.4,0.8,1.143394620127094,-0.3106235510139916,-0.09708203932499368
-1.3,-0.4,1.0,1.143394620127094,-0.3106235510139916,-0.12
-1.3,-0.30000000000000004,0.0,1.1392902669833056,-0.32218280287364526,0.12
-1.3,-0.30000000000000004,0.2,1.1392902669833056,-0.32218280287364526,0.0970820393249937
-1.3,-0.30000000000000004,0.4,1.1392902669833056,-0.32218280287364526,0.037082039324993696
-1.3,-0.30000000000000004,0.6000000000000001,1.1392902669833056,-0.32218280287364526,-0.0370820393249937
-1.3,-0.30000000000000004,0.8,1.1392902669833056,-0.32218280287364526,-0.09708203932499368
-1.3,-0.30000000000000004,1.0,1.1392902669833056,-0.32218280287364526,-0.12
-1.3,-0.2,0.0,1.136177612410844,-0.3305229106664607,0.12
-1.3,-0.2,0.2,1.136177612410844,-0.3305229106664607,0.0970820393249937
-1.3,-0.2,0.4,1.136177612410844,-0.3305229106664607,0.037082039324993696
-1.3,-0.2,0.6000000000000001,1.136177612410844,-0.3305229106664607,-0.0370820393249937
-1.3,-0.2,0.8,1.136177612410844,-0.3305229106664607,-0.09708203932499368
-1.3,-0.2,1.0,1.136177612410844,-0.3305229106664607,-0.12
-1.3,-0.1,0.0,1.1342339313410155,-0.3355605427922452,0.12
-1.3,-0.1,0.2,1.1342339313410155,-0.3355605427922452,0.0970820393249937
-1.3,-0.1,0.4,1.1342339313410155,-0.3355605427922452,0.037082039324993696
-1.3,-0.1,0.6000000000000001,1.1342339313410155,-0.3355605427922452,-0.0370820393249937
-1.3,-0.1,0.8,1.1342339313410155,-0.3355605427922452,-0.09708203932499368
-1.3,-0.1,1.0,1.1342339313410155,-0.3355605427922452,-0.12
-1.3,0.0,0.0,1.1335729713625238,-0.33724536489601753,0.12
-1.3,0.0,0.2,1.1335729713625238,-0.33724536489601753,0.0970820393249937
-1.3,0.0,0.4,1.1335729713625238,-0.33724536489601753,0.037082039324993696
-1.3,0.0,0.6000000000000001,1.1335729713625238,-0.33724536489601753,-0.0370820393249937
-1.3,0.0,0.8,1.1335729713625238,-0.33724536489601753,-0.09708203932499368
-1.3,0.0,1.0,1.1335729713625238,-0.33724536489601753,-0.12
-1.3,0.1,0.0,1.1342339313410155,-0.3355605427922452,0.12
-1.3,0.1,0.2,1.1342339313410155,-0.3355605427922452,0.0970820393249937
-1.3,0.1,0.4,1.1342339313410155,-0.3355605427922452,0.037082039324993696
-1.3,0.1,0.6000000000000001,1.1342339313410155,-0.3355605427922452,-0.0370820393249937
-1.3,0.1,0.8,1.1342339313410155,-0.3355605427922452,-0.09708203932499368
-1.3,0.1,1.0,1.1342339313410155,-0.3355605427922452,-0.12
-1.3,0.2,0.0,1.136177612410844,-0.3305229106664607,0.12
-1.3,0.2,0.2,1.136177612410844,-0.3305229106664607,0.0970820393249937
-1.3,0.2,0.4,1.136177612410844,-0.3305229106664607,0.037082039324993696
-1.3,0.2,0.6000000000000001,1.136177612410844,-0.3305229106664607,-0.0370820393249937
-1.3,0.2,0.8,1.136177612410844,-0.3305229106664607,-0.09708203932499368
-1.3,0.2,1.0,1.136177612410844,-0.3305229106664607,-0.12
-1.3,0.30000000000000004,0.0,1.1392902669833056,-0.32218280287364526,0.12
-1.3,0.30000000000000004,0.2,1.1392902669833056,-0.32218280287364526,0.0970820393249937
-1.3,0.30000000000000004,0.4,1.1392902669833056,-0.32218280287364526,0.037082039324993696
-1.3,0.30000000000000004,0.6000000000000001,1.1392902669833056,-0.32218280287364526,-0.0370820393249937
-1.3,0.30000000000000004,0.8,1.1392902669833056,-0.32218280287364526,-0.09708203932499368
-1.3,0.30000000000000004,1.0,1.1392902669833056,-0.32218280287364526,-0.12
-1.3,0.4,0.0,1.143394620127094,-0.3106235510139916,0.12
-1.3,0.4,0.2,1.143394620127094,-0.3106235510139916,0.0970820393249937
-1.3,0.4,0.4,1.143394620127094,-0.3106235510139916,0.037082039324993696
-1.3,0.4,0.6000000000000001,1.143394620127094,-0.3106235510139916,-0.0370820393249937
-1.3,0.4,0.8,1.143394620127094,-0.3106235510139916,-0.09708203932499368
-1.3,0.4,1.0,1.143394620127094,-0.3106235510139916,-0.12
-1.3,0.5,0.0,1.148266578080027,-0.29596065131110066,0.12
-1.3,0.5,0.2,1.148266578080027,-0.29596065131110066,0.0970820393249937
-1.3,0.5,0.4,1.148266578080027,-0.29596065131110066,0.037082039324993696
-1.3,0.5,0.6000000000000001,1.148266578080027,-0.29596065131110066,-0.0370820393249937
-1.3,0.5,0.8,1.148266578080027,-0.29596065131110066,-0.09708203932499368
-1.3,0.5,1.0,1.148266578080027,-0.29596065131110066,-0.12
-1.3,0.6000000000000001,0.0,1.1536554347083905,-0.2783406106118934,0.12
-1.3,0.6000000000000001,0.2,1.1536554347083905,-0.2783406106118934,0.0970820393249937
-1.3,0.6000000000000001,0.4,1.1536554347083905,-0.2783406106118934,0.037082039324993696
-1.3,0.6000000000000001,0.6000000000000001,1.1536554347083905,-0.2783406106118934,-0.0370820393249937
-1.3,0.6000000000000001,0.8,1.1536554347083905,-0.2783406106118934,-0.09708203932499368
-1.3,0.6000000000000001,1.0,1.1536554347083905,-0.2783406106118934,-0.12
-1.3,0.7000000000000001,0.0,1.159305048969438,-0.2579394825386255,0.12
-1.3,0.7000000000000001,0.2,1.159305048969438,-0.2579394825386255,0.0970820393249937
-1.3,0.7000000000000001,0.4,1.159305048969438,-0.2579394825386255,0.037082039324993696
-1.3,0.7000000000000001,0.6000000000000001,1.159305048969438,-0.2579394825386255,-0.0370820393249937
-1.3,0.7000000000000001,0.8,1.159305048969438,-0.2579394825386255,-0.09708203932499368
-1.3,0.7000000000000001,1.0,1.159305048969438,-0.2579394825386255,-0.12
-1.3,0.8,0.0,1.1649735310477682,-0.2349611084192884,0.12
-1.3,0.8,0.2,1.1649735310477682,-0.2349611084192884,0.0970820393249937
-1.3,0.8,0.4,1.1649735310477682,-0.2349611084192884,0.037082039324993696
-1.3,0.8,0.6000000000000001,1.1649735310477682,-0.2349611084192884,-0.0370820393249937
-1.3,0.8,0.8,1.1649735310477682,-0.2349611084192884,-0.09708203932499368
-1.3,0.8,1.0,1.1649735310477682,-0.2349611084192884,-0.12
-1.3,0.9,0.0,1.1704494004953965,-0.2096350805724421,0.12
-1.3,0.9,0.2,1.1704494004953965,-0.2096350805724421,0.0970820393249937
-1.3,0.9,0.4,1.1704494004953965,-0.2096350805724421,0.037082039324993696
-1.3,0.9,0.6000000000000001,1.1704494004953965,-0.2096350805724421,-0.0370820393249937
-1.3,0.9,0.8,1.1704494004953965,-0.2096350805724421,-0.09708203932499368
-1.3,0.9,1.0,1.1704494004953965,-0.2096350805724421,-0.12
-1.3,1.0,0.0,1.175562861826166,-0.18221444829666048,0.12
-1.3,1.0,0.2,1.175562861826166,-0.18221444829666048,0.0970820393249937
-1.3,1.0,0.4,1.175562861826166,-0.18221444829666048,0.037082039324993696
-1.3,1.0,0.6000000000000001,1.175562861826166,-0.18221444829666048,-0.0370820393249937
-1.3,1.0,0.8,1.175562861826166,-0.18221444829666048,-0.09708203932499368
-1.3,1.0,1.0,1.175562861826166,-0.18221444829666048,-0.12
-1.3,1.1,0.0,1.1801916407796933,-0.1529731894855871,0.12
-1.3,1.1,0.2,1.1801916407796933,-0.1529731894855871,0.0970820393249937
-1.3,1.1,0.4,1.1801916407796933,-0.1529731894855871,0.037082039324993696
-1.3,1.1,0.6000000000000001,1.1801916407796933,-0.1529731894855871,-0.0370820393249937
-1.3,1.1,0.8,1.1801916407796933,-0.1529731894855871,-0.09708203932499368
-1.3,1.1,1.0,1.1801916407796933,-0.1529731894855871,-0.12
-1.3,1.2000000000000002,0.0,1.1842615929890097,-0.12220347313138726,0.12
-1.3,1.2000000000000002,0.2,1.1842615929890097,-0.12220347313138726,0.0970820393249937
-1.3,1.2000000000000002,0.4,1.1842615929890097,-0.12220347313138726,0.037082039324993696
-1.3,1.2000000000000002,0.6000000000000001,1.1842615929890097,-0.12220347313138726,-0.0370820393249937
-1.3,1.2000000000000002,0.8,1.1842615929890097,-0.12220347313138726,-0.09708203932499368
-1.3,1.2000000000000002,1.0,1.1842615929890097,-0.12220347313138726,-0.12
-1.2000000000000002,-1.2000000000000002,0.0,1.1797914853797118,-0.11820605659645136,0.12
-1.2000000000000002,-1.2000000000000002,0.2,1.1797914853797118,-0.11820605659645136,0.0970820393249937
-1.2000000000000002,-1.2000000000000002,0.4,1.1797914853797118,-0.11820605659645136,0.037082039324993696
-1.2000000000000002,-1.2000000000000002,0.6000000000000001,1.1797914853797118,-0.11820605659645136,-0.0370820393249937
-1.2000000000000002,-1.2000000000000002,0.8,1.1797914853797118,-0.11820605659645136,-0.09708203932499368
-1.2000000000000002,-1.2000000000000002,1.0,1.1797914853797118,-0.11820605659645136,-0.12
-1.2000000000000002,-1.1,0.0,1.1745655632982455,-0.14796926004412095,0.12
-1.2000000000000002,-1.1,0.2,1.1745655632982455,-0.14796926004412095,0.0970820393249937
-1.2000000000000002,-1.1,0.4,1.1745655632982455,-0.14796926004412095,0.037082039324993696
-1.2000000000000002,-1.1,0.6000000000000001,1.1745655632982455,-0.14796926004412095,-0.0370820393249937
-1.2000000000000002,-1.1,0.8,1.1745655632982455,-0.14796926004412095,-0.09708203932499368
-1.2000000000000002,-1.1,1.0,1.1745655632982455,-0.14796926004412095,-0.12
-1.2000000000000002,-1.0,0.0,1.1686220934736868,-0.17625400355756402,0.12
-1.2000000000000002,-1.0,0.2,1.1686220934736868,-0.17625400355756402,0.0970820393249937
-1.2000000000000002,-1.0,0.4,1.1686220934736868,-0.17625400355756402,0.037082039324993696
-1.2000000000000002,-1.0,0.6000000000000001,1.1686220934736868,-0.17625400355756402,-0.0370820393249937
-1.2000000000000002,-1.0,0.8,1.1686220934736868,-0.17625400355756402,-0.09708203932499368
-1.2000000000000002,-1.0,1.0,1.1686220934736868,-0.17625400355756402,-0.12
-1.2000000000000002,-0.9,0.0,1.1620562791577287,-0.20277767532928734,0.12
-1.2000000000000002,-0.9,0.2,1.1620562791577287,-0.20277767532928734,0.0970820393249937
-1.2000000000000002,-0.9,0.4,1.1620562791577287,-0.20277767532928734,0.037082039324993696
-1.2000000000000002,-0.9,0.6000000000000001,1.1620562791577287,-0.20277767532928734,-0.0370820393249937
-1.2000000000000002,-0.9,0.8,1.1620562791577287,-0.20277767532928734,-0.09708203932499368
-1.2000000000000002,-0.9,1.0,1.1620562791577287,-0.20277767532928734,-0.12
-1.2000000000000002,-0.8,0.0,1.1550251236085103,-0.22727525959850814,0.12
-1.2000000000000002,-0.8,0.2,1.1550251236085103,-0.22727525959850814,0.0970820393249937
-1.2000000000000002,-0.8,0.4,1.1550251236085103,-0.22727525959850814,0.037082039324993696
-1.2000000000000002,-0.8,0.6000000000000001,1.1550251236085103,-0.22727525959850814,-0.0370820393249937
-1.2000000000000002,-0.8,0.8,1.1550251236085103,-0.22727525959850814,-0.09708203932499368
-1.2000000000000002,-0.8,1.0,1.1550251236085103,-0.22727525959850814,-0.12
-1.2000000000000002,-0.7000000000000001,0.0,1.1477466485458954,-0.24950198460103307,0.12
-1.2000000000000002,-0.7000000000000001,0.2,1.1477466485458954,-0.24950198460103307,0.0970820393249937
-1.2000000000000002,-0.7000000000000001,0.4,1.1477466485458954,-0.24950198460103307,0.037082039324993696
-1.2000000000000002,-0.7000000000000001,0.6000000000000001,1.1477466485458954,-0.24950198460103307,-0.0370820393249937
-1.2000000000000002,-0.7000000000000001,0.8,1.1477466485458954,-0.24950198460103307,-0.09708203932499368
-1.2000000000000002,-0.7000000000000001,1.0,1.1477466485458954,-0.24950198460103307,-0.12
-1.2000000000000002,-0.6000000000000001,0.0,1.1404924002402288,-0.2692357682478153,0.12
-1.2000000000000002,-0.6000000000000001,0.2,1.1404924002402288,-0.2692357682478153,0.0970820393249937
-1.2000000000000002,-0.6000000000000001,0.4,1.1404924002402288,-0.2692357682478153,0.037082039324993696
-1.2000000000000002,-0.6000000000000001,0.6000000000000001,1.1404924002402288,-0.2692357682478153,-0.0370820393249937
-1.2000000000000002,-0.6000000000000001,0.8,1.1404924002402288,-0.2692357682478153,-0.09708203932499368
-1.2000000000000002,-0.6000000000000001,1.0,1.1404924002402288,-0.2692357682478153,-0.12
-1.2000000000000002,-0.5,0.0,1.133572971362524,-0.28627943709577797,0.12
-1.2000000000000002,-0.5,0.2,1.133572971362524,-0.28627943709577797,0.0970820393249937
-1.2000000000000002,-0.5,0.4,1.133572971362524,-0.28627943709577797,0.037082039324993696
-1.2000000000000002,-0.5,0.6000000000000001,1.133572971362524,-0.28627943709577797,-0.0370820393249937
-1.2000000000000002,-0.5,0.8,1.133572971362524,-0.28627943709577797,-0.09708203932499368
-1.2000000000000002,-0.5,1.0,1.133572971362524,-0.28627943709577797,-0.12
-1.2000000000000002,-0.4,0.0,1.127317253521924,-0.30046269643967993,0.12
-1.2000000000000002,-0.4,0.2,1.127317253521924,-0.30046269643967993,0.0970820393249937
-1.2000000000000002,-0.4,0.4,1.127317253521924,-0.30046269643967993,0.037082039324993696
-1.2000000000000002,-0.4,0.6000000000000001,1.127317253521924,-0.30046269643967993,-0.0370820393249937
-1.2000000000000002,-0.4,0.8,1.127317253521924,-0.30046269643967993,-0.09708203932499368
-1.2000000000000002,-0.4,1.0,1.127317253521924,-0.30046269643967993,-0.12
-1.2000000000000002,-0.30000000000000004,0.0,1.1220471597662376,-0.31164383184051914,0.12
-1.2000000000000002,-0.30000000000000004,0.2,1.1220471597662376,-0.31164383184051914,0.0970820393249937
-1.2000000000000002,-0.30000000000000004,0.4,1.1220471597662376,-0.31164383184051914,0.037082039324993696
-1.2000000000000002,-0.30000000000000004,0.6000000000000001,1.1220471597662376,-0.31164383184051914,-0.0370820393249937
-1.2000000000000002,-0.30000000000000004,0.8,1.1220471597662376,-0.31164383184051914,-0.09708203932499368
-1.2000000000000002,-0.30000000000000004,1.0,1.1220471597662376,-0.31164383184051914,-0.12
-1.2000000000000002,-0.2,0.0,1.1180504321818274,-0.31971112508936245,0.12
-1.2000000000000002,-0.2,0.2,1.1180504321818274,-0.31971112508936245,0.0970820393249937
-1.2000000000000002,-0.2,0.4,1.1180504321818274,-0.31971112508936245,0.037082039324993696
-1.2000000000000002,-0.2,0.6000000000000001,1.1180504321818274,-0.31971112508936245,-0.0370820393249937
-1.2000000000000002,-0.2,0.8,1.1180504321818274,-0.31971112508936245,-0.09708203932499368
-1.2000000000000002,-0.2,1.0,1.1180504321818274,-0.31971112508936245,-0.12
-1.2000000000000002,-0.1,0.0,1.1155546962862328,-0.32458397045876,0.12
-1.2000000000000002,-0.1,0.2,1.1155546962862328,-0.32458397045876,0.0970820393249937
-1.2000000000000002,-0.1,0.4,1.1155546962862328,-0.32458397045876,0.037082039324993696
-1.2000000000000002,-0.1,0.6000000000000001,1.1155546962862328,-0.32458397045876,-0.0370820393249937
-1.2000000000000002,-0.1,0.8,1.1155546962862328,-0.32458397045876,-0.09708203932499368
-1.2000000000000002,-0.1,1.0,1.1155546962862328,-0.32458397045876,-0.12
-1.2000000000000002,0.0,0.0,1.114706006874436,-0.32621368008852925,0.12
-1.2000000000000002,0.0,0.2,1.114706006874436,-0.32621368008852925,0.0970820393249937
-1.2000000000000002,0.0,0.4,1.114706006874436,-0.32621368008852925,0.037082039324993696
-1.2000000000000002,0.0,0.6000000000000001,1.114706006874436,-0.32621368008852925,-0.0370820393249937
-1.2000000000000002,0.0,0.8,1.114706006874436,-0.32621368008852925,-0.09708203932499368
-1.2000000000000002,0.0,1.0,1.114706006874436,-0.32621368008852925,-0.12
-1.2000000000000002,0.1,0.0,1.1155546962862328,-0.32458397045876,0.12
-1.2000000000000002,0.1,0.2,1.1155546962862328,-0.32458397045876,0.0970820393249937
-1.2000000000000002,0.1,0.4,1.1155546962862328,-0.32458397045876,0.037082039324993696
-1.2000000000000002,0.1,0.6000000000000001,1.1155546962862328,-0.32458397045876,-0.0370820393249937
-1.2000000000000002,0.1,0.8,1.1155546962862328,-0.32458397045876,-0.09708203932499368
-1.2000000000000002,0.1,1.0,1.1155546962862328,-0.32458397045876,-0.12
-1.2000000000000002,0.2,0.0,1.1180504321818274,-0.31971112508936245,0.12
-1.2000000000000002,0.2,0.2,1.1180504321818274,-0.31971112508936245,0.0970820393249937
-1.2000000000000002,0.2,0.4,1.1180504321818274,-0.31971112508936245,0.037082039324993696
-1.2000000000000002,0.2,0.6000000000000001,1.1180504321818274,-0.31971112508936245,-0.0370820393249937
-1.2000000000000002,0.2,0.8,1.1180504321818274,-0.31971112508936245,-0.09708203932499368
-1.2000000000000002,0.2,1.0,1.1180504321818274,-0.31971112508936245,-0.12
-1.2000000000000002,0.30000000000000004,0.0,1.1220471597662376,-0.31164383184051914,0.12
-1.2000000000000002,0.30000000000000004,0.2,1.1220471597662376,-0.31164383184051914,0.0970820393249937
-1.2000000000000002,0.30000000000000004,0.4,1.1220471597662376,-0.31164383184051914,0.037082039324993696
-1.2000000000000002,0.30000000000000004,0.6000000000000001,1.1220471597662376,-0.31164383184051914,-0.0370820393249937
-1.2000000000000002,0.30000000000000004,0.8,1.1220471597662376,-0.31164383184051914,-0.09708203932499368
-1.2000000000000002,0.30000000000000004,1.0,1.1220471597662376,-0.31164383184051914,-0.12
-1.2000000000000002,0.4,0.0,1.127317253521924,-0.30046269643967993,0.12
-1.2000000000000002,0.4,0.2,1.127317253521924,-0.30046269643967993,0.0970820393249937
-1.2000000000000002,0.4,0.4,1.127317253521924,-0.30046269643967993,0.037082039324993696
-1.2000000000000002,0.4,0.6000000000000001,1.127317253521924,-0.30046269643967993,-0.0370820393249937
-1.2000000000000002,0.4,0.8,1.127317253521924,-0.30046269643967993,-0.09708203932499368
-1.2000000000000002,0.4,1.0,1.127317253521924,-0.30046269643967993,-0.12
-1.2000000000000002,0.5,0.0,1.133572971362524,-0.28627943709577797,0.12
-1.2000000000000002,0.5,0.2,1.133572971362524,-0.28627943709577797,0.0970820393249937
-1.2000000000000002,0.5,0.4,1.133572971362524,-0.28627943709577797,0.037082039324993696
-1.2000000000000002,0.5,0.6000000000000001,1.133572971362524,-0.28627943709577797,-0.0370820393249937
-1.2000000000000002,0.5,0.8,1.133572971362524,-0.28627943709577797,-0.09708203932499368
-1.2000000000000002,0.5,1.0,1.133572971362524,-0.28627943709577797,-0.12
-1.2000000000000002,0.6000000000000001,0.0,1.1404924002402288,-0.2692357682478153,0.12
-1.2000000000000002,0.6000000000000001,0.2,1.1404924002402288,-0.2692357682478153,0.0970820393249937
-1.2000000000000002,0.6000000000000001,0.4,1.1404924002402288,-0.2692357682478153,0.037082039324993696
-1.2000000000000002,0.6000000000000001,0.6000000000000001,1.1404924002402288,-0.2692357682478153,-0.0370820393249937
-1.2000000000000002,0.6000000000000001,0.8,1.1404924002402288,-0.2692357682478153,-0.09708203932499368
-1.2000000000000002,0.6000000000000001,1.0,1.1404924002402288,-0.2692357682478153,-0.12
-1.2000000000000002,0.7000000000000001,0.0,1.1477466485458954,-0.24950198460103307,0.12
-1.2000000000000002,0.7000000000000001,0.2,1.1477466485458954,-0.24950198460103307,0.0970820393249937
-1.2000000000000002,0.7000000000000001,0.4,1.1477466485458954,-0.24950198460103307,0.037082039324993696
-1.2000000000000002,0.7000000000000001,0.6000000000000001,1.1477466485458954,-0.24950198460103307,-0.0370820393249937
-1.2000000000000002,0.7000000000000001,0.8,1.1477466485458954,-0.24950198460103307,-0.09708203932499368
-1.2000000000000002,0.7000000000000001,1.0,1.1477466485458954,-0.24950198460103307,-0.12
-1.2000000000000002,0.8,0.0,1.1550251236085103,-0.22727525959850814,0.12
-1.2000000000000002,0.8,0.2,1.1550251236085103,-0.22727525959850814,0.0970820393249937
-1.2000000000000002,0.8,0.4,1.1550251236085103,-0.22727525959850814,0.037082039324993696
-1.2000000000000002,0.8,0.6000000000000001,1.1550251236085103,-0.22727525959850814,-0.0370820393249937
-1.2000000000000002,0.8,0.8,1.1550251236085103,-0.22727525959850814,-0.09708203932499368
-1.2000000000000002,0.8,1.0,1.1550251236085103,-0.22727525959850814,-0.12
-1.2000000000000002,0.9,0.0,1.1620562791577287,-0.20277767532928734,0.12
-1.2000000000000002,0.9,0.2,1.1620562791577287,-0.20277767532928734,0.0970820393249937
-1.2000000000000002,0.9,0.4,1.1620562791577287,-0.20277767532928734,0.037082039324993696
-1.2000000000000002,0.9,0.6000000000000001,1.1620562791577287,-0.20277767532928734,-0.0370820393249937
-1.2000000000000002,0.9,0.8,1.1620562791577287,-0.20277767532928734,-0.09708203932499368
-1.2000000000000002,0.9,1.0,1.1620562791577287,-0.20277767532928734,-0.12
-1.2000000000000002,1.0,0.0,1.1686220934736868,-0.17625400355756402,0.12
-1.2000000000000002,1.0,0.2,1.1686220934736868,-0.17625400355756402,0.0970820393249937
-1.2000000000000002,1.0,0.4,1.1686220934736868,-0.17625400355756402,0.037082039324993696
-1.2000000000000002,1.0,0.6000000000000001,1.1686220934736868,-0.17625400355756402,-0.0370820393249937
-1.2000000000000002,1.0,0.8,1.1686220934736868,-0.17625400355756402,-0.09708203932499368
-1.2000000000000002,1.0,1.0,1.1686220934736868,-0.17625400355756402,-0.12
-1.2000000000000002,1.1,0.0,1.1745655632982455,-0.14796926004412095,0.12
-1.2000000000000002,1.1,0.2,1.1745655632982455,-0.14796926004412095,0.0970820393249937
-1.2000000000000002,1.1,0.4,1.1745655632982455,-0.14796926004412095,0.037082039324993696
-1.2000000000000002,1.1,0.6000000000000001,1.1745655632982455,-0.14796926004412095,-0.0370820393249937
-1.2000000000000002,1.1,0.8,1.1745655632982455,-0.14796926004412095,-0.09708203932499368
-1.2000000000000002,1.1,1.0,1.1745655632982455,-0.14796926004412095,-0.12
-1.2000000000000002,1.2000000000000002,0.0,1.1797914853797118,-0.11820605659645136,0.12
-1.2000000000000002,1.2000000000000002,0.2,1.1797914853797118,-0.11820605659645136,0.0970820393249937
-1.2000000000000002,1.2000000000000002,0.4,1.1797914853797118,-0.11820605659645136,0.037082039324993696
-1.2000000000000002,1.2000000000000002,0.6000000000000001,1.1797914853797118,-0.11820605659645136,-0.0370820393249937
-1.2000000000000002,1.2000000000000002,0.8,1.1797914853797118,-0.11820605659645136,-0.09708203932499368
-1.2000000000000002,1.2000000000000002,1.0,1.1797914853797118,-0.11820605659645136,-0.12
-1.1,-1.2000000000000002,0.0,1.1745655632982455,-0.11302756421773105,0.12
-1.1,-1.2000000000000002,0.2,1.1745655632982455,-0.11302756421773105,0.0970820393249937
-1.1,-1.2000000000000002,0.4,1.1745655632982455,-0.11302756421773105,0.037082039324993696
-1.1,-1.2000000000000002,0.6000000000000001,1.1745655632982455,-0.11302756421773105,-0.0370820393249937
-1.1,-1.2000000000000002,0.8,1.1745655632982455,-0.11302756421773105,-0.09708203932499368
-1.1,-1.2000000000000002,1.0,1.1745655632982455,-0.11302756421773105,-0.12
-1.1,-1.1,0.0,1.167988217714621,-0.14148687066842824,0.12
-1.1,-1.1,0.2,1.167988217714621,-0.14148687066842824,0.0970820393249937
-1.1,-1.1,0.4,1.167988217714621,-0.14148687066842824,0.037082039324993696
-1.1,-1.1,0.6000000000000001,1.167988217714621,-0.14148687066842824,-0.0370820393249937
-1.1,-1.1,0.8,1.167988217714621,-0.14148687066842824,-0.09708203932499368
-1.1,-1.1,1.0,1.167988217714621,-0.14148687066842824,-0.12
-1.1,-1.0,0.0,1.160507766534416,-0.16853248707674784,0.12
-1.1,-1.0,0.2,1.160507766534416,-0.16853248707674784,0.0970820393249937
-1.1,-1.0,0.4,1.160507766534416,-0.16853248707674784,0.037082039324993696
-1.1,-1.0,0.6000000000000001,1.160507766534416,-0.16853248707674784,-0.0370820393249937
-1.1,-1.0,0.8,1.160507766534416,-0.16853248707674784,-0.09708203932499368
-1.1,-1.0,1.0,1.160507766534416,-0.16853248707674784,-0.12
-1.1,-0.9,0.0,1.1522440325711563,-0.19389418258362998,0.12
-1.1,-0.9,0.2,1.1522440325711563,-0.19389418258362998,0.0970820393249937
-1.1,-0.9,0.4,1.1522440325711563,-0.19389418258362998,0.037082039324993696
-1.1,-0.9,0.6000000000000001,1.1522440325711563,-0.19389418258362998,-0.0370820393249937
-1.1,-0.9,0.8,1.1522440325711563,-0.19389418258362998,-0.09708203932499368
-1.1,-0.9,1.0,1.1522440325711563,-0.19389418258362998,-0.12
-1.1,-0.8,0.0,1.143394620127094,-0.21731855151103194,0.12
-1.1,-0.8,0.2,1.143394620127094,-0.21731855151103194,0.0970820393249937
-1.1,-0.8,0.4,1.143394620127094,-0.21731855151103194,0.037082039324993696
-1.1,-0.8,0.6000000000000001,1.143394620127094,-0.21731855151103194,-0.0370820393249937
-1.1,-0.8,0.8,1.143394620127094,-0.21731855151103194,-0.09708203932499368
-1.1,-0.8,1.0,1.143394620127094,-0.21731855151103194,-0.12
-1.1,-0.7000000000000001,0.0,1.1342339313410155,-0.23857154530769797,0.12
-1.1,-0.7000000000000001,0.2,1.1342339313410155,-0.23857154530769797,0.0970820393249937
-1.1,-0.7000000000000001,0.4,1.1342339313410155,-0.23857154530769797,0.037082039324993696
-1.1,-0.7000000000000001,0.6000000000000001,1.1342339313410155,-0.23857154530769797,-0.0370820393249937
-1.1,-0.7000000000000001,0.8,1.1342339313410155,-0.23857154530769797,-0.09708203932499368
-1.1,-0.7000000000000001,1.0,1.1342339313410155,-0.23857154530769797,-0.12
-1.1,-0.6000000000000001,0.0,1.1251037343514727,-0.2574408110849175,0.12
-1.1,-0.6000000000000001,0.2,1.1251037343514727,-0.2574408110849175,0.0970820393249937
-1.1,-0.6000000000000001,0.4,1.1251037343514727,-0.2574408110849175,0.037082039324993696
-1.1,-0.6000000000000001,0.6000000000000001,1.1251037343514727,-0.2574408110849175,-0.0370820393249937
-1.1,-0.6000000000000001,0.8,1.1251037343514727,-0.2574408110849175,-0.09708203932499368
-1.1,-0.6000000000000001,1.0,1.1251037343514727,-0.2574408110849175,-0.12
-1.1,-0.5,0.0,1.1163949410972869,-0.2737378133763946,0.12
-1.1,-0.5,0.2,1.1163949410972869,-0.2737378133763946,0.0970820393249937
-1.1,-0.5,0.4,1.1163949410972869,-0.2737378133763946,0.037082039324993696
-1.1,-0.5,0.6000000000000001,1.1163949410972869,-0.2737378133763946,-0.0370820393249937
-1.1,-0.5,0.8,1.1163949410972869,-0.2737378133763946,-0.09708203932499368
-1.1,-0.5,1.0,1.1163949410972869,-0.2737378133763946,-0.12
-1.1,-0.4,0.0,1.1085214945609918,-0.28729971792230546,0.12
-1.1,-0.4,0.2,1.1085214945609918,-0.28729971792230546,0.0970820393249937
-1.1,-0.4,0.4,1.1085214945609918,-0.28729971792230546,0.037082039324993696
-1.1,-0.4,0.6000000000000001,1.1085214945609918,-0.28729971792230546,-0.0370820393249937
-1.1,-0.4,0.8,1.1085214945609918,-0.28729971792230546,-0.09708203932499368
-1.1,-0.4,1.0,1.1085214945609918,-0.28729971792230546,-0.12
-1.1,-0.30000000000000004,0.0,1.1018885545077555,-0.297991018655397,0.12
-1.1,-0.30000000000000004,0.2,1.1018885545077555,-0.297991018655397,0.0970820393249937
-1.1,-0.30000000000000004,0.4,1.1018885545077555,-0.297991018655397,0.037082039324993696
-1.1,-0.30000000000000004,0.6000000000000001,1.1018885545077555,-0.297991018655397,-0.0370820393249937
-1.1,-0.30000000000000004,0.8,1.1018885545077555,-0.297991018655397,-0.09708203932499368
-1.1,-0.30000000000000004,1.0,1.1018885545077555,-0.297991018655397,-0.12
-1.1,-0.2,0.0,1.0968582731303316,-0.30570489163281833,0.12
-1.1,-0.2,0.2,1.0968582731303316,-0.30570489163281833,0.0970820393249937
-1.1,-0.2,0.4,1.0968582731303316,-0.30570489163281833,0.037082039324993696
-1.1,-0.2,0.6000000000000001,1.0968582731303316,-0.30570489163281833,-0.0370820393249937
-1.1,-0.2,0.8,1.0968582731303316,-0.30570489163281833,-0.09708203932499368
-1.1,-0.2,1.0,1.0968582731303316,-0.30570489163281833,-0.12
-1.1,-0.1,0.0,1.0937171399073549,-0.3103642623856465,0.12
-1.1,-0.1,0.2,1.0937171399073549,-0.3103642623856465,0.0970820393249937
-1.1,-0.1,0.4,1.0937171399073549,-0.3103642623856465,0.037082039324993696
-1.1,-0.1,0.6000000000000001,1.0937171399073549,-0.3103642623856465,-0.0370820393249937
-1.1,-0.1,0.8,1.0937171399073549,-0.3103642623856465,-0.09708203932499368
-1.1,-0.1,1.0,1.0937171399073549,-0.3103642623856465,-0.12
-1.1,0.0,0.0,1.0926489794052405,-0.31192257602150236,0.12
-1.1,0.0,0.2,1.0926489794052405,-0.31192257602150236,0.0970820393249937
-1.1,0.0,0.4,1.0926489794052405,-0.31192257602150236,0.037082039324993696
-1.1,0.0,0.6000000000000001,1.0926489794052405,-0.31192257602150236,-0.0370820393249937
-1.1,0.0,0.8,1.0926489794052405,-0.31192257602150236,-0.09708203932499368
-1.1,0.0,1.0,1.0926489794052405,-0.31192257602150236,-0.12
-1.1,0.1,0.0,1.0937171399073549,-0.3103642623856465,0.12
-1.1,0.1,0.2,1.0937171399073549,-0.3103642623856465,0.0970820393249937
-1.1,0.1,0.4,1.0937171399073549,-0.3103642623856465,0.037082039324993696
-1.1,0.1,0.6000000000000001,1.0937171399073549,-0.3103642623856465,-0.0370820393249937
-1.1,0.1,0.8,1.0937171399073549,-0.3103642623856465,-0.09708203932499368
-1.1,0.1,1.0,1.0937171399073549,-0.3103642623856465,-0.12
-1.1,0.2,0.0,1.0968582731303316,-0.30570489163281833,0.12
-1.1,0.2,0.2,1.0968582731303316,-0.30570489163281833,0.0970820393249937
-1.1,0.2,0.4,1.0968582731303316,-0.30570489163281833,0.037082039324993696
-1.1,0.2,0.6000000000000001,1.0968582731303316,-0.30570489163281833,-0.0370820393249937
-1.1,0.2,0.8,1.0968582731303316,-0.30570489163281833,-0.09708203932499368
-1.1,0.2,1.0,1.0968582731303316,-0.30570489163281833,-0.12
-1.1,0.30000000000000004,0.0,1.1018885545077555,-0.297991018655397,0.12
-1.1,0.30000000000000004,0.2,1.1018885545077555,-0.297991018655397,0.0970820393249937
-1.1,0.30000000000000004,0.4,1.1018885545077555,-0.297991018655397,0.037082039324993696
-1.1,0.30000000000000004,0.6000000000000001,1.1018885545077555,-0.297991018655397,-0.0370820393249937
-1.1,0.30000000000000004,0.8,1.1018885545077555,-0.297991018655397,-0.09708203932499368
-1.1,0.30000000000000004,1.0,1.1018885545077555,-0.297991018655397,-0.12
-1.1,0.4,0.0,1.1085214945609918,-0.28729971792230546,0.12
-1.1,0.4,0.2,1.1085214945609918,-0.28729971792230546,0.0970820393249937
-1.1,0.4,0.4,1.1085214945609918,-0.28729971792230546,0.037082039324993696
-1.1,0.4,0.6000000000000001,1.1085214945609918,-0.28729971792230546,-0.0370820393249937
-1.1,0.4,0.8,1.1085214945609918,-0.28729971792230546,-0.09708203932499368
-1.1,0.4,1.0,1.1085214945609918,-0.28729971792230546,-0.12
-1.1,0.5,0.0,1.1163949410972869,-0.2737378133763946,0.12
-1.1,0.5,0.2,1.1163949410972869,-0.2737378133763946,0.0970820393249937
-1.1,0.5,0.4,1.1163949410972869,-0.2737378133763946,0.037082039324993696
-1.1,0.5,0.6000000000000001,1.1163949410972869,-0.2737378133763946,-0.0370820393249937
-1.1,0.5,0.8,1.1163949410972869,-0.2737378133763946,-0.09708203932499368
-1.1,0.5,1.0,1.1163949410972869,-0.2737378133763946,-0.12
-1.1,0.6000000000000001,0.0,1.1251037343514727,-0.2574408110849175,0.12
-1.1,0.6000000000000001,0.2,1.1251037343514727,-0.2574408110849175,0.0970820393249937
-1.1,0.6000000000000001,0.4,1.1251037343514727,-0.2574408110849175,0.037082039324993696
-1.1,0.6000000000000001,0.6000000000000001,1.1251037343514727,-0.2574408110849175,-0.0370820393249937
-1.1,0.6000000000000001,0.8,1.1251037343514727,-0.2574408110849175,-0.09708203932499368
-1.1,0.6000000000000001,1.0,1.1251037343514727,-0.2574408110849175,-0.12
-1.1,0.7000000000000001,0.0,1.1342339313410155,-0.23857154530769797,0.12
-1.1,0.7000000000000001,0.2,1.1342339313410155,-0.23857154530769797,0.0970820393249937
-1.1,0.7000000000000001,0.4,1.1342339313410155,-0.23857154530769797,0.037082039324993696
-1.1,0.7000000000000001,0.6000000000000001,1.1342339313410155,-0.23857154530769797,-0.0370820393249937
-1.1,0.7000000000000001,0.8,1.1342339313410155,-0.23857154530769797,-0.09708203932499368
-1.1,0.7000000000000001,1.0,1.1342339313410155,-0.23857154530769797,-0.12
-1.1,0.8,0.0,1.143394620127094,-0.21731855151103194,0.12
-1.1,0.8,0.2,1.143394620127094,-0.21731855151103194,0.0970820393249937
-1.1,0.8,0.4,1.143394620127094,-0.21731855151103194,0.037082039324993696
-1.1,0.8,0.6000000000000001,1.143394620127094,-0.21731855151103194,-0.0370820393249937
-1.1,0.8,0.8,1.143394620127094,-0.21731855151103194,-0.09708203932499368
-1.1,0.8,1.0,1.143394620127094,-0.21731855151103194,-0.12
-1.1,0.9,0.0,1.1522440325711563,-0.19389418258362998,0.12
-1.1,0.9,0.2,1.1522440325711563,-0.19389418258362998,0.0970820393249937
-1.1,0.9,0.4,1.1522440325711563,-0.19389418258362998,0.037082039324993696
-1.1,0.9,0.6000000000000001,1.1522440325711563,-0.19389418258362998,-0.0370820393249937
-1.1,0.9,0.8,1.1522440325711563,-0.19389418258362998,-0.09708203932499368
-1.1,0.9,1.0,1.1522440325711563,-0.19389418258362998,-0.12
-1.1,1.0,0.0,1.160507766534416,-0.16853248707674784,0.12
-1.1,1.0,0.2,1.160507766534416,-0.16853248707674784,0.0970820393249937
-1.1,1.0,0.4,1.160507766534416,-0.16853248707674784,0.037082039324993696
-1.1,1.0,0.6000000000000001,1.160507766534416,-0.16853248707674784,-0.0370820393249937
-1.1,1.0,0.8,1.160507766534416,-0.16853248707674784,-0.09708203932499368
-1.1,1.0,1.0,1.160507766534416,-0.16853248707674784,-0.12
-1.1,1.1,0.0,1.167988217714621,-0.14148687066842824,0.12
-1.1,1.1,0.2,1.167988217714621,-0.14148687066842824,0.0970820393249937
-1.1,1.1,0.4,1.167988217714621,-0.14148687066842824,0.037082039324993696
-1.1,1.1,0.6000000000000001,1.167988217714621,-0.14148687066842824,-0.0370820393249937
-1.1,1.1,0.8,1.167988217714621,-0.14148687066842824,-0.09708203932499368
-1.1,1.1,1.0,1.167988217714621,-0.14148687066842824,-0.12
-1.1,1.2000000000000002,0.0,1.1745655632982455,-0.11302756421773105,0.12
-1.1,1.2000000000000002,0.2,1.1745655632982455,-0.11302756421773105,0.0970820393249937
-1.1,1.2000000000000002,0.4,1.1745655632982455,-0.11302756421773105,0.037082039324993696
-1.1,1.2000000000000002,0.6000000000000001,1.1745655632982455,-0.11302756421773105,-0.0370820393249937
-1.1,1.2000000000000002,0.8,1.1745655632982455,-0.11302756421773105,-0.09708203932499368
-1.1,1.2000000000000002,1.0,1.1745655632982455,-0.11302756421773105,-0.12
-1.0,-1.2000000000000002,0.0,1.1686220934736868,-0.1067197377792925,0.12
-1.0,-1.2000000000000002,0.2,1.1686220934736868,-0.1067197377792925,0.0970820393249937
-1.0,-1.2000000000000002,0.4,1.1686220934736868,-0.1067197377792925,0.037082039324993696
-1.0,-1.2000000000000002,0.6000000000000001,1.1686220934736868,-0.1067197377792925,-0.0370820393249937
-1.0,-1.2000000000000002,0.8,1.1686220934736868,-0.1067197377792925,-0.09708203932499368
-1.0,-1.2000000000000002,1.0,1.1686220934736868,-0.1067197377792925,-0.12
-1.0,-1.1,0.0,1.160507766534416,-0.13359079125035794,0.12
-1.0,-1.1,0.2,1.160507766534416,-0.13359079125035794,0.0970820393249937
-1.0,-1.1,0.4,1.160507766534416,-0.13359079125035794,0.037082039324993696
-1.0,-1.1,0.6000000000000001,1.160507766534416,-0.13359079125035794,-0.0370820393249937
-1.0,-1.1,0.8,1.160507766534416,-0.13359079125035794,-0.09708203932499368
-1.0,-1.1,1.0,1.160507766534416,-0.13359079125035794,-0.12
-1.0,-1.0,0.0,1.1512792980348194,-0.1591270496944943,0.12
-1.0,-1.0,0.2,1.1512792980348194,-0.1591270496944943,0.0970820393249937
-1.0,-1.0,0.4,1.1512792980348194,-0.1591270496944943,0.037082039324993696
-1.0,-1.0,0.6000000000000001,1.1512792980348194,-0.1591270496944943,-0.0370820393249937
-1.0,-1.0,0.8,1.1512792980348194,-0.1591270496944943,-0.09708203932499368
-1.0,-1.0,1.0,1.1512792980348194,-0.1591270496944943,-0.12
-1.0,-0.9,0.0,1.1410845107510266,-0.1830733632584924,0.12
-1.0,-0.9,0.2,1.1410845107510266,-0.1830733632584924,0.0970820393249937
-1.0,-0.9,0.4,1.1410845107510266,-0.1830733632584924,0.037082039324993696
-1.0,-0.9,0.6000000000000001,1.1410845107510266,-0.1830733632584924,-0.0370820393249937
-1.0,-0.9,0.8,1.1410845107510266,-0.1830733632584924,-0.09708203932499368
-1.0,-0.9,1.0,1.1410845107510266,-0.1830733632584924,-0.12
-1.0,-0.8,0.0,1.130167184775279,-0.20519046829281984,0.12
-1.0,-0.8,0.2,1.130167184775279,-0.20519046829281984,0.0970820393249937
-1.0,-0.8,0.4,1.130167184775279,-0.20519046829281984,0.037082039324993696
-1.0,-0.8,0.6000000000000001,1.130167184775279,-0.20519046829281984,-0.0370820393249937
-1.0,-0.8,0.8,1.130167184775279,-0.20519046829281984,-0.09708203932499368
-1.0,-0.8,1.0,1.130167184775279,-0.20519046829281984,-0.12
-1.0,-0.7000000000000001,0.0,1.1188658440058021,-0.22525737799491638,0.12
-1.0,-0.7000000000000001,0.2,1.1188658440058021,-0.22525737799491638,0.0970820393249937
-1.0,-0.7000000000000001,0.4,1.1188658440058021,-0.22525737799491638,0.037082039324993696
-1.0,-0.7000000000000001,0.6000000000000001,1.1188658440058021,-0.22525737799491638,-0.0370820393249937
-1.0,-0.7000000000000001,0.8,1.1188658440058021,-0.22525737799491638,-0.09708203932499368
-1.0,-0.7000000000000001,1.0,1.1188658440058021,-0.22525737799491638,-0.12
-1.0,-0.6000000000000001,0.0,1.10760212029672,-0.2430735904362772,0.12
-1.0,-0.6000000000000001,0.2,1.10760212029672,-0.2430735904362772,0.0970820393249937
-1.0,-0.6000000000000001,0.4,1.10760212029672,-0.2430735904362772,0.037082039324993696
-1.0,-0.6000000000000001,0.6000000000000001,1.10760212029672,-0.2430735904362772,-0.0370820393249937
-1.0,-0.6000000000000001,0.8,1.10760212029672,-0.2430735904362772,-0.09708203932499368
-1.0,-0.6000000000000001,1.0,1.10760212029672,-0.2430735904362772,-0.12
-1.0,-0.5,0.0,1.0968582731303316,-0.258461091911445,0.12
-1.0,-0.5,0.2,1.0968582731303316,-0.258461091911445,0.0970820393249937
-1.0,-0.5,0.4,1.0968582731303316,-0.258461091911445,0.037082039324993696
-1.0,-0.5,0.6000000000000001,1.0968582731303316,-0.258461091911445,-0.0370820393249937
-1.0,-0.5,0.8,1.0968582731303316,-0.258461091911445,-0.09708203932499368
-1.0,-0.5,1.0,1.0968582731303316,-0.258461091911445,-0.12
-1.0,-0.4,0.0,1.087144974882262,-0.27126613559211166,0.12
-1.0,-0.4,0.2,1.087144974882262,-0.27126613559211166,0.0970820393249937
-1.0,-0.4,0.4,1.087144974882262,-0.27126613559211166,0.037082039324993696
-1.0,-0.4,0.6000000000000001,1.087144974882262,-0.27126613559211166,-0.0370820393249937
-1.0,-0.4,0.8,1.087144974882262,-0.27126613559211166,-0.09708203932499368
-1.0,-0.4,1.0,1.087144974882262,-0.27126613559211166,-0.12
-1.0,-0.30000000000000004,0.0,1.078962062265576,-0.28136077771460466,0.12
-1.0,-0.30000000000000004,0.2,1.078962062265576,-0.28136077771460466,0.0970820393249937
-1.0,-0.30000000000000004,0.4,1.078962062265576,-0.28136077771460466,0.037082039324993696
-1.0,-0.30000000000000004,0.6000000000000001,1.078962062265576,-0.28136077771460466,-0.0370820393249937
-1.0,-0.30000000000000004,0.8,1.078962062265576,-0.28136077771460466,-0.09708203932499368
-1.0,-0.30000000000000004,1.0,1.078962062265576,-0.28136077771460466,-0.12
-1.0,-0.2,0.0,1.072756314494839,-0.288644155951681,0.12
-1.0,-0.2,0.2,1.072756314494839,-0.288644155951681,0.0970820393249937
-1.0,-0.2,0.4,1.072756314494839,-0.288644155951681,0.037082039324993696
-1.0,-0.2,0.6000000000000001,1.072756314494839,-0.288644155951681,-0.0370820393249937
-1.0,-0.2,0.8,1.072756314494839,-0.288644155951681,-0.09708203932499368
-1.0,-0.2,1.0,1.072756314494839,-0.288644155951681,-0.12
-1.0,-0.1,0.0,1.0688811673542515,-0.2930434971955608,0.12
-1.0,-0.1,0.2,1.0688811673542515,-0.2930434971955608,0.0970820393249937
-1.0,-0.1,0.4,1.0688811673542515,-0.2930434971955608,0.037082039324993696
-1.0,-0.1,0.6000000000000001,1.0688811673542515,-0.2930434971955608,-0.0370820393249937
-1.0,-0.1,0.8,1.0688811673542515,-0.2930434971955608,-0.09708203932499368
-1.0,-0.1,1.0,1.0688811673542515,-0.2930434971955608,-0.12
-1.0,0.0,0.0,1.0675634011782809,-0.29451484468276373,0.12
-1.0,0.0,0.2,1.0675634011782809,-0.29451484468276373,0.0970820393249937
-1.0,0.0,0.4,1.0675634011782809,-0.29451484468276373,0.037082039324993696
-1.0,0.0,0.6000000000000001,1.0675634011782809,-0.29451484468276373,-0.0370820393249937
-1.0,0.0,0.8,1.0675634011782809,-0.29451484468276373,-0.09708203932499368
-1.0,0.0,1.0,1.0675634011782809,-0.29451484468276373,-0.12
-1.0,0.1,0.0,1.0688811673542515,-0.2930434971955608,0.12
-1.0,0.1,0.2,1.0688811673542515,-0.2930434971955608,0.0970820393249937
-1.0,0.1,0.4,1.0688811673542515,-0.2930434971955608,0.037082039324993696
-1.0,0.1,0.6000000000000001,1.0688811673542515,-0.2930434971955608,-0.0370820393249937
-1.0,0.1,0.8,1.0688811673542515,-0.2930434971955608,-0.09708203932499368
-1.0,0.1,1.0,1.0688811673542515,-0.2930434971955608,-0.12
-1.0,0.2,0.0,1.072756314494839,-0.288644155951681,0.12
-1.0,0.2,0.2,1.072756314494839,-0.288644155951681,0.0970820393249937
-1.0,0.2,0.4,1.072756314494839,-0.288644155951681,0.037082039324993696
-1.0,0.2,0.6000000000000001,1.072756314494839,-0.288644155951681,-0.0370820393249937
-1.0,0.2,0.8,1.072756314494839,-0.288644155951681,-0.09708203932499368
-1.0,0.2,1.0,1.072756314494839,-0.288644155951681,-0.12
-1.0,0.30000000000000004,0.0,1.078962062265576,-0.28136077771460466,0.12
-1.0,0.30000000000000004,0.2,1.078962062265576,-0.28136077771460466,0.0970820393249937
-1.0,0.30000000000000004,0.4,1.078962062265576,-0.28136077771460466,0.037082039324993696
-1.0,0.30000000000000004,0.6000000000000001,1.078962062265576,-0.28136077771460466,-0.0370820393249937
-1.0,0.30000000000000004,0.8,1.078962062265576,-0.28136077771460466,-0.09708203932499368
-1.0,0.30000000000000004,1.0,1.078962062265576,-0.28136077771460466,-0.12
-1.0,0.4,0.0,1.087144974882262,-0.27126613559211166,0.12
-1.0,0.4,0.2,1.087144974882262,-0.27126613559211166,0.0970820393249937
-1.0,0.4,0.4,1.087144974882262,-0.27126613559211166,0.037082039324993696
-1.0,0.4,0.6000000000000001,1.087144974882262,-0.27126613559211166,-0.0370820393249937
-1.0,0.4,0.8,1.087144974882262,-0.27126613559211166,-0.09708203932499368
-1.0,0.4,1.0,1.087144974882262,-0.27126613559211166,-0.12
-1.0,0.5,0.0,1.0968582731303316,-0.258461091911445,0.12
-1.0,0.5,0.2,1.0968582731303316,-0.258461091911445,0.0970820393249937
-1.0,0.5,0.4,1.0968582731303316,-0.258461091911445,0.037082039324993696
-1.0,0.5,0.6000000000000001,1.0968582731303316,-0.258461091911445,-0.0370820393249937
-1.0,0.5,0.8,1.0968582731303316,-0.258461091911445,-0.09708203932499368
-1.0,0.5,1.0,1.0968582731303316,-0.258461091911445,-0.12
-1.0,0.6000000000000001,0.0,1.10760212029672,-0.2430735904362772,0.12
-1.0,0.6000000000000001,0.2,1.10760212029672,-0.2430735904362772,0.0970820393249937
-1.0,0.6000000000000001,0.4,1.10760212029672,-0.2430735904362772,0.037082039324993696
-1.0,0.6000000000000001,0.6000000000000001,1.10760212029672,-0.2430735904362772,-0.0370820393249937
-1.0,0.6000000000000001,0.8,1.10760212029672,-0.2430735904362772,-0.09708203932499368
-1.0,0.6000000000000001,1.0,1.10760212029672,-0.2430735904362772,-0.12
-1.0,0.7000000000000001,0.0,1.1188658440058021,-0.22525737799491638,0.12
-1.0,0.7000000000000001,0.2,1.1188658440058021,-0.22525737799491638,0.0970820393249937
-1.0,0.7000000000000001,0.4,1.1188658440058021,-0.22525737799491638,0.037082039324993696
-1.0,0.7000000000000001,0.6000000000000001,1.1188658440058021,-0.22525737799491638,-0.0370820393249937
-1.0,0.7000000000000001,0.8,1.1188658440058021,-0.22525737799491638,-0.09708203932499368
-1.0,0.7000000000000001,1.0,1.1188658440058021,-0.22525737799491638,-0.12
-1.0,0.8,0.0,1.130167184775279,-0.20519046829281984,0.12
-1.0,0.8,0.2,1.130167184775279,-0.20519046829281984,0.0970820393249937
-1.0,0.8,0.4,1.130167184775279,-0.20519046829281984,0.037082039324993696
-1.0,0.8,0.6000000000000001,1.130167184775279,-0.20519046829281984,-0.0370820393249937
-1.0,0.8,0.8,1.130167184775279,-0.20519046829281984,-0.09708203932499368
-1.0,0.8,1.0,1.130167184775279,-0.20519046829281984,-0.12
-1.0,0.9,0.0,1.1410845107510266,-0.1830733632584924,0.12
-1.0,0.9,0.2,1.1410845107510266,-0.1830733632584924,0.0970820393249937
-1.0,0.9,0.4,1.1410845107510266,-0.1830733632584924,0.037082039324993696
-1.0,0.9,0.6000000000000001,1.1410845107510266,-0.1830733632584924,-0.0370820393249937
-1.0,0.9,0.8,1.1410845107510266,-0.1830733632584924,-0.09708203932499368
-1.0,0.9,1.0,1.1410845107510266,-0.1830733632584924,-0.12
-1.0,1.0,0.0,1.1512792980348194,-0.1591270496944943,0.12
-1.0,1.0,0.2,1.1512792980348194,-0.1591270496944943,0.0970820393249937
-1.0,1.0,0.4,1.1512792980348194,-0.1591270496944943,0.037082039324993696
-1.0,1.0,0.6000000000000001,1.1512792980348194,-0.1591270496944943,-0.0370820393249937
-1.0,1.0,0.8,1.1512792980348194,-0.1591270496944943,-0.09708203932499368
-1.0,1.0,1.0,1.1512792980348194,-0.1591270496944943,-0.12
-1.0,1.1,0.0,1.160507766534416,-0.13359079125035794,0.12
-1.0,1.1,0.2,1.160507766534416,-0.13359079125035794,0.0970820393249937
-1.0,1.1,0.4,1.160507766534416,-0.13359079125035794,0.037082039324993696
-1.0,1.1,0.6000000000000001,1.160507766534416,-0.13359079125035794,-0.0370820393249937
-1.0,1.1,0.8,1.160507766534416,-0.13359079125035794,-0.09708203932499368
-1.0,1.1,1.0,1.160507766534416,-0.13359079125035794,-0.12
-1.0,1.2000000000000002,0.0,1.1686220934736868,-0.1067197377792925,0.12
-1.0,1.2000000000000002,0.2,1.1686220934736868,-0.1067197377792925,0.0970820393249937
-1.0,1.2000000000000002,0.4,1.1686220934736868,-0.1067197377792925,0.037082039324993696
-1.0,1.2000000000000002,0.6000000000000001,1.1686220934736868,-0.1067197377792925,-0.0370820393249937
-1.0,1.2000000000000002,0.8,1.1686220934736868,-0.1067197377792925,-0.09708203932499368
-1.0,1.2000000000000002,1.0,1.1686220934736868,-0.1067197377792925,-0.12
-0.9,-1.2000000000000002,0.0,1.1620562791577287,-0.09934560299781843,0.12
-0.9,-1.2000000000000002,0.2,1.1620562791577287,-0.09934560299781843,0.0970820393249937
-0.9,-1.2000000000000002,0.4,1.1620562791577287,-0.09934560299781843,0.037082039324993696
-0.9,-1.2000000000000002,0.6000000000000001,1.1620562791577287,-0.09934560299781843,-0.0370820393249937
-0.9,-1.2000000000000002,0.8,1.1620562791577287,-0.09934560299781843,-0.09708203932499368
-0.9,-1.2000000000000002,1.0,1.1620562791577287,-0.09934560299781843,-0.12
-0.9,-1.1,0.0,1.1522440325711563,-0.12435991680535856,0.12
-0.9,-1.1,0.2,1.1522440325711563,-0.12435991680535856,0.0970820393249937
-0.9,-1.1,0.4,1.1522440325711563,-0.12435991680535856,0.037082039324993696
-0.9,-1.1,0.6000000000000001,1.1522440325711563,-0.12435991680535856,-0.0370820393249937
-0.9,-1.1,0.8,1.1522440325711563,-0.12435991680535856,-0.09708203932499368
-0.9,-1.1,1.0,1.1522440325711563,-0.12435991680535856,-0.12
-0.9,-1.0,0.0,1.1410845107510266,-0.14813166743210263,0.12
-0.9,-1.0,0.2,1.1410845107510266,-0.14813166743210263,0.0970820393249937
-0.9,-1.0,0.4,1.1410845107510266,-0.14813166743210263,0.037082039324993696
-0.9,-1.0,0.6000000000000001,1.1410845107510266,-0.14813166743210263,-0.0370820393249937
-0.9,-1.0,0.8,1.1410845107510266,-0.14813166743210263,-0.09708203932499368
-0.9,-1.0,1.0,1.1410845107510266,-0.14813166743210263,-0.12
-0.9,-0.9,0.0,1.1287564683298987,-0.17042333540368415,0.12
-0.9,-0.9,0.2,1.1287564683298987,-0.17042333540368415,0.0970820393249937
-0.9,-0.9,0.4,1.1287564683298987,-0.17042333540368415,0.037082039324993696
-0.9,-0.9,0.6000000000000001,1.1287564683298987,-0.17042333540368415,-0.0370820393249937
-0.9,-0.9,0.8,1.1287564683298987,-0.17042333540368415,-0.09708203932499368
-0.9,-0.9,1.0,1.1287564683298987,-0.17042333540368415,-0.12
-0.9,-0.8,0.0,1.1155546962862328,-0.19101218974237694,0.12
-0.9,-0.8,0.2,1.1155546962862328,-0.19101218974237694,0.0970820393249937
-0.9,-0.8,0.4,1.1155546962862328,-0.19101218974237694,0.037082039324993696
-0.9,-0.8,0.6000000000000001,1.1155546962862328,-0.19101218974237694,-0.0370820393249937
-0.9,-0.8,0.8,1.1155546962862328,-0.19101218974237694,-0.09708203932499368
-0.9,-0.8,1.0,1.1155546962862328,-0.19101218974237694,-0.12
-0.9,-0.7000000000000001,0.0,1.1018885545077555,-0.2096925134213991,0.12
-0.9,-0.7000000000000001,0.2,1.1018885545077555,-0.2096925134213991,0.0970820393249937
-0.9,-0.7000000000000001,0.4,1.1018885545077555,-0.2096925134213991,0.037082039324993696
-0.9,-0.7000000000000001,0.6000000000000001,1.1018885545077555,-0.2096925134213991,-0.0370820393249937
-0.9,-0.7000000000000001,0.8,1.1018885545077555,-0.2096925134213991,-0.09708203932499368
-0.9,-0.7000000000000001,1.0,1.1018885545077555,-0.2096925134213991,-0.12
-0.9,-0.6000000000000001,0.0,1.0882679011444254,-0.22627765882144393,0.12
-0.9,-0.6000000000000001,0.2,1.0882679011444254,-0.22627765882144393,0.0970820393249937
-0.9,-0.6000000000000001,0.4,1.0882679011444254,-0.22627765882144393,0.037082039324993696
-0.9,-0.6000000000000001,0.6000000000000001,1.0882679011444254,-0.22627765882144393,-0.0370820393249937
-0.9,-0.6000000000000001,0.8,1.0882679011444254,-0.22627765882144393,-0.09708203932499368
-0.9,-0.6000000000000001,1.0,1.0882679011444254,-0.22627765882144393,-0.12
-0.9,-0.5,0.0,1.0752759082811794,-0.24060191265199438,0.12
-0.9,-0.5,0.2,1.0752759082811794,-0.24060191265199438,0.0970820393249937
-0.9,-0.5,0.4,1.0752759082811794,-0.24060191265199438,0.037082039324993696
-0.9,-0.5,0.6000000000000001,1.0752759082811794,-0.24060191265199438,-0.0370820393249937
-0.9,-0.5,0.8,1.0752759082811794,-0.24060191265199438,-0.09708203932499368
-0.9,-0.5,1.0,1.0752759082811794,-0.24060191265199438,-0.12
-0.9,-0.4,0.0,1.0635301062827764,-0.2525221517037443,0.12
-0.9,-0.4,0.2,1.0635301062827764,-0.2525221517037443,0.0970820393249937
-0.9,-0.4,0.4,1.0635301062827764,-0.2525221517037443,0.037082039324993696
-0.9,-0.4,0.6000000000000001,1.0635301062827764,-0.2525221517037443,-0.0370820393249937
-0.9,-0.4,0.8,1.0635301062827764,-0.2525221517037443,-0.09708203932499368
-0.9,-0.4,1.0,1.0635301062827764,-0.2525221517037443,-0.12
-0.9,-0.30000000000000004,0.0,1.0536349224933843,-0.2619192728883958,0.12
-0.9,-0.30000000000000004,0.2,1.0536349224933843,-0.2619192728883958,0.0970820393249937
-0.9,-0.30000000000000004,0.4,1.0536349224933843,-0.2619192728883958,0.037082039324993696
-0.9,-0.30000000000000004,0.6000000000000001,1.0536349224933843,-0.2619192728883958,-0.0370820393249937
-0.9,-0.30000000000000004,0.8,1.0536349224933843,-0.2619192728883958,-0.09708203932499368
-0.9,-0.30000000000000004,1.0,1.0536349224933843,-0.2619192728883958,-0.12
-0.9,-0.2,0.0,1.0461306244984583,-0.2686993832773471,0.12
-0.9,-0.2,0.2,1.0461306244984583,-0.2686993832773471,0.0970820393249937
-0.9,-0.2,0.4,1.0461306244984583,-0.2686993832773471,0.037082039324993696
-0.9,-0.2,0.6000000000000001,1.0461306244984583,-0.2686993832773471,-0.0370820393249937
-0.9,-0.2,0.8,1.0461306244984583,-0.2686993832773471,-0.09708203932499368
-0.9,-0.2,1.0,1.0461306244984583,-0.2686993832773471,-0.12
-0.9,-0.1,0.0,1.0414446043778403,-0.2727947382487984,0.12
-0.9,-0.1,0.2,1.0414446043778403,-0.2727947382487984,0.0970820393249937
-0.9,-0.1,0.4,1.0414446043778403,-0.2727947382487984,0.037082039324993696
-0.9,-0.1,0.6000000000000001,1.0414446043778403,-0.2727947382487984,-0.0370820393249937
-0.9,-0.1,0.8,1.0414446043778403,-0.2727947382487984,-0.09708203932499368
-0.9,-0.1,1.0,1.0414446043778403,-0.2727947382487984,-0.12
-0.9,0.0,0.0,1.0398510961597411,-0.2741644183696192,0.12
-0.9,0.0,0.2,1.0398510961597411,-0.2741644183696192,0.0970820393249937
-0.9,0.0,0.4,1.0398510961597411,-0.2741644183696192,0.037082039324993696
-0.9,0.0,0.6000000000000001,1.0398510961597411,-0.2741644183696192,-0.0370820393249937
-0.9,0.0,0.8,1.0398510961597411,-0.2741644183696192,-0.09708203932499368
-0.9,0.0,1.0,1.0398510961597411,-0.2741644183696192,-0.12
-0.9,0.1,0.0,1.0414446043778403,-0.2727947382487984,0.12
-0.9,0.1,0.2,1.0414446043778403,-0.2727947382487984,0.0970820393249937
-0.9,0.1,0.4,1.0414446043778403,-0.2727947382487984,0.037082039324993696
-0.9,0.1,0.6000000000000001,1.0414446043778403,-0.2727947382487984,-0.0370820393249937
-0.9,0.1,0.8,1.0414446043778403,-0.2727947382487984,-0.09708203932499368
-0.9,0.1,1.0,1.0414446043778403,-0.2727947382487984,-0.12
-0.9,0.2,0.0,1.0461306244984583,-0.2686993832773471,0.12
-0.9,0.2,0.2,1.0461306244984583,-0.2686993832773471,0.0970820393249937
-0.9,0.2,0.4,1.0461306244984583,-0.2686993832773471,0.037082039324993696
-0.9,0.2,0.6000000000000001,1.0461306244984583,-0.2686993832773471,-0.0370820393249937
-0.9,0.2,0.8,1.0461306244984583,-0.2686993832773471,-0.09708203932499368
-0.9,0.2,1.0,1.0461306244984583,-0.2686993832773471,-0.12
-0.9,0.30000000000000004,0.0,1.0536349224933843,-0.2619192728883958,0.12
-0.9,0.30000000000000004,0.2,1.0536349224933843,-0.2619192728883958,0.0970820393249937
-0.9,0.30000000000000004,0.4,1.0536349224933843,-0.2619192728883958,0.037082039324993696
-0.9,0.30000000000000004,0.6000000000000001,1.0536349224933843,-0.2619192728883958,-0.0370820393249937
-0.9,0.30000000000000004,0.8,1.0536349224933843,-0.2619192728883958,-0.09708203932499368
-0.9,0.30000000000000004,1.0,1.0536349224933843,-0.2619192728883958,-0.12
-0.9,0.4,0.0,1.0635301062827764,-0.2525221517037443,0.12
-0.9,0.4,0.2,1.0635301062827764,-0.2525221517037443,0.0970820393249937
-0.9,0.4,0.4,1.0635301062827764,-0.2525221517037443,0.037082039324993696
-0.9,0.4,0.6000000000000001,1.0635301062827764,-0.2525221517037443,-0.0370820393249937
-0.9,0.4,0.8,1.0635301062827764,-0.2525221517037443,-0.09708203932499368
-0.9,0.4,1.0,1.0635301062827764,-0.2525221517037443,-0.12
-0.9,0.5,0.0,1.0752759082811794,-0.24060191265199438,0.12
-0.9,0.5,0.2,1.0752759082811794,-0.24060191265199438,0.0970820393249937
-0.9,0.5,0.4,1.0752759082811794,-0.24060191265199438,0.037082039324993696
-0.9,0.5,0.6000000000000001,1.0752759082811794,-0.24060191265199438,-0.0370820393249937
-0.9,0.5,0.8,1.0752759082811794,-0.24060191265199438,-0.09708203932499368
-0.9,0.5,1.0,1.0752759082811794,-0.24060191265199438,-0.12
-0.9,0.6000000000000001,0.0,1.0882679011444254,-0.22627765882144393,0.12
-0.9,0.6000000000000001,0.2,1.0882679011444254,-0.22627765882144393,0.0970820393249937
-0.9,0.6000000000000001,0.4,1.0882679011444254,-0.22627765882144393,0.037082039324993696
-0.9,0.6000000000000001,0.6000000000000001,1.0882679011444254,-0.22627765882144393,-0.0370820393249937
-0.9,0.6000000000000001,0.8,1.0882679011444254,-0.22627765882144393,-0.09708203932499368
-0.9,0.6000000000000001,1.0,1.0882679011444254,-0.22627765882144393,-0.12
-0.9,0.7000000000000001,0.0,1.1018885545077555,-0.2096925134213991,0.12
-0.9,0.7000000000000001,0.2,1.1018885545077555,-0.2096925134213991,0.0970820393249937
-0.9,0.7000000000000001,0.4,1.1018885545077555,-0.2096925134213991,0.037082039324993696
-0.9,0.7000000000000001,0.6000000000000001,1.1018885545077555,-0.2096925134213991,-0.0370820393249937
-0.9,0.7000000000000001,0.8,1.1018885545077555,-0.2096925134213991,-0.09708203932499368
-0.9,0.7000000000000001,1.0,1.1018885545077555,-0.2096925134213991,-0.12
-0.9,0.8,0.0,1.1155546962862328,-0.19101218974237694,0.12
-0.9,0.8,0.2,1.1155546962862328,-0.19101218974237694,0.0970820393249937
-0.9,0.8,0.4,1.1155546962862328,-0.19101218974237694,0.037082039324993696
-0.9,0.8,0.6000000000000001,1.1155546962862328,-0.19101218974237694,-0.0370820393249937
-0.9,0.8,0.8,1.1155546962862328,-0.19101218974237694,-0.09708203932499368
-0.9,0.8,1.0,1.1155546962862328,-0.19101218974237694,-0.12
-0.9,0.9,0.0,1.1287564683298987,-0.17042333540368415,0.12
-0.9,0.9,0.2,1.1287564683298987,-0.17042333540368415,0.0970820393249937
-0.9,0.9,0.4,1.1287564683298987,-0.17042333540368415,0.037082039324993696
-0.9,0.9,0.6000000000000001,1.1287564683298987,-0.17042333540368415,-0.0370820393249937
-0.9,0.9,0.8,1.1287564683298987,-0.17042333540368415,-0.09708203932499368
-0.9,0.9,1.0,1.1287564683298987,-0.17042333540368415,-0.12
-0.9,1.0,0.0,1.1410845107510266,-0.14813166743210263,0.12
-0.9,1.0,0.2,1.1410845107510266,-0.14813166743210263,0.0970820393249937
-0.9,1.0,0.4,1.1410845107510266,-0.14813166743210263,0.037082039324993696
-0.9,1.0,0.6000000000000001,1.1410845107510266,-0.14813166743210263,-0.0370820393249937
-0.9,1.0,0.8,1.1410845107510266,-0.14813166743210263,-0.09708203932499368
-0.9,1.0,1.0,1.1410845107510266,-0.14813166743210263,-0.12
-0.9,1.1,0.0,1.1522440325711563,-0.12435991680535856,0.12
-0.9,1.1,0.2,1.1522440325711563,-0.12435991680535856,0.0970820393249937
-0.9,1.1,0.4,1.1522440325711563,-0.12435991680535856,0.037082039324993696
-0.9,1.1,0.6000000000000001,1.1522440325711563,-0.12435991680535856,-0.0370820393249937
-0.9,1.1,0.8,1.1522440325711563,-0.12435991680535856,-0.09708203932499368
-0.9,1.1,1.0,1.1522440325711563,-0.12435991680535856,-0.12
-0.9,1.2000000000000002,0.0,1.1620562791577287,-0.09934560299781843,0.12
-0.9,1.2000000000000002,0.2,1.1620562791577287,-0.09934560299781843,0.0970820393249937
-0.9,1.2000000000000002,0.4,1.1620562791577287,-0.09934560299781843,0.037082039324993696
-0.9,1.2000000000000002,0.6000000000000001,1.1620562791577287,-0.09934560299781843,-0.0370820393249937
-0.9,1.2000000000000002,0.8,1.1620562791577287,-0.09934560299781843,-0.09708203932499368
-0.9,1.2000000000000002,1.0,1.1620562791577287,-0.09934560299781843,-0.12
-0.8,-1.2000000000000002,0.0,1.1550251236085103,-0.09097883979048042,0.12
-0.8,-1.2000000000000002,0.2,1.1550251236085103,-0.09097883979048042,0.0970820393249937
-0.8,-1.2000000000000002,0.4,1.1550251236085103,-0.09097883979048042,0.037082039324993696
-0.8,-1.2000000000000002,0.6000000000000001,1.1550251236085103,-0.09097883979048042,-0.0370820393249937
-0.8,-1.2000000000000002,0.8,1.1550251236085103,-0.09097883979048042,-0.09708203932499368
-0.8,-1.2000000000000002,1.0,1.1550251236085103,-0.09097883979048042,-0.12
-0.8,-1.1,0.0,1.143394620127094,-0.1138864791795631,0.12
-0.8,-1.1,0.2,1.143394620127094,-0.1138864791795631,0.0970820393249937
-0.8,-1.1,0.4,1.143394620127094,-0.1138864791795631,0.037082039324993696
-0.8,-1.1,0.6000000000000001,1.143394620127094,-0.1138864791795631,-0.0370820393249937
-0.8,-1.1,0.8,1.143394620127094,-0.1138864791795631,-0.09708203932499368
-0.8,-1.1,1.0,1.143394620127094,-0.1138864791795631,-0.12
-0.8,-1.0,0.0,1.130167184775279,-0.13565620251454846,0.12
-0.8,-1.0,0.2,1.130167184775279,-0.13565620251454846,0.0970820393249937
-0.8,-1.0,0.4,1.130167184775279,-0.13565620251454846,0.037082039324993696
-0.8,-1.0,0.6000000000000001,1.130167184775279,-0.13565620251454846,-0.0370820393249937
-0.8,-1.0,0.8,1.130167184775279,-0.13565620251454846,-0.09708203932499368
-0.8,-1.0,1.0,1.130167184775279,-0.13565620251454846,-0.12
-0.8,-0.9,0.0,1.1155546962862328,-0.15607049391598707,0.12
-0.8,-0.9,0.2,1.1155546962862328,-0.15607049391598707,0.0970820393249937
-0.8,-0.9,0.4,1.1155546962862328,-0.15607049391598707,0.037082039324993696
-0.8,-0.9,0.6000000000000001,1.1155546962862328,-0.15607049391598707,-0.0370820393249937
-0.8,-0.9,0.8,1.1155546962862328,-0.15607049391598707,-0.09708203932499368
-0.8,-0.9,1.0,1.1155546962862328,-0.15607049391598707,-0.12
-0.8,-0.8,0.0,1.0999065718368501,-0.1749253805322634,0.12
-0.8,-0.8,0.2,1.0999065718368501,-0.1749253805322634,0.0970820393249937
-0.8,-0.8,0.4,1.0999065718368501,-0.1749253805322634,0.037082039324993696
-0.8,-0.8,0.6000000000000001,1.0999065718368501,-0.1749253805322634,-0.0370820393249937
-0.8,-0.8,0.8,1.0999065718368501,-0.1749253805322634,-0.09708203932499368
-0.8,-0.8,1.0,1.0999065718368501,-0.1749253805322634,-0.12
-0.8,-0.7000000000000001,0.0,1.083708027687989,-0.19203247056890443,0.12
-0.8,-0.7000000000000001,0.2,1.083708027687989,-0.19203247056890443,0.0970820393249937
-0.8,-0.7000000000000001,0.4,1.083708027687989,-0.19203247056890443,0.037082039324993696
-0.8,-0.7000000000000001,0.6000000000000001,1.083708027687989,-0.19203247056890443,-0.0370820393249937
-0.8,-0.7000000000000001,0.8,1.083708027687989,-0.19203247056890443,-0.09708203932499368
-0.8,-0.7000000000000001,1.0,1.083708027687989,-0.19203247056890443,-0.12
-0.8,-0.6000000000000001,0.0,1.0675634011782809,-0.20722083563711624,0.12
-0.8,-0.6000000000000001,0.2,1.0675634011782809,-0.20722083563711624,0.0970820393249937
-0.8,-0.6000000000000001,0.4,1.0675634011782809,-0.20722083563711624,0.037082039324993696
-0.8,-0.6000000000000001,0.6000000000000001,1.0675634011782809,-0.20722083563711624,-0.0370820393249937
-0.8,-0.6000000000000001,0.8,1.0675634011782809,-0.20722083563711624,-0.09708203932499368
-0.8,-0.6000000000000001,1.0,1.0675634011782809,-0.20722083563711624,-0.12
-0.8,-0.5,0.0,1.0521639290091556,-0.2203387186137432,0.12
-0.8,-0.5,0.2,1.0521639290091556,-0.2203387186137432,0.0970820393249937
-0.8,-0.5,0.4,1.0521639290091556,-0.2203387186137432,0.037082039324993696
-0.8,-0.5,0.6000000000000001,1.0521639290091556,-0.2203387186137432,-0.0370820393249937
-0.8,-0.5,0.8,1.0521639290091556,-0.2203387186137432,-0.09708203932499368
-0.8,-0.5,1.0,1.0521639290091556,-0.2203387186137432,-0.12
-0.8,-0.4,0.0,1.0382415729178003,-0.23125504994827845,0.12
-0.8,-0.4,0.2,1.0382415729178003,-0.23125504994827845,0.0970820393249937
-0.8,-0.4,0.4,1.0382415729178003,-0.23125504994827845,0.037082039324993696
-0.8,-0.4,0.6000000000000001,1.0382415729178003,-0.23125504994827845,-0.0370820393249937
-0.8,-0.4,0.8,1.0382415729178003,-0.23125504994827845,-0.09708203932499368
-0.8,-0.4,1.0,1.0382415729178003,-0.23125504994827845,-0.12
-0.8,-0.30000000000000004,0.0,1.026512763567527,-0.2398607572664867,0.12
-0.8,-0.30000000000000004,0.2,1.026512763567527,-0.2398607572664867,0.0970820393249937
-0.8,-0.30000000000000004,0.4,1.026512763567527,-0.2398607572664867,0.037082039324993696
-0.8,-0.30000000000000004,0.6000000000000001,1.026512763567527,-0.2398607572664867,-0.0370820393249937
-0.8,-0.30000000000000004,0.8,1.026512763567527,-0.2398607572664867,-0.09708203932499368
-0.8,-0.30000000000000004,1.0,1.026512763567527,-0.2398607572664867,-0.12
-0.8,-0.2,0.0,1.0176178827483877,-0.24606985518551308,0.12
-0.8,-0.2,0.2,1.0176178827483877,-0.24606985518551308,0.0970820393249937
-0.8,-0.2,0.4,1.0176178827483877,-0.24606985518551308,0.037082039324993696
-0.8,-0.2,0.6000000000000001,1.0176178827483877,-0.24606985518551308,-0.0370820393249937
-0.8,-0.2,0.8,1.0176178827483877,-0.24606985518551308,-0.09708203932499368
-0.8,-0.2,1.0,1.0176178827483877,-0.24606985518551308,-0.12
-0.8,-0.1,0.0,1.0120635203660342,-0.24982030445140554,0.12
-0.8,-0.1,0.2,1.0120635203660342,-0.24982030445140554,0.0970820393249937
-0.8,-0.1,0.4,1.0120635203660342,-0.24982030445140554,0.037082039324993696
-0.8,-0.1,0.6000000000000001,1.0120635203660342,-0.24982030445140554,-0.0370820393249937
-0.8,-0.1,0.8,1.0120635203660342,-0.24982030445140554,-0.09708203932499368
-0.8,-0.1,1.0,1.0120635203660342,-0.24982030445140554,-0.12
-0.8,0.0,0.0,1.0101747273445025,-0.25107463181483297,0.12
-0.8,0.0,0.2,1.0101747273445025,-0.25107463181483297,0.0970820393249937
-0.8,0.0,0.4,1.0101747273445025,-0.25107463181483297,0.037082039324993696
-0.8,0.0,0.6000000000000001,1.0101747273445025,-0.25107463181483297,-0.0370820393249937
-0.8,0.0,0.8,1.0101747273445025,-0.25107463181483297,-0.09708203932499368
-0.8,0.0,1.0,1.0101747273445025,-0.25107463181483297,-0.12
-0.8,0.1,0.0,1.0120635203660342,-0.24982030445140554,0.12
-0.8,0.1,0.2,1.0120635203660342,-0.24982030445140554,0.0970820393249937
-0.8,0.1,0.4,1.0120635203660342,-0.24982030445140554,0.037082039324993696
-0.8,0.1,0.6000000000000001,1.0120635203660342,-0.24982030445140554,-0.0370820393249937
-0.8,0.1,0.8,1.0120635203660342,-0.24982030445140554,-0.09708203932499368
-0.8,0.1,1.0,1.0120635203660342,-0.24982030445140554,-0.12
-0.8,0.2,0.0,1.0176178827483877,-0.24606985518551308,0.12
-0.8,0.2,0.2,1.0176178827483877,-0.24606985518551308,0.0970820393249937
-0.8,0.2,0.4,1.0176178827483877,-0.24606985518551308,0.037082039324993696
-0.8,0.2,0.6000000000000001,1.0176178827483877,-0.24606985518551308,-0.0370820393249937
-0.8,0.2,0.8,1.0176178827483877,-0.24606985518551308,-0.09708203932499368
-0.8,0.2,1.0,1.0176178827483877,-0.24606985518551308,-0.12
-0.8,0.30000000000000004,0.0,1.026512763567527,-0.2398607572664867,0.12
-0.8,0.30000000000000004,0.2,1.026512763567527,-0.2398607572664867,0.0970820393249937
-0.8,0.30000000000000004,0.4,1.026512763567527,-0.2398607572664867,0.037082039324993696
-0.8,0.30000000000000004,0.6000000000000001,1.026512763567527,-0.2398607572664867,-0.0370820393249937
-0.8,0.30000000000000004,0.8,1.026512763567527,-0.2398607572664867,-0.09708203932499368
-0.8,0.30000000000000004,1.0,1.026512763567527,-0.2398607572664867,-0.12
-0.8,0.4,0.0,1.0382415729178003,-0.23125504994827845,0.12
-0.8,0.4,0.2,1.0382415729178003,-0.23125504994827845,0.0970820393249937
-0.8,0.4,0.4,1.0382415729178003,-0.23125504994827845,0.037082039324993696
-0.8,0.4,0.6000000000000001,1.0382415729178003,-0.23125504994827845,-0.0370820393249937
-0.8,0.4,0.8,1.0382415729178003,-0.23125504994827845,-0.09708203932499368
-0.8,0.4,1.0,1.0382415729178003,-0.23125504994827845,-0.12
-0.8,0.5,0.0,1.0521639290091556,-0.2203387186137432,0.12
-0.8,0.5,0.2,1.0521639290091556,-0.2203387186137432,0.0970820393249937
-0.8,0.5,0.4,1.0521639290091556,-0.2203387186137432,0.037082039324993696
-0.8,0.5,0.6000000000000001,1.0521639290091556,-0.2203387186137432,-0.0370820393249937
-0.8,0.5,0.8,1.0521639290091556,-0.2203387186137432,-0.09708203932499368
-0.8,0.5,1.0,1.0521639290091556,-0.2203387186137432,-0.12
-0.8,0.6000000000000001,0.0,1.0675634011782809,-0.20722083563711624,0.12
-0.8,0.6000000000000001,0.2,1.0675634011782809,-0.20722083563711624,0.0970820393249937
-0.8,0.6000000000000001,0.4,1.0675634011782809,-0.20722083563711624,0.037082039324993696
-0.8,0.6000000000000001,0.6000000000000001,1.0675634011782809,-0.20722083563711624,-0.0370820393249937
-0.8,0.6000000000000001,0.8,1.0675634011782809,-0.20722083563711624,-0.09708203932499368
-0.8,0.6000000000000001,1.0,1.0675634011782809,-0.20722083563711624,-0.12
-0.8,0.7000000000000001,0.0,1.083708027687989,-0.19203247056890443,0.12
-0.8,0.7000000000000001,0.2,1.083708027687989,-0.19203247056890443,0.0970820393249937
-0.8,0.7000000000000001,0.4,1.083708027687989,-0.19203247056890443,0.037082039324993696
-0.8,0.7000000000000001,0.6000000000000001,1.083708027687989,-0.19203247056890443,-0.0370820393249937
-0.8,0.7000000000000001,0.8,1.083708027687989,-0.19203247056890443,-0.09708203932499368
-0.8,0.7000000000000001,1.0,1.083708027687989,-0.19203247056890443,-0.12
-0.8,0.8,0.0,1.0999065718368501,-0.1749253805322634,0.12
-0.8,0.8,0.2,1.0999065718368501,-0.1749253805322634,0.0970820393249937
-0.8,0.8,0.4,1.0999065718368501,-0.1749253805322634,0.037082039324993696
-0.8,0.8,0.6000000000000001,1.0999065718368501,-0.1749253805322634,-0.0370820393249937
-0.8,0.8,0.8,1.0999065718368501,-0.1749253805322634,-0.09708203932499368
-0.8,0.8,1.0,1.0999065718368501,-0.1749253805322634,-0.12
-0.8,0.9,0.0,1.1155546962862328,-0.15607049391598707,0.12
-0.8,0.9,0.2,1.1155546962862328,-0.15607049391598707,0.0970820393249937
-0.8,0.9,0.4,1.1155546962862328,-0.15607049391598707,0.037082039324993696
-0.8,0.9,0.6000000000000001,1.1155546962862328,-0.15607049391598707,-0.0370820393249937
-0.8,0.9,0.8,1.1155546962862328,-0.15607049391598707,-0.09708203932499368
-0.8,0.9,1.0,1.1155546962862328,-0.15607049391598707,-0.12
-0.8,1.0,0.0,1.130167184775279,-0.13565620251454846,0.12
-0.8,1.0,0.2,1.130167184775279,-0.13565620251454846,0.0970820393249937
-0.8,1.0,0.4,1.130167184775279,-0.13565620251454846,0.037082039324993696
-0.8,1.0,0.6000000000000001,1.130167184775279,-0.13565620251454846,-0.0370820393249937
-0.8,1.0,0.8,1.130167184775279,-0.13565620251454846,-0.09708203932499368
-0.8,1.0,1.0,1.130167184775279,-0.13565620251454846,-0.12
-0.8,1.1,0.0,1.143394620127094,-0.1138864791795631,0.12
-0.8,1.1,0.2,1.143394620127094,-0.1138864791795631,0.0970820393249937
-0.8,1.1,0.4,1.143394620127094,-0.1138864791795631,0.037082039324993696
-0.8,1.1,0.6000000000000001,1.143394620127094,-0.1138864791795631,-0.0370820393249937
-0.8,1.1,0.8,1.143394620127094,-0.1138864791795631,-0.09708203932499368
-0.8,1.1,1.0,1.143394620127094,-0.1138864791795631,-0.12
-0.8,1.2000000000000002,0.0,1.1550251236085103,-0.09097883979048042,0.12
-0.8,1.2000000000000002,0.2,1.1550251236085103,-0.09097883979048042,0.0970820393249937
-0.8,1.2000000000000002,0.4,1.1550251236085103,-0.09097883979048042,0.037082039324993696
-0.8,1.2000000000000002,0.6000000000000001,1.1550251236085103,-0.09097883979048042,-0.0370820393249937
-0.8,1.2000000000000002,0.8,1.1550251236085103,-0.09097883979048042,-0.09708203932499368
-0.8,1.2000000000000002,1.0,1.1550251236085103,-0.09097883979048042,-0.12
-0.7000000000000001,-1.2000000000000002,0.0,1.1477466485458954,-0.08170304608956197,0.12
-0.7000000000000001,-1.2000000000000002,0.2,1.1477466485458954,-0.08170304608956197,0.0970820393249937
-0.7000000000000001,-1.2000000000000002,0.4,1.1477466485458954,-0.08170304608956197,0.037082039324993696
-0.7000000000000001,-1.2000000000000002,0.6000000000000001,1.1477466485458954,-0.08170304608956197,-0.0370820393249937
-0.7000000000000001,-1.2000000000000002,0.8,1.1477466485458954,-0.08170304608956197,-0.09708203932499368
-0.7000000000000001,-1.2000000000000002,1.0,1.1477466485458954,-0.08170304608956197,-0.12
-0.7000000000000001,-1.1,0.0,1.1342339313410155,-0.10227512549967031,0.12
-0.7000000000000001,-1.1,0.2,1.1342339313410155,-0.10227512549967031,0.0970820393249937
-0.7000000000000001,-1.1,0.4,1.1342339313410155,-0.10227512549967031,0.037082039324993696
-0.7000000000000001,-1.1,0.6000000000000001,1.1342339313410155,-0.10227512549967031,-0.0370820393249937
-0.7000000000000001,-1.1,0.8,1.1342339313410155,-0.10227512549967031,-0.09708203932499368
-0.7000000000000001,-1.1,1.0,1.1342339313410155,-0.10227512549967031,-0.12
-0.7000000000000001,-1.0,0.0,1.1188658440058021,-0.1218253056634476,0.12
-0.7000000000000001,-1.0,0.2,1.1188658440058021,-0.1218253056634476,0.0970820393249937
-0.7000000000000001,-1.0,0.4,1.1188658440058021,-0.1218253056634476,0.037082039324993696
-0.7000000000000001,-1.0,0.6000000000000001,1.1188658440058021,-0.1218253056634476,-0.0370820393249937
-0.7000000000000001,-1.0,0.8,1.1188658440058021,-0.1218253056634476,-0.09708203932499368
-0.7000000000000001,-1.0,1.0,1.1188658440058021,-0.1218253056634476,-0.12
-0.7000000000000001,-0.9,0.0,1.1018885545077555,-0.14015824764312768,0.12
-0.7000000000000001,-0.9,0.2,1.1018885545077555,-0.14015824764312768,0.0970820393249937
-0.7000000000000001,-0.9,0.4,1.1018885545077555,-0.14015824764312768,0.037082039324993696
-0.7000000000000001,-0.9,0.6000000000000001,1.1018885545077555,-0.14015824764312768,-0.0370820393249937
-0.7000000000000001,-0.9,0.8,1.1018885545077555,-0.14015824764312768,-0.09708203932499368
-0.7000000000000001,-0.9,1.0,1.1018885545077555,-0.14015824764312768,-0.12
-0.7000000000000001,-0.8,0.0,1.083708027687989,-0.1570907747425146,0.12
-0.7000000000000001,-0.8,0.2,1.083708027687989,-0.1570907747425146,0.0970820393249937
-0.7000000000000001,-0.8,0.4,1.083708027687989,-0.1570907747425146,0.037082039324993696
-0.7000000000000001,-0.8,0.6000000000000001,1.083708027687989,-0.1570907747425146,-0.0370820393249937
-0.7000000000000001,-0.8,0.8,1.083708027687989,-0.1570907747425146,-0.09708203932499368
-0.7000000000000001,-0.8,1.0,1.083708027687989,-0.1570907747425146,-0.12
-0.7000000000000001,-0.7000000000000001,0.0,1.0648880044134963,-0.17245370274798053,0.12
-0.7000000000000001,-0.7000000000000001,0.2,1.0648880044134963,-0.17245370274798053,0.0970820393249937
-0.7000000000000001,-0.7000000000000001,0.4,1.0648880044134963,-0.17245370274798053,0.037082039324993696
-0.7000000000000001,-0.7000000000000001,0.6000000000000001,1.0648880044134963,-0.17245370274798053,-0.0370820393249937
-0.7000000000000001,-0.7000000000000001,0.8,1.0648880044134963,-0.17245370274798053,-0.09708203932499368
-0.7000000000000001,-0.7000000000000001,1.0,1.0648880044134963,-0.17245370274798053,-0.12
-0.7000000000000001,-0.6000000000000001,0.0,1.0461306244984585,-0.18609353036120369,0.12
-0.7000000000000001,-0.6000000000000001,0.2,1.0461306244984585,-0.18609353036120369,0.0970820393249937
-0.7000000000000001,-0.6000000000000001,0.4,1.0461306244984585,-0.18609353036120369,0.037082039324993696
-0.7000000000000001,-0.6000000000000001,0.6000000000000001,1.0461306244984585,-0.18609353036120369,-0.0370820393249937
-0.7000000000000001,-0.6000000000000001,0.8,1.0461306244984585,-0.18609353036120369,-0.09708203932499368
-0.7000000000000001,-0.6000000000000001,1.0,1.0461306244984585,-0.18609353036120369,-0.12
-0.7000000000000001,-0.5,0.0,1.0282389904124276,-0.19787397293340034,0.12
-0.7000000000000001,-0.5,0.2,1.0282389904124276,-0.19787397293340034,0.0970820393249937
-0.7000000000000001,-0.5,0.4,1.0282389904124276,-0.19787397293340034,0.037082039324993696
-0.7000000000000001,-0.5,0.6000000000000001,1.0282389904124276,-0.19787397293340034,-0.0370820393249937
-0.7000000000000001,-0.5,0.8,1.0282389904124276,-0.19787397293340034,-0.09708203932499368
-0.7000000000000001,-0.5,1.0,1.0282389904124276,-0.19787397293340034,-0.12
-0.7000000000000001,-0.4,0.0,1.0120635203660342,-0.20767732417648563,0.12
-0.7000000000000001,-0.4,0.2,1.0120635203660342,-0.20767732417648563,0.0970820393249937
-0.7000000000000001,-0.4,0.4,1.0120635203660342,-0.20767732417648563,0.037082039324993696
-0.7000000000000001,-0.4,0.6000000000000001,1.0120635203660342,-0.20767732417648563,-0.0370820393249937
-0.7000000000000001,-0.4,0.8,1.0120635203660342,-0.20767732417648563,-0.09708203932499368
-0.7000000000000001,-0.4,1.0,1.0120635203660342,-0.20767732417648563,-0.12
-0.7000000000000001,-0.30000000000000004,0.0,0.9984365880364553,-0.21540563224539572,0.12
-0.7000000000000001,-0.30000000000000004,0.2,0.9984365880364553,-0.21540563224539572,0.0970820393249937
-0.7000000000000001,-0.30000000000000004,0.4,0.9984365880364553,-0.21540563224539572,0.037082039324993696
-0.7000000000000001,-0.30000000000000004,0.6000000000000001,0.9984365880364553,-0.21540563224539572,-0.0370820393249937
-0.7000000000000001,-0.30000000000000004,0.8,0.9984365880364553,-0.21540563224539572,-0.09708203932499368
-0.7000000000000001,-0.30000000000000004,1.0,0.9984365880364553,-0.21540563224539572,-0.12
-0.7000000000000001,-0.2,0.0,0.9881022109157922,-0.22098167844054512,0.12
-0.7000000000000001,-0.2,0.2,0.9881022109157922,-0.22098167844054512,0.0970820393249937
-0.7000000000000001,-0.2,0.4,0.9881022109157922,-0.22098167844054512,0.037082039324993696
-0.7000000000000001,-0.2,0.6000000000000001,0.9881022109157922,-0.22098167844054512,-0.0370820393249937
-0.7000000000000001,-0.2,0.8,0.9881022109157922,-0.22098167844054512,-0.09708203932499368
-0.7000000000000001,-0.2,1.0,0.9881022109157922,-0.22098167844054512,-0.12
-0.7000000000000001,-0.1,0.0,0.9816489625034519,-0.2243497487515477,0.12
-0.7000000000000001,-0.1,0.2,0.9816489625034519,-0.2243497487515477,0.0970820393249937
-0.7000000000000001,-0.1,0.4,0.9816489625034519,-0.2243497487515477,0.037082039324993696
-0.7000000000000001,-0.1,0.6000000000000001,0.9816489625034519,-0.2243497487515477,-0.0370820393249937
-0.7000000000000001,-0.1,0.8,0.9816489625034519,-0.2243497487515477,-0.09708203932499368
-0.7000000000000001,-0.1,1.0,0.9816489625034519,-0.2243497487515477,-0.12
-0.7000000000000001,0.0,0.0,0.9794544980936102,-0.22547619053319187,0.12
-0.7000000000000001,0.0,0.2,0.9794544980936102,-0.22547619053319187,0.0970820393249937
-0.7000000000000001,0.0,0.4,0.9794544980936102,-0.22547619053319187,0.037082039324993696
-0.7000000000000001,0.0,0.6000000000000001,0.9794544980936102,-0.22547619053319187,-0.0370820393249937
-0.7000000000000001,0.0,0.8,0.9794544980936102,-0.22547619053319187,-0.09708203932499368
-0.7000000000000001,0.0,1.0,0.9794544980936102,-0.22547619053319187,-0.12
-0.7000000000000001,0.1,0.0,0.9816489625034519,-0.2243497487515477,0.12
-0.7000000000000001,0.1,0.2,0.9816489625034519,-0.2243497487515477,0.0970820393249937
-0.7000000000000001,0.1,0.4,0.9816489625034519,-0.2243497487515477,0.037082039324993696
-0.7000000000000001,0.1,0.6000000000000001,0.9816489625034519,-0.2243497487515477,-0.0370820393249937
-0.7000000000000001,0.1,0.8,0.9816489625034519,-0.2243497487515477,-0.09708203932499368
-0.7000000000000001,0.1,1.0,0.9816489625034519,-0.2243497487515477,-0.12
-0.7000000000000001,0.2,0.0,0.9881022109157922,-0.22098167844054512,0.12
-0.7000000000000001,0.2,0.2,0.9881022109157922,-0.22098167844054512,0.0970820393249937
-0.7000000000000001,0.2,0.4,0.9881022109157922,-0.22098167844054512,0.037082039324993696
-0.7000000000000001,0.2,0.6000000000000001,0.9881022109157922,-0.22098167844054512,-0.0370820393249937
-0.7000000000000001,0.2,0.8,0.9881022109157922,-0.22098167844054512,-0.09708203932499368
-0.7000000000000001,0.2,1.0,0.9881022109157922,-0.22098167844054512,-0.12
-0.7000000000000001,0.30000000000000004,0.0,0.9984365880364553,-0.21540563224539572,0.12
-0.7000000000000001,0.30000000000000004,0.2,0.9984365880364553,-0.21540563224539572,0.0970820393249937
-0.7000000000000001,0.30000000000000004,0.4,0.9984365880364553,-0.21540563224539572,0.037082039324993696
-0.7000000000000001,0.30000000000000004,0.6000000000000001,0.9984365880364553,-0.21540563224539572,-0.0370820393249937
-0.7000000000000001,0.30000000000000004,0.8,0.9984365880364553,-0.21540563224539572,-0.09708203932499368
-0.7000000000000001,0.30000000000000004,1.0,0.9984365880364553,-0.21540563224539572,-0.12
-0.7000000000000001,0.4,0.0,1.0120635203660342,-0.20767732417648563,0.12
-0.7000000000000001,0.4,0.2,1.0120635203660342,-0.20767732417648563,0.0970820393249937
-0.7000000000000001,0.4,0.4,1.0120635203660342,-0.20767732417648563,0.037082039324993696
-0.7000000000000001,0.4,0.6000000000000001,1.0120635203660342,-0.20767732417648563,-0.0370820393249937
-0.7000000000000001,0.4,0.8,1.0120635203660342,-0.20767732417648563,-0.09708203932499368
-0.7000000000000001,0.4,1.0,1.0120635203660342,-0.20767732417648563,-0.12
-0.7000000000000001,0.5,0.0,1.0282389904124276,-0.19787397293340034,0.12
-0.7000000000000001,0.5,0.2,1.0282389904124276,-0.19787397293340034,0.0970820393249937
-0.7000000000000001,0.5,0.4,1.0282389904124276,-0.19787397293340034,0.037082039324993696
-0.7000000000000001,0.5,0.6000000000000001,1.0282389904124276,-0.19787397293340034,-0.0370820393249937
-0.7000000000000001,0.5,0.8,1.0282389904124276,-0.19787397293340034,-0.09708203932499368
-0.7000000000000001,0.5,1.0,1.0282389904124276,-0.19787397293340034,-0.12
-0.7000000000000001,0.6000000000000001,0.0,1.0461306244984585,-0.18609353036120369,0.12
-0.7000000000000001,0.6000000000000001,0.2,1.0461306244984585,-0.18609353036120369,0.0970820393249937
-0.7000000000000001,0.6000000000000001,0.4,1.0461306244984585,-0.18609353036120369,0.037082039324993696
-0.7000000000000001,0.6000000000000001,0.6000000000000001,1.0461306244984585,-0.18609353036120369,-0.0370820393249937
-0.7000000000000001,0.6000000000000001,0.8,1.0461306244984585,-0.18609353036120369,-0.09708203932499368
-0.7000000000000001,0.6000000000000001,1.0,1.0461306244984585,-0.18609353036120369,-0.12
-0.7000000000000001,0.7000000000000001,0.0,1.0648880044134963,-0.17245370274798053,0.12
-0.7000000000000001,0.7000000000000001,0.2,1.0648880044134963,-0.17245370274798053,0.0970820393249937
-0.7000000000000001,0.7000000000000001,0.4,1.0648880044134963,-0.17245370274798053,0.037082039324993696
-0.7000000000000001,0.7000000000000001,0.6000000000000001,1.0648880044134963,-0.17245370274798053,-0.0370820393249937
-0.7000000000000001,0.7000000000000001,0.8,1.0648880044134963,-0.17245370274798053,-0.09708203932499368
-0.7000000000000001,0.7000000000000001,1.0,1.0648880044134963,-0.17245370274798053,-0.12
-0.7000000000000001,0.8,0.0,1.083708027687989,-0.1570907747425146,0.12
-0.7000000000000001,0.8,0.2,1.083708027687989,-0.1570907747425146,0.0970820393249937
-0.7000000000000001,0.8,0.4,1.083708027687989,-0.1570907747425146,0.037082039324993696
-0.7000000000000001,0.8,0.6000000000000001,1.083708027687989,-0.1570907747425146,-0.0370820393249937
-0.7000000000000001,0.8,0.8,1.083708027687989,-0.1570907747425146,-0.09708203932499368
-0.7000000000000001,0.8,1.0,1.083708027687989,-0.1570907747425146,-0.12
-0.7000000000000001,0.9,0.0,1.1018885545077555,-0.14015824764312768,0.12
-0.7000000000000001,0.9,0.2,1.1018885545077555,-0.14015824764312768,0.0970820393249937
-0.7000000000000001,0.9,0.4,1.1018885545077555,-0.14015824764312768,0.037082039324993696
-0.7000000000000001,0.9,0.6000000000000001,1.1018885545077555,-0.14015824764312768,-0.0370820393249937
-0.7000000000000001,0.9,0.8,1.1018885545077555,-0.14015824764312768,-0.09708203932499368
-0.7000000000000001,0.9,1.0,1.1018885545077555,-0.14015824764312768,-0.12
-0.7000000000000001,1.0,0.0,1.1188658440058021,-0.1218253056634476,0.12
-0.7000000000000001,1.0,0.2,1.1188658440058021,-0.1218253056634476,0.0970820393249937
-0.7000000000000001,1.0,0.4,1.1188658440058021,-0.1218253056634476,0.037082039324993696
-0.7000000000000001,1.0,0.6000000000000001,1.1188658440058021,-0.1218253056634476,-0.0370820393249937
-0.7000000000000001,1.0,0.8,1.1188658440058021,-0.1218253056634476,-0.09708203932499368
-0.7000000000000001,1.0,1.0,1.1188658440058021,-0.1218253056634476,-0.12
-0.7000000000000001,1.1,0.0,1.1342339313410155,-0.10227512549967031,0.12
-0.7000000000000001,1.1,0.2,1.1342339313410155,-0.10227512549967031,0.0970820393249937
-0.7000000000000001,1.1,0.4,1.1342339313410155,-0.10227512549967031,0.037082039324993696
-0.7000000000000001,1.1,0.6000000000000001,1.1342339313410155,-0.10227512549967031,-0.0370820393249937
-0.7000000000000001,1.1,0.8,1.1342339313410155,-0.10227512549967031,-0.09708203932499368
-0.7000000000000001,1.1,1.0,1.1342339313410155,-0.10227512549967031,-0.12
-0.7000000000000001,1.2000000000000002,0.0,1.1477466485458954,-0.08170304608956197,0.12
-0.7000000000000001,1.2000000000000002,0.2,1.1477466485458954,-0.08170304608956197,0.0970820393249937
-0.7000000000000001,1.2000000000000002,0.4,1.1477466485458954,-0.08170304608956197,0.037082039324993696
-0.7000000000000001,1.2000000000000002,0.6000000000000001,1.1477466485458954,-0.08170304608956197,-0.0370820393249937
-0.7000000000000001,1.2000000000000002,0.8,1.1477466485458954,-0.08170304608956197,-0.09708203932499368
-0.7000000000000001,1.2000000000000002,1.0,1.1477466485458954,-0.08170304608956197,-0.12
-0.6000000000000001,-1.2000000000000002,0.0,1.1404924002402288,-0.07161090255955295,0.12
-0.6000000000000001,-1.2000000000000002,0.2,1.1404924002402288,-0.07161090255955295,0.0970820393249937
-0.6000000000000001,-1.2000000000000002,0.4,1.1404924002402288,-0.07161090255955295,0.037082039324993696
-0.6000000000000001,-1.2000000000000002,0.6000000000000001,1.1404924002402288,-0.07161090255955295,-0.0370820393249937
-0.6000000000000001,-1.2000000000000002,0.8,1.1404924002402288,-0.07161090255955295,-0.09708203932499368
-0.6000000000000001,-1.2000000000000002,1.0,1.1404924002402288,-0.07161090255955295,-0.12
-0.6000000000000001,-1.1,0.0,1.1251037343514727,-0.08964187257344648,0.12
-0.6000000000000001,-1.1,0.2,1.1251037343514727,-0.08964187257344648,0.0970820393249937
-0.6000000000000001,-1.1,0.4,1.1251037343514727,-0.08964187257344648,0.037082039324993696
-0.6000000000000001,-1.1,0.6000000000000001,1.1251037343514727,-0.08964187257344648,-0.0370820393249937
-0.6000000000000001,-1.1,0.8,1.1251037343514727,-0.08964187257344648,-0.09708203932499368
-0.6000000000000001,-1.1,1.0,1.1251037343514727,-0.08964187257344648,-0.12
-0.6000000000000001,-1.0,0.0,1.10760212029672,-0.1067771706282496,0.12
-0.6000000000000001,-1.0,0.2,1.10760212029672,-0.1067771706282496,0.0970820393249937
-0.6000000000000001,-1.0,0.4,1.10760212029672,-0.1067771706282496,0.037082039324993696
-0.6000000000000001,-1.0,0.6000000000000001,1.10760212029672,-0.1067771706282496,-0.0370820393249937
-0.6000000000000001,-1.0,0.8,1.10760212029672,-0.1067771706282496,-0.09708203932499368
-0.6000000000000001,-1.0,1.0,1.10760212029672,-0.1067771706282496,-0.12
-0.6000000000000001,-0.9,0.0,1.0882679011444254,-0.12284558648997511,0.12
-0.6000000000000001,-0.9,0.2,1.0882679011444254,-0.12284558648997511,0.0970820393249937
-0.6000000000000001,-0.9,0.4,1.0882679011444254,-0.12284558648997511,0.037082039324993696
-0.6000000000000001,-0.9,0.6000000000000001,1.0882679011444254,-0.12284558648997511,-0.0370820393249937
-0.6000000000000001,-0.9,0.8,1.0882679011444254,-0.12284558648997511,-0.09708203932499368
-0.6000000000000001,-0.9,1.0,1.0882679011444254,-0.12284558648997511,-0.12
-0.6000000000000001,-0.8,0.0,1.0675634011782809,-0.13768656985884484,0.12
-0.6000000000000001,-0.8,0.2,1.0675634011782809,-0.13768656985884484,0.0970820393249937
-0.6000000000000001,-0.8,0.4,1.0675634011782809,-0.13768656985884484,0.037082039324993696
-0.6000000000000001,-0.8,0.6000000000000001,1.0675634011782809,-0.13768656985884484,-0.0370820393249937
-0.6000000000000001,-0.8,0.8,1.0675634011782809,-0.13768656985884484,-0.09708203932499368
-0.6000000000000001,-0.8,1.0,1.0675634011782809,-0.13768656985884484,-0.12
-0.6000000000000001,-0.7000000000000001,0.0,1.0461306244984585,-0.15115183453481384,0.12
-0.6000000000000001,-0.7000000000000001,0.2,1.0461306244984585,-0.15115183453481384,0.0970820393249937
-0.6000000000000001,-0.7000000000000001,0.4,1.0461306244984585,-0.15115183453481384,0.037082039324993696
-0.6000000000000001,-0.7000000000000001,0.6000000000000001,1.0461306244984585,-0.15115183453481384,-0.0370820393249937
-0.6000000000000001,-0.7000000000000001,0.8,1.0461306244984585,-0.15115183453481384,-0.09708203932499368
-0.6000000000000001,-0.7000000000000001,1.0,1.0461306244984585,-0.15115183453481384,-0.12
-0.6000000000000001,-0.6000000000000001,0.0,1.02476918785441,-0.16310684004426462,0.12
-0.6000000000000001,-0.6000000000000001,0.2,1.02476918785441,-0.16310684004426462,0.0970820393249937
-0.6000000000000001,-0.6000000000000001,0.4,1.02476918785441,-0.16310684004426462,0.037082039324993696
-0.6000000000000001,-0.6000000000000001,0.6000000000000001,1.02476918785441,-0.16310684004426462,-0.0370820393249937
-0.6000000000000001,-0.6000000000000001,0.8,1.02476918785441,-0.16310684004426462,-0.09708203932499368
-0.6000000000000001,-0.6000000000000001,1.0,1.02476918785441,-0.16310684004426462,-0.12
-0.6000000000000001,-0.5,0.0,1.00439368713318,-0.17343213592394616,0.12
-0.6000000000000001,-0.5,0.2,1.00439368713318,-0.17343213592394616,0.0970820393249937
-0.6000000000000001,-0.5,0.4,1.00439368713318,-0.17343213592394616,0.037082039324993696
-0.6000000000000001,-0.5,0.6000000000000001,1.00439368713318,-0.17343213592394616,-0.0370820393249937
-0.6000000000000001,-0.5,0.8,1.00439368713318,-0.17343213592394616,-0.09708203932499368
-0.6000000000000001,-0.5,1.0,1.00439368713318,-0.17343213592394616,-0.12
-0.6000000000000001,-0.4,0.0,0.9859726027307301,-0.18202455523051764,0.12
-0.6000000000000001,-0.4,0.2,0.9859726027307301,-0.18202455523051764,0.0970820393249937
-0.6000000000000001,-0.4,0.4,0.9859726027307301,-0.18202455523051764,0.037082039324993696
-0.6000000000000001,-0.4,0.6000000000000001,0.9859726027307301,-0.18202455523051764,-0.0370820393249937
-0.6000000000000001,-0.4,0.8,0.9859726027307301,-0.18202455523051764,-0.09708203932499368
-0.6000000000000001,-0.4,1.0,0.9859726027307301,-0.18202455523051764,-0.12
-0.6000000000000001,-0.30000000000000004,0.0,0.9704538654161615,-0.18879824535054404,0.12
-0.6000000000000001,-0.30000000000000004,0.2,0.9704538654161615,-0.18879824535054404,0.0970820393249937
-0.6000000000000001,-0.30000000000000004,0.4,0.9704538654161615,-0.18879824535054404,0.037082039324993696
-0.6000000000000001,-0.30000000000000004,0.6000000000000001,0.9704538654161615,-0.18879824535054404,-0.0370820393249937
-0.6000000000000001,-0.30000000000000004,0.8,0.9704538654161615,-0.18879824535054404,-0.09708203932499368
-0.6000000000000001,-0.30000000000000004,1.0,0.9704538654161615,-0.18879824535054404,-0.12
-0.6000000000000001,-0.2,0.0,0.9586847834271699,-0.19368552581143034,0.12
-0.6000000000000001,-0.2,0.2,0.9586847834271699,-0.19368552581143034,0.0970820393249937
-0.6000000000000001,-0.2,0.4,0.9586847834271699,-0.19368552581143034,0.037082039324993696
-0.6000000000000001,-0.2,0.6000000000000001,0.9586847834271699,-0.19368552581143034,-0.0370820393249937
-0.6000000000000001,-0.2,0.8,0.9586847834271699,-0.19368552581143034,-0.09708203932499368
-0.6000000000000001,-0.2,1.0,0.9586847834271699,-0.19368552581143034,-0.12
-0.6000000000000001,-0.1,0.0,0.9513356409705523,-0.1966375645223315,0.12
-0.6000000000000001,-0.1,0.2,0.9513356409705523,-0.1966375645223315,0.0970820393249937
-0.6000000000000001,-0.1,0.4,0.9513356409705523,-0.1966375645223315,0.037082039324993696
-0.6000000000000001,-0.1,0.6000000000000001,0.9513356409705523,-0.1966375645223315,-0.0370820393249937
-0.6000000000000001,-0.1,0.8,0.9513356409705523,-0.1966375645223315,-0.09708203932499368
-0.6000000000000001,-0.1,1.0,0.9513356409705523,-0.1966375645223315,-0.12
-0.6000000000000001,0.0,0.0,0.9488365226144289,-0.1976248656882624,0.12
-0.6000000000000001,0.0,0.2,0.9488365226144289,-0.1976248656882624,0.0970820393249937
-0.6000000000000001,0.0,0.4,0.9488365226144289,-0.1976248656882624,0.037082039324993696
-0.6000000000000001,0.0,0.6000000000000001,0.9488365226144289,-0.1976248656882624,-0.0370820393249937
-0.6000000000000001,0.0,0.8,0.9488365226144289,-0.1976248656882624,-0.09708203932499368
-0.6000000000000001,0.0,1.0,0.9488365226144289,-0.1976248656882624,-0.12
-0.6000000000000001,0.1,0.0,0.9513356409705523,-0.1966375645223315,0.12
-0.6000000000000001,0.1,0.2,0.9513356409705523,-0.1966375645223315,0.0970820393249937
-0.6000000000000001,0.1,0.4,0.9513356409705523,-0.1966375645223315,0.037082039324993696
-0.6000000000000001,0.1,0.6000000000000001,0.9513356409705523,-0.1966375645223315,-0.0370820393249937
-0.6000000000000001,0.1,0.8,0.9513356409705523,-0.1966375645223315,-0.09708203932499368
-0.6000000000000001,0.1,1.0,0.9513356409705523,-0.1966375645223315,-0.12
-0.6000000000000001,0.2,0.0,0.9586847834271699,-0.19368552581143034,0.12
-0.6000000000000001,0.2,0.2,0.9586847834271699,-0.19368552581143034,0.0970820393249937
-0.6000000000000001,0.2,0.4,0.9586847834271699,-0.19368552581143034,0.037082039324993696
-0.6000000000000001,0.2,0.6000000000000001,0.9586847834271699,-0.19368552581143034,-0.0370820393249937
-0.6000000000000001,0.2,0.8,0.9586847834271699,-0.19368552581143034,-0.09708203932499368
-0.6000000000000001,0.2,1.0,0.9586847834271699,-0.19368552581143034,-0.12
-0.6000000000000001,0.30000000000000004,0.0,0.9704538654161615,-0.18879824535054404,0.12
-0.6000000000000001,0.30000000000000004,0.2,0.9704538654161615,-0.18879824535054404,0.0970820393249937
-0.6000000000000001,0.30000000000000004,0.4,0.9704538654161615,-0.18879824535054404,0.037082039324993696
-0.6000000000000001,0.30000000000000004,0.6000000000000001,0.9704538654161615,-0.18879824535054404,-0.0370820393249937
-0.6000000000000001,0.30000000000000004,0.8,0.9704538654161615,-0.18879824535054404,-0.09708203932499368
-0.6000000000000001,0.30000000000000004,1.0,0.9704538654161615,-0.18879824535054404,-0.12
-0.6000000000000001,0.4,0.0,0.9859726027307301,-0.18202455523051764,0.12
-0.6000000000000001,0.4,0.2,0.9859726027307301,-0.18202455523051764,0.0970820393249937
-0.6000000000000001,0.4,0.4,0.9859726027307301,-0.18202455523051764,0.037082039324993696
-0.6000000000000001,0.4,0.6000000000000001,0.9859726027307301,-0.18202455523051764,-0.0370820393249937
-0.6000000000000001,0.4,0.8,0.9859726027307301,-0.18202455523051764,-0.09708203932499368
-0.6000000000000001,0.4,1.0,0.9859726027307301,-0.18202455523051764,-0.12
-0.6000000000000001,0.5,0.0,1.00439368713318,-0.17343213592394616,0.12
-0.6000000000000001,0.5,0.2,1.00439368713318,-0.17343213592394616,0.0970820393249937
-0.6000000000000001,0.5,0.4,1.00439368713318,-0.17343213592394616,0.037082039324993696
-0.6000000000000001,0.5,0.6000000000000001,1.00439368713318,-0.17343213592394616,-0.0370820393249937
-0.6000000000000001,0.5,0.8,1.00439368713318,-0.17343213592394616,-0.09708203932499368
-0.6000000000000001,0.5,1.0,1.00439368713318,-0.17343213592394616,-0.12
-0.6000000000000001,0.6000000000000001,0.0,1.02476918785441,-0.16310684004426462,0.12
-0.6000000000000001,0.6000000000000001,0.2,1.02476918785441,-0.16310684004426462,0.0970820393249937
-0.6000000000000001,0.6000000000000001,0.4,1.02476918785441,-0.16310684004426462,0.037082039324993696
-0.6000000000000001,0.6000000000000001,0.6000000000000001,1.02476918785441,-0.16310684004426462,-0.0370820393249937
-0.6000000000000001,0.6000000000000001,0.8,1.02476918785441,-0.16310684004426462,-0.09708203932499368
-0.6000000000000001,0.6000000000000001,1.0,1.02476918785441,-0.16310684004426462,-0.12
-0.6000000000000001,0.7000000000000001,0.0,1.0461306244984585,-0.15115183453481384,0.12
-0.6000000000000001,0.7000000000000001,0.2,1.0461306244984585,-0.15115183453481384,0.0970820393249937
-0.6000000000000001,0.7000000000000001,0.4,1.0461306244984585,-0.15115183453481384,0.037082039324993696
-0.6000000000000001,0.7000000000000001,0.6000000000000001,1.0461306244984585,-0.15115183453481384,-0.0370820393249937
-0.6000000000000001,0.7000000000000001,0.8,1.0461306244984585,-0.15115183453481384,-0.09708203932499368
-0.6000000000000001,0.7000000000000001,1.0,1.0461306244984585,-0.15115183453481384,-0.12
-0.6000000000000001,0.8,0.0,1.0675634011782809,-0.13768656985884484,0.12
-0.6000000000000001,0.8,0.2,1.0675634011782809,-0.13768656985884484,0.0970820393249937
-0.6000000000000001,0.8,0.4,1.0675634011782809,-0.13768656985884484,0.037082039324993696
-0.6000000000000001,0.8,0.6000000000000001,1.0675634011782809,-0.13768656985884484,-0.0370820393249937
-0.6000000000000001,0.8,0.8,1.0675634011782809,-0.13768656985884484,-0.09708203932499368
-0.6000000000000001,0.8,1.0,1.0675634011782809,-0.13768656985884484,-0.12
-0.6000000000000001,0.9,0.0,1.0882679011444254,-0.12284558648997511,0.12
-0.6000000000000001,0.9,0.2,1.0882679011444254,-0.12284558648997511,0.0970820393249937
-0.6000000000000001,0.9,0.4,1.0882679011444254,-0.12284558648997511,0.037082039324993696
-0.6000000000000001,0.9,0.6000000000000001,1.0882679011444254,-0.12284558648997511,-0.0370820393249937
-0.6000000000000001,0.9,0.8,1.0882679011444254,-0.12284558648997511,-0.09708203932499368
-0.6000000000000001,0.9,1.0,1.0882679011444254,-0.12284558648997511,-0.12
-0.6000000000000001,1.0,0.0,1.10760212029672,-0.1067771706282496,0.12
-0.6000000000000001,1.0,0.2,1.10760212029672,-0.1067771706282496,0.0970820393249937
-0.6000000000000001,1.0,0.4,1.10760212029672,-0.1067771706282496,0.037082039324993696
-0.6000000000000001,1.0,0.6000000000000001,1.10760212029672,-0.1067771706282496,-0.0370820393249937
-0.6000000000000001,1.0,0.8,1.10760212029672,-0.1067771706282496,-0.09708203932499368
-0.6000000000000001,1.0,1.0,1.10760212029672,-0.1067771706282496,-0.12
-0.6000000000000001,1.1,0.0,1.1251037343514727,-0.08964187257344648,0.12
-0.6000000000000001,1.1,0.2,1.1251037343514727,-0.08964187257344648,0.0970820393249937
-0.6000000000000001,1.1,0.4,1.1251037343514727,-0.08964187257344648,0.037082039324993696
-0.6000000000000001,1.1,0.6000000000000001,1.1251037343514727,-0.08964187257344648,-0.0370820393249937
-0.6000000000000001,1.1,0.8,1.1251037343514727,-0.08964187257344648,-0.09708203932499368
-0.6000000000000001,1.1,1.0,1.1251037343514727,-0.08964187257344648,-0.12
-0.6000000000000001,1.2000000000000002,0.0,1.1404924002402288,-0.07161090255955295,0.12
-0.6000000000000001,1.2000000000000002,0.2,1.1404924002402288,-0.07161090255955295,0.0970820393249937
-0.6000000000000001,1.2000000000000002,0.4,1.1404924002402288,-0.07161090255955295,0.037082039324993696
-0.6000000000000001,1.2000000000000002,0.6000000000000001,1.1404924002402288,-0.07161090255955295,-0.0370820393249937
-0.6000000000000001,1.2000000000000002,0.8,1.1404924002402288,-0.07161090255955295,-0.09708203932499368
-0.6000000000000001,1.2000000000000002,1.0,1.1404924002402288,-0.07161090255955295,-0.12
-0.5,-1.2000000000000002,0.0,1.133572971362524,-0.06080324656258604,0.12
-0.5,-1.2000000000000002,0.2,1.133572971362524,-0.06080324656258604,0.0970820393249937
-0.5,-1.2000000000000002,0.4,1.133572971362524,-0.06080324656258604,0.037082039324993696
-0.5,-1.2000000000000002,0.6000000000000001,1.133572971362524,-0.06080324656258604,-0.0370820393249937
-0.5,-1.2000000000000002,0.8,1.133572971362524,-0.06080324656258604,-0.09708203932499368
-0.5,-1.2000000000000002,1.0,1.133572971362524,-0.06080324656258604,-0.12
-0.5,-1.1,0.0,1.1163949410972869,-0.0761129476881322,0.12
-0.5,-1.1,0.2,1.1163949410972869,-0.0761129476881322,0.0970820393249937
-0.5,-1.1,0.4,1.1163949410972869,-0.0761129476881322,0.037082039324993696
-0.5,-1.1,0.6000000000000001,1.1163949410972869,-0.0761129476881322,-0.0370820393249937
-0.5,-1.1,0.8,1.1163949410972869,-0.0761129476881322,-0.09708203932499368
-0.5,-1.1,1.0,1.1163949410972869,-0.0761129476881322,-0.12
-0.5,-1.0,0.0,1.0968582731303316,-0.09066215339997401,0.12
-0.5,-1.0,0.2,1.0968582731303316,-0.09066215339997401,0.0970820393249937
-0.5,-1.0,0.4,1.0968582731303316,-0.09066215339997401,0.037082039324993696
-0.5,-1.0,0.6000000000000001,1.0968582731303316,-0.09066215339997401,-0.0370820393249937
-0.5,-1.0,0.8,1.0968582731303316,-0.09066215339997401,-0.09708203932499368
-0.5,-1.0,1.0,1.0968582731303316,-0.09066215339997401,-0.12
-0.5,-0.9,0.0,1.0752759082811794,-0.10430549284396667,0.12
-0.5,-0.9,0.2,1.0752759082811794,-0.10430549284396667,0.0970820393249937
-0.5,-0.9,0.4,1.0752759082811794,-0.10430549284396667,0.037082039324993696
-0.5,-0.9,0.6000000000000001,1.0752759082811794,-0.10430549284396667,-0.0370820393249937
-0.5,-0.9,0.8,1.0752759082811794,-0.10430549284396667,-0.09708203932499368
-0.5,-0.9,1.0,1.0752759082811794,-0.10430549284396667,-0.12
-0.5,-0.8,0.0,1.0521639290091556,-0.11690664628227433,0.12
-0.5,-0.8,0.2,1.0521639290091556,-0.11690664628227433,0.0970820393249937
-0.5,-0.8,0.4,1.0521639290091556,-0.11690664628227433,0.037082039324993696
-0.5,-0.8,0.6000000000000001,1.0521639290091556,-0.11690664628227433,-0.0370820393249937
-0.5,-0.8,0.8,1.0521639290091556,-0.11690664628227433,-0.09708203932499368
-0.5,-0.8,1.0,1.0521639290091556,-0.11690664628227433,-0.12
-0.5,-0.7000000000000001,0.0,1.0282389904124276,-0.12833970715512888,0.12
-0.5,-0.7000000000000001,0.2,1.0282389904124276,-0.12833970715512888,0.0970820393249937
-0.5,-0.7000000000000001,0.4,1.0282389904124276,-0.12833970715512888,0.037082039324993696
-0.5,-0.7000000000000001,0.6000000000000001,1.0282389904124276,-0.12833970715512888,-0.0370820393249937
-0.5,-0.7000000000000001,0.8,1.0282389904124276,-0.12833970715512888,-0.09708203932499368
-0.5,-0.7000000000000001,1.0,1.0282389904124276,-0.12833970715512888,-0.12
-0.5,-0.6000000000000001,0.0,1.00439368713318,-0.13849044009755623,0.12
-0.5,-0.6000000000000001,0.2,1.00439368713318,-0.13849044009755623,0.0970820393249937
-0.5,-0.6000000000000001,0.4,1.00439368713318,-0.13849044009755623,0.037082039324993696
-0.5,-0.6000000000000001,0.6000000000000001,1.00439368713318,-0.13849044009755623,-0.0370820393249937
-0.5,-0.6000000000000001,0.8,1.00439368713318,-0.13849044009755623,-0.09708203932499368
-0.5,-0.6000000000000001,1.0,1.00439368713318,-0.13849044009755623,-0.12
-0.5,-0.5,0.0,0.9816489625034519,-0.1472574223413819,0.12
-0.5,-0.5,0.2,0.9816489625034519,-0.1472574223413819,0.0970820393249937
-0.5,-0.5,0.4,0.9816489625034519,-0.1472574223413819,0.037082039324993696
-0.5,-0.5,0.6000000000000001,0.9816489625034519,-0.1472574223413819,-0.0370820393249937
-0.5,-0.5,0.8,0.9816489625034519,-0.1472574223413819,-0.09708203932499368
-0.5,-0.5,1.0,0.9816489625034519,-0.1472574223413819,-0.12
-0.5,-0.4,0.0,0.9610859099509249,-0.15455305709800451,0.12
-0.5,-0.4,0.2,0.9610859099509249,-0.15455305709800451,0.0970820393249937
-0.5,-0.4,0.4,0.9610859099509249,-0.15455305709800451,0.037082039324993696
-0.5,-0.4,0.6000000000000001,0.9610859099509249,-0.15455305709800451,-0.0370820393249937
-0.5,-0.4,0.8,0.9610859099509249,-0.15455305709800451,-0.09708203932499368
-0.5,-0.4,1.0,0.9610859099509249,-0.15455305709800451,-0.12
-0.5,-0.30000000000000004,0.0,0.9437626838054605,-0.16030444879655217,0.12
-0.5,-0.30000000000000004,0.2,0.9437626838054605,-0.16030444879655217,0.0970820393249937
-0.5,-0.30000000000000004,0.4,0.9437626838054605,-0.16030444879655217,0.037082039324993696
-0.5,-0.30000000000000004,0.6000000000000001,0.9437626838054605,-0.16030444879655217,-0.0370820393249937
-0.5,-0.30000000000000004,0.8,0.9437626838054605,-0.16030444879655217,-0.09708203932499368
-0.5,-0.30000000000000004,1.0,0.9437626838054605,-0.16030444879655217,-0.12
-0.5,-0.2,0.0,0.9306251156717166,-0.16445413143233034,0.12
-0.5,-0.2,0.2,0.9306251156717166,-0.16445413143233034,0.0970820393249937
-0.5,-0.2,0.4,0.9306251156717166,-0.16445413143233034,0.037082039324993696
-0.5,-0.2,0.6000000000000001,0.9306251156717166,-0.16445413143233034,-0.0370820393249937
-0.5,-0.2,0.8,0.9306251156717166,-0.16445413143233034,-0.09708203932499368
-0.5,-0.2,1.0,0.9306251156717166,-0.16445413143233034,-0.12
-0.5,-0.1,0.0,0.9224214291107162,-0.166960642748145,0.12
-0.5,-0.1,0.2,0.9224214291107162,-0.166960642748145,0.0970820393249937
-0.5,-0.1,0.4,0.9224214291107162,-0.166960642748145,0.037082039324993696
-0.5,-0.1,0.6000000000000001,0.9224214291107162,-0.166960642748145,-0.0370820393249937
-0.5,-0.1,0.8,0.9224214291107162,-0.166960642748145,-0.09708203932499368
-0.5,-0.1,1.0,0.9224214291107162,-0.166960642748145,-0.12
-0.5,0.0,0.0,0.9196317180942941,-0.16779893851147104,0.12
-0.5,0.0,0.2,0.9196317180942941,-0.16779893851147104,0.0970820393249937
-0.5,0.0,0.4,0.9196317180942941,-0.16779893851147104,0.037082039324993696
-0.5,0.0,0.6000000000000001,0.9196317180942941,-0.16779893851147104,-0.0370820393249937
-0.5,0.0,0.8,0.9196317180942941,-0.16779893851147104,-0.09708203932499368
-0.5,0.0,1.0,0.9196317180942941,-0.16779893851147104,-0.12
-0.5,0.1,0.0,0.9224214291107162,-0.166960642748145,0.12
-0.5,0.1,0.2,0.9224214291107162,-0.166960642748145,0.0970820393249937
-0.5,0.1,0.4,0.9224214291107162,-0.166960642748145,0.037082039324993696
-0.5,0.1,0.6000000000000001,0.9224214291107162,-0.166960642748145,-0.0370820393249937
-0.5,0.1,0.8,0.9224214291107162,-0.166960642748145,-0.09708203932499368
-0.5,0.1,1.0,0.9224214291107162,-0.166960642748145,-0.12
-0.5,0.2,0.0,0.9306251156717166,-0.16445413143233034,0.12
-0.5,0.2,0.2,0.9306251156717166,-0.16445413143233034,0.0970820393249937
-0.5,0.2,0.4,0.9306251156717166,-0.16445413143233034,0.037082039324993696
-0.5,0.2,0.6000000000000001,0.9306251156717166,-0.16445413143233034,-0.0370820393249937
-0.5,0.2,0.8,0.9306251156717166,-0.16445413143233034,-0.09708203932499368
-0.5,0.2,1.0,0.9306251156717166,-0.16445413143233034,-0.12
-0.5,0.30000000000000004,0.0,0.9437626838054605,-0.16030444879655217,0.12
-0.5,0.30000000000000004,0.2,0.9437626838054605,-0.16030444879655217,0.0970820393249937
-0.5,0.30000000000000004,0.4,0.9437626838054605,-0.16030444879655217,0.037082039324993696
-0.5,0.30000000000000004,0.6000000000000001,0.9437626838054605,-0.16030444879655217,-0.0370820393249937
-0.5,0.30000000000000004,0.8,0.9437626838054605,-0.16030444879655217,-0.09708203932499368
-0.5,0.30000000000000004,1.0,0.9437626838054605,-0.16030444879655217,-0.12
-0.5,0.4,0.0,0.9610859099509249,-0.15455305709800451,0.12
-0.5,0.4,0.2,0.9610859099509249,-0.15455305709800451,0.0970820393249937
-0.5,0.4,0.4,0.9610859099509249,-0.15455305709800451,0.037082039324993696
-0.5,0.4,0.6000000000000001,0.9610859099509249,-0.15455305709800451,-0.0370820393249937
-0.5,0.4,0.8,0.9610859099509249,-0.15455305709800451,-0.09708203932499368
-0.5,0.4,1.0,0.9610859099509249,-0.15455305709800451,-0.12
-0.5,0.5,0.0,0.9816489625034519,-0.1472574223413819,0.12
-0.5,0.5,0.2,0.9816489625034519,-0.1472574223413819,0.0970820393249937
-0.5,0.5,0.4,0.9816489625034519,-0.1472574223413819,0.037082039324993696
-0.5,0.5,0.6000000000000001,0.9816489625034519,-0.1472574223413819,-0.0370820393249937
-0.5,0.5,0.8,0.9816489625034519,-0.1472574223413819,-0.09708203932499368
-0.5,0.5,1.0,0.9816489625034519,-0.1472574223413819,-0.12
-0.5,0.6000000000000001,0.0,1.00439368713318,-0.13849044009755623,0.12
-0.5,0.6000000000000001,0.2,1.00439368713318,-0.13849044009755623,0.0970820393249937
-0.5,0.6000000000000001,0.4,1.00439368713318,-0.13849044009755623,0.037082039324993696
-0.5,0.6000000000000001,0.6000000000000001,1.00439368713318,-0.13849044009755623,-0.0370820393249937
-0.5,0.6000000000000001,0.8,1.00439368713318,-0.13849044009755623,-0.09708203932499368
-0.5,0.6000000000000001,1.0,1.00439368713318,-0.13849044009755623,-0.12
-0.5,0.7000000000000001,0.0,1.0282389904124276,-0.12833970715512888,0.12
-0.5,0.7000000000000001,0.2,1.0282389904124276,-0.12833970715512888,0.0970820393249937
-0.5,0.7000000000000001,0.4,1.0282389904124276,-0.12833970715512888,0.037082039324993696
-0.5,0.7000000000000001,0.6000000000000001,1.0282389904124276,-0.12833970715512888,-0.0370820393249937
-0.5,0.7000000000000001,0.8,1.0282389904124276,-0.12833970715512888,-0.09708203932499368
-0.5,0.7000000000000001,1.0,1.0282389904124276,-0.12833970715512888,-0.12
-0.5,0.8,0.0,1.0521639290091556,-0.11690664628227433,0.12
-0.5,0.8,0.2,1.0521639290091556,-0.11690664628227433,0.0970820393249937
-0.5,0.8,0.4,1.0521639290091556,-0.11690664628227433,0.037082039324993696
-0.5,0.8,0.6000000000000001,1.0521639290091556,-0.11690664628227433,-0.0370820393249937
-0.5,0.8,0.8,1.0521639290091556,-0.11690664628227433,-0.09708203932499368
-0.5,0.8,1.0,1.0521639290091556,-0.11690664628227433,-0.12
-0.5,0.9,0.0,1.0752759082811794,-0.10430549284396667,0.12
-0.5,0.9,0.2,1.0752759082811794,-0.10430549284396667,0.0970820393249937
-0.5,0.9,0.4,1.0752759082811794,-0.10430549284396667,0.037082039324993696
-0.5,0.9,0.6000000000000001,1.0752759082811794,-0.10430549284396667,-0.0370820393249937
-0.5,0.9,0.8,1.0752759082811794,-0.10430549284396667,-0.09708203932499368
-0.5,0.9,1.0,1.0752759082811794,-0.10430549284396667,-0.12
-0.5,1.0,0.0,1.0968582731303316,-0.09066215339997401,0.12
-0.5,1.0,0.2,1.0968582731303316,-0.09066215339997401,0.0970820393249937
-0.5,1.0,0.4,1.0968582731303316,-0.09066215339997401,0.037082039324993696
-0.5,1.0,0.6000000000000001,1.0968582731303316,-0.09066215339997401,-0.0370820393249937
-0.5,1.0,0.8,1.0968582731303316,-0.09066215339997401,-0.09708203932499368
-0.5,1.0,1.0,1.0968582731303316,-0.09066215339997401,-0.12
-0.5,1.1,0.0,1.1163949410972869,-0.0761129476881322,0.12
-0.5,1.1,0.2,1.1163949410972869,-0.0761129476881322,0.0970820393249937
-0.5,1.1,0.4,1.1163949410972869,-0.0761129476881322,0.037082039324993696
-0.5,1.1,0.6000000000000001,1.1163949410972869,-0.0761129476881322,-0.0370820393249937
-0.5,1.1,0.8,1.1163949410972869,-0.0761129476881322,-0.09708203932499368
-0.5,1.1,1.0,1.1163949410972869,-0.0761129476881322,-0.12
-0.5,1.2000000000000002,0.0,1.133572971362524,-0.06080324656258604,0.12
-0.5,1.2000000000000002,0.2,1.133572971362524,-0.06080324656258604,0.0970820393249937
-0.5,1.2000000000000002,0.4,1.133572971362524,-0.06080324656258604,0.037082039324993696
-0.5,1.2000000000000002,0.6000000000000001,1.133572971362524,-0.06080324656258604,-0.0370820393249937
-0.5,1.2000000000000002,0.8,1.133572971362524,-0.06080324656258604,-0.09708203932499368
-0.5,1.2000000000000002,1.0,1.133572971362524,-0.06080324656258604,-0.12
-0.4,-1.2000000000000002,0.0,1.127317253521924,-0.0493880646248469,0.12
-0.4,-1.2000000000000002,0.2,1.127317253521924,-0.0493880646248469,0.0970820393249937
-0.4,-1.2000000000000002,0.4,1.127317253521924,-0.0493880646248469,0.037082039324993696
-0.4,-1.2000000000000002,0.6000000000000001,1.127317253521924,-0.0493880646248469,-0.0370820393249937
-0.4,-1.2000000000000002,0.8,1.127317253521924,-0.0493880646248469,-0.09708203932499368
-0.4,-1.2000000000000002,1.0,1.127317253521924,-0.0493880646248469,-0.12
-0.4,-1.1,0.0,1.1085214945609918,-0.061823527389113585,0.12
-0.4,-1.1,0.2,1.1085214945609918,-0.061823527389113585,0.0970820393249937
-0.4,-1.1,0.4,1.1085214945609918,-0.061823527389113585,0.037082039324993696
-0.4,-1.1,0.6000000000000001,1.1085214945609918,-0.061823527389113585,-0.0370820393249937
-0.4,-1.1,0.8,1.1085214945609918,-0.061823527389113585,-0.09708203932499368
-0.4,-1.1,1.0,1.1085214945609918,-0.061823527389113585,-0.12
-0.4,-1.0,0.0,1.087144974882262,-0.07364126990384935,0.12
-0.4,-1.0,0.2,1.087144974882262,-0.07364126990384935,0.0970820393249937
-0.4,-1.0,0.4,1.087144974882262,-0.07364126990384935,0.037082039324993696
-0.4,-1.0,0.6000000000000001,1.087144974882262,-0.07364126990384935,-0.0370820393249937
-0.4,-1.0,0.8,1.087144974882262,-0.07364126990384935,-0.09708203932499368
-0.4,-1.0,1.0,1.087144974882262,-0.07364126990384935,-0.12
-0.4,-0.9,0.0,1.0635301062827764,-0.08472321319227323,0.12
-0.4,-0.9,0.2,1.0635301062827764,-0.08472321319227323,0.0970820393249937
-0.4,-0.9,0.4,1.0635301062827764,-0.08472321319227323,0.037082039324993696
-0.4,-0.9,0.6000000000000001,1.0635301062827764,-0.08472321319227323,-0.0370820393249937
-0.4,-0.9,0.8,1.0635301062827764,-0.08472321319227323,-0.09708203932499368
-0.4,-0.9,1.0,1.0635301062827764,-0.08472321319227323,-0.12
-0.4,-0.8,0.0,1.0382415729178003,-0.09495863014025077,0.12
-0.4,-0.8,0.2,1.0382415729178003,-0.09495863014025077,0.0970820393249937
-0.4,-0.8,0.4,1.0382415729178003,-0.09495863014025077,0.037082039324993696
-0.4,-0.8,0.6000000000000001,1.0382415729178003,-0.09495863014025077,-0.0370820393249937
-0.4,-0.8,0.8,1.0382415729178003,-0.09495863014025077,-0.09708203932499368
-0.4,-0.8,1.0,1.0382415729178003,-0.09495863014025077,-0.12
-0.4,-0.7000000000000001,0.0,1.0120635203660342,-0.10424525184501675,0.12
-0.4,-0.7000000000000001,0.2,1.0120635203660342,-0.10424525184501675,0.0970820393249937
-0.4,-0.7000000000000001,0.4,1.0120635203660342,-0.10424525184501675,0.037082039324993696
-0.4,-0.7000000000000001,0.6000000000000001,1.0120635203660342,-0.10424525184501675,-0.0370820393249937
-0.4,-0.7000000000000001,0.8,1.0120635203660342,-0.10424525184501675,-0.09708203932499368
-0.4,-0.7000000000000001,1.0,1.0120635203660342,-0.10424525184501675,-0.12
-0.4,-0.6000000000000001,0.0,0.9859726027307301,-0.11249028945224616,0.12
-0.4,-0.6000000000000001,0.2,0.9859726027307301,-0.11249028945224616,0.0970820393249937
-0.4,-0.6000000000000001,0.4,0.9859726027307301,-0.11249028945224616,0.037082039324993696
-0.4,-0.6000000000000001,0.6000000000000001,0.9859726027307301,-0.11249028945224616,-0.0370820393249937
-0.4,-0.6000000000000001,0.8,0.9859726027307301,-0.11249028945224616,-0.09708203932499368
-0.4,-0.6000000000000001,1.0,0.9859726027307301,-0.11249028945224616,-0.12
-0.4,-0.5,0.0,0.9610859099509249,-0.11961136127161467,0.12
-0.4,-0.5,0.2,0.9610859099509249,-0.11961136127161467,0.0970820393249937
-0.4,-0.5,0.4,0.9610859099509249,-0.11961136127161467,0.037082039324993696
-0.4,-0.5,0.6000000000000001,0.9610859099509249,-0.11961136127161467,-0.0370820393249937
-0.4,-0.5,0.8,0.9610859099509249,-0.11961136127161467,-0.09708203932499368
-0.4,-0.5,1.0,0.9610859099509249,-0.11961136127161467,-0.12
-0.4,-0.4,0.0,0.9385863466534713,-0.12553731590741649,0.12
-0.4,-0.4,0.2,0.9385863466534713,-0.12553731590741649,0.0970820393249937
-0.4,-0.4,0.4,0.9385863466534713,-0.12553731590741649,0.037082039324993696
-0.4,-0.4,0.6000000000000001,0.9385863466534713,-0.12553731590741649,-0.0370820393249937
-0.4,-0.4,0.8,0.9385863466534713,-0.12553731590741649,-0.09708203932499368
-0.4,-0.4,1.0,0.9385863466534713,-0.12553731590741649,-0.12
-0.4,-0.30000000000000004,0.0,0.9196317180942941,-0.13020894317979087,0.12
-0.4,-0.30000000000000004,0.2,0.9196317180942941,-0.13020894317979087,0.0970820393249937
-0.4,-0.30000000000000004,0.4,0.9196317180942941,-0.13020894317979087,0.037082039324993696
-0.4,-0.30000000000000004,0.6000000000000001,0.9196317180942941,-0.13020894317979087,-0.0370820393249937
-0.4,-0.30000000000000004,0.8,0.9196317180942941,-0.13020894317979087,-0.09708203932499368
-0.4,-0.30000000000000004,1.0,0.9196317180942941,-0.13020894317979087,-0.12
-0.4,-0.2,0.0,0.9052569288919265,-0.1335795657332669,0.12
-0.4,-0.2,0.2,0.9052569288919265,-0.1335795657332669,0.0970820393249937
-0.4,-0.2,0.4,0.9052569288919265,-0.1335795657332669,0.037082039324993696
-0.4,-0.2,0.6000000000000001,0.9052569288919265,-0.1335795657332669,-0.0370820393249937
-0.4,-0.2,0.8,0.9052569288919265,-0.1335795657332669,-0.09708203932499368
-0.4,-0.2,1.0,0.9052569288919265,-0.1335795657332669,-0.12
-0.4,-0.1,0.0,0.896280666025302,-0.13561550542146997,0.12
-0.4,-0.1,0.2,0.896280666025302,-0.13561550542146997,0.0970820393249937
-0.4,-0.1,0.4,0.896280666025302,-0.13561550542146997,0.037082039324993696
-0.4,-0.1,0.6000000000000001,0.896280666025302,-0.13561550542146997,-0.0370820393249937
-0.4,-0.1,0.8,0.896280666025302,-0.13561550542146997,-0.09708203932499368
-0.4,-0.1,1.0,0.896280666025302,-0.13561550542146997,-0.12
-0.4,0.0,0.0,0.8932282359721639,-0.13629641980802767,0.12
-0.4,0.0,0.2,0.8932282359721639,-0.13629641980802767,0.0970820393249937
-0.4,0.0,0.4,0.8932282359721639,-0.13629641980802767,0.037082039324993696
-0.4,0.0,0.6000000000000001,0.8932282359721639,-0.13629641980802767,-0.0370820393249937
-0.4,0.0,0.8,0.8932282359721639,-0.13629641980802767,-0.09708203932499368
-0.4,0.0,1.0,0.8932282359721639,-0.13629641980802767,-0.12
-0.4,0.1,0.0,0.896280666025302,-0.13561550542146997,0.12
-0.4,0.1,0.2,0.896280666025302,-0.13561550542146997,0.0970820393249937
-0.4,0.1,0.4,0.896280666025302,-0.13561550542146997,0.037082039324993696
-0.4,0.1,0.6000000000000001,0.896280666025302,-0.13561550542146997,-0.0370820393249937
-0.4,0.1,0.8,0.896280666025302,-0.13561550542146997,-0.09708203932499368
-0.4,0.1,1.0,0.896280666025302,-0.13561550542146997,-0.12
-0.4,0.2,0.0,0.9052569288919265,-0.1335795657332669,0.12
-0.4,0.2,0.2,0.9052569288919265,-0.1335795657332669,0.0970820393249937
-0.4,0.2,0.4,0.9052569288919265,-0.1335795657332669,0.037082039324993696
-0.4,0.2,0.6000000000000001,0.9052569288919265,-0.1335795657332669,-0.0370820393249937
-0.4,0.2,0.8,0.9052569288919265,-0.1335795657332669,-0.09708203932499368
-0.4,0.2,1.0,0.9052569288919265,-0.1335795657332669,-0.12
-0.4,0.30000000000000004,0.0,0.9196317180942941,-0.13020894317979087,0.12
-0.4,0.30000000000000004,0.2,0.9196317180942941,-0.13020894317979087,0.0970820393249937
-0.4,0.30000000000000004,0.4,0.9196317180942941,-0.13020894317979087,0.037082039324993696
-0.4,0.30000000000000004,0.6000000000000001,0.9196317180942941,-0.13020894317979087,-0.0370820393249937
-0.4,0.30000000000000004,0.8,0.9196317180942941,-0.13020894317979087,-0.09708203932499368
-0.4,0.30000000000000004,1.0,0.9196317180942941,-0.13020894317979087,-0.12
-0.4,0.4,0.0,0.9385863466534713,-0.12553731590741649,0.12
-0.4,0.4,0.2,0.9385863466534713,-0.12553731590741649,0.0970820393249937
-0.4,0.4,0.4,0.9385863466534713,-0.12553731590741649,0.037082039324993696
-0.4,0.4,0.6000000000000001,0.9385863466534713,-0.12553731590741649,-0.0370820393249937
-0.4,0.4,0.8,0.9385863466534713,-0.12553731590741649,-0.09708203932499368
-0.4,0.4,1.0,0.9385863466534713,-0.12553731590741649,-0.12
-0.4,0.5,0.0,0.9610859099509249,-0.11961136127161467,0.12
-0.4,0.5,0.2,0.9610859099509249,-0.11961136127161467,0.0970820393249937
-0.4,0.5,0.4,0.9610859099509249,-0.11961136127161467,0.037082039324993696
-0.4,0.5,0.6000000000000001,0.9610859099509249,-0.11961136127161467,-0.0370820393249937
-0.4,0.5,0.8,0.9610859099509249,-0.11961136127161467,-0.09708203932499368
-0.4,0.5,1.0,0.9610859099509249,-0.11961136127161467,-0.12
-0.4,0.6000000000000001,0.0,0.9859726027307301,-0.11249028945224616,0.12
-0.4,0.6000000000000001,0.2,0.9859726027307301,-0.11249028945224616,0.0970820393249937
-0.4,0.6000000000000001,0.4,0.9859726027307301,-0.11249028945224616,0.037082039324993696
-0.4,0.6000000000000001,0.6000000000000001,0.9859726027307301,-0.11249028945224616,-0.0370820393249937
-0.4,0.6000000000000001,0.8,0.9859726027307301,-0.11249028945224616,-0.09708203932499368
-0.4,0.6000000000000001,1.0,0.9859726027307301,-0.11249028945224616,-0.12
-0.4,0.7000000000000001,0.0,1.0120635203660342,-0.10424525184501675,0.12
-0.4,0.7000000000000001,0.2,1.0120635203660342,-0.10424525184501675,0.0970820393249937
-0.4,0.7000000000000001,0.4,1.0120635203660342,-0.10424525184501675,0.037082039324993696
-0.4,0.7000000000000001,0.6000000000000001,1.0120635203660342,-0.10424525184501675,-0.0370820393249937
-0.4,0.7000000000000001,0.8,1.0120635203660342,-0.10424525184501675,-0.09708203932499368
-0.4,0.7000000000000001,1.0,1.0120635203660342,-0.10424525184501675,-0.12
-0.4,0.8,0.0,1.0382415729178003,-0.09495863014025077,0.12
-0.4,0.8,0.2,1.0382415729178003,-0.09495863014025077,0.0970820393249937
-0.4,0.8,0.4,1.0382415729178003,-0.09495863014025077,0.037082039324993696
-0.4,0.8,0.6000000000000001,1.0382415729178003,-0.09495863014025077,-0.0370820393249937
-0.4,0.8,0.8,1.0382415729178003,-0.09495863014025077,-0.09708203932499368
-0.4,0.8,1.0,1.0382415729178003,-0.09495863014025077,-0.12
-0.4,0.9,0.0,1.0635301062827764,-0.08472321319227323,0.12
-0.4,0.9,0.2,1.0635301062827764,-0.08472321319227323,0.0970820393249937
-0.4,0.9,0.4,1.0635301062827764,-0.08472321319227323,0.037082039324993696
-0.4,0.9,0.6000000000000001,1.0635301062827764,-0.08472321319227323,-0.0370820393249937
-0.4,0.9,0.8,1.0635301062827764,-0.08472321319227323,-0.09708203932499368
-0.4,0.9,1.0,1.0635301062827764,-0.08472321319227323,-0.12
-0.4,1.0,0.0,1.087144974882262,-0.07364126990384935,0.12
-0.4,1.0,0.2,1.087144974882262,-0.07364126990384935,0.0970820393249937
-0.4,1.0,0.4,1.087144974882262,-0.07364126990384935,0.037082039324993696
-0.4,1.0,0.6000000000000001,1.087144974882262,-0.07364126990384935,-0.0370820393249937
-0.4,1.0,0.8,1.087144974882262,-0.07364126990384935,-0.09708203932499368
-0.4,1.0,1.0,1.087144974882262,-0.07364126990384935,-0.12
-0.4,1.1,0.0,1.1085214945609918,-0.061823527389113585,0.12
-0.4,1.1,0.2,1.1085214945609918,-0.061823527389113585,0.0970820393249937
-0.4,1.1,0.4,1.1085214945609918,-0.061823527389113585,0.037082039324993696
-0.4,1.1,0.6000000000000001,1.1085214945609918,-0.061823527389113585,-0.0370820393249937
-0.4,1.1,0.8,1.1085214945609918,-0.061823527389113585,-0.09708203932499368
-0.4,1.1,1.0,1.1085214945609918,-0.061823527389113585,-0.12
-0.4,1.2000000000000002,0.0,1.127317253521924,-0.0493880646248469,0.12
-0.4,1.2000000000000002,0.2,1.127317253521924,-0.0493880646248469,0.0970820393249937
-0.4,1.2000000000000002,0.4,1.127317253521924,-0.0493880646248469,0.037082039324993696
-0.4,1.2000000000000002,0.6000000000000001,1.127317253521924,-0.0493880646248469,-0.0370820393249937
-0.4,1.2000000000000002,0.8,1.127317253521924,-0.0493880646248469,-0.09708203932499368
-0.4,1.2000000000000002,1.0,1.127317253521924,-0.0493880646248469,-0.12
-0.30000000000000004,-1.2000000000000002,0.0,1.1220471597662376,-0.03747941347089991,0.12
-0.30000000000000004,-1.2000000000000002,0.2,1.1220471597662376,-0.03747941347089991,0.0970820393249937
-0.30000000000000004,-1.2000000000000002,0.4,1.1220471597662376,-0.03747941347089991,0.037082039324993696
-0.30000000000000004,-1.2000000000000002,0.6000000000000001,1.1220471597662376,-0.03747941347089991,-0.0370820393249937
-0.30000000000000004,-1.2000000000000002,0.8,1.1220471597662376,-0.03747941347089991,-0.09708203932499368
-0.30000000000000004,-1.2000000000000002,1.0,1.1220471597662376,-0.03747941347089991,-0.12
-0.30000000000000004,-1.1,0.0,1.1018885545077555,-0.04691638684056404,0.12
-0.30000000000000004,-1.1,0.2,1.1018885545077555,-0.04691638684056404,0.0970820393249937
-0.30000000000000004,-1.1,0.4,1.1018885545077555,-0.04691638684056404,0.037082039324993696
-0.30000000000000004,-1.1,0.6000000000000001,1.1018885545077555,-0.04691638684056404,-0.0370820393249937
-0.30000000000000004,-1.1,0.8,1.1018885545077555,-0.04691638684056404,-0.09708203932499368
-0.30000000000000004,-1.1,1.0,1.1018885545077555,-0.04691638684056404,-0.12
-0.30000000000000004,-1.0,0.0,1.078962062265576,-0.05588458718141284,0.12
-0.30000000000000004,-1.0,0.2,1.078962062265576,-0.05588458718141284,0.0970820393249937
-0.30000000000000004,-1.0,0.4,1.078962062265576,-0.05588458718141284,0.037082039324993696
-0.30000000000000004,-1.0,0.6000000000000001,1.078962062265576,-0.05588458718141284,-0.0370820393249937
-0.30000000000000004,-1.0,0.8,1.078962062265576,-0.05588458718141284,-0.09708203932499368
-0.30000000000000004,-1.0,1.0,1.078962062265576,-0.05588458718141284,-0.12
-0.30000000000000004,-0.9,0.0,1.0536349224933843,-0.06429440720013342,0.12
-0.30000000000000004,-0.9,0.2,1.0536349224933843,-0.06429440720013342,0.0970820393249937
-0.30000000000000004,-0.9,0.4,1.0536349224933843,-0.06429440720013342,0.037082039324993696
-0.30000000000000004,-0.9,0.6000000000000001,1.0536349224933843,-0.06429440720013342,-0.0370820393249937
-0.30000000000000004,-0.9,0.8,1.0536349224933843,-0.06429440720013342,-0.09708203932499368
-0.30000000000000004,-0.9,1.0,1.0536349224933843,-0.06429440720013342,-0.12
-0.30000000000000004,-0.8,0.0,1.026512763567527,-0.07206181875501566,0.12
-0.30000000000000004,-0.8,0.2,1.026512763567527,-0.07206181875501566,0.0970820393249937
-0.30000000000000004,-0.8,0.4,1.026512763567527,-0.07206181875501566,0.037082039324993696
-0.30000000000000004,-0.8,0.6000000000000001,1.026512763567527,-0.07206181875501566,-0.0370820393249937
-0.30000000000000004,-0.8,0.8,1.026512763567527,-0.07206181875501566,-0.09708203932499368
-0.30000000000000004,-0.8,1.0,1.026512763567527,-0.07206181875501566,-0.12
-0.30000000000000004,-0.7000000000000001,0.0,0.9984365880364553,-0.07910921243736804,0.12
-0.30000000000000004,-0.7000000000000001,0.2,0.9984365880364553,-0.07910921243736804,0.0970820393249937
-0.30000000000000004,-0.7000000000000001,0.4,0.9984365880364553,-0.07910921243736804,0.037082039324993696
-0.30000000000000004,-0.7000000000000001,0.6000000000000001,0.9984365880364553,-0.07910921243736804,-0.0370820393249937
-0.30000000000000004,-0.7000000000000001,0.8,0.9984365880364553,-0.07910921243736804,-0.09708203932499368
-0.30000000000000004,-0.7000000000000001,1.0,0.9984365880364553,-0.07910921243736804,-0.12
-0.30000000000000004,-0.6000000000000001,0.0,0.9704538654161615,-0.08536617301907516,0.12
-0.30000000000000004,-0.6000000000000001,0.2,0.9704538654161615,-0.08536617301907516,0.0970820393249937
-0.30000000000000004,-0.6000000000000001,0.4,0.9704538654161615,-0.08536617301907516,0.037082039324993696
-0.30000000000000004,-0.6000000000000001,0.6000000000000001,0.9704538654161615,-0.08536617301907516,-0.0370820393249937
-0.30000000000000004,-0.6000000000000001,0.8,0.9704538654161615,-0.08536617301907516,-0.09708203932499368
-0.30000000000000004,-0.6000000000000001,1.0,0.9704538654161615,-0.08536617301907516,-0.12
-0.30000000000000004,-0.5,0.0,0.9437626838054605,-0.09077018301828077,0.12
-0.30000000000000004,-0.5,0.2,0.9437626838054605,-0.09077018301828077,0.0970820393249937
-0.30000000000000004,-0.5,0.4,0.9437626838054605,-0.09077018301828077,0.037082039324993696
-0.30000000000000004,-0.5,0.6000000000000001,0.9437626838054605,-0.09077018301828077,-0.0370820393249937
-0.30000000000000004,-0.5,0.8,0.9437626838054605,-0.09077018301828077,-0.09708203932499368
-0.30000000000000004,-0.5,1.0,0.9437626838054605,-0.09077018301828077,-0.12
-0.30000000000000004,-0.4,0.0,0.9196317180942941,-0.09526724735340102,0.12
-0.30000000000000004,-0.4,0.2,0.9196317180942941,-0.09526724735340102,0.0970820393249937
-0.30000000000000004,-0.4,0.4,0.9196317180942941,-0.09526724735340102,0.037082039324993696
-0.30000000000000004,-0.4,0.6000000000000001,0.9196317180942941,-0.09526724735340102,-0.0370820393249937
-0.30000000000000004,-0.4,0.8,0.9196317180942941,-0.09526724735340102,-0.09708203932499368
-0.30000000000000004,-0.4,1.0,0.9196317180942941,-0.09526724735340102,-0.12
-0.30000000000000004,-0.30000000000000004,0.0,0.8993027238919421,-0.09881243284413119,0.12
-0.30000000000000004,-0.30000000000000004,0.2,0.8993027238919421,-0.09881243284413119,0.0970820393249937
-0.30000000000000004,-0.30000000000000004,0.4,0.8993027238919421,-0.09881243284413119,0.037082039324993696
-0.30000000000000004,-0.30000000000000004,0.6000000000000001,0.8993027238919421,-0.09881243284413119,-0.0370820393249937
-0.30000000000000004,-0.30000000000000004,0.8,0.8993027238919421,-0.09881243284413119,-0.09708203932499368
-0.30000000000000004,-0.30000000000000004,1.0,0.8993027238919421,-0.09881243284413119,-0.12
-0.30000000000000004,-0.2,0.0,0.8838856448685979,-0.10137031716893045,0.12
-0.30000000000000004,-0.2,0.2,0.8838856448685979,-0.10137031716893045,0.0970820393249937
-0.30000000000000004,-0.2,0.4,0.8838856448685979,-0.10137031716893045,0.037082039324993696
-0.30000000000000004,-0.2,0.6000000000000001,0.8838856448685979,-0.10137031716893045,-0.0370820393249937
-0.30000000000000004,-0.2,0.8,0.8838856448685979,-0.10137031716893045,-0.09708203932499368
-0.30000000000000004,-0.2,1.0,0.8838856448685979,-0.10137031716893045,-0.12
-0.30000000000000004,-0.1,0.0,0.8742585295070545,-0.10291534279314955,0.12
-0.30000000000000004,-0.1,0.2,0.8742585295070545,-0.10291534279314955,0.0970820393249937
-0.30000000000000004,-0.1,0.4,0.8742585295070545,-0.10291534279314955,0.037082039324993696
-0.30000000000000004,-0.1,0.6000000000000001,0.8742585295070545,-0.10291534279314955,-0.0370820393249937
-0.30000000000000004,-0.1,0.8,0.8742585295070545,-0.10291534279314955,-0.09708203932499368
-0.30000000000000004,-0.1,1.0,0.8742585295070545,-0.10291534279314955,-0.12
-0.30000000000000004,0.0,0.0,0.8709847733023578,-0.10343207233146885,0.12
-0.30000000000000004,0.0,0.2,0.8709847733023578,-0.10343207233146885,0.0970820393249937
-0.30000000000000004,0.0,0.4,0.8709847733023578,-0.10343207233146885,0.037082039324993696
-0.30000000000000004,0.0,0.6000000000000001,0.8709847733023578,-0.10343207233146885,-0.0370820393249937
-0.30000000000000004,0.0,0.8,0.8709847733023578,-0.10343207233146885,-0.09708203932499368
-0.30000000000000004,0.0,1.0,0.8709847733023578,-0.10343207233146885,-0.12
-0.30000000000000004,0.1,0.0,0.8742585295070545,-0.10291534279314955,0.12
-0.30000000000000004,0.1,0.2,0.8742585295070545,-0.10291534279314955,0.0970820393249937
-0.30000000000000004,0.1,0.4,0.8742585295070545,-0.10291534279314955,0.037082039324993696
-0.30000000000000004,0.1,0.6000000000000001,0.8742585295070545,-0.10291534279314955,-0.0370820393249937
-0.30000000000000004,0.1,0.8,0.8742585295070545,-0.10291534279314955,-0.09708203932499368
-0.30000000000000004,0.1,1.0,0.8742585295070545,-0.10291534279314955,-0.12
-0.30000000000000004,0.2,0.0,0.8838856448685979,-0.10137031716893045,0.12
-0.30000000000000004,0.2,0.2,0.8838856448685979,-0.10137031716893045,0.0970820393249937
-0.30000000000000004,0.2,0.4,0.8838856448685979,-0.10137031716893045,0.037082039324993696
-0.30000000000000004,0.2,0.6000000000000001,0.8838856448685979,-0.10137031716893045,-0.0370820393249937
-0.30000000000000004,0.2,0.8,0.8838856448685979,-0.10137031716893045,-0.09708203932499368
-0.30000000000000004,0.2,1.0,0.8838856448685979,-0.10137031716893045,-0.12
-0.30000000000000004,0.30000000000000004,0.0,0.8993027238919421,-0.09881243284413119,0.12
-0.30000000000000004,0.30000000000000004,0.2,0.8993027238919421,-0.09881243284413119,0.0970820393249937
-0.30000000000000004,0.30000000000000004,0.4,0.8993027238919421,-0.09881243284413119,0.037082039324993696
-0.30000000000000004,0.30000000000000004,0.6000000000000001,0.8993027238919421,-0.09881243284413119,-0.0370820393249937
-0.30000000000000004,0.30000000000000004,0.8,0.8993027238919421,-0.09881243284413119,-0.09708203932499368
-0.30000000000000004,0.30000000000000004,1.0,0.8993027238919421,-0.09881243284413119,-0.12
-0.30000000000000004,0.4,0.0,0.9196317180942941,-0.09526724735340102,0.12
-0.30000000000000004,0.4,0.2,0.9196317180942941,-0.09526724735340102,0.0970820393249937
-0.30000000000000004,0.4,0.4,0.9196317180942941,-0.09526724735340102,0.037082039324993696
-0.30000000000000004,0.4,0.6000000000000001,0.9196317180942941,-0.09526724735340102,-0.0370820393249937
-0.30000000000000004,0.4,0.8,0.9196317180942941,-0.09526724735340102,-0.09708203932499368
-0.30000000000000004,0.4,1.0,0.9196317180942941,-0.09526724735340102,-0.12
-0.30000000000000004,0.5,0.0,0.9437626838054605,-0.09077018301828077,0.12
-0.30000000000000004,0.5,0.2,0.9437626838054605,-0.09077018301828077,0.0970820393249937
-0.30000000000000004,0.5,0.4,0.9437626838054605,-0.09077018301828077,0.037082039324993696
-0.30000000000000004,0.5,0.6000000000000001,0.9437626838054605,-0.09077018301828077,-0.0370820393249937
-0.30000000000000004,0.5,0.8,0.9437626838054605,-0.09077018301828077,-0.09708203932499368
-0.30000000000000004,0.5,1.0,0.9437626838054605,-0.09077018301828077,-0.12
-0.30000000000000004,0.6000000000000001,0.0,0.9704538654161615,-0.08536617301907516,0.12
-0.30000000000000004,0.6000000000000001,0.2,0.9704538654161615,-0.08536617301907516,0.0970820393249937
-0.30000000000000004,0.6000000000000001,0.4,0.9704538654161615,-0.08536617301907516,0.037082039324993696
-0.30000000000000004,0.6000000000000001,0.6000000000000001,0.9704538654161615,-0.08536617301907516,-0.0370820393249937
-0.30000000000000004,0.6000000000000001,0.8,0.9704538654161615,-0.08536617301907516,-0.09708203932499368
-0.30000000000000004,0.6000000000000001,1.0,0.9704538654161615,-0.08536617301907516,-0.12
-0.30000000000000004,0.7000000000000001,0.0,0.9984365880364553,-0.07910921243736804,0.12
-0.30000000000000004,0.7000000000000001,0.2,0.9984365880364553,-0.07910921243736804,0.0970820393249937
-0.30000000000000004,0.7000000000000001,0.4,0.9984365880364553,-0.07910921243736804,0.037082039324993696
-0.30000000000000004,0.7000000000000001,0.6000000000000001,0.9984365880364553,-0.07910921243736804,-0.0370820393249937
-0.30000000000000004,0.7000000000000001,0.8,0.9984365880364553,-0.07910921243736804,-0.09708203932499368
-0.30000000000000004,0.7000000000000001,1.0,0.9984365880364553,-0.07910921243736804,-0.12
-0.30000000000000004,0.8,0.0,1.026512763567527,-0.07206181875501566,0.12
-0.30000000000000004,0.8,0.2,1.026512763567527,-0.07206181875501566,0.0970820393249937
-0.30000000000000004,0.8,0.4,1.026512763567527,-0.07206181875501566,0.037082039324993696
-0.30000000000000004,0.8,0.6000000000000001,1.026512763567527,-0.07206181875501566,-0.0370820393249937
-0.30000000000000004,0.8,0.8,1.026512763567527,-0.07206181875501566,-0.09708203932499368
-0.30000000000000004,0.8,1.0,1.026512763567527,-0.07206181875501566,-0.12
-0.30000000000000004,0.9,0.0,1.0536349224933843,-0.06429440720013342,0.12
-0.30000000000000004,0.9,0.2,1.0536349224933843,-0.06429440720013342,0.0970820393249937
-0.30000000000000004,0.9,0.4,1.0536349224933843,-0.06429440720013342,0.037082039324993696
-0.30000000000000004,0.9,0.6000000000000001,1.0536349224933843,-0.06429440720013342,-0.0370820393249937
-0.30000000000000004,0.9,0.8,1.0536349224933843,-0.06429440720013342,-0.09708203932499368
-0.30000000000000004,0.9,1.0,1.0536349224933843,-0.06429440720013342,-0.12
-0.30000000000000004,1.0,0.0,1.078962062265576,-0.05588458718141284,0.12
-0.30000000000000004,1.0,0.2,1.078962062265576,-0.05588458718141284,0.0970820393249937
-0.30000000000000004,1.0,0.4,1.078962062265576,-0.05588458718141284,0.037082039324993696
-0.30000000000000004,1.0,0.6000000000000001,1.078962062265576,-0.05588458718141284,-0.0370820393249937
-0.30000000000000004,1.0,0.8,1.078962062265576,-0.05588458718141284,-0.09708203932499368
-0.30000000000000004,1.0,1.0,1.078962062265576,-0.05588458718141284,-0.12
-0.30000000000000004,1.1,0.0,1.1018885545077555,-0.04691638684056404,0.12
-0.30000000000000004,1.1,0.2,1.1018885545077555,-0.04691638684056404,0.0970820393249937
-0.30000000000000004,1.1,0.4,1.1018885545077555,-0.04691638684056404,0.037082039324993696
-0.30000000000000004,1.1,0.6000000000000001,1.1018885545077555,-0.04691638684056404,-0.0370820393249937
-0.30000000000000004,1.1,0.8,1.1018885545077555,-0.04691638684056404,-0.09708203932499368
-0.30000000000000004,1.1,1.0,1.1018885545077555,-0.04691638684056404,-0.12
-0.30000000000000004,1.2000000000000002,0.0,1.1220471597662376,-0.03747941347089991,0.12
-0.30000000000000004,1.2000000000000002,0.2,1.1220471597662376,-0.03747941347089991,0.0970820393249937
-0.30000000000000004,1.2000000000000002,0.4,1.1220471597662376,-0.03747941347089991,0.037082039324993696
-0.30000000000000004,1.2000000000000002,0.6000000000000001,1.1220471597662376,-0.03747941347089991,-0.0370820393249937
-0.30000000000000004,1.2000000000000002,0.8,1.1220471597662376,-0.03747941347089991,-0.09708203932499368
-0.30000000000000004,1.2000000000000002,1.0,1.1220471597662376,-0.03747941347089991,-0.12
-0.2,-1.2000000000000002,0.0,1.1180504321818274,-0.025196280406598628,0.12
-0.2,-1.2000000000000002,0.2,1.1180504321818274,-0.025196280406598628,0.0970820393249937
-0.2,-1.2000000000000002,0.4,1.1180504321818274,-0.025196280406598628,0.037082039324993696
-0.2,-1.2000000000000002,0.6000000000000001,1.1180504321818274,-0.025196280406598628,-0.0370820393249937
-0.2,-1.2000000000000002,0.8,1.1180504321818274,-0.025196280406598628,-0.09708203932499368
-0.2,-1.2000000000000002,1.0,1.1180504321818274,-0.025196280406598628,-0.12
-0.2,-1.1,0.0,1.0968582731303316,-0.03154047326319917,0.12
-0.2,-1.1,0.2,1.0968582731303316,-0.03154047326319917,0.0970820393249937
-0.2,-1.1,0.4,1.0968582731303316,-0.03154047326319917,0.037082039324993696
-0.2,-1.1,0.6000000000000001,1.0968582731303316,-0.03154047326319917,-0.0370820393249937
-0.2,-1.1,0.8,1.0968582731303316,-0.03154047326319917,-0.09708203932499368
-0.2,-1.1,1.0,1.0968582731303316,-0.03154047326319917,-0.12
-0.2,-1.0,0.0,1.072756314494839,-0.03756952413684813,0.12
-0.2,-1.0,0.2,1.072756314494839,-0.03756952413684813,0.0970820393249937
-0.2,-1.0,0.4,1.072756314494839,-0.03756952413684813,0.037082039324993696
-0.2,-1.0,0.6000000000000001,1.072756314494839,-0.03756952413684813,-0.0370820393249937
-0.2,-1.0,0.8,1.072756314494839,-0.03756952413684813,-0.09708203932499368
-0.2,-1.0,1.0,1.072756314494839,-0.03756952413684813,-0.12
-0.2,-0.9,0.0,1.0461306244984583,-0.04322319274415524,0.12
-0.2,-0.9,0.2,1.0461306244984583,-0.04322319274415524,0.0970820393249937
-0.2,-0.9,0.4,1.0461306244984583,-0.04322319274415524,0.037082039324993696
-0.2,-0.9,0.6000000000000001,1.0461306244984583,-0.04322319274415524,-0.0370820393249937
-0.2,-0.9,0.8,1.0461306244984583,-0.04322319274415524,-0.09708203932499368
-0.2,-0.9,1.0,1.0461306244984583,-0.04322319274415524,-0.12
-0.2,-0.8,0.0,1.0176178827483877,-0.04844498949725069,0.12
-0.2,-0.8,0.2,1.0176178827483877,-0.04844498949725069,0.0970820393249937
-0.2,-0.8,0.4,1.0176178827483877,-0.04844498949725069,0.037082039324993696
-0.2,-0.8,0.6000000000000001,1.0176178827483877,-0.04844498949725069,-0.0370820393249937
-0.2,-0.8,0.8,1.0176178827483877,-0.04844498949725069,-0.09708203932499368
-0.2,-0.8,1.0,1.0176178827483877,-0.04844498949725069,-0.12
-0.2,-0.7000000000000001,0.0,0.9881022109157922,-0.05318273992907406,0.12
-0.2,-0.7000000000000001,0.2,0.9881022109157922,-0.05318273992907406,0.0970820393249937
-0.2,-0.7000000000000001,0.4,0.9881022109157922,-0.05318273992907406,0.037082039324993696
-0.2,-0.7000000000000001,0.6000000000000001,0.9881022109157922,-0.05318273992907406,-0.0370820393249937
-0.2,-0.7000000000000001,0.8,0.9881022109157922,-0.05318273992907406,-0.09708203932499368
-0.2,-0.7000000000000001,1.0,0.9881022109157922,-0.05318273992907406,-0.12
-0.2,-0.6000000000000001,0.0,0.9586847834271699,-0.057389106003402635,0.12
-0.2,-0.6000000000000001,0.2,0.9586847834271699,-0.057389106003402635,0.0970820393249937
-0.2,-0.6000000000000001,0.4,0.9586847834271699,-0.057389106003402635,0.037082039324993696
-0.2,-0.6000000000000001,0.6000000000000001,0.9586847834271699,-0.057389106003402635,-0.0370820393249937
-0.2,-0.6000000000000001,0.8,0.9586847834271699,-0.057389106003402635,-0.09708203932499368
-0.2,-0.6000000000000001,1.0,0.9586847834271699,-0.057389106003402635,-0.12
-0.2,-0.5,0.0,0.9306251156717166,-0.0610220591008615,0.12
-0.2,-0.5,0.2,0.9306251156717166,-0.0610220591008615,0.0970820393249937
-0.2,-0.5,0.4,0.9306251156717166,-0.0610220591008615,0.037082039324993696
-0.2,-0.5,0.6000000000000001,0.9306251156717166,-0.0610220591008615,-0.0370820393249937
-0.2,-0.5,0.8,0.9306251156717166,-0.0610220591008615,-0.09708203932499368
-0.2,-0.5,1.0,0.9306251156717166,-0.0610220591008615,-0.12
-0.2,-0.4,0.0,0.9052569288919265,-0.06404529995499547,0.12
-0.2,-0.4,0.2,0.9052569288919265,-0.06404529995499547,0.0970820393249937
-0.2,-0.4,0.4,0.9052569288919265,-0.06404529995499547,0.037082039324993696
-0.2,-0.4,0.6000000000000001,0.9052569288919265,-0.06404529995499547,-0.0370820393249937
-0.2,-0.4,0.8,0.9052569288919265,-0.06404529995499547,-0.09708203932499368
-0.2,-0.4,1.0,0.9052569288919265,-0.06404529995499547,-0.12
-0.2,-0.30000000000000004,0.0,0.8838856448685979,-0.06642862134254059,0.12
-0.2,-0.30000000000000004,0.2,0.8838856448685979,-0.06642862134254059,0.0970820393249937
-0.2,-0.30000000000000004,0.4,0.8838856448685979,-0.06642862134254059,0.037082039324993696
-0.2,-0.30000000000000004,0.6000000000000001,0.8838856448685979,-0.06642862134254059,-0.0370820393249937
-0.2,-0.30000000000000004,0.8,0.8838856448685979,-0.06642862134254059,-0.09708203932499368
-0.2,-0.30000000000000004,1.0,0.8838856448685979,-0.06642862134254059,-0.12
-0.2,-0.2,0.0,0.8676781153008111,-0.06814820990401382,0.12
-0.2,-0.2,0.2,0.8676781153008111,-0.06814820990401382,0.0970820393249937
-0.2,-0.2,0.4,0.8676781153008111,-0.06814820990401382,0.037082039324993696
-0.2,-0.2,0.6000000000000001,0.8676781153008111,-0.06814820990401382,-0.0370820393249937
-0.2,-0.2,0.8,0.8676781153008111,-0.06814820990401382,-0.09708203932499368
-0.2,-0.2,1.0,0.8676781153008111,-0.06814820990401382,-0.12
-0.2,-0.1,0.0,0.8575574071797429,-0.06918688407892935,0.12
-0.2,-0.1,0.2,0.8575574071797429,-0.06918688407892935,0.0970820393249937
-0.2,-0.1,0.4,0.8575574071797429,-0.06918688407892935,0.037082039324993696
-0.2,-0.1,0.6000000000000001,0.8575574071797429,-0.06918688407892935,-0.0370820393249937
-0.2,-0.1,0.8,0.8575574071797429,-0.06918688407892935,-0.09708203932499368
-0.2,-0.1,1.0,0.8575574071797429,-0.06918688407892935,-0.12
-0.2,0.0,0.0,0.8541158019051637,-0.06953426577827142,0.12
-0.2,0.0,0.2,0.8541158019051637,-0.06953426577827142,0.0970820393249937
-0.2,0.0,0.4,0.8541158019051637,-0.06953426577827142,0.037082039324993696
-0.2,0.0,0.6000000000000001,0.8541158019051637,-0.06953426577827142,-0.0370820393249937
-0.2,0.0,0.8,0.8541158019051637,-0.06953426577827142,-0.09708203932499368
-0.2,0.0,1.0,0.8541158019051637,-0.06953426577827142,-0.12
-0.2,0.1,0.0,0.8575574071797429,-0.06918688407892935,0.12
-0.2,0.1,0.2,0.8575574071797429,-0.06918688407892935,0.0970820393249937
-0.2,0.1,0.4,0.8575574071797429,-0.06918688407892935,0.037082039324993696
-0.2,0.1,0.6000000000000001,0.8575574071797429,-0.06918688407892935,-0.0370820393249937
-0.2,0.1,0.8,0.8575574071797429,-0.06918688407892935,-0.09708203932499368
-0.2,0.1,1.0,0.8575574071797429,-0.06918688407892935,-0.12
-0.2,0.2,0.0,0.8676781153008111,-0.06814820990401382,0.12
-0.2,0.2,0.2,0.8676781153008111,-0.06814820990401382,0.0970820393249937
-0.2,0.2,0.4,0.8676781153008111,-0.06814820990401382,0.037082039324993696
-0.2,0.2,0.6000000000000001,0.8676781153008111,-0.06814820990401382,-0.0370820393249937
-0.2,0.2,0.8,0.8676781153008111,-0.06814820990401382,-0.09708203932499368
-0.2,0.2,1.0,0.8676781153008111,-0.06814820990401382,-0.12
-0.2,0.30000000000000004,0.0,0.8838856448685979,-0.06642862134254059,0.12
-0.2,0.30000000000000004,0.2,0.8838856448685979,-0.06642862134254059,0.0970820393249937
-0.2,0.30000000000000004,0.4,0.8838856448685979,-0.06642862134254059,0.037082039324993696
-0.2,0.30000000000000004,0.6000000000000001,0.8838856448685979,-0.06642862134254059,-0.0370820393249937
-0.2,0.30000000000000004,0.8,0.8838856448685979,-0.06642862134254059,-0.09708203932499368
-0.2,0.30000000000000004,1.0,0.8838856448685979,-0.06642862134254059,-0.12
-0.2,0.4,0.0,0.9052569288919265,-0.06404529995499547,0.12
-0.2,0.4,0.2,0.9052569288919265,-0.06404529995499547,0.0970820393249937
-0.2,0.4,0.4,0.9052569288919265,-0.06404529995499547,0.037082039324993696
-0.2,0.4,0.6000000000000001,0.9052569288919265,-0.06404529995499547,-0.0370820393249937
-0.2,0.4,0.8,0.9052569288919265,-0.06404529995499547,-0.09708203932499368
-0.2,0.4,1.0,0.9052569288919265,-0.06404529995499547,-0.12
-0.2,0.5,0.0,0.9306251156717166,-0.0610220591008615,0.12
-0.2,0.5,0.2,0.9306251156717166,-0.0610220591008615,0.0970820393249937
-0.2,0.5,0.4,0.9306251156717166,-0.0610220591008615,0.037082039324993696
-0.2,0.5,0.6000000000000001,0.9306251156717166,-0.0610220591008615,-0.0370820393249937
-0.2,0.5,0.8,0.9306251156717166,-0.0610220591008615,-0.09708203932499368
-0.2,0.5,1.0,0.9306251156717166,-0.0610220591008615,-0.12
-0.2,0.6000000000000001,0.0,0.9586847834271699,-0.057389106003402635,0.12
-0.2,0.6000000000000001,0.2,0.9586847834271699,-0.057389106003402635,0.0970820393249937
-0.2,0.6000000000000001,0.4,0.9586847834271699,-0.057389106003402635,0.037082039324993696
-0.2,0.6000000000000001,0.6000000000000001,0.9586847834271699,-0.057389106003402635,-0.0370820393249937
-0.2,0.6000000000000001,0.8,0.9586847834271699,-0.057389106003402635,-0.09708203932499368
-0.2,0.6000000000000001,1.0,0.9586847834271699,-0.057389106003402635,-0.12
-0.2,0.7000000000000001,0.0,0.9881022109157922,-0.05318273992907406,0.12
-0.2,0.7000000000000001,0.2,0.9881022109157922,-0.05318273992907406,0.0970820393249937
-0.2,0.7000000000000001,0.4,0.9881022109157922,-0.05318273992907406,0.037082039324993696
-0.2,0.7000000000000001,0.6000000000000001,0.9881022109157922,-0.05318273992907406,-0.0370820393249937
-0.2,0.7000000000000001,0.8,0.9881022109157922,-0.05318273992907406,-0.09708203932499368
-0.2,0.7000000000000001,1.0,0.9881022109157922,-0.05318273992907406,-0.12
-0.2,0.8,0.0,1.0176178827483877,-0.04844498949725069,0.12
-0.2,0.8,0.2,1.0176178827483877,-0.04844498949725069,0.0970820393249937
-0.2,0.8,0.4,1.0176178827483877,-0.04844498949725069,0.037082039324993696
-0.2,0.8,0.6000000000000001,1.0176178827483877,-0.04844498949725069,-0.0370820393249937
-0.2,0.8,0.8,1.0176178827483877,-0.04844498949725069,-0.09708203932499368
-0.2,0.8,1.0,1.0176178827483877,-0.04844498949725069,-0.12
-0.2,0.9,0.0,1.0461306244984583,-0.04322319274415524,0.12
-0.2,0.9,0.2,1.0461306244984583,-0.04322319274415524,0.0970820393249937
-0.2,0.9,0.4,1.0461306244984583,-0.04322319274415524,0.037082039324993696
-0.2,0.9,0.6000000000000001,1.0461306244984583,-0.04322319274415524,-0.0370820393249937
-0.2,0.9,0.8,1.0461306244984583,-0.04322319274415524,-0.09708203932499368
-0.2,0.9,1.0,1.0461306244984583,-0.04322319274415524,-0.12
-0.2,1.0,0.0,1.072756314494839,-0.03756952413684813,0.12
-0.2,1.0,0.2,1.072756314494839,-0.03756952413684813,0.0970820393249937
-0.2,1.0,0.4,1.072756314494839,-0.03756952413684813,0.037082039324993696
-0.2,1.0,0.6000000000000001,1.072756314494839,-0.03756952413684813,-0.0370820393249937
-0.2,1.0,0.8,1.072756314494839,-0.03756952413684813,-0.09708203932499368
-0.2,1.0,1.0,1.072756314494839,-0.03756952413684813,-0.12
-0.2,1.1,0.0,1.0968582731303316,-0.03154047326319917,0.12
-0.2,1.1,0.2,1.0968582731303316,-0.03154047326319917,0.0970820393249937
-0.2,1.1,0.4,1.0968582731303316,-0.03154047326319917,0.037082039324993696
-0.2,1.1,0.6000000000000001,1.0968582731303316,-0.03154047326319917,-0.0370820393249937
-0.2,1.1,0.8,1.0968582731303316,-0.03154047326319917,-0.09708203932499368
-0.2,1.1,1.0,1.0968582731303316,-0.03154047326319917,-0.12
-0.2,1.2000000000000002,0.0,1.1180504321818274,-0.025196280406598628,0.12
-0.2,1.2000000000000002,0.2,1.1180504321818274,-0.025196280406598628,0.0970820393249937
-0.2,1.2000000000000002,0.4,1.1180504321818274,-0.025196280406598628,0.037082039324993696
-0.2,1.2000000000000002,0.6000000000000001,1.1180504321818274,-0.025196280406598628,-0.0370820393249937
-0.2,1.2000000000000002,0.8,1.1180504321818274,-0.025196280406598628,-0.09708203932499368
-0.2,1.2000000000000002,1.0,1.1180504321818274,-0.025196280406598628,-0.12
-0.1,-1.2000000000000002,0.0,1.1155546962862328,-0.012661394437257579,0.12
-0.1,-1.2000000000000002,0.2,1.1155546962862328,-0.012661394437257579,0.0970820393249937
-0.1,-1.2000000000000002,0.4,1.1155546962862328,-0.012661394437257579,0.037082039324993696
-0.1,-1.2000000000000002,0.6000000000000001,1.1155546962862328,-0.012661394437257579,-0.0370820393249937
-0.1,-1.2000000000000002,0.8,1.1155546962862328,-0.012661394437257579,-0.09708203932499368
-0.1,-1.2000000000000002,1.0,1.1155546962862328,-0.012661394437257579,-0.12
-0.1,-1.1,0.0,1.0937171399073549,-0.015849417702882722,0.12
-0.1,-1.1,0.2,1.0937171399073549,-0.015849417702882722,0.0970820393249937
-0.1,-1.1,0.4,1.0937171399073549,-0.015849417702882722,0.037082039324993696
-0.1,-1.1,0.6000000000000001,1.0937171399073549,-0.015849417702882722,-0.0370820393249937
-0.1,-1.1,0.8,1.0937171399073549,-0.015849417702882722,-0.09708203932499368
-0.1,-1.1,1.0,1.0937171399073549,-0.015849417702882722,-0.12
-0.1,-1.0,0.0,1.0688811673542515,-0.018879078825941593,0.12
-0.1,-1.0,0.2,1.0688811673542515,-0.018879078825941593,0.0970820393249937
-0.1,-1.0,0.4,1.0688811673542515,-0.018879078825941593,0.037082039324993696
-0.1,-1.0,0.6000000000000001,1.0688811673542515,-0.018879078825941593,-0.0370820393249937
-0.1,-1.0,0.8,1.0688811673542515,-0.018879078825941593,-0.09708203932499368
-0.1,-1.0,1.0,1.0688811673542515,-0.018879078825941593,-0.12
-0.1,-0.9,0.0,1.0414446043778403,-0.021720106433965405,0.12
-0.1,-0.9,0.2,1.0414446043778403,-0.021720106433965405,0.0970820393249937
-0.1,-0.9,0.4,1.0414446043778403,-0.021720106433965405,0.037082039324993696
-0.1,-0.9,0.6000000000000001,1.0414446043778403,-0.021720106433965405,-0.0370820393249937
-0.1,-0.9,0.8,1.0414446043778403,-0.021720106433965405,-0.09708203932499368
-0.1,-0.9,1.0,1.0414446043778403,-0.021720106433965405,-0.12
-0.1,-0.8,0.0,1.0120635203660342,-0.02434411391821366,0.12
-0.1,-0.8,0.2,1.0120635203660342,-0.02434411391821366,0.0970820393249937
-0.1,-0.8,0.4,1.0120635203660342,-0.02434411391821366,0.037082039324993696
-0.1,-0.8,0.6000000000000001,1.0120635203660342,-0.02434411391821366,-0.0370820393249937
-0.1,-0.8,0.8,1.0120635203660342,-0.02434411391821366,-0.09708203932499368
-0.1,-0.8,1.0,1.0120635203660342,-0.02434411391821366,-0.12
-0.1,-0.7000000000000001,0.0,0.9816489625034519,-0.026724883063285295,0.12
-0.1,-0.7000000000000001,0.2,0.9816489625034519,-0.026724883063285295,0.0970820393249937
-0.1,-0.7000000000000001,0.4,0.9816489625034519,-0.026724883063285295,0.037082039324993696
-0.1,-0.7000000000000001,0.6000000000000001,0.9816489625034519,-0.026724883063285295,-0.0370820393249937
-0.1,-0.7000000000000001,0.8,0.9816489625034519,-0.026724883063285295,-0.09708203932499368
-0.1,-0.7000000000000001,1.0,0.9816489625034519,-0.026724883063285295,-0.12
-0.1,-0.6000000000000001,0.0,0.9513356409705523,-0.02883862601086041,0.12
-0.1,-0.6000000000000001,0.2,0.9513356409705523,-0.02883862601086041,0.0970820393249937
-0.1,-0.6000000000000001,0.4,0.9513356409705523,-0.02883862601086041,0.037082039324993696
-0.1,-0.6000000000000001,0.6000000000000001,0.9513356409705523,-0.02883862601086041,-0.0370820393249937
-0.1,-0.6000000000000001,0.8,0.9513356409705523,-0.02883862601086041,-0.09708203932499368
-0.1,-0.6000000000000001,1.0,0.9513356409705523,-0.02883862601086041,-0.12
-0.1,-0.5,0.0,0.9224214291107162,-0.030664222940117353,0.12
-0.1,-0.5,0.2,0.9224214291107162,-0.030664222940117353,0.0970820393249937
-0.1,-0.5,0.4,0.9224214291107162,-0.030664222940117353,0.037082039324993696
-0.1,-0.5,0.6000000000000001,0.9224214291107162,-0.030664222940117353,-0.0370820393249937
-0.1,-0.5,0.8,0.9224214291107162,-0.030664222940117353,-0.09708203932499368
-0.1,-0.5,1.0,0.9224214291107162,-0.030664222940117353,-0.12
-0.1,-0.4,0.0,0.896280666025302,-0.0321834330900011,0.12
-0.1,-0.4,0.2,0.896280666025302,-0.0321834330900011,0.0970820393249937
-0.1,-0.4,0.4,0.896280666025302,-0.0321834330900011,0.037082039324993696
-0.1,-0.4,0.6000000000000001,0.896280666025302,-0.0321834330900011,-0.0370820393249937
-0.1,-0.4,0.8,0.896280666025302,-0.0321834330900011,-0.09708203932499368
-0.1,-0.4,1.0,0.896280666025302,-0.0321834330900011,-0.12
-0.1,-0.30000000000000004,0.0,0.8742585295070545,-0.03338107701487812,0.12
-0.1,-0.30000000000000004,0.2,0.8742585295070545,-0.03338107701487812,0.0970820393249937
-0.1,-0.30000000000000004,0.4,0.8742585295070545,-0.03338107701487812,0.037082039324993696
-0.1,-0.30000000000000004,0.6000000000000001,0.8742585295070545,-0.03338107701487812,-0.0370820393249937
-0.1,-0.30000000000000004,0.8,0.8742585295070545,-0.03338107701487812,-0.09708203932499368
-0.1,-0.30000000000000004,1.0,0.8742585295070545,-0.03338107701487812,-0.12
-0.1,-0.2,0.0,0.8575574071797429,-0.0342451882525395,0.12
-0.1,-0.2,0.2,0.8575574071797429,-0.0342451882525395,0.0970820393249937
-0.1,-0.2,0.4,0.8575574071797429,-0.0342451882525395,0.037082039324993696
-0.1,-0.2,0.6000000000000001,0.8575574071797429,-0.0342451882525395,-0.0370820393249937
-0.1,-0.2,0.8,0.8575574071797429,-0.0342451882525395,-0.09708203932499368
-0.1,-0.2,1.0,0.8575574071797429,-0.0342451882525395,-0.12
-0.1,-0.1,0.0,0.8471284776095681,-0.034767132889135716,0.12
-0.1,-0.1,0.2,0.8471284776095681,-0.034767132889135716,0.0970820393249937
-0.1,-0.1,0.4,0.8471284776095681,-0.034767132889135716,0.037082039324993696
-0.1,-0.1,0.6000000000000001,0.8471284776095681,-0.034767132889135716,-0.0370820393249937
-0.1,-0.1,0.8,0.8471284776095681,-0.034767132889135716,-0.09708203932499368
-0.1,-0.1,1.0,0.8471284776095681,-0.034767132889135716,-0.12
-0.1,0.0,0.0,0.8435820598502994,-0.034941695826389854,0.12
-0.1,0.0,0.2,0.8435820598502994,-0.034941695826389854,0.0970820393249937
-0.1,0.0,0.4,0.8435820598502994,-0.034941695826389854,0.037082039324993696
-0.1,0.0,0.6000000000000001,0.8435820598502994,-0.034941695826389854,-0.0370820393249937
-0.1,0.0,0.8,0.8435820598502994,-0.034941695826389854,-0.09708203932499368
-0.1,0.0,1.0,0.8435820598502994,-0.034941695826389854,-0.12
-0.1,0.1,0.0,0.8471284776095681,-0.034767132889135716,0.12
-0.1,0.1,0.2,0.8471284776095681,-0.034767132889135716,0.0970820393249937
-0.1,0.1,0.4,0.8471284776095681,-0.034767132889135716,0.037082039324993696
-0.1,0.1,0.6000000000000001,0.8471284776095681,-0.034767132889135716,-0.0370820393249937
-0.1,0.1,0.8,0.8471284776095681,-0.034767132889135716,-0.09708203932499368
-0.1,0.1,1.0,0.8471284776095681,-0.034767132889135716,-0.12
-0.1,0.2,0.0,0.8575574071797429,-0.0342451882525395,0.12
-0.1,0.2,0.2,0.8575574071797429,-0.0342451882525395,0.0970820393249937
-0.1,0.2,0.4,0.8575574071797429,-0.0342451882525395,0.037082039324993696
-0.1,0.2,0.6000000000000001,0.8575574071797429,-0.0342451882525395,-0.0370820393249937
-0.1,0.2,0.8,0.8575574071797429,-0.0342451882525395,-0.09708203932499368
-0.1,0.2,1.0,0.8575574071797429,-0.0342451882525395,-0.12
-0.1,0.30000000000000004,0.0,0.8742585295070545,-0.03338107701487812,0.12
-0.1,0.30000000000000004,0.2,0.8742585295070545,-0.03338107701487812,0.0970820393249937
-0.1,0.30000000000000004,0.4,0.8742585295070545,-0.03338107701487812,0.037082039324993696
-0.1,0.30000000000000004,0.6000000000000001,0.8742585295070545,-0.03338107701487812,-0.0370820393249937
-0.1,0.30000000000000004,0.8,0.8742585295070545,-0.03338107701487812,-0.09708203932499368
-0.1,0.30000000000000004,1.0,0.8742585295070545,-0.03338107701487812,-0.12
-0.1,0.4,0.0,0.896280666025302,-0.0321834330900011,0.12
-0.1,0.4,0.2,0.896280666025302,-0.0321834330900011,0.0970820393249937
-0.1,0.4,0.4,0.896280666025302,-0.0321834330900011,0.037082039324993696
-0.1,0.4,0.6000000000000001,0.896280666025302,-0.0321834330900011,-0.0370820393249937
-0.1,0.4,0.8,0.896280666025302,-0.0321834330900011,-0.09708203932499368
-0.1,0.4,1.0,0.896280666025302,-0.0321834330900011,-0.12
-0.1,0.5,0.0,0.9224214291107162,-0.030664222940117353,0.12
-0.1,0.5,0.2,0.9224214291107162,-0.030664222940117353,0.0970820393249937
-0.1,0.5,0.4,0.9224214291107162,-0.030664222940117353,0.037082039324993696
-0.1,0.5,0.6000000000000001,0.9224214291107162,-0.030664222940117353,-0.0370820393249937
-0.1,0.5,0.8,0.9224214291107162,-0.030664222940117353,-0.09708203932499368
-0.1,0.5,1.0,0.9224214291107162,-0.030664222940117353,-0.12
-0.1,0.6000000000000001,0.0,0.9513356409705523,-0.02883862601086041,0.12
-0.1,0.6000000000000001,0.2,0.9513356409705523,-0.02883862601086041,0.0970820393249937
-0.1,0.6000000000000001,0.4,0.9513356409705523,-0.02883862601086041,0.037082039324993696
-0.1,0.6000000000000001,0.6000000000000001,0.9513356409705523,-0.02883862601086041,-0.0370820393249937
-0.1,0.6000000000000001,0.8,0.9513356409705523,-0.02883862601086041,-0.09708203932499368
-0.1,0.6000000000000001,1.0,0.9513356409705523,-0.02883862601086041,-0.12
-0.1,0.7000000000000001,0.0,0.9816489625034519,-0.026724883063285295,0.12
-0.1,0.7000000000000001,0.2,0.9816489625034519,-0.026724883063285295,0.0970820393249937
-0.1,0.7000000000000001,0.4,0.9816489625034519,-0.026724883063285295,0.037082039324993696
-0.1,0.7000000000000001,0.6000000000000001,0.9816489625034519,-0.026724883063285295,-0.0370820393249937
-0.1,0.7000000000000001,0.8,0.9816489625034519,-0.026724883063285295,-0.09708203932499368
-0.1,0.7000000000000001,1.0,0.9816489625034519,-0.026724883063285295,-0.12
-0.1,0.8,0.0,1.0120635203660342,-0.02434411391821366,0.12
-0.1,0.8,0.2,1.0120635203660342,-0.02434411391821366,0.0970820393249937
-0.1,0.8,0.4,1.0120635203660342,-0.02434411391821366,0.037082039324993696
-0.1,0.8,0.6000000000000001,1.0120635203660342,-0.02434411391821366,-0.0370820393249937
-0.1,0.8,0.8,1.0120635203660342,-0.02434411391821366,-0.09708203932499368
-0.1,0.8,1.0,1.0120635203660342,-0.02434411391821366,-0.12
-0.1,0.9,0.0,1.0414446043778403,-0.021720106433965405,0.12
-0.1,0.9,0.2,1.0414446043778403,-0.021720106433965405,0.0970820393249937
-0.1,0.9,0.4,1.0414446043778403,-0.021720106433965405,0.037082039324993696
-0.1,0.9,0.6000000000000001,1.0414446043778403,-0.021720106433965405,-0.0370820393249937
-0.1,0.9,0.8,1.0414446043778403,-0.021720106433965405,-0.09708203932499368
-0.1,0.9,1.0,1.0414446043778403,-0.021720106433965405,-0.12
-0.1,1.0,0.0,1.0688811673542515,-0.018879078825941593,0.12
-0.1,1.0,0.2,1.0688811673542515,-0.018879078825941593,0.0970820393249937
-0.1,1.0,0.4,1.0688811673542515,-0.018879078825941593,0.037082039324993696
-0.1,1.0,0.6000000000000001,1.0688811673542515,-0.018879078825941593,-0.0370820393249937
-0.1,1.0,0.8,1.0688811673542515,-0.018879078825941593,-0.09708203932499368
-0.1,1.0,1.0,1.0688811673542515,-0.018879078825941593,-0.12
-0.1,1.1,0.0,1.0937171399073549,-0.015849417702882722,0.12
-0.1,1.1,0.2,1.0937171399073549,-0.015849417702882722,0.0970820393249937
-0.1,1.1,0.4,1.0937171399073549,-0.015849417702882722,0.037082039324993696
-0.1,1.1,0.6000000000000001,1.0937171399073549,-0.015849417702882722,-0.0370820393249937
-0.1,1.1,0.8,1.0937171399073549,-0.015849417702882722,-0.09708203932499368
-0.1,1.1,1.0,1.0937171399073549,-0.015849417702882722,-0.12
-0.1,1.2000000000000002,0.0,1.1155546962862328,-0.012661394437257579,0.12
-0.1,1.2000000000000002,0.2,1.1155546962862328,-0.012661394437257579,0.0970820393249937
-0.1,1.2000000000000002,0.4,1.1155546962862328,-0.012661394437257579,0.037082039324993696
-0.1,1.2000000000000002,0.6000000000000001,1.1155546962862328,-0.012661394437257579,-0.0370820393249937
-0.1,1.2000000000000002,0.8,1.1155546962862328,-0.012661394437257579,-0.09708203932499368
-0.1,1.2000000000000002,1.0,1.1155546962862328,-0.012661394437257579,-0.12
0.0,-1.2000000000000002,0.0,1.114706006874436,0.0,0.12
0.0,-1.2000000000000002,0.2,1.114706006874436,0.0,0.0970820393249937
0.0,-1.2000000000000002,0.4,1.114706006874436,0.0,0.037082039324993696
0.0,-1.2000000000000002,0.6000000000000001,1.114706006874436,0.0,-0.0370820393249937
0.0,-1.2000000000000002,0.8,1.114706006874436,0.0,-0.09708203932499368
0.0,-1.2000000000000002,1.0,1.114706006874436,0.0,-0.12
0.0,-1.1,0.0,1.0926489794052405,0.0,0.12
0.0,-1.1,0.2,1.0926489794052405,0.0,0.0970820393249937
0.0,-1.1,0.4,1.0926489794052405,0.0,0.037082039324993696
0.0,-1.1,0.6000000000000001,1.0926489794052405,0.0,-0.0370820393249937
0.0,-1.1,0.8,1.0926489794052405,0.0,-0.09708203932499368
0.0,-1.1,1.0,1.0926489794052405,0.0,-0.12
0.0,-1.0,0.0,1.0675634011782809,0.0,0.12
0.0,-1.0,0.2,1.0675634011782809,0.0,0.0970820393249937
0.0,-1.0,0.4,1.0675634011782809,0.0,0.037082039324993696
0.0,-1.0,0.6000000000000001,1.0675634011782809,0.0,-0.0370820393249937
0.0,-1.0,0.8,1.0675634011782809,0.0,-0.09708203932499368
0.0,-1.0,1.0,1.0675634011782809,0.0,-0.12
0.0,-0.9,0.0,1.0398510961597411,0.0,0.12
0.0,-0.9,0.2,1.0398510961597411,0.0,0.0970820393249937
0.0,-0.9,0.4,1.0398510961597411,0.0,0.037082039324993696
0.0,-0.9,0.6000000000000001,1.0398510961597411,0.0,-0.0370820393249937
0.0,-0.9,0.8,1.0398510961597411,0.0,-0.09708203932499368
0.0,-0.9,1.0,1.0398510961597411,0.0,-0.12
0.0,-0.8,0.0,1.0101747273445025,0.0,0.12
0.0,-0.8,0.2,1.0101747273445025,0.0,0.0970820393249937
0.0,-0.8,0.4,1.0101747273445025,0.0,0.037082039324993696
0.0,-0.8,0.6000000000000001,1.0101747273445025,0.0,-0.0370820393249937
0.0,-0.8,0.8,1.0101747273445025,0.0,-0.09708203932499368
0.0,-0.8,1.0,1.0101747273445025,0.0,-0.12
0.0,-0.7000000000000001,0.0,0.9794544980936102,0.0,0.12
0.0,-0.7000000000000001,0.2,0.9794544980936102,0.0,0.0970820393249937
0.0,-0.7000000000000001,0.4,0.9794544980936102,0.0,0.037082039324993696
0.0,-0.7000000000000001,0.6000000000000001,0.9794544980936102,0.0,-0.0370820393249937
0.0,-0.7000000000000001,0.8,0.9794544980936102,0.0,-0.09708203932499368
0.0,-0.7000000000000001,1.0,0.9794544980936102,0.0,-0.12
0.0,-0.6000000000000001,0.0,0.9488365226144289,0.0,0.12
0.0,-0.6000000000000001,0.2,0.9488365226144289,0.0,0.0970820393249937
0.0,-0.6000000000000001,0.4,0.9488365226144289,0.0,0.037082039324993696
0.0,-0.6000000000000001,0.6000000000000001,0.9488365226144289,0.0,-0.0370820393249937
0.0,-0.6000000000000001,0.8,0.9488365226144289,0.0,-0.09708203932499368
0.0,-0.6000000000000001,1.0,0.9488365226144289,0.0,-0.12
0.0,-0.5,0.0,0.9196317180942941,0.0,0.12
0.0,-0.5,0.2,0.9196317180942941,0.0,0.0970820393249937
0.0,-0.5,0.4,0.9196317180942941,0.0,0.037082039324993696
0.0,-0.5,0.6000000000000001,0.9196317180942941,0.0,-0.0370820393249937
0.0,-0.5,0.8,0.9196317180942941,0.0,-0.09708203932499368
0.0,-0.5,1.0,0.9196317180942941,0.0,-0.12
0.0,-0.4,0.0,0.8932282359721639,0.0,0.12
0.0,-0.4,0.2,0.8932282359721639,0.0,0.0970820393249937
0.0,-0.4,0.4,0.8932282359721639,0.0,0.037082039324993696
0.0,-0.4,0.6000000000000001,0.8932282359721639,0.0,-0.0370820393249937
0.0,-0.4,0.8,0.8932282359721639,0.0,-0.09708203932499368
0.0,-0.4,1.0,0.8932282359721639,0.0,-0.12
0.0,-0.30000000000000004,0.0,0.8709847733023578,0.0,0.12
0.0,-0.30000000000000004,0.2,0.8709847733023578,0.0,0.0970820393249937
0.0,-0.30000000000000004,0.4,0.8709847733023578,0.0,0.037082039324993696
0.0,-0.30000000000000004,0.6000000000000001,0.8709847733023578,0.0,-0.0370820393249937
0.0,-0.30000000000000004,0.8,0.8709847733023578,0.0,-0.09708203932499368
0.0,-0.30000000000000004,1.0,0.8709847733023578,0.0,-0.12
0.0,-0.2,0.0,0.8541158019051637,0.0,0.12
0.0,-0.2,0.2,0.8541158019051637,0.0,0.0970820393249937
0.0,-0.2,0.4,0.8541158019051637,0.0,0.037082039324993696
0.0,-0.2,0.6000000000000001,0.8541158019051637,0.0,-0.0370820393249937
0.0,-0.2,0.8,0.8541158019051637,0.0,-0.09708203932499368
0.0,-0.2,1.0,0.8541158019051637,0.0,-0.12
0.0,-0.1,0.0,0.8435820598502994,0.0,0.12
0.0,-0.1,0.2,0.8435820598502994,0.0,0.0970820393249937
0.0,-0.1,0.4,0.8435820598502994,0.0,0.037082039324993696
0.0,-0.1,0.6000000000000001,0.8435820598502994,0.0,-0.0370820393249937
0.0,-0.1,0.8,0.8435820598502994,0.0,-0.09708203932499368
0.0,-0.1,1.0,0.8435820598502994,0.0,-0.12
0.0,0.0,0.0,0.84,0.0,0.12
0.0,0.0,0.2,0.84,0.0,0.0970820393249937
0.0,0.0,0.4,0.84,0.0,0.037082039324993696
0.0,0.0,0.6000000000000001,0.84,0.0,-0.0370820393249937
0.0,0.0,0.8,0.84,0.0,-0.09708203932499368
0.0,0.0,1.0,0.84,0.0,-0.12
0.0,0.1,0.0,0.8435820598502994,0.0,0.12
0.0,0.1,0.2,0.8435820598502994,0.0,0.0970820393249937
0.0,0.1,0.4,0.8435820598502994,0.0,0.037082039324993696
0.0,0.1,0.6000000000000001,0.8435820598502994,0.0,-0.0370820393249937
0.0,0.1,0.8,0.8435820598502994,0.0,-0.09708203932499368
0.0,0.1,1.0,0.8435820598502994,0.0,-0.12
0.0,0.2,0.0,0.8541158019051637,0.0,0.12
0.0,0.2,0.2,0.8541158019051637,0.0,0.0970820393249937
0.0,0.2,0.4,0.8541158019051637,0.0,0.037082039324993696
0.0,0.2,0.6000000000000001,0.8541158019051637,0.0,-0.0370820393249937
0.0,0.2,0.8,0.8541158019051637,0.0,-0.09708203932499368
0.0,0.2,1.0,0.8541158019051637,0.0,-0.12
0.0,0.30000000000000004,0.0,0.8709847733023578,0.0,0.12
0.0,0.30000000000000004,0.2,0.8709847733023578,0.0,0.0970820393249937
0.0,0.30000000000000004,0.4,0.8709847733023578,0.0,0.037082039324993696
0.0,0.30000000000000004,0.6000000000000001,0.8709847733023578,0.0,-0.0370820393249937
0.0,0.30000000000000004,0.8,0.8709847733023578,0.0,-0.09708203932499368
0.0,0.30000000000000004,1.0,0.8709847733023578,0.0,-0.12
0.0,0.4,0.0,0.8932282359721639,0.0,0.12
0.0,0.4,0.2,0.8932282359721639,0.0,0.0970820393249937
0.0,0.4,0.4,0.8932282359721639,0.0,0.037082039324993696
0.0,0.4,0.6000000000000001,0.8932282359721639,0.0,-0.0370820393249937
0.0,0.4,0.8,0.8932282359721639,0.0,-0.09708203932499368
0.0,0.4,1.0,0.8932282359721639,0.0,-0.12
0.0,0.5,0.0,0.9196317180942941,0.0,0.12
0.0,0.5,0.2,0.9196317180942941,0.0,0.0970820393249937
0.0,0.5,0.4,0.9196317180942941,0.0,0.037082039324993696
0.0,0.5,0.6000000000000001,0.9196317180942941,0.0,-0.0370820393249937
0.0,0.5,0.8,0.9196317180942941,0.0,-0.09708203932499368
0.0,0.5,1.0,0.9196317180942941,0.0,-0.12
0.0,0.6000000000000001,0.0,0.9488365226144289,0.0,0.12
0.0,0.6000000000000001,0.2,0.9488365226144289,0.0,0.0970820393249937
0.0,0.6000000000000001,0.4,0.9488365226144289,0.0,0.037082039324993696
0.0,0.6000000000000001,0.6000000000000001,0.9488365226144289,0.0,-0.0370820393249937
0.0,0.6000000000000001,0.8,0.9488365226144289,0.0,-0.09708203932499368
0.0,0.6000000000000001,1.0,0.9488365226144289,0.0,-0.12
0.0,0.7000000000000001,0.0,0.9794544980936102,0.0,0.12
0.0,0.7000000000000001,0.2,0.9794544980936102,0.0,0.0970820393249937
0.0,0.7000000000000001,0.4,0.9794544980936102,0.0,0.037082039324993696
0.0,0.7000000000000001,0.6000000000000001,0.9794544980936102,0.0,-0.0370820393249937
0.0,0.7000000000000001,0.8,0.9794544980936102,0.0,-0.09708203932499368
0.0,0.7000000000000001,1.0,0.9794544980936102,0.0,-0.12
0.0,0.8,0.0,1.0101747273445025,0.0,0.12
0.0,0.8,0.2,1.0101747273445025,0.0,0.0970820393249937
0.0,0.8,0.4,1.0101747273445025,0.0,0.037082039324993696
0.0,0.8,0.6000000000000001,1.0101747273445025,0.0,-0.0370820393249937
0.0,0.8,0.8,1.0101747273445025,0.0,-0.09708203932499368
0.0,0.8,1.0,1.0101747273445025,0.0,-0.12
0.0,0.9,0.0,1.0398510961597411,0.0,0.12
0.0,0.9,0.2,1.0398510961597411,0.0,0.0970820393249937
0.0,0.9,0.4,1.0398510961597411,0.0,0.037082039324993696
0.0,0.9,0.6000000000000001,1.0398510961597411,0.0,-0.0370820393249937
0.0,0.9,0.8,1.0398510961597411,0.0,-0.09708203932499368
0.0,0.9,1.0,1.0398510961597411,0.0,-0.12
0.0,1.0,0.0,1.0675634011782809,0.0,0.12
0.0,1.0,0.2,1.0675634011782809,0.0,0.0970820393249937
0.0,1.0,0.4,1.0675634011782809,0.0,0.037082039324993696
0.0,1.0,0.6000000000000001,1.0675634011782809,0.0,-0.0370820393249937
0.0,1.0,0.8,1.0675634011782809,0.0,-0.09708203932499368
0.0,1.0,1.0,1.0675634011782809,0.0,-0.12
0.0,1.1,0.0,1.0926489794052405,0.0,0.12
0.0,1.1,0.2,1.0926489794052405,0.0,0.0970820393249937
0.0,1.1,0.4,1.0926489794052405,0.0,0.037082039324993696
0.0,1.1,0.6000000000000001,1.0926489794052405,0.0,-0.0370820393249937
0.0,1.1,0.8,1.0926489794052405,0.0,-0.09708203932499368
0.0,1.1,1.0,1.0926489794052405,0.0,-0.12
0.0,1.2000000000000002,0.0,1.114706006874436,0.0,0.12
0.0,1.2000000000000002,0.2,1.114706006874436,0.0,0.0970820393249937
0.0,1.2000000000000002,0.4,1.114706006874436,0.0,0.037082039324993696
0.0,1.2000000000000002,0.6000000000000001,1.114706006874436,0.0,-0.0370820393249937
0.0,1.2000000000000002,0.8,1.114706006874436,0.0,-0.09708203932499368
0.0,1.2000000000000002,1.0,1.114706006874436,0.0,-0.12
0.1,-1.2000000000000002,0.0,1.1155546962862328,0.012661394437257579,0.12
0.1,-1.2000000000000002,0.2,1.1155546962862328,0.012661394437257579,0.0970820393249937
0.1,-1.2000000000000002,0.4,1.1155546962862328,0.012661394437257579,0.037082039324993696
0.1,-1.2000000000000002,0.6000000000000001,1.1155546962862328,0.012661394437257579,-0.0370820393249937
0.1,-1.2000000000000002,0.8,1.1155546962862328,0.012661394437257579,-0.09708203932499368
0.1,-1.2000000000000002,1.0,1.1155546962862328,0.012661394437257579,-0.12
0.1,-1.1,0.0,1.0937171399073549,0.015849417702882722,0.12
0.1,-1.1,0.2,1.0937171399073549,0.015849417702882722,0.0970820393249937
0.1,-1.1,0.4,1.0937171399073549,0.015849417702882722,0.037082039324993696
0.1,-1.1,0.6000000000000001,1.0937171399073549,0.015849417702882722,-0.0370820393249937
0.1,-1.1,0.8,1.0937171399073549,0.015849417702882722,-0.09708203932499368
0.1,-1.1,1.0,1.0937171399073549,0.015849417702882722,-0.12
0.1,-1.0,0.0,1.0688811673542515,0.018879078825941593,0.12
0.1,-1.0,0.2,1.0688811673542515,0.018879078825941593,0.0970820393249937
0.1,-1.0,0.4,1.0688811673542515,0.018879078825941593,0.037082039324993696
0.1,-1.0,0.6000000000000001,1.0688811673542515,0.018879078825941593,-0.0370820393249937
0.1,-1.0,0.8,1.0688811673542515,0.018879078825941593,-0.09708203932499368
0.1,-1.0,1.0,1.0688811673542515,0.018879078825941593,-0.12
0.1,-0.9,0.0,1.0414446043778403,0.021720106433965405,0.12
0.1,-0.9,0.2,1.0414446043778403,0.021720106433965405,0.0970820393249937
0.1,-0.9,0.4,1.0414446043778403,0.021720106433965405,0.037082039324993696
0.1,-0.9,0.6000000000000001,1.0414446043778403,0.021720106433965405,-0.0370820393249937
0.1,-0.9,0.8,1.0414446043778403,0.021720106433965405,-0.09708203932499368
0.1,-0.9,1.0,1.0414446043778403,0.021720106433965405,-0.12
0.1,-0.8,0.0,1.0120635203660342,0.02434411391821366,0.12
0.1,-0.8,0.2,1.0120635203660342,0.02434411391821366,0.0970820393249937
0.1,-0.8,0.4,1.0120635203660342,0.02434411391821366,0.037082039324993696
0.1,-0.8,0.6000000000000001,1.0120635203660342,0.02434411391821366,-0.0370820393249937
0.1,-0.8,0.8,1.0120635203660342,0.02434411391821366,-0.09708203932499368
0.1,-0.8,1.0,1.0120635203660342,0.02434411391821366,-0.12
0.1,-0.7000000000000001,0.0,0.9816489625034519,0.026724883063285295,0.12
0.1,-0.7000000000000001,0.2,0.9816489625034519,0.026724883063285295,0.0970820393249937
0.1,-0.7000000000000001,0.4,0.9816489625034519,0.026724883063285295,0.037082039324993696
0.1,-0.7000000000000001,0.6000000000000001,0.9816489625034519,0.026724883063285295,-0.0370820393249937
0.1,-0.7000000000000001,0.8,0.9816489625034519,0.026724883063285295,-0.09708203932499368
0.1,-0.7000000000000001,1.0,0.9816489625034519,0.026724883063285295,-0.12
0.1,-0.6000000000000001,0.0,0.9513356409705523,0.02883862601086041,0.12
0.1,-0.6000000000000001,0.2,0.9513356409705523,0.02883862601086041,0.0970820393249937
0.1,-0.6000000000000001,0.4,0.9513356409705523,0.02883862601086041,0.037082039324993696
0.1,-0.6000000000000001,0.6000000000000001,0.9513356409705523,0.02883862601086041,-0.0370820393249937
0.1,-0.6000000000000001,0.8,0.9513356409705523,0.02883862601086041,-0.09708203932499368
0.1,-0.6000000000000001,1.0,0.9513356409705523,0.02883862601086041,-0.12
0.1,-0.5,0.0,0.9224214291107162,0.030664222940117353,0.12
0.1,-0.5,0.2,0.9224214291107162,0.030664222940117353,0.0970820393249937
0.1,-0.5,0.4,0.9224214291107162,0.030664222940117353,0.037082039324993696
0.1,-0.5,0.6000000000000001,0.9224214291107162,0.030664222940117353,-0.0370820393249937
0.1,-0.5,0.8,0.9224214291107162,0.030664222940117353,-0.09708203932499368
0.1,-0.5,1.0,0.9224214291107162,0.030664222940117353,-0.12
0.1,-0.4,0.0,0.896280666025302,0.0321834330900011,0.12
0.1,-0.4,0.2,0.896280666025302,0.0321834330900011,0.0970820393249937
0.1,-0.4,0.4,0.896280666025302,0.0321834330900011,0.037082039324993696
0.1,-0.4,0.6000000000000001,0.896280666025302,0.0321834330900011,-0.0370820393249937
0.1,-0.4,0.8,0.896280666025302,0.0321834330900011,-0.09708203932499368
0.1,-0.4,1.0,0.896280666025302,0.0321834330900011,-0.12
0.1,-0.30000000000000004,0.0,0.8742585295070545,0.03338107701487812,0.12
0.1,-0.30000000000000004,0.2,0.8742585295070545,0.03338107701487812,0.0970820393249937
0.1,-0.30000000000000004,0.4,0.8742585295070545,0.03338107701487812,0.037082039324993696
0.1,-0.30000000000000004,0.6000000000000001,0.8742585295070545,0.03338107701487812,-0.0370820393249937
0.1,-0.30000000000000004,0.8,0.8742585295070545,0.03338107701487812,-0.09708203932499368
0.1,-0.30000000000000004,1.0,0.8742585295070545,0.03338107701487812,-0.12
0.1,-0.2,0.0,0.8575574071797429,0.0342451882525395,0.12
0.1,-0.2,0.2,0.8575574071797429,0.0342451882525395,0.0970820393249937
0.1,-0.2,0.4,0.8575574071797429,0.0342451882525395,0.037082039324993696
0.1,-0.2,0.6000000000000001,0.8575574071797429,0.0342451882525395,-0.0370820393249937
0.1,-0.2,0.8,0.8575574071797429,0.0342451882525395,-0.09708203932499368
0.1,-0.2,1.0,0.8575574071797429,0.0342451882525395,-0.12
0.1,-0.1,0.0,0.8471284776095681,0.034767132889135716,0.12
0.1,-0.1,0.2,0.8471284776095681,0.034767132889135716,0.0970820393249937
0.1,-0.1,0.4,0.8471284776095681,0.034767132889135716,0.037082039324993696
0.1,-0.1,0.6000000000000001,0.8471284776095681,0.034767132889135716,-0.0370820393249937
0.1,-0.1,0.8,0.8471284776095681,0.034767132889135716,-0.09708203932499368
0.1,-0.1,1.0,0.8471284776095681,0.034767132889135716,-0.12
0.1,0.0,0.0,0.8435820598502994,0.034941695826389854,0.12
0.1,0.0,0.2,0.8435820598502994,0.034941695826389854,0.0970820393249937
0.1,0.0,0.4,0.8435820598502994,0.034941695826389854,0.037082039324993696
0.1,0.0,0.6000000000000001,0.8435820598502994,0.034941695826389854,-0.0370820393249937
0.1,0.0,0.8,0.8435820598502994,0.034941695826389854,-0.09708203932499368
0.1,0.0,1.0,0.8435820598502994,0.034941695826389854,-0.12
0.1,0.1,0.0,0.8471284776095681,0.034767132889135716,0.12
0.1,0.1,0.2,0.8471284776095681,0.034767132889135716,0.0970820393249937
0.1,0.1,0.4,0.8471284776095681,0.034767132889135716,0.037082039324993696
0.1,0.1,0.6000000000000001,0.8471284776095681,0.034767132889135716,-0.0370820393249937
0.1,0.1,0.8,0.8471284776095681,0.034767132889135716,-0.09708203932499368
0.1,0.1,1.0,0.8471284776095681,0.034767132889135716,-0.12
0.1,0.2,0.0,0.8575574071797429,0.0342451882525395,0.12
0.1,0.2,0.2,0.8575574071797429,0.0342451882525395,0.0970820393249937
0.1,0.2,0.4,0.8575574071797429,0.0342451882525395,0.037082039324993696
0.1,0.2,0.6000000000000001,0.8575574071797429,0.0342451882525395,-0.0370820393249937
0.1,0.2,0.8,0.8575574071797429,0.0342451882525395,-0.09708203932499368
0.1,0.2,1.0,0.8575574071797429,0.0342451882525395,-0.12
0.1,0.30000000000000004,0.0,0.8742585295070545,0.03338107701487812,0.12
0.1,0.30000000000000004,0.2,0.8742585295070545,0.03338107701487812,0.0970820393249937
0.1,0.30000000000000004,0.4,0.8742585295070545,0.03338107701487812,0.037082039324993696
0.1,0.30000000000000004,0.6000000000000001,0.8742585295070545,0.03338107701487812,-0.0370820393249937
0.1,0.30000000000000004,0.8,0.8742585295070545,0.03338107701487812,-0.09708203932499368
0.1,0.30000000000000004,1.0,0.8742585295070545,0.03338107701487812,-0.12
0.1,0.4,0.0,0.896280666025302,0.0321834330900011,0.12
0.1,0.4,0.2,0.896280666025302,0.0321834330900011,0.0970820393249937
0.1,0.4,0.4,0.896280666025302,0.0321834330900011,0.037082039324993696
0.1,0.4,0.6000000000000001,0.896280666025302,0.0321834330900011,-0.0370820393249937
0.1,0.4,0.8,0.896280666025302,0.0321834330900011,-0.09708203932499368
0.1,0.4,1.0,0.896280666025302,0.0321834330900011,-0.12
0.1,0.5,0.0,0.9224214291107162,0.030664222940117353,0.12
0.1,0.5,0.2,0.9224214291107162,0.030664222940117353,0.0970820393249937
0.1,0.5,0.4,0.9224214291107162,0.030664222940117353,0.037082039324993696
0.1,0.5,0.6000000000000001,0.9224214291107162,0.030664222940117353,-0.0370820393249937
0.1,0.5,0.8,0.9224214291107162,0.030664222940117353,-0.09708203932499368
0.1,0.5,1.0,0.9224214291107162,0.030664222940117353,-0.12
0.1,0.6000000000000001,0.0,0.9513356409705523,0.02883862601086041,0.12
0.1,0.6000000000000001,0.2,0.9513356409705523,0.02883862601086041,0.0970820393249937
0.1,0.6000000000000001,0.4,0.9513356409705523,0.02883862601086041,0.037082039324993696
0.1,0.6000000000000001,0.6000000000000001,0.9513356409705523,0.02883862601086041,-0.0370820393249937
0.1,0.6000000000000001,0.8,0.9513356409705523,0.02883862601086041,-0.09708203932499368
0.1,0.6000000000000001,1.0,0.9513356409705523,0.02883862601086041,-0.12
0.1,0.7000000000000001,0.0,0.9816489625034519,0.026724883063285295,0.12
0.1,0.7000000000000001,0.2,0.9816489625034519,0.026724883063285295,0.0970820393249937
0.1,0.7000000000000001,0.4,0.9816489625034519,0.026724883063285295,0.037082039324993696
0.1,0.7000000000000001,0.6000000000000001,0.9816489625034519,0.026724883063285295,-0.0370820393249937
0.1,0.7000000000000001,0.8,0.9816489625034519,0.026724883063285295,-0.09708203932499368
0.1,0.7000000000000001,1.0,0.9816489625034519,0.026724883063285295,-0.12
0.1,0.8,0.0,1.0120635203660342,0.02434411391821366,0.12
0.1,0.8,0.2,1.0120635203660342,0.02434411391821366,0.0970820393249937
0.1,0.8,0.4,1.0120635203660342,0.02434411391821366,0.037082039324993696
0.1,0.8,0.6000000000000001,1.0120635203660342,0.02434411391821366,-0.0370820393249937
0.1,0.8,0.8,1.0120635203660342,0.02434411391821366,-0.09708203932499368
0.1,0.8,1.0,1.0120635203660342,0.02434411391821366,-0.12
0.1,0.9,0.0,1.0414446043778403,0.021720106433965405,0.12
0.1,0.9,0.2,1.0414446043778403,0.021720106433965405,0.0970820393249937
0.1,0.9,0.4,1.0414446043778403,0.021720106433965405,0.037082039324993696
0.1,0.9,0.6000000000000001,1.0414446043778403,0.021720106433965405,-0.0370820393249937
0.1,0.9,0.8,1.0414446043778403,0.021720106433965405,-0.09708203932499368
0.1,0.9,1.0,1.0414446043778403,0.021720106433965405,-0.12
0.1,1.0,0.0,1.0688811673542515,0.018879078825941593,0.12
0.1,1.0,0.2,1.0688811673542515,0.018879078825941593,0.0970820393249937
0.1,1.0,0.4,1.0688811673542515,0.018879078825941593,0.037082039324993696
0.1,1.0,0.6000000000000001,1.0688811673542515,0.018879078825941593,-0.0370820393249937
0.1,1.0,0.8,1.0688811673542515,0.018879078825941593,-0.09708203932499368
0.1,1.0,1.0,1.0688811673542515,0.018879078825941593,-0.12
0.1,1.1,0.0,1.0937171399073549,0.015849417702882722,0.12
0.1,1.1,0.2,1.0937171399073549,0.015849417702882722,0.0970820393249937
0.1,1.1,0.4,1.0937171399073549,0.015849417702882722,0.037082039324993696
0.1,1.1,0.6000000000000001,1.0937171399073549,0.015849417702882722,-0.0370820393249937
0.1,1.1,0.8,1.0937171399073549,0.015849417702882722,-0.09708203932499368
0.1,1.1,1.0,1.0937171399073549,0.015849417702882722,-0.12
0.1,1.2000000000000002,0.0,1.1155546962862328,0.012661394437257579,0.12
0.1,1.2000000000000002,0.2,1.1155546962862328,0.012661394437257579,0.0970820393249937
0.1,1.2000000000000002,0.4,1.1155546962862328,0.012661394437257579,0.037082039324993696
0.1,1.2000000000000002,0.6000000000000001,1.1155546962862328,0.012661394437257579,-0.0370820393249937
0.1,1.2000000000000002,0.8,1.1155546962862328,0.012661394437257579,-0.09708203932499368
0.1,1.2000000000000002,1.0,1.1155546962862328,0.012661394437257579,-0.12
0.2,-1.2000000000000002,0.0,1.1180504321818274,0.025196280406598628,0.12
0.2,-1.2000000000000002,0.2,1.1180504321818274,0.025196280406598628,0.0970820393249937
0.2,-1.2000000000000002,0.4,1.1180504321818274,0.025196280406598628,0.037082039324993696
0.2,-1.2000000000000002,0.6000000000000001,1.1180504321818274,0.025196280406598628,-0.0370820393249937
0.2,-1.2000000000000002,0.8,1.1180504321818274,0.025196280406598628,-0.09708203932499368
0.2,-1.2000000000000002,1.0,1.1180504321818274,0.025196280406598628,-0.12
0.2,-1.1,0.0,1.0968582731303316,0.03154047326319917,0.12
0.2,-1.1,0.2,1.0968582731303316,0.03154047326319917,0.0970820393249937
0.2,-1.1,0.4,1.0968582731303316,0.03154047326319917,0.037082039324993696
0.2,-1.1,0.6000000000000001,1.0968582731303316,0.03154047326319917,-0.0370820393249937
0.2,-1.1,0.8,1.0968582731303316,0.03154047326319917,-0.09708203932499368
0.2,-1.1,1.0,1.0968582731303316,0.03154047326319917,-0.12
0.2,-1.0,0.0,1.072756314494839,0.03756952413684813,0.12
0.2,-1.0,0.2,1.072756314494839,0.03756952413684813,0.0970820393249937
0.2,-1.0,0.4,1.072756314494839,0.03756952413684813,0.037082039324993696
0.2,-1.0,0.6000000000000001,1.072756314494839,0.03756952413684813,-0.0370820393249937
0.2,-1.0,0.8,1.072756314494839,0.03756952413684813,-0.09708203932499368
0.2,-1.0,1.0,1.072756314494839,0.03756952413684813,-0.12
0.2,-0.9,0.0,1.0461306244984583,0.04322319274415524,0.12
0.2,-0.9,0.2,1.0461306244984583,0.04322319274415524,0.0970820393249937
0.2,-0.9,0.4,1.0461306244984583,0.04322319274415524,0.037082039324993696
0.2,-0.9,0.6000000000000001,1.0461306244984583,0.04322319274415524,-0.0370820393249937
0.2,-0.9,0.8,1.0461306244984583,0.04322319274415524,-0.09708203932499368
0.2,-0.9,1.0,1.0461306244984583,0.04322319274415524,-0.12
0.2,-0.8,0.0,1.0176178827483877,0.04844498949725069,0.12
0.2,-0.8,0.2,1.0176178827483877,0.04844498949725069,0.0970820393249937
0.2,-0.8,0.4,1.0176178827483877,0.04844498949725069,0.037082039324993696
0.2,-0.8,0.6000000000000001,1.0176178827483877,0.04844498949725069,-0.0370820393249937
0.2,-0.8,0.8,1.0176178827483877,0.04844498949725069,-0.09708203932499368
0.2,-0.8,1.0,1.0176178827483877,0.04844498949725069,-0.12
0.2,-0.7000000000000001,0.0,0.9881022109157922,0.05318273992907406,0.12
0.2,-0.7000000000000001,0.2,0.9881022109157922,0.05318273992907406,0.0970820393249937
0.2,-0.7000000000000001,0.4,0.9881022109157922,0.05318273992907406,0.037082039324993696
0.2,-0.7000000000000001,0.6000000000000001,0.9881022109157922,0.05318273992907406,-0.0370820393249937
0.2,-0.7000000000000001,0.8,0.9881022109157922,0.05318273992907406,-0.09708203932499368
0.2,-0.7000000000000001,1.0,0.9881022109157922,0.05318273992907406,-0.12
0.2,-0.6000000000000001,0.0,0.9586847834271699,0.057389106003402635,0.12
0.2,-0.6000000000000001,0.2,0.9586847834271699,0.057389106003402635,0.0970820393249937
0.2,-0.6000000000000001,0.4,0.9586847834271699,0.057389106003402635,0.037082039324993696
0.2,-0.6000000000000001,0.6000000000000001,0.9586847834271699,0.057389106003402635,-0.0370820393249937
0.2,-0.6000000000000001,0.8,0.9586847834271699,0.057389106003402635,-0.09708203932499368
0.2,-0.6000000000000001,1.0,0.9586847834271699,0.057389106003402635,-0.12
0.2,-0.5,0.0,0.9306251156717166,0.0610220591008615,0.12
0.2,-0.5,0.2,0.9306251156717166,0.0610220591008615,0.0970820393249937
0.2,-0.5,0.4,0.9306251156717166,0.0610220591008615,0.037082039324993696
0.2,-0.5,0.6000000000000001,0.9306251156717166,0.0610220591008615,-0.0370820393249937
0.2,-0.5,0.8,0.9306251156717166,0.0610220591008615,-0.09708203932499368
0.2,-0.5,1.0,0.9306251156717166,0.0610220591008615,-0.12
0.2,-0.4,0.0,0.9052569288919265,0.06404529995499547,0.12
0.2,-0.4,0.2,0.9052569288919265,0.06404529995499547,0.0970820393249937
0.2,-0.4,0.4,0.9052569288919265,0.06404529995499547,0.037082039324993696
0.2,-0.4,0.6000000000000001,0.9052569288919265,0.06404529995499547,-0.0370820393249937
0.2,-0.4,0.8,0.9052569288919265,0.06404529995499547,-0.09708203932499368
0.2,-0.4,1.0,0.9052569288919265,0.06404529995499547,-0.12
0.2,-0.30000000000000004,0.0,0.8838856448685979,0.06642862134254059,0.12
0.2,-0.30000000000000004,0.2,0.8838856448685979,0.06642862134254059,0.0970820393249937
0.2,-0.30000000000000004,0.4,0.8838856448685979,0.06642862134254059,0.037082039324993696
0.2,-0.30000000000000004,0.6000000000000001,0.8838856448685979,0.06642862134254059,-0.0370820393249937
0.2,-0.30000000000000004,0.8,0.8838856448685979,0.06642862134254059,-0.09708203932499368
0.2,-0.30000000000000004,1.0,0.8838856448685979,0.06642862134254059,-0.12
0.2,-0.2,0.0,0.8676781153008111,0.06814820990401382,0.12
0.2,-0.2,0.2,0.8676781153008111,0.06814820990401382,0.0970820393249937
0.2,-0.2,0.4,0.8676781153008111,0.06814820990401382,0.037082039324993696
0.2,-0.2,0.6000000000000001,0.8676781153008111,0.06814820990401382,-0.0370820393249937
0.2,-0.2,0.8,0.8676781153008111,0.06814820990401382,-0.09708203932499368
0.2,-0.2,1.0,0.8676781153008111,0.06814820990401382,-0.12
0.2,-0.1,0.0,0.8575574071797429,0.06918688407892935,0.12
0.2,-0.1,0.2,0.8575574071797429,0.06918688407892935,0.0970820393249937
0.2,-0.1,0.4,0.8575574071797429,0.06918688407892935,0.037082039324993696
0.2,-0.1,0.6000000000000001,0.8575574071797429,0.06918688407892935,-0.0370820393249937
0.2,-0.1,0.8,0.8575574071797429,0.06918688407892935,-0.09708203932499368
0.2,-0.1,1.0,0.8575574071797429,0.06918688407892935,-0.12
0.2,0.0,0.0,0.8541158019051637,0.06953426577827142,0.12
0.2,0.0,0.2,0.8541158019051637,0.06953426577827142,0.0970820393249937
0.2,0.0,0.4,0.8541158019051637,0.06953426577827142,0.037082039324993696
0.2,0.0,0.6000000000000001,0.8541158019051637,0.06953426577827142,-0.0370820393249937
0.2,0.0,0.8,0.8541158019051637,0.06953426577827142,-0.09708203932499368
0.2,0.0,1.0,0.8541158019051637,0.06953426577827142,-0.12
0.2,0.1,0.0,0.8575574071797429,0.06918688407892935,0.12
0.2,0.1,0.2,0.8575574071797429,0.06918688407892935,0.0970820393249937
0.2,0.1,0.4,0.8575574071797429,0.06918688407892935,0.037082039324993696
0.2,0.1,0.6000000000000001,0.8575574071797429,0.06918688407892935,-0.0370820393249937
0.2,0.1,0.8,0.8575574071797429,0.06918688407892935,-0.09708203932499368
0.2,0.1,1.0,0.8575574071797429,0.06918688407892935,-0.12
0.2,0.2,0.0,0.8676781153008111,0.06814820990401382,0.12
0.2,0.2,0.2,0.8676781153008111,0.06814820990401382,0.0970820393249937
0.2,0.2,0.4,0.8676781153008111,0.06814820990401382,0.037082039324993696
0.2,0.2,0.6000000000000001,0.8676781153008111,0.06814820990401382,-0.0370820393249937
0.2,0.2,0.8,0.8676781153008111,0.06814820990401382,-0.09708203932499368
0.2,0.2,1.0,0.8676781153008111,0.06814820990401382,-0.12
0.2,0.30000000000000004,0.0,0.8838856448685979,0.06642862134254059,0.12
0.2,0.30000000000000004,0.2,0.8838856448685979,0.06642862134254059,0.0970820393249937
0.2,0.30000000000000004,0.4,0.8838856448685979,0.06642862134254059,0.037082039324993696
0.2,0.30000000000000004,0.6000000000000001,0.8838856448685979,0.06642862134254059,-0.0370820393249937
0.2,0.30000000000000004,0.8,0.8838856448685979,0.06642862134254059,-0.09708203932499368
0.2,0.30000000000000004,1.0,0.8838856448685979,0.06642862134254059,-0.12
0.2,0.4,0.0,0.9052569288919265,0.06404529995499547,0.12
0.2,0.4,0.2,0.9052569288919265,0.06404529995499547,0.0970820393249937
0.2,0.4,0.4,0.9052569288919265,0.06404529995499547,0.037082039324993696
0.2,0.4,0.6000000000000001,0.9052569288919265,0.06404529995499547,-0.0370820393249937
0.2,0.4,0.8,0.9052569288919265,0.06404529995499547,-0.09708203932499368
0.2,0.4,1.0,0.9052569288919265,0.06404529995499547,-0.12
0.2,0.5,0.0,0.9306251156717166,0.0610220591008615,0.12
0.2,0.5,0.2,0.9306251156717166,0.0610220591008615,0.0970820393249937
0.2,0.5,0.4,0.9306251156717166,0.0610220591008615,0.037082039324993696
0.2,0.5,0.6000000000000001,0.9306251156717166,0.0610220591008615,-0.0370820393249937
0.2,0.5,0.8,0.9306251156717166,0.0610220591008615,-0.09708203932499368
0.2,0.5,1.0,0.9306251156717166,0.0610220591008615,-0.12
0.2,0.6000000000000001,0.0,0.9586847834271699,0.057389106003402635,0.12
0.2,0.6000000000000001,0.2,0.9586847834271699,0.057389106003402635,0.0970820393249937
0.2,0.6000000000000001,0.4,0.9586847834271699,0.057389106003402635,0.037082039324993696
0.2,0.6000000000000001,0.6000000000000001,0.9586847834271699,0.057389106003402635,-0.0370820393249937
0.2,0.6000000000000001,0.8,0.9586847834271699,0.057389106003402635,-0.09708203932499368
0.2,0.6000000000000001,1.0,0.9586847834271699,0.057389106003402635,-0.12
0.2,0.7000000000000001,0.0,0.9881022109157922,0.05318273992907406,0.12
0.2,0.7000000000000001,0.2,0.9881022109157922,0.05318273992907406,0.0970820393249937
0.2,0.7000000000000001,0.4,0.9881022109157922,0.05318273992907406,0.037082039324993696
0.2,0.7000000000000001,0.6000000000000001,0.9881022109157922,0.05318273992907406,-0.0370820393249937
0.2,0.7000000000000001,0.8,0.9881022109157922,0.05318273992907406,-0.09708203932499368
0.2,0.7000000000000001,1.0,0.9881022109157922,0.05318273992907406,-0.12
0.2,0.8,0.0,1.0176178827483877,0.04844498949725069,0.12
0.2,0.8,0.2,1.0176178827483877,0.04844498949725069,0.0970820393249937
0.2,0.8,0.4,1.0176178827483877,0.04844498949725069,0.037082039324993696
0.2,0.8,0.6000000000000001,1.0176178827483877,0.04844498949725069,-0.0370820393249937
0.2,0.8,0.8,1.0176178827483877,0.04844498949725069,-0.09708203932499368
0.2,0.8,1.0,1.0176178827483877,0.04844498949725069,-0.12
0.2,0.9,0.0,1.0461306244984583,0.04322319274415524,0.12
0.2,0.9,0.2,1.0461306244984583,0.04322319274415524,0.0970820393249937
0.2,0.9,0.4,1.0461306244984583,0.04322319274415524,0.037082039324993696
0.2,0.9,0.6000000000000001,1.0461306244984583,0.04322319274415524,-0.0370820393249937
0.2,0.9,0.8,1.0461306244984583,0.04322319274415524,-0.09708203932499368
0.2,0.9,1.0,1.0461306244984583,0.04322319274415524,-0.12
0.2,1.0,0.0,1.072756314494839,0.03756952413684813,0.12
0.2,1.0,0.2,1.072756314494839,0.03756952413684813,0.0970820393249937
0.2,1.0,0.4,1.072756314494839,0.03756952413684813,0.037082039324993696
0.2,1.0,0.6000000000000001,1.072756314494839,0.03756952413684813,-0.0370820393249937
0.2,1.0,0.8,1.072756314494839,0.03756952413684813,-0.09708203932499368
0.2,1.0,1.0,1.072756314494839,0.03756952413684813,-0.12
0.2,1.1,0.0,1.0968582731303316,0.03154047326319917,0.12
0.2,1.1,0.2,1.0968582731303316,0.03154047326319917,0.0970820393249937
0.2,1.1,0.4,1.0968582731303316,0.03154047326319917,0.037082039324993696
0.2,1.1,0.6000000000000001,1.0968582731303316,0.03154047326319917,-0.0370820393249937
0.2,1.1,0.8,1.0968582731303316,0.03154047326319917,-0.09708203932499368
0.2,1.1,1.0,1.0968582731303316,0.03154047326319917,-0.12
0.2,1.2000000000000002,0.0,1.1180504321818274,0.025196280406598628,0.12
0.2,1.2000000000000002,0.2,1.1180504321818274,0.025196280406598628,0.0970820393249937
0.2,1.2000000000000002,0.4,1.1180504321818274,0.025196280406598628,0.037082039324993696
0.2,1.2000000000000002,0.6000000000000001,1.1180504321818274,0.025196280406598628,-0.0370820393249937
0.2,1.2000000000000002,0.8,1.1180504321818274,0.025196280406598628,-0.09708203932499368
0.2,1.2000000000000002,1.0,1.1180504321818274,0.025196280406598628,-0.12
0.30000000000000004,-1.2000000000000002,0.0,1.1220471597662376,0.03747941347089991,0.12
0.30000000000000004,-1.2000000000000002,0.2,1.1220471597662376,0.03747941347089991,0.0970820393249937
0.30000000000000004,-1.2000000000000002,0.4,1.1220471597662376,0.03747941347089991,0.037082039324993696
0.30000000000000004,-1.2000000000000002,0.6000000000000001,1.1220471597662376,0.03747941347089991,-0.0370820393249937
0.30000000000000004,-1.2000000000000002,0.8,1.1220471597662376,0.03747941347089991,-0.09708203932499368
0.30000000000000004,-1.2000000000000002,1.0,1.1220471597662376,0.03747941347089991,-0.12
0.30000000000000004,-1.1,0.0,1.1018885545077555,0.04691638684056404,0.12
0.30000000000000004,-1.1,0.2,1.1018885545077555,0.04691638684056404,0.0970820393249937
0.30000000000000004,-1.1,0.4,1.1018885545077555,0.04691638684056404,0.037082039324993696
0.30000000000000004,-1.1,0.6000000000000001,1.1018885545077555,0.04691638684056404,-0.0370820393249937
0.30000000000000004,-1.1,0.8,1.1018885545077555,0.04691638684056404,-0.09708203932499368
0.30000000000000004,-1.1,1.0,1.1018885545077555,0.04691638684056404,-0.12
0.30000000000000004,-1.0,0.0,1.078962062265576,0.05588458718141284,0.12
0.30000000000000004,-1.0,0.2,1.078962062265576,0.05588458718141284,0.0970820393249937
0.30000000000000004,-1.0,0.4,1.078962062265576,0.05588458718141284,0.037082039324993696
0.30000000000000004,-1.0,0.6000000000000001,1.078962062265576,0.05588458718141284,-0.0370820393249937
0.30000000000000004,-1.0,0.8,1.078962062265576,0.05588458718141284,-0.09708203932499368
0.30000000000000004,-1.0,1.0,1.078962062265576,0.05588458718141284,-0.12
0.30000000000000004,-0.9,0.0,1.0536349224933843,0.06429440720013342,0.12
0.30000000000000004,-0.9,0.2,1.0536349224933843,0.06429440720013342,0.0970820393249937
0.30000000000000004,-0.9,0.4,1.0536349224933843,0.06429440720013342,0.037082039324993696
0.30000000000000004,-0.9,0.6000000000000001,1.0536349224933843,0.06429440720013342,-0.0370820393249937
0.30000000000000004,-0.9,0.8,1.0536349224933843,0.06429440720013342,-0.09708203932499368
0.30000000000000004,-0.9,1.0,1.0536349224933843,0.06429440720013342,-0.12
0.30000000000000004,-0.8,0.0,1.026512763567527,0.07206181875501566,0.12
0.30000000000000004,-0.8,0.2,1.026512763567527,0.07206181875501566,0.0970820393249937
0.30000000000000004,-0.8,0.4,1.026512763567527,0.07206181875501566,0.037082039324993696
0.30000000000000004,-0.8,0.6000000000000001,1.026512763567527,0.07206181875501566,-0.0370820393249937
0.30000000000000004,-0.8,0.8,1.026512763567527,0.07206181875501566,-0.09708203932499368
0.30000000000000004,-0.8,1.0,1.026512763567527,0.07206181875501566,-0.12
0.30000000000000004,-0.7000000000000001,0.0,0.9984365880364553,0.07910921243736804,0.12
0.30000000000000004,-0.7000000000000001,0.2,0.9984365880364553,0.07910921243736804,0.0970820393249937
0.30000000000000004,-0.7000000000000001,0.4,0.9984365880364553,0.07910921243736804,0.037082039324993696
0.30000000000000004,-0.7000000000000001,0.6000000000000001,0.9984365880364553,0.07910921243736804,-0.0370820393249937
0.30000000000000004,-0.7000000000000001,0.8,0.9984365880364553,0.07910921243736804,-0.09708203932499368
0.30000000000000004,-0.7000000000000001,1.0,0.9984365880364553,0.07910921243736804,-0.12
0.30000000000000004,-0.6000000000000001,0.0,0.9704538654161615,0.08536617301907516,0.12
0.30000000000000004,-0.6000000000000001,0.2,0.9704538654161615,0.08536617301907516,0.0970820393249937
0.30000000000000004,-0.6000000000000001,0.4,0.9704538654161615,0.08536617301907516,0.037082039324993696
0.30000000000000004,-0.6000000000000001,0.6000000000000001,0.9704538654161615,0.08536617301907516,-0.0370820393249937
0.30000000000000004,-0.6000000000000001,0.8,0.9704538654161615,0.08536617301907516,-0.09708203932499368
0.30000000000000004,-0.6000000000000001,1.0,0.9704538654161615,0.08536617301907516,-0.12
0.30000000000000004,-0.5,0.0,0.9437626838054605,0.09077018301828077,0.12
0.30000000000000004,-0.5,0.2,0.9437626838054605,0.09077018301828077,0.0970820393249937
0.30000000000000004,-0.5,0.4,0.9437626838054605,0.09077018301828077,0.037082039324993696
0.30000000000000004,-0.5,0.6000000000000001,0.9437626838054605,0.09077018301828077,-0.0370820393249937
0.30000000000000004,-0.5,0.8,0.9437626838054605,0.09077018301828077,-0.09708203932499368
0.30000000000000004,-0.5,1.0,0.9437626838054605,0.09077018301828077,-0.12
0.30000000000000004,-0.4,0.0,0.9196317180942941,0.09526724735340102,0.12
0.30000000000000004,-0.4,0.2,0.9196317180942941,0.09526724735340102,0.0970820393249937
0.30000000000000004,-0.4,0.4,0.9196317180942941,0.09526724735340102,0.037082039324993696
0.30000000000000004,-0.4,0.6000000000000001,0.9196317180942941,0.09526724735340102,-0.0370820393249937
0.30000000000000004,-0.4,0.8,0.9196317180942941,0.09526724735340102,-0.09708203932499368
0.30000000000000004,-0.4,1.0,0.9196317180942941,0.09526724735340102,-0.12
0.30000000000000004,-0.30000000000000004,0.0,0.8993027238919421,0.09881243284413119,0.12
0.30000000000000004,-0.30000000000000004,0.2,0.8993027238919421,0.09881243284413119,0.0970820393249937
0.30000000000000004,-0.30000000000000004,0.4,0.8993027238919421,0.09881243284413119,0.037082039324993696
0.30000000000000004,-0.30000000000000004,0.6000000000000001,0.8993027238919421,0.09881243284413119,-0.0370820393249937
0.30000000000000004,-0.30000000000000004,0.8,0.8993027238919421,0.09881243284413119,-0.09708203932499368
0.30000000000000004,-0.30000000000000004,1.0,0.8993027238919421,0.09881243284413119,-0.12
0.30000000000000004,-0.2,0.0,0.8838856448685979,0.10137031716893045,0.12
0.30000000000000004,-0.2,0.2,0.8838856448685979,0.10137031716893045,0.0970820393249937
0.30000000000000004,-0.2,0.4,0.8838856448685979,0.10137031716893045,0.037082039324993696
0.30000000000000004,-0.2,0.6000000000000001,0.8838856448685979,0.10137031716893045,-0.0370820393249937
0.30000000000000004,-0.2,0.8,0.8838856448685979,0.10137031716893045,-0.09708203932499368
0.30000000000000004,-0.2,1.0,0.8838856448685979,0.10137031716893045,-0.12
0.30000000000000004,-0.1,0.0,0.8742585295070545,0.10291534279314955,0.12
0.30000000000000004,-0.1,0.2,0.8742585295070545,0.10291534279314955,0.0970820393249937
0.30000000000000004,-0.1,0.4,0.8742585295070545,0.10291534279314955,0.037082039324993696
0.30000000000000004,-0.1,0.6000000000000001,0.8742585295070545,0.10291534279314955,-0.0370820393249937
0.30000000000000004,-0.1,0.8,0.8742585295070545,0.10291534279314955,-0.09708203932499368
0.30000000000000004,-0.1,1.0,0.8742585295070545,0.10291534279314955,-0.12
0.30000000000000004,0.0,0.0,0.8709847733023578,0.10343207233146885,0.12
0.30000000000000004,0.0,0.2,0.8709847733023578,0.10343207233146885,0.0970820393249937
0.30000000000000004,0.0,0.4,0.8709847733023578,0.10343207233146885,0.037082039324993696
0.30000000000000004,0.0,0.6000000000000001,0.8709847733023578,0.10343207233146885,-0.0370820393249937
0.30000000000000004,0.0,0.8,0.8709847733023578,0.10343207233146885,-0.09708203932499368
0.30000000000000004,0.0,1.0,0.8709847733023578,0.10343207233146885,-0.12
0.30000000000000004,0.1,0.0,0.8742585295070545,0.10291534279314955,0.12
0.30000000000000004,0.1,0.2,0.8742585295070545,0.10291534279314955,0.0970820393249937
0.30000000000000004,0.1,0.4,0.8742585295070545,0.10291534279314955,0.037082039324993696
0.30000000000000004,0.1,0.6000000000000001,0.8742585295070545,0.10291534279314955,-0.0370820393249937
0.30000000000000004,0.1,0.8,0.8742585295070545,0.10291534279314955,-0.09708203932499368
0.30000000000000004,0.1,1.0,0.8742585295070545,0.10291534279314955,-0.12
0.30000000000000004,0.2,0.0,0.8838856448685979,0.10137031716893045,0.12
0.30000000000000004,0.2,0.2,0.8838856448685979,0.10137031716893045,0.0970820393249937
0.30000000000000004,0.2,0.4,0.8838856448685979,0.10137031716893045,0.037082039324993696
0.30000000000000004,0.2,0.6000000000000001,0.8838856448685979,0.10137031716893045,-0.0370820393249937
0.30000000000000004,0.2,0.8,0.8838856448685979,0.10137031716893045,-0.09708203932499368
0.30000000000000004,0.2,1.0,0.8838856448685979,0.10137031716893045,-0.12
0.30000000000000004,0.30000000000000004,0.0,0.8993027238919421,0.09881243284413119,0.12
0.30000000000000004,0.30000000000000004,0.2,0.8993027238919421,0.09881243284413119,0.0970820393249937
0.30000000000000004,0.30000000000000004,0.4,0.8993027238919421,0.09881243284413119,0.037082039324993696
0.30000000000000004,0.30000000000000004,0.6000000000000001,0.8993027238919421,0.09881243284413119,-0.0370820393249937
0.30000000000000004,0.30000000000000004,0.8,0.8993027238919421,0.09881243284413119,-0.09708203932499368
0.30000000000000004,0.30000000000000004,1.0,0.8993027238919421,0.09881243284413119,-0.12
0.30000000000000004,0.4,0.0,0.9196317180942941,0.09526724735340102,0.12
0.30000000000000004,0.4,0.2,0.9196317180942941,0.09526724735340102,0.0970820393249937
0.30000000000000004,0.4,0.4,0.9196317180942941,0.09526724735340102,0.037082039324993696
0.30000000000000004,0.4,0.6000000000000001,0.9196317180942941,0.09526724735340102,-0.0370820393249937
0.30000000000000004,0.4,0.8,0.9196317180942941,0.09526724735340102,-0.09708203932499368
0.30000000000000004,0.4,1.0,0.9196317180942941,0.09526724735340102,-0.12
0.30000000000000004,0.5,0.0,0.9437626838054605,0.09077018301828077,0.12
0.30000000000000004,0.5,0.2,0.9437626838054605,0.09077018301828077,0.0970820393249937
0.30000000000000004,0.5,0.4,0.9437626838054605,0.09077018301828077,0.037082039324993696
0.30000000000000004,0.5,0.6000000000000001,0.9437626838054605,0.09077018301828077,-0.0370820393249937
0.30000000000000004,0.5,0.8,0.9437626838054605,0.09077018301828077,-0.09708203932499368
0.30000000000000004,0.5,1.0,0.9437626838054605,0.09077018301828077,-0.12
0.30000000000000004,0.6000000000000001,0.0,0.9704538654161615,0.08536617301907516,0.12
0.30000000000000004,0.6000000000000001,0.2,0.9704538654161615,0.08536617301907516,0.0970820393249937
0.30000000000000004,0.6000000000000001,0.4,0.9704538654161615,0.08536617301907516,0.037082039324993696
0.30000000000000004,0.6000000000000001,0.6000000000000001,0.9704538654161615,0.08536617301907516,-0.0370820393249937
0.30000000000000004,0.6000000000000001,0.8,0.9704538654161615,0.08536617301907516,-0.09708203932499368
0.30000000000000004,0.6000000000000001,1.0,0.9704538654161615,0.08536617301907516,-0.12
0.30000000000000004,0.7000000000000001,0.0,0.9984365880364553,0.07910921243736804,0.12
0.30000000000000004,0.7000000000000001,0.2,0.9984365880364553,0.07910921243736804,0.0970820393249937
0.30000000000000004,0.7000000000000001,0.4,0.9984365880364553,0.07910921243736804,0.037082039324993696
0.30000000000000004,0.7000000000000001,0.6000000000000001,0.9984365880364553,0.07910921243736804,-0.0370820393249937
0.30000000000000004,0.7000000000000001,0.8,0.9984365880364553,0.07910921243736804,-0.09708203932499368
0.30000000000000004,0.7000000000000001,1.0,0.9984365880364553,0.07910921243736804,-0.12
0.30000000000000004,0.8,0.0,1.026512763567527,0.07206181875501566,0.12
0.30000000000000004,0.8,0.2,1.026512763567527,0.07206181875501566,0.0970820393249937
0.30000000000000004,0.8,0.4,1.026512763567527,0.07206181875501566,0.037082039324993696
0.30000000000000004,0.8,0.6000000000000001,1.026512763567527,0.07206181875501566,-0.0370820393249937
0.30000000000000004,0.8,0.8,1.026512763567527,0.07206181875501566,-0.09708203932499368
0.30000000000000004,0.8,1.0,1.026512763567527,0.07206181875501566,-0.12
0.30000000000000004,0.9,0.0,1.0536349224933843,0.06429440720013342,0.12
0.30000000000000004,0.9,0.2,1.0536349224933843,0.06429440720013342,0.0970820393249937
0.30000000000000004,0.9,0.4,1.0536349224933843,0.06429440720013342,0.037082039324993696
0.30000000000000004,0.9,0.6000000000000001,1.0536349224933843,0.06429440720013342,-0.0370820393249937
0.30000000000000004,0.9,0.8,1.0536349224933843,0.06429440720013342,-0.09708203932499368
0.30000000000000004,0.9,1.0,1.0536349224933843,0.06429440720013342,-0.12
0.30000000000000004,1.0,0.0,1.078962062265576,0.05588458718141284,0.12
0.30000000000000004,1.0,0.2,1.078962062265576,0.05588458718141284,0.0970820393249937
0.30000000000000004,1.0,0.4,1.078962062265576,0.05588458718141284,0.037082039324993696
0.30000000000000004,1.0,0.6000000000000001,1.078962062265576,0.05588458718141284,-0.0370820393249937
0.30000000000000004,1.0,0.8,1.078962062265576,0.05588458718141284,-0.09708203932499368
0.30000000000000004,1.0,1.0,1.078962062265576,0.05588458718141284,-0.12
0.30000000000000004,1.1,0.0,1.1018885545077555,0.04691638684056404,0.12
0.30000000000000004,1.1,0.2,1.1018885545077555,0.04691638684056404,0.0970820393249937
0.30000000000000004,1.1,0.4,1.1018885545077555,0.04691638684056404,0.037082039324993696
0.30000000000000004,1.1,0.6000000000000001,1.1018885545077555,0.04691638684056404,-0.0370820393249937
0.30000000000000004,1.1,0.8,1.1018885545077555,0.04691638684056404,-0.09708203932499368
0.30000000000000004,1.1,1.0,1.1018885545077555,0.04691638684056404,-0.12
0.30000000000000004,1.2000000000000002,0.0,1.1220471597662376,0.03747941347089991,0.12
0.30000000000000004,1.2000000000000002,0.2,1.1220471597662376,0.03747941347089991,0.0970820393249937
0.30000000000000004,1.2000000000000002,0.4,1.1220471597662376,0.03747941347089991,0.037082039324993696
0.30000000000000004,1.2000000000000002,0.6000000000000001,1.1220471597662376,0.03747941347089991,-0.0370820393249937
0.30000000000000004,1.2000000000000002,0.8,1.1220471597662376,0.03747941347089991,-0.09708203932499368
0.30000000000000004,1.2000000000000002,1.0,1.1220471597662376,0.03747941347089991,-0.12
0.4,-1.2000000000000002,0.0,1.127317253521924,0.0493880646248469,0.12
0.4,-1.2000000000000002,0.2,1.127317253521924,0.0493880646248469,0.0970820393249937
0.4,-1.2000000000000002,0.4,1.127317253521924,0.0493880646248469,0.037082039324993696
0.4,-1.2000000000000002,0.6000000000000001,1.127317253521924,0.0493880646248469,-0.0370820393249937
0.4,-1.2000000000000002,0.8,1.127317253521924,0.0493880646248469,-0.09708203932499368
0.4,-1.2000000000000002,1.0,1.127317253521924,0.0493880646248469,-0.12
0.4,-1.1,0.0,1.1085214945609918,0.061823527389113585,0.12
0.4,-1.1,0.2,1.1085214945609918,0.061823527389113585,0.0970820393249937
0.4,-1.1,0.4,1.1085214945609918,0.061823527389113585,0.037082039324993696
0.4,-1.1,0.6000000000000001,1.1085214945609918,0.061823527389113585,-0.0370820393249937
0.4,-1.1,0.8,1.1085214945609918,0.061823527389113585,-0.09708203932499368
0.4,-1.1,1.0,1.1085214945609918,0.061823527389113585,-0.12
0.4,-1.0,0.0,1.087144974882262,0.07364126990384935,0.12
0.4,-1.0,0.2,1.087144974882262,0.07364126990384935,0.0970820393249937
0.4,-1.0,0.4,1.087144974882262,0.07364126990384935,0.037082039324993696
0.4,-1.0,0.6000000000000001,1.087144974882262,0.07364126990384935,-0.0370820393249937
0.4,-1.0,0.8,1.087144974882262,0.07364126990384935,-0.09708203932499368
0.4,-1.0,1.0,1.087144974882262,0.07364126990384935,-0.12
0.4,-0.9,0.0,1.0635301062827764,0.08472321319227323,0.12
0.4,-0.9,0.2,1.0635301062827764,0.08472321319227323,0.0970820393249937
0.4,-0.9,0.4,1.0635301062827764,0.08472321319227323,0.037082039324993696
0.4,-0.9,0.6000000000000001,1.0635301062827764,0.08472321319227323,-0.0370820393249937
0.4,-0.9,0.8,1.0635301062827764,0.08472321319227323,-0.09708203932499368
0.4,-0.9,1.0,1.0635301062827764,0.08472321319227323,-0.12
0.4,-0.8,0.0,1.0382415729178003,0.09495863014025077,0.12
0.4,-0.8,0.2,1.0382415729178003,0.09495863014025077,0.0970820393249937
0.4,-0.8,0.4,1.0382415729178003,0.09495863014025077,0.037082039324993696
0.4,-0.8,0.6000000000000001,1.0382415729178003,0.09495863014025077,-0.0370820393249937
0.4,-0.8,0.8,1.0382415729178003,0.09495863014025077,-0.09708203932499368
0.4,-0.8,1.0,1.0382415729178003,0.09495863014025077,-0.12
0.4,-0.7000000000000001,0.0,1.0120635203660342,0.10424525184501675,0.12
0.4,-0.7000000000000001,0.2,1.0120635203660342,0.10424525184501675,0.0970820393249937
0.4,-0.7000000000000001,0.4,1.0120635203660342,0.10424525184501675,0.037082039324993696
0.4,-0.7000000000000001,0.6000000000000001,1.0120635203660342,0.10424525184501675,-0.0370820393249937
0.4,-0.7000000000000001,0.8,1.0120635203660342,0.10424525184501675,-0.09708203932499368
0.4,-0.7000000000000001,1.0,1.0120635203660342,0.10424525184501675,-0.12
0.4,-0.6000000000000001,0.0,0.9859726027307301,0.11249028945224616,0.12
0.4,-0.6000000000000001,0.2,0.9859726027307301,0.11249028945224616,0.0970820393249937
0.4,-0.6000000000000001,0.4,0.9859726027307301,0.11249028945224616,0.037082039324993696
0.4,-0.6000000000000001,0.6000000000000001,0.9859726027307301,0.11249028945224616,-0.0370820393249937
0.4,-0.6000000000000001,0.8,0.9859726027307301,0.11249028945224616,-0.09708203932499368
0.4,-0.6000000000000001,1.0,0.9859726027307301,0.11249028945224616,-0.12
0.4,-0.5,0.0,0.9610859099509249,0.11961136127161467,0.12
0.4,-0.5,0.2,0.9610859099509249,0.11961136127161467,0.0970820393249937
0.4,-0.5,0.4,0.9610859099509249,0.11961136127161467,0.037082039324993696
0.4,-0.5,0.6000000000000001,0.9610859099509249,0.11961136127161467,-0.0370820393249937
0.4,-0.5,0.8,0.9610859099509249,0.11961136127161467,-0.09708203932499368
0.4,-0.5,1.0,0.9610859099509249,0.11961136127161467,-0.12
0.4,-0.4,0.0,0.9385863466534713,0.12553731590741649,0.12
0.4,-0.4,0.2,0.9385863466534713,0.12553731590741649,0.0970820393249937
0.4,-0.4,0.4,0.9385863466534713,0.12553731590741649,0.037082039324993696
0.4,-0.4,0.6000000000000001,0.9385863466534713,0.12553731590741649,-0.0370820393249937
0.4,-0.4,0.8,0.9385863466534713,0.12553731590741649,-0.09708203932499368
0.4,-0.4,1.0,0.9385863466534713,0.12553731590741649,-0.12
0.4,-0.30000000000000004,0.0,0.9196317180942941,0.13020894317979087,0.12
0.4,-0.30000000000000004,0.2,0.9196317180942941,0.13020894317979087,0.0970820393249937
0.4,-0.30000000000000004,0.4,0.9196317180942941,0.13020894317979087,0.037082039324993696
0.4,-0.30000000000000004,0.6000000000000001,0.9196317180942941,0.13020894317979087,-0.0370820393249937
0.4,-0.30000000000000004,0.8,0.9196317180942941,0.13020894317979087,-0.09708203932499368
0.4,-0.30000000000000004,1.0,0.9196317180942941,0.13020894317979087,-0.12
0.4,-0.2,0.0,0.9052569288919265,0.1335795657332669,0.12
0.4,-0.2,0.2,0.9052569288919265,0.1335795657332669,0.0970820393249937
0.4,-0.2,0.4,0.9052569288919265,0.1335795657332669,0.037082039324993696
0.4,-0.2,0.6000000000000001,0.9052569288919265,0.1335795657332669,-0.0370820393249937
0.4,-0.2,0.8,0.9052569288919265,0.1335795657332669,-0.09708203932499368
0.4,-0.2,1.0,0.9052569288919265,0.1335795657332669,-0.12
0.4,-0.1,0.0,0.896280666025302,0.13561550542146997,0.12
0.4,-0.1,0.2,0.896280666025302,0.13561550542146997,0.0970820393249937
0.4,-0.1,0.4,0.896280666025302,0.13561550542146997,0.037082039324993696
0.4,-0.1,0.6000000000000001,0.896280666025302,0.13561550542146997,-0.0370820393249937
0.4,-0.1,0.8,0.896280666025302,0.13561550542146997,-0.09708203932499368
0.4,-0.1,1.0,0.896280666025302,0.13561550542146997,-0.12
0.4,0.0,0.0,0.8932282359721639,0.13629641980802767,0.12
0.4,0.0,0.2,0.8932282359721639,0.13629641980802767,0.0970820393249937
0.4,0.0,0.4,0.8932282359721639,0.13629641980802767,0.037082039324993696
0.4,0.0,0.6000000000000001,0.8932282359721639,0.13629641980802767,-0.0370820393249937
0.4,0.0,0.8,0.8932282359721639,0.13629641980802767,-0.09708203932499368
0.4,0.0,1.0,0.8932282359721639,0.13629641980802767,-0.12
0.4,0.1,0.0,0.896280666025302,0.13561550542146997,0.12
0.4,0.1,0.2,0.896280666025302,0.13561550542146997,0.0970820393249937
0.4,0.1,0.4,0.896280666025302,0.13561550542146997,0.037082039324993696
0.4,0.1,0.6000000000000001,0.896280666025302,0.13561550542146997,-0.0370820393249937
0.4,0.1,0.8,0.896280666025302,0.13561550542146997,-0.09708203932499368
0.4,0.1,1.0,0.896280666025302,0.13561550542146997,-0.12
0.4,0.2,0.0,0.9052569288919265,0.1335795657332669,0.12
0.4,0.2,0.2,0.9052569288919265,0.1335795657332669,0.0970820393249937
0.4,0.2,0.4,0.9052569288919265,0.1335795657332669,0.037082039324993696
0.4,0.2,0.6000000000000001,0.9052569288919265,0.1335795657332669,-0.0370820393249937
0.4,0.2,0.8,0.9052569288919265,0.1335795657332669,-0.09708203932499368
0.4,0.2,1.0,0.9052569288919265,0.1335795657332669,-0.12
0.4,0.30000000000000004,0.0,0.9196317180942941,0.13020894317979087,0.12
0.4,0.30000000000000004,0.2,0.9196317180942941,0.13020894317979087,0.0970820393249937
0.4,0.30000000000000004,0.4,0.9196317180942941,0.13020894317979087,0.037082039324993696
0.4,0.30000000000000004,0.6000000000000001,0.9196317180942941,0.13020894317979087,-0.0370820393249937
0.4,0.30000000000000004,0.8,0.9196317180942941,0.13020894317979087,-0.09708203932499368
0.4,0.30000000000000004,1.0,0.9196317180942941,0.13020894317979087,-0.12
0.4,0.4,0.0,0.9385863466534713,0.12553731590741649,0.12
0.4,0.4,0.2,0.9385863466534713,0.12553731590741649,0.0970820393249937
0.4,0.4,0.4,0.9385863466534713,0.12553731590741649,0.037082039324993696
0.4,0.4,0.6000000000000001,0.9385863466534713,0.12553731590741649,-0.0370820393249937
0.4,0.4,0.8,0.9385863466534713,0.12553731590741649,-0.09708203932499368
0.4,0.4,1.0,0.9385863466534713,0.12553731590741649,-0.12
0.4,0.5,0.0,0.9610859099509249,0.11961136127161467,0.12
0.4,0.5,0.2,0.9610859099509249,0.11961136127161467,0.0970820393249937
0.4,0.5,0.4,0.9610859099509249,0.11961136127161467,0.037082039324993696
0.4,0.5,0.6000000000000001,0.9610859099509249,0.11961136127161467,-0.0370820393249937
0.4,0.5,0.8,0.9610859099509249,0.11961136127161467,-0.09708203932499368
0.4,0.5,1.0,0.9610859099509249,0.11961136127161467,-0.12
0.4,0.6000000000000001,0.0,0.9859726027307301,0.11249028945224616,0.12
0.4,0.6000000000000001,0.2,0.9859726027307301,0.11249028945224616,0.0970820393249937
0.4,0.6000000000000001,0.4,0.9859726027307301,0.11249028945224616,0.037082039324993696
0.4,0.6000000000000001,0.6000000000000001,0.9859726027307301,0.11249028945224616,-0.0370820393249937
0.4,0.6000000000000001,0.8,0.9859726027307301,0.11249028945224616,-0.09708203932499368
0.4,0.6000000000000001,1.0,0.9859726027307301,0.11249028945224616,-0.12
0.4,0.7000000000000001,0.0,1.0120635203660342,0.10424525184501675,0.12
0.4,0.7000000000000001,0.2,1.0120635203660342,0.10424525184501675,0.0970820393249937
0.4,0.7000000000000001,0.4,1.0120635203660342,0.10424525184501675,0.037082039324993696
0.4,0.7000000000000001,0.6000000000000001,1.0120635203660342,0.10424525184501675,-0.0370820393249937
0.4,0.7000000000000001,0.8,1.0120635203660342,0.10424525184501675,-0.09708203932499368
0.4,0.7000000000000001,1.0,1.0120635203660342,0.10424525184501675,-0.12
0.4,0.8,0.0,1.0382415729178003,0.09495863014025077,0.12
0.4,0.8,0.2,1.0382415729178003,0.09495863014025077,0.0970820393249937
0.4,0.8,0.4,1.0382415729178003,0.09495863014025077,0.037082039324993696
0.4,0.8,0.6000000000000001,1.0382415729178003,0.09495863014025077,-0.0370820393249937
0.4,0.8,0.8,1.0382415729178003,0.09495863014025077,-0.09708203932499368
0.4,0.8,1.0,1.0382415729178003,0.09495863014025077,-0.12
0.4,0.9,0.0,1.0635301062827764,0.08472321319227323,0.12
0.4,0.9,0.2,1.0635301062827764,0.08472321319227323,0.0970820393249937
0.4,0.9,0.4,1.0635301062827764,0.08472321319227323,0.037082039324993696
0.4,0.9,0.6000000000000001,1.0635301062827764,0.08472321319227323,-0.0370820393249937
0.4,0.9,0.8,1.0635301062827764,0.08472321319227323,-0.09708203932499368
0.4,0.9,1.0,1.0635301062827764,0.08472321319227323,-0.12
0.4,1.0,0.0,1.087144974882262,0.07364126990384935,0.12
0.4,1.0,0.2,1.087144974882262,0.07364126990384935,0.0970820393249937
0.4,1.0,0.4,1.087144974882262,0.07364126990384935,0.037082039324993696
0.4,1.0,0.6000000000000001,1.087144974882262,0.07364126990384935,-0.0370820393249937
0.4,1.0,0.8,1.087144974882262,0.07364126990384935,-0.09708203932499368
0.4,1.0,1.0,1.087144974882262,0.07364126990384935,-0.12
0.4,1.1,0.0,1.1085214945609918,0.061823527389113585,0.12
0.4,1.1,0.2,1.1085214945609918,0.061823527389113585,0.0970820393249937
0.4,1.1,0.4,1.1085214945609918,0.061823527389113585,0.037082039324993696
0.4,1.1,0.6000000000000001,1.1085214945609918,0.061823527389113585,-0.0370820393249937
0.4,1.1,0.8,1.1085214945609918,0.061823527389113585,-0.09708203932499368
0.4,1.1,1.0,1.1085214945609918,0.061823527389113585,-0.12
0.4,1.2000000000000002,0.0,1.127317253521924,0.0493880646248469,0.12
0.4,1.2000000000000002,0.2,1.127317253521924,0.0493880646248469,0.0970820393249937
0.4,1.2000000000000002,0.4,1.127317253521924,0.0493880646248469,0.037082039324993696
0.4,1.2000000000000002,0.6000000000000001,1.127317253521924,0.0493880646248469,-0.0370820393249937
0.4,1.2000000000000002,0.8,1.127317253521924,0.0493880646248469,-0.09708203932499368
0.4,1.2000000000000002,1.0,1.127317253521924,0.0493880646248469,-0.12
0.5,-1.2000000000000002,0.0,1.133572971362524,0.06080324656258604,0.12
0.5,-1.2000000000000002,0.2,1.133572971362524,0.06080324656258604,0.0970820393249937
0.5,-1.2000000000000002,0.4,1.133572971362524,0.06080324656258604,0.037082039324993696
0.5,-1.2000000000000002,0.6000000000000001,1.133572971362524,0.06080324656258604,-0.0370820393249937
0.5,-1.2000000000000002,0.8,1.133572971362524,0.06080324656258604,-0.09708203932499368
0.5,-1.2000000000000002,1.0,1.133572971362524,0.06080324656258604,-0.12
0.5,-1.1,0.0,1.1163949410972869,0.0761129476881322,0.12
0.5,-1.1,0.2,1.1163949410972869,0.0761129476881322,0.0970820393249937
0.5,-1.1,0.4,1.1163949410972869,0.0761129476881322,0.037082039324993696
0.5,-1.1,0.6000000000000001,1.1163949410972869,0.0761129476881322,-0.0370820393249937
0.5,-1.1,0.8,1.1163949410972869,0.0761129476881322,-0.09708203932499368
0.5,-1.1,1.0,1.1163949410972869,0.0761129476881322,-0.12
0.5,-1.0,0.0,1.0968582731303316,0.09066215339997401,0.12
0.5,-1.0,0.2,1.0968582731303316,0.09066215339997401,0.0970820393249937
0.5,-1.0,0.4,1.0968582731303316,0.09066215339997401,0.037082039324993696
0.5,-1.0,0.6000000000000001,1.0968582731303316,0.09066215339997401,-0.0370820393249937
0.5,-1.0,0.8,1.0968582731303316,0.09066215339997401,-0.09708203932499368
0.5,-1.0,1.0,1.0968582731303316,0.09066215339997401,-0.12
0.5,-0.9,0.0,1.0752759082811794,0.10430549284396667,0.12
0.5,-0.9,0.2,1.0752759082811794,0.10430549284396667,0.0970820393249937
0.5,-0.9,0.4,1.0752759082811794,0.10430549284396667,0.037082039324993696
0.5,-0.9,0.6000000000000001,1.0752759082811794,0.10430549284396667,-0.0370820393249937
0.5,-0.9,0.8,1.0752759082811794,0.10430549284396667,-0.09708203932499368
0.5,-0.9,1.0,1.0752759082811794,0.10430549284396667,-0.12
0.5,-0.8,0.0,1.0521639290091556,0.11690664628227433,0.12
0.5,-0.8,0.2,1.0521639290091556,0.11690664628227433,0.0970820393249937
0.5,-0.8,0.4,1.0521639290091556,0.11690664628227433,0.037082039324993696
0.5,-0.8,0.6000000000000001,1.0521639290091556,0.11690664628227433,-0.0370820393249937
0.5,-0.8,0.8,1.0521639290091556,0.11690664628227433,-0.09708203932499368
0.5,-0.8,1.0,1.0521639290091556,0.11690664628227433,-0.12
0.5,-0.7000000000000001,0.0,1.0282389904124276,0.12833970715512888,0.12
0.5,-0.7000000000000001,0.2,1.0282389904124276,0.12833970715512888,0.0970820393249937
0.5,-0.7000000000000001,0.4,1.0282389904124276,0.12833970715512888,0.037082039324993696
0.5,-0.7000000000000001,0.6000000000000001,1.0282389904124276,0.12833970715512888,-0.0370820393249937
0.5,-0.7000000000000001,0.8,1.0282389904124276,0.12833970715512888,-0.09708203932499368
0.5,-0.7000000000000001,1.0,1.0282389904124276,0.12833970715512888,-0.12
0.5,-0.6000000000000001,0.0,1.00439368713318,0.13849044009755623,0.12
0.5,-0.6000000000000001,0.2,1.00439368713318,0.13849044009755623,0.0970820393249937
0.5,-0.6000000000000001,0.4,1.00439368713318,0.13849044009755623,0.037082039324993696
0.5,-0.6000000000000001,0.6000000000000001,1.00439368713318,0.13849044009755623,-0.0370820393249937
0.5,-0.6000000000000001,0.8,1.00439368713318,0.13849044009755623,-0.09708203932499368
0.5,-0.6000000000000001,1.0,1.00439368713318,0.13849044009755623,-0.12
0.5,-0.5,0.0,0.9816489625034519,0.1472574223413819,0.12
0.5,-0.5,0.2,0.9816489625034519,0.1472574223413819,0.0970820393249937
0.5,-0.5,0.4,0.9816489625034519,0.1472574223413819,0.037082039324993696
0.5,-0.5,0.6000000000000001,0.9816489625034519,0.1472574223413819,-0.0370820393249937
0.5,-0.5,0.8,0.9816489625034519,0.1472574223413819,-0.09708203932499368
0.5,-0.5,1.0,0.9816489625034519,0.1472574223413819,-0.12
0.5,-0.4,0.0,0.9610859099509249,0.15455305709800451,0.12
0.5,-0.4,0.2,0.9610859099509249,0.15455305709800451,0.0970820393249937
0.5,-0.4,0.4,0.9610859099509249,0.15455305709800451,0.037082039324993696
0.5,-0.4,0.6000000000000001,0.9610859099509249,0.15455305709800451,-0.0370820393249937
0.5,-0.4,0.8,0.9610859099509249,0.15455305709800451,-0.09708203932499368
0.5,-0.4,1.0,0.9610859099509249,0.15455305709800451,-0.12
0.5,-0.30000000000000004,0.0,0.9437626838054605,0.16030444879655217,0.12
0.5,-0.30000000000000004,0.2,0.9437626838054605,0.16030444879655217,0.0970820393249937
0.5,-0.30000000000000004,0.4,0.9437626838054605,0.16030444879655217,0.037082039324993696
0.5,-0.30000000000000004,0.6000000000000001,0.9437626838054605,0.16030444879655217,-0.0370820393249937
0.5,-0.30000000000000004,0.8,0.9437626838054605,0.16030444879655217,-0.09708203932499368
0.5,-0.30000000000000004,1.0,0.9437626838054605,0.16030444879655217,-0.12
0.5,-0.2,0.0,0.9306251156717166,0.16445413143233034,0.12
0.5,-0.2,0.2,0.9306251156717166,0.16445413143233034,0.0970820393249937
0.5,-0.2,0.4,0.9306251156717166,0.16445413143233034,0.037082039324993696
0.5,-0.2,0.6000000000000001,0.9306251156717166,0.16445413143233034,-0.0370820393249937
0.5,-0.2,0.8,0.9306251156717166,0.16445413143233034,-0.09708203932499368
0.5,-0.2,1.0,0.9306251156717166,0.16445413143233034,-0.12
0.5,-0.1,0.0,0.9224214291107162,0.166960642748145,0.12
0.5,-0.1,0.2,0.9224214291107162,0.166960642748145,0.0970820393249937
0.5,-0.1,0.4,0.9224214291107162,0.166960642748145,0.037082039324993696
0.5,-0.1,0.6000000000000001,0.9224214291107162,0.166960642748145,-0.0370820393249937
0.5,-0.1,0.8,0.9224214291107162,0.166960642748145,-0.09708203932499368
0.5,-0.1,1.0,0.9224214291107162,0.166960642748145,-0.12
0.5,0.0,0.0,0.9196317180942941,0.16779893851147104,0.12
0.5,0.0,0.2,0.9196317180942941,0.16779893851147104,0.0970820393249937
0.5,0.0,0.4,0.9196317180942941,0.16779893851147104,0.037082039324993696
0.5,0.0,0.6000000000000001,0.9196317180942941,0.16779893851147104,-0.0370820393249937
0.5,0.0,0.8,0.9196317180942941,0.16779893851147104,-0.09708203932499368
0.5,0.0,1.0,0.9196317180942941,0.16779893851147104,-0.12
0.5,0.1,0.0,0.9224214291107162,0.166960642748145,0.12
0.5,0.1,0.2,0.9224214291107162,0.166960642748145,0.0970820393249937
0.5,0.1,0.4,0.9224214291107162,0.166960642748145,0.037082039324993696
0.5,0.1,0.6000000000000001,0.9224214291107162,0.166960642748145,-0.0370820393249937
0.5,0.1,0.8,0.9224214291107162,0.166960642748145,-0.09708203932499368
0.5,0.1,1.0,0.9224214291107162,0.166960642748145,-0.12
0.5,0.2,0.0,0.9306251156717166,0.16445413143233034,0.12
0.5,0.2,0.2,0.9306251156717166,0.16445413143233034,0.0970820393249937
0.5,0.2,0.4,0.9306251156717166,0.16445413143233034,0.037082039324993696
0.5,0.2,0.6000000000000001,0.9306251156717166,0.16445413143233034,-0.0370820393249937
0.5,0.2,0.8,0.9306251156717166,0.16445413143233034,-0.09708203932499368
0.5,0.2,1.0,0.9306251156717166,0.16445413143233034,-0.12
0.5,0.30000000000000004,0.0,0.9437626838054605,0.16030444879655217,0.12
0.5,0.30000000000000004,0.2,0.9437626838054605,0.16030444879655217,0.0970820393249937
0.5,0.30000000000000004,0.4,0.9437626838054605,0.16030444879655217,0.037082039324993696
0.5,0.30000000000000004,0.6000000000000001,0.9437626838054605,0.16030444879655217,-0.0370820393249937
0.5,0.30000000000000004,0.8,0.9437626838054605,0.16030444879655217,-0.09708203932499368
0.5,0.30000000000000004,1.0,0.9437626838054605,0.16030444879655217,-0.12
0.5,0.4,0.0,0.9610859099509249,0.15455305709800451,0.12
0.5,0.4,0.2,0.9610859099509249,0.15455305709800451,0.0970820393249937
0.5,0.4,0.4,0.9610859099509249,0.15455305709800451,0.037082039324993696
0.5,0.4,0.6000000000000001,0.9610859099509249,0.15455305709800451,-0.0370820393249937
0.5,0.4,0.8,0.9610859099509249,0.15455305709800451,-0.09708203932499368
0.5,0.4,1.0,0.9610859099509249,0.15455305709800451,-0.12
0.5,0.5,0.0,0.9816489625034519,0.1472574223413819,0.12
0.5,0.5,0.2,0.9816489625034519,0.1472574223413819,0.0970820393249937
0.5,0.5,0.4,0.9816489625034519,0.1472574223413819,0.037082039324993696
0.5,0.5,0.6000000000000001,0.9816489625034519,0.1472574223413819,-0.0370820393249937
0.5,0.5,0.8,0.9816489625034519,0.1472574223413819,-0.09708203932499368
0.5,0.5,1.0,0.9816489625034519,0.1472574223413819,-0.12
0.5,0.6000000000000001,0.0,1.00439368713318,0.13849044009755623,0.12
0.5,0.6000000000000001,0.2,1.00439368713318,0.13849044009755623,0.0970820393249937
0.5,0.6000000000000001,0.4,1.00439368713318,0.13849044009755623,0.037082039324993696
0.5,0.6000000000000001,0.6000000000000001,1.00439368713318,0.13849044009755623,-0.0370820393249937
0.5,0.6000000000000001,0.8,1.00439368713318,0.13849044009755623,-0.09708203932499368
0.5,0.6000000000000001,1.0,1.00439368713318,0.13849044009755623,-0.12
0.5,0.7000000000000001,0.0,1.0282389904124276,0.12833970715512888,0.12
0.5,0.7000000000000001,0.2,1.0282389904124276,0.12833970715512888,0.0970820393249937
0.5,0.7000000000000001,0.4,1.0282389904124276,0.12833970715512888,0.037082039324993696
0.5,0.7000000000000001,0.6000000000000001,1.0282389904124276,0.12833970715512888,-0.0370820393249937
0.5,0.7000000000000001,0.8,1.0282389904124276,0.12833970715512888,-0.09708203932499368
0.5,0.7000000000000001,1.0,1.0282389904124276,0.12833970715512888,-0.12
0.5,0.8,0.0,1.0521639290091556,0.11690664628227433,0.12
0.5,0.8,0.2,1.0521639290091556,0.11690664628227433,0.0970820393249937
0.5,0.8,0.4,1.0521639290091556,0.11690664628227433,0.037082039324993696
0.5,0.8,0.6000000000000001,1.0521639290091556,0.11690664628227433,-0.0370820393249937
0.5,0.8,0.8,1.0521639290091556,0.11690664628227433,-0.09708203932499368
0.5,0.8,1.0,1.0521639290091556,0.11690664628227433,-0.12
0.5,0.9,0.0,1.0752759082811794,0.10430549284396667,0.12
0.5,0.9,0.2,1.0752759082811794,0.10430549284396667,0.0970820393249937
0.5,0.9,0.4,1.0752759082811794,0.10430549284396667,0.037082039324993696
0.5,0.9,0.6000000000000001,1.0752759082811794,0.10430549284396667,-0.0370820393249937
0.5,0.9,0.8,1.0752759082811794,0.10430549284396667,-0.09708203932499368
0.5,0.9,1.0,1.0752759082811794,0.10430549284396667,-0.12
0.5,1.0,0.0,1.0968582731303316,0.09066215339997401,0.12
0.5,1.0,0.2,1.0968582731303316,0.09066215339997401,0.0970820393249937
0.5,1.0,0.4,1.0968582731303316,0.09066215339997401,0.037082039324993696
0.5,1.0,0.6000000000000001,1.0968582731303316,0.09066215339997401,-0.0370820393249937
0.5,1.0,0.8,1.0968582731303316,0.09066215339997401,-0.09708203932499368
0.5,1.0,1.0,1.0968582731303316,0.09066215339997401,-0.12
0.5,1.1,0.0,1.1163949410972869,0.0761129476881322,0.12
0.5,1.1,0.2,1.1163949410972869,0.0761129476881322,0.0970820393249937
0.5,1.1,0.4,1.1163949410972869,0.0761129476881322,0.037082039324993696
0.5,1.1,0.6000000000000001,1.1163949410972869,0.0761129476881322,-0.0370820393249937
0.5,1.1,0.8,1.1163949410972869,0.0761129476881322,-0.09708203932499368
0.5,1.1,1.0,1.1163949410972869,0.0761129476881322,-0.12
0.5,1.2000000000000002,0.0,1.133572971362524,0.06080324656258604,0.12
0.5,1.2000000000000002,0.2,1.133572971362524,0.06080324656258604,0.0970820393249937
0.5,1.2000000000000002,0.4,1.133572971362524,0.06080324656258604,0.037082039324993696
0.5,1.2000000000000002,0.6000000000000001,1.133572971362524,0.06080324656258604,-0.0370820393249937
0.5,1.2000000000000002,0.8,1.133572971362524,0.06080324656258604,-0.09708203932499368
0.5,1.2000000000000002,1.0,1.133572971362524,0.06080324656258604,-0.12
0.6000000000000001,-1.2000000000000002,0.0,1.1404924002402288,0.07161090255955295,0.12
0.6000000000000001,-1.2000000000000002,0.2,1.1404924002402288,0.07161090255955295,0.0970820393249937
0.6000000000000001,-1.2000000000000002,0.4,1.1404924002402288,0.07161090255955295,0.037082039324993696
0.6000000000000001,-1.2000000000000002,0.6000000000000001,1.1404924002402288,0.07161090255955295,-0.0370820393249937
0.6000000000000001,-1.2000000000000002,0.8,1.1404924002402288,0.07161090255955295,-0.09708203932499368
0.6000000000000001,-1.2000000000000002,1.0,1.1404924002402288,0.07161090255955295,-0.12
0.6000000000000001,-1.1,0.0,1.1251037343514727,0.08964187257344648,0.12
0.6000000000000001,-1.1,0.2,1.1251037343514727,0.08964187257344648,0.0970820393249937
0.6000000000000001,-1.1,0.4,1.1251037343514727,0.08964187257344648,0.037082039324993696
0.6000000000000001,-1.1,0.6000000000000001,1.1251037343514727,0.08964187257344648,-0.0370820393249937
0.6000000000000001,-1.1,0.8,1.1251037343514727,0.08964187257344648,-0.09708203932499368
0.6000000000000001,-1.1,1.0,1.1251037343514727,0.08964187257344648,-0.12
0.6000000000000001,-1.0,0.0,1.10760212029672,0.1067771706282496,0.12
0.6000000000000001,-1.0,0.2,1.10760212029672,0.1067771706282496,0.0970820393249937
0.6000000000000001,-1.0,0.4,1.10760212029672,0.1067771706282496,0.037082039324993696
0.6000000000000001,-1.0,0.6000000000000001,1.10760212029672,0.1067771706282496,-0.0370820393249937
0.6000000000000001,-1.0,0.8,1.10760212029672,0.1067771706282496,-0.09708203932499368
0.6000000000000001,-1.0,1.0,1.10760212029672,0.1067771706282496,-0.12
0.6000000000000001,-0.9,0.0,1.0882679011444254,0.12284558648997511,0.12
0.6000000000000001,-0.9,0.2,1.0882679011444254,0.12284558648997511,0.0970820393249937
0.6000000000000001,-0.9,0.4,1.0882679011444254,0.12284558648997511,0.037082039324993696
0.6000000000000001,-0.9,0.6000000000000001,1.0882679011444254,0.12284558648997511,-0.0370820393249937
0.6000000000000001,-0.9,0.8,1.0882679011444254,0.12284558648997511,-0.09708203932499368
0.6000000000000001,-0.9,1.0,1.0882679011444254,0.12284558648997511,-0.12
0.6000000000000001,-0.8,0.0,1.0675634011782809,0.13768656985884484,0.12
0.6000000000000001,-0.8,0.2,1.0675634011782809,0.13768656985884484,0.0970820393249937
0.6000000000000001,-0.8,0.4,1.0675634011782809,0.13768656985884484,0.037082039324993696
0.6000000000000001,-0.8,0.6000000000000001,1.0675634011782809,0.13768656985884484,-0.0370820393249937
0.6000000000000001,-0.8,0.8,1.0675634011782809,0.13768656985884484,-0.09708203932499368
0.6000000000000001,-0.8,1.0,1.0675634011782809,0.13768656985884484,-0.12
0.6000000000000001,-0.7000000000000001,0.0,1.0461306244984585,0.15115183453481384,0.12
0.6000000000000001,-0.7000000000000001,0.2,1.0461306244984585,0.15115183453481384,0.0970820393249937
0.6000000000000001,-0.7000000000000001,0.4,1.0461306244984585,0.15115183453481384,0.037082039324993696
0.6000000000000001,-0.7000000000000001,0.6000000000000001,1.0461306244984585,0.15115183453481384,-0.0370820393249937
0.6000000000000001,-0.7000000000000001,0.8,1.0461306244984585,0.15115183453481384,-0.09708203932499368
0.6000000000000001,-0.7000000000000001,1.0,1.0461306244984585,0.15115183453481384,-0.12
0.6000000000000001,-0.6000000000000001,0.0,1.02476918785441,0.16310684004426462,0.12
0.6000000000000001,-0.6000000000000001,0.2,1.02476918785441,0.16310684004426462,0.0970820393249937
0.6000000000000001,-0.6000000000000001,0.4,1.02476918785441,0.16310684004426462,0.037082039324993696
0.6000000000000001,-0.6000000000000001,0.6000000000000001,1.02476918785441,0.16310684004426462,-0.0370820393249937
0.6000000000000001,-0.6000000000000001,0.8,1.02476918785441,0.16310684004426462,-0.09708203932499368
0.6000000000000001,-0.6000000000000001,1.0,1.02476918785441,0.16310684004426462,-0.12
0.6000000000000001,-0.5,0.0,1.00439368713318,0.17343213592394616,0.12
0.6000000000000001,-0.5,0.2,1.00439368713318,0.17343213592394616,0.0970820393249937
0.6000000000000001,-0.5,0.4,1.00439368713318,0.17343213592394616,0.037082039324993696
0.6000000000000001,-0.5,0.6000000000000001,1.00439368713318,0.17343213592394616,-0.0370820393249937
0.6000000000000001,-0.5,0.8,1.00439368713318,0.17343213592394616,-0.09708203932499368
0.6000000000000001,-0.5,1.0,1.00439368713318,0.17343213592394616,-0.12
0.6000000000000001,-0.4,0.0,0.9859726027307301,0.18202455523051764,0.12
0.6000000000000001,-0.4,0.2,0.9859726027307301,0.18202455523051764,0.0970820393249937
0.6000000000000001,-0.4,0.4,0.9859726027307301,0.18202455523051764,0.037082039324993696
0.6000000000000001,-0.4,0.6000000000000001,0.9859726027307301,0.18202455523051764,-0.0370820393249937
0.6000000000000001,-0.4,0.8,0.9859726027307301,0.18202455523051764,-0.09708203932499368
0.6000000000000001,-0.4,1.0,0.9859726027307301,0.18202455523051764,-0.12
0.6000000000000001,-0.30000000000000004,0.0,0.9704538654161615,0.18879824535054404,0.12
0.6000000000000001,-0.30000000000000004,0.2,0.9704538654161615,0.18879824535054404,0.0970820393249937
0.6000000000000001,-0.30000000000000004,0.4,0.9704538654161615,0.18879824535054404,0.037082039324993696
0.6000000000000001,-0.30000000000000004,0.6000000000000001,0.9704538654161615,0.18879824535054404,-0.0370820393249937
0.6000000000000001,-0.30000000000000004,0.8,0.9704538654161615,0.18879824535054404,-0.09708203932499368
0.6000000000000001,-0.30000000000000004,1.0,0.9704538654161615,0.18879824535054404,-0.12
0.6000000000000001,-0.2,0.0,0.9586847834271699,0.19368552581143034,0.12
0.6000000000000001,-0.2,0.2,0.9586847834271699,0.19368552581143034,0.0970820393249937
0.6000000000000001,-0.2,0.4,0.9586847834271699,0.19368552581143034,0.037082039324993696
0.6000000000000001,-0.2,0.6000000000000001,0.9586847834271699,0.19368552581143034,-0.0370820393249937
0.6000000000000001,-0.2,0.8,0.9586847834271699,0.19368552581143034,-0.09708203932499368
0.6000000000000001,-0.2,1.0,0.9586847834271699,0.19368552581143034,-0.12
0.6000000000000001,-0.1,0.0,0.9513356409705523,0.1966375645223315,0.12
0.6000000000000001,-0.1,0.2,0.9513356409705523,0.1966375645223315,0.0970820393249937
0.6000000000000001,-0.1,0.4,0.9513356409705523,0.1966375645223315,0.037082039324993696
0.6000000000000001,-0.1,0.6000000000000001,0.9513356409705523,0.1966375645223315,-0.0370820393249937
0.6000000000000001,-0.1,0.8,0.9513356409705523,0.1966375645223315,-0.09708203932499368
0.6000000000000001,-0.1,1.0,0.9513356409705523,0.1966375645223315,-0.12
0.6000000000000001,0.0,0.0,0.9488365226144289,0.1976248656882624,0.12
0.6000000000000001,0.0,0.2,0.9488365226144289,0.1976248656882624,0.0970820393249937
0.6000000000000001,0.0,0.4,0.9488365226144289,0.1976248656882624,0.037082039324993696
0.6000000000000001,0.0,0.6000000000000001,0.9488365226144289,0.1976248656882624,-0.0370820393249937
0.6000000000000001,0.0,0.8,0.9488365226144289,0.1976248656882624,-0.09708203932499368
0.6000000000000001,0.0,1.0,0.9488365226144289,0.1976248656882624,-0.12
0.6000000000000001,0.1,0.0,0.9513356409705523,0.1966375645223315,0.12
0.6000000000000001,0.1,0.2,0.9513356409705523,0.1966375645223315,0.0970820393249937
0.6000000000000001,0.1,0.4,0.9513356409705523,0.1966375645223315,0.037082039324993696
0.6000000000000001,0.1,0.6000000000000001,0.9513356409705523,0.1966375645223315,-0.0370820393249937
0.6000000000000001,0.1,0.8,0.9513356409705523,0.1966375645223315,-0.09708203932499368
0.6000000000000001,0.1,1.0,0.9513356409705523,0.1966375645223315,-0.12
0.6000000000000001,0.2,0.0,0.9586847834271699,0.19368552581143034,0.12
0.6000000000000001,0.2,0.2,0.9586847834271699,0.19368552581143034,0.0970820393249937
0.6000000000000001,0.2,0.4,0.9586847834271699,0.19368552581143034,0.037082039324993696
0.6000000000000001,0.2,0.6000000000000001,0.9586847834271699,0.19368552581143034,-0.0370820393249937
0.6000000000000001,0.2,0.8,0.9586847834271699,0.19368552581143034,-0.09708203932499368
0.6000000000000001,0.2,1.0,0.9586847834271699,0.19368552581143034,-0.12
0.6000000000000001,0.30000000000000004,0.0,0.9704538654161615,0.18879824535054404,0.12
0.6000000000000001,0.30000000000000004,0.2,0.9704538654161615,0.18879824535054404,0.0970820393249937
0.6000000000000001,0.30000000000000004,0.4,0.9704538654161615,0.18879824535054404,0.037082039324993696
0.6000000000000001,0.30000000000000004,0.6000000000000001,0.9704538654161615,0.18879824535054404,-0.0370820393249937
0.6000000000000001,0.30000000000000004,0.8,0.9704538654161615,0.18879824535054404,-0.09708203932499368
0.6000000000000001,0.30000000000000004,1.0,0.9704538654161615,0.18879824535054404,-0.12
0.6000000000000001,0.4,0.0,0.9859726027307301,0.18202455523051764,0.12
0.6000000000000001,0.4,0.2,0.9859726027307301,0.18202455523051764,0.0970820393249937
0.6000000000000001,0.4,0.4,0.9859726027307301,0.18202455523051764,0.037082039324993696
0.6000000000000001,0.4,0.6000000000000001,0.9859726027307301,0.18202455523051764,-0.0370820393249937
0.6000000000000001,0.4,0.8,0.9859726027307301,0.18202455523051764,-0.09708203932499368
0.6000000000000001,0.4,1.0,0.9859726027307301,0.18202455523051764,-0.12
0.6000000000000001,0.5,0.0,1.00439368713318,0.17343213592394616,0.12
0.6000000000000001,0.5,0.2,1.00439368713318,0.17343213592394616,0.0970820393249937
0.6000000000000001,0.5,0.4,1.00439368713318,0.17343213592394616,0.037082039324993696
0.6000000000000001,0.5,0.6000000000000001,1.00439368713318,0.17343213592394616,-0.0370820393249937
0.6000000000000001,0.5,0.8,1.00439368713318,0.17343213592394616,-0.09708203932499368
0.6000000000000001,0.5,1.0,1.00439368713318,0.17343213592394616,-0.12
0.6000000000000001,0.6000000000000001,0.0,1.02476918785441,0.16310684004426462,0.12
0.6000000000000001,0.6000000000000001,0.2,1.02476918785441,0.16310684004426462,0.0970820393249937
0.6000000000000001,0.6000000000000001,0.4,1.02476918785441,0.16310684004426462,0.037082039324993696
0.6000000000000001,0.6000000000000001,0.6000000000000001,1.02476918785441,0.16310684004426462,-0.0370820393249937
0.6000000000000001,0.6000000000000001,0.8,1.02476918785441,0.16310684004426462,-0.09708203932499368
0.6000000000000001,0.6000000000000001,1.0,1.02476918785441,0.16310684004426462,-0.12
0.6000000000000001,0.7000000000000001,0.0,1.0461306244984585,0.15115183453481384,0.12
0.6000000000000001,0.7000000000000001,0.2,1.0461306244984585,0.15115183453481384,0.0970820393249937
0.6000000000000001,0.7000000000000001,0.4,1.0461306244984585,0.15115183453481384,0.037082039324993696
0.6000000000000001,0.7000000000000001,0.6000000000000001,1.0461306244984585,0.15115183453481384,-0.0370820393249937
0.6000000000000001,0.7000000000000001,0.8,1.0461306244984585,0.15115183453481384,-0.09708203932499368
0.6000000000000001,0.7000000000000001,1.0,1.0461306244984585,0.15115183453481384,-0.12
0.6000000000000001,0.8,0.0,1.0675634011782809,0.13768656985884484,0.12
0.6000000000000001,0.8,0.2,1.0675634011782809,0.13768656985884484,0.0970820393249937
0.6000000000000001,0.8,0.4,1.0675634011782809,0.13768656985884484,0.037082039324993696
0.6000000000000001,0.8,0.6000000000000001,1.0675634011782809,0.13768656985884484,-0.0370820393249937
0.6000000000000001,0.8,0.8,1.0675634011782809,0.13768656985884484,-0.09708203932499368
0.6000000000000001,0.8,1.0,1.0675634011782809,0.13768656985884484,-0.12
0.6000000000000001,0.9,0.0,1.0882679011444254,0.12284558648997511,0.12
0.6000000000000001,0.9,0.2,1.0882679011444254,0.12284558648997511,0.0970820393249937
0.6000000000000001,0.9,0.4,1.0882679011444254,0.12284558648997511,0.037082039324993696
0.6000000000000001,0.9,0.6000000000000001,1.0882679011444254,0.12284558648997511,-0.0370820393249937
0.6000000000000001,0.9,0.8,1.0882679011444254,0.12284558648997511,-0.09708203932499368
0.6000000000000001,0.9,1.0,1.0882679011444254,0.12284558648997511,-0.12
0.6000000000000001,1.0,0.0,1.10760212029672,0.1067771706282496,0.12
0.6000000000000001,1.0,0.2,1.10760212029672,0.1067771706282496,0.0970820393249937
0.6000000000000001,1.0,0.4,1.10760212029672,0.1067771706282496,0.037082039324993696
0.6000000000000001,1.0,0.6000000000000001,1.10760212029672,0.1067771706282496,-0.0370820393249937
0.6000000000000001,1.0,0.8,1.10760212029672,0.1067771706282496,-0.09708203932499368
0.6000000000000001,1.0,1.0,1.10760212029672,0.1067771706282496,-0.12
0.6000000000000001,1.1,0.0,1.1251037343514727,0.08964187257344648,0.12
0.6000000000000001,1.1,0.2,1.1251037343514727,0.08964187257344648,0.0970820393249937
0.6000000000000001,1.1,0.4,1.1251037343514727,0.08964187257344648,0.037082039324993696
0.6000000000000001,1.1,0.6000000000000001,1.1251037343514727,0.08964187257344648,-0.0370820393249937
0.6000000000000001,1.1,0.8,1.1251037343514727,0.08964187257344648,-0.09708203932499368
0.6000000000000001,1.1,1.0,1.1251037343514727,0.08964187257344648,-0.12
0.6000000000000001,1.2000000000000002,0.0,1.1404924002402288,0.07161090255955295,0.12
0.6000000000000001,1.2000000000000002,0.2,1.1404924002402288,0.07161090255955295,0.0970820393249937
0.6000000000000001,1.2000000000000002,0.4,1.1404924002402288,0.07161090255955295,0.037082039324993696
0.6000000000000001,1.2000000000000002,0.6000000000000001,1.1404924002402288,0.07161090255955295,-0.0370820393249937
0.6000000000000001,1.2000000000000002,0.8,1.1404924002402288,0.07161090255955295,-0.09708203932499368
0.6000000000000001,1.2000000000000002,1.0,1.1404924002402288,0.07161090255955295,-0.12
0.7000000000000001,-1.2000000000000002,0.0,1.1477466485458954,0.08170304608956197,0.12
0.7000000000000001,-1.2000000000000002,0.2,1.1477466485458954,0.08170304608956197,0.0970820393249937
0.7000000000000001,-1.2000000000000002,0.4,1.1477466485458954,0.08170304608956197,0.037082039324993696
0.7000000000000001,-1.2000000000000002,0.6000000000000001,1.1477466485458954,0.08170304608956197,-0.0370820393249937
0.7000000000000001,-1.2000000000000002,0.8,1.1477466485458954,0.08170304608956197,-0.09708203932499368
0.7000000000000001,-1.2000000000000002,1.0,1.1477466485458954,0.08170304608956197,-0.12
0.7000000000000001,-1.1,0.0,1.1342339313410155,0.10227512549967031,0.12
0.7000000000000001,-1.1,0.2,1.1342339313410155,0.10227512549967031,0.0970820393249937
0.7000000000000001,-1.1,0.4,1.1342339313410155,0.10227512549967031,0.037082039324993696
0.7000000000000001,-1.1,0.6000000000000001,1.1342339313410155,0.10227512549967031,-0.0370820393249937
0.7000000000000001,-1.1,0.8,1.1342339313410155,0.10227512549967031,-0.09708203932499368
0.7000000000000001,-1.1,1.0,1.1342339313410155,0.10227512549967031,-0.12
0.7000000000000001,-1.0,0.0,1.1188658440058021,0.1218253056634476,0.12
0.7000000000000001,-1.0,0.2,1.1188658440058021,0.1218253056634476,0.0970820393249937
0.7000000000000001,-1.0,0.4,1.1188658440058021,0.1218253056634476,0.037082039324993696
0.7000000000000001,-1.0,0.6000000000000001,1.1188658440058021,0.1218253056634476,-0.0370820393249937
0.7000000000000001,-1.0,0.8,1.1188658440058021,0.1218253056634476,-0.09708203932499368
0.7000000000000001,-1.0,1.0,1.1188658440058021,0.1218253056634476,-0.12
0.7000000000000001,-0.9,0.0,1.1018885545077555,0.14015824764312768,0.12
0.7000000000000001,-0.9,0.2,1.1018885545077555,0.14015824764312768,0.0970820393249937
0.7000000000000001,-0.9,0.4,1.1018885545077555,0.14015824764312768,0.037082039324993696
0.7000000000000001,-0.9,0.6000000000000001,1.1018885545077555,0.14015824764312768,-0.0370820393249937
0.7000000000000001,-0.9,0.8,1.1018885545077555,0.14015824764312768,-0.09708203932499368
0.7000000000000001,-0.9,1.0,1.1018885545077555,0.14015824764312768,-0.12
0.7000000000000001,-0.8,0.0,1.083708027687989,0.1570907747425146,0.12
0.7000000000000001,-0.8,0.2,1.083708027687989,0.1570907747425146,0.0970820393249937
0.7000000000000001,-0.8,0.4,1.083708027687989,0.1570907747425146,0.037082039324993696
0.7000000000000001,-0.8,0.6000000000000001,1.083708027687989,0.1570907747425146,-0.0370820393249937
0.7000000000000001,-0.8,0.8,1.083708027687989,0.1570907747425146,-0.09708203932499368
0.7000000000000001,-0.8,1.0,1.083708027687989,0.1570907747425146,-0.12
0.7000000000000001,-0.7000000000000001,0.0,1.0648880044134963,0.17245370274798053,0.12
0.7000000000000001,-0.7000000000000001,0.2,1.0648880044134963,0.17245370274798053,0.0970820393249937
0.7000000000000001,-0.7000000000000001,0.4,1.0648880044134963,0.17245370274798053,0.037082039324993696
0.7000000000000001,-0.7000000000000001,0.6000000000000001,1.0648880044134963,0.17245370274798053,-0.0370820393249937
0.7000000000000001,-0.7000000000000001,0.8,1.0648880044134963,0.17245370274798053,-0.09708203932499368
0.7000000000000001,-0.7000000000000001,1.0,1.0648880044134963,0.17245370274798053,-0.12
0.7000000000000001,-0.6000000000000001,0.0,1.0461306244984585,0.18609353036120369,0.12
0.7000000000000001,-0.6000000000000001,0.2,1.0461306244984585,0.18609353036120369,0.0970820393249937
0.7000000000000001,-0.6000000000000001,0.4,1.0461306244984585,0.18609353036120369,0.037082039324993696
0.7000000000000001,-0.6000000000000001,0.6000000000000001,1.0461306244984585,0.18609353036120369,-0.0370820393249937
0.7000000000000001,-0.6000000000000001,0.8,1.0461306244984585,0.18609353036120369,-0.09708203932499368
0.7000000000000001,-0.6000000000000001,1.0,1.0461306244984585,0.18609353036120369,-0.12
0.7000000000000001,-0.5,0.0,1.0282389904124276,0.19787397293340034,0.12
0.7000000000000001,-0.5,0.2,1.0282389904124276,0.19787397293340034,0.0970820393249937
0.7000000000000001,-0.5,0.4,1.0282389904124276,0.19787397293340034,0.037082039324993696
0.7000000000000001,-0.5,0.6000000000000001,1.0282389904124276,0.19787397293340034,-0.0370820393249937
0.7000000000000001,-0.5,0.8,1.0282389904124276,0.19787397293340034,-0.09708203932499368
0.7000000000000001,-0.5,1.0,1.0282389904124276,0.19787397293340034,-0.12
0.7000000000000001,-0.4,0.0,1.0120635203660342,0.20767732417648563,0.12
0.7000000000000001,-0.4,0.2,1.0120635203660342,0.20767732417648563,0.0970820393249937
0.7000000000000001,-0.4,0.4,1.0120635203660342,0.20767732417648563,0.037082039324993696
0.7000000000000001,-0.4,0.6000000000000001,1.0120635203660342,0.20767732417648563,-0.0370820393249937
0.7000000000000001,-0.4,0.8,1.0120635203660342,0.20767732417648563,-0.09708203932499368
0.7000000000000001,-0.4,1.0,1.0120635203660342,0.20767732417648563,-0.12
0.7000000000000001,-0.30000000000000004,0.0,0.9984365880364553,0.21540563224539572,0.12
0.7000000000000001,-0.30000000000000004,0.2,0.9984365880364553,0.21540563224539572,0.0970820393249937
0.7000000000000001,-0.30000000000000004,0.4,0.9984365880364553,0.21540563224539572,0.037082039324993696
0.7000000000000001,-0.30000000000000004,0.6000000000000001,0.9984365880364553,0.21540563224539572,-0.0370820393249937
0.7000000000000001,-0.30000000000000004,0.8,0.9984365880364553,0.21540563224539572,-0.09708203932499368
0.7000000000000001,-0.30000000000000004,1.0,0.9984365880364553,0.21540563224539572,-0.12
0.7000000000000001,-0.2,0.0,0.9881022109157922,0.22098167844054512,0.12
0.7000000000000001,-0.2,0.2,0.9881022109157922,0.22098167844054512,0.0970820393249937
0.7000000000000001,-0.2,0.4,0.9881022109157922,0.22098167844054512,0.037082039324993696
0.7000000000000001,-0.2,0.6000000000000001,0.9881022109157922,0.22098167844054512,-0.0370820393249937
0.7000000000000001,-0.2,0.8,0.9881022109157922,0.22098167844054512,-0.09708203932499368
0.7000000000000001,-0.2,1.0,0.9881022109157922,0.22098167844054512,-0.12
0.7000000000000001,-0.1,0.0,0.9816489625034519,0.2243497487515477,0.12
0.7000000000000001,-0.1,0.2,0.9816489625034519,0.2243497487515477,0.0970820393249937
0.7000000000000001,-0.1,0.4,0.9816489625034519,0.2243497487515477,0.037082039324993696
0.7000000000000001,-0.1,0.6000000000000001,0.9816489625034519,0.2243497487515477,-0.0370820393249937
0.7000000000000001,-0.1,0.8,0.9816489625034519,0.2243497487515477,-0.09708203932499368
0.7000000000000001,-0.1,1.0,0.9816489625034519,0.2243497487515477,-0.12
0.7000000000000001,0.0,0.0,0.9794544980936102,0.22547619053319187,0.12
0.7000000000000001,0.0,0.2,0.9794544980936102,0.22547619053319187,0.0970820393249937
0.7000000000000001,0.0,0.4,0.9794544980936102,0.22547619053319187,0.037082039324993696
0.7000000000000001,0.0,0.6000000000000001,0.9794544980936102,0.22547619053319187,-0.0370820393249937
0.7000000000000001,0.0,0.8,0.9794544980936102,0.22547619053319187,-0.09708203932499368
0.7000000000000001,0.0,1.0,0.9794544980936102,0.22547619053319187,-0.12
0.7000000000000001,0.1,0.0,0.9816489625034519,0.2243497487515477,0.12
0.7000000000000001,0.1,0.2,0.9816489625034519,0.2243497487515477,0.0970820393249937
0.7000000000000001,0.1,0.4,0.9816489625034519,0.2243497487515477,0.037082039324993696
0.7000000000000001,0.1,0.6000000000000001,0.9816489625034519,0.2243497487515477,-0.0370820393249937
0.7000000000000001,0.1,0.8,0.9816489625034519,0.2243497487515477,-0.09708203932499368
0.7000000000000001,0.1,1.0,0.9816489625034519,0.2243497487515477,-0.12
0.7000000000000001,0.2,0.0,0.9881022109157922,0.22098167844054512,0.12
0.7000000000000001,0.2,0.2,0.9881022109157922,0.22098167844054512,0.0970820393249937
0.7000000000000001,0.2,0.4,0.9881022109157922,0.22098167844054512,0.037082039324993696
0.7000000000000001,0.2,0.6000000000000001,0.9881022109157922,0.22098167844054512,-0.0370820393249937
0.7000000000000001,0.2,0.8,0.9881022109157922,0.22098167844054512,-0.09708203932499368
0.7000000000000001,0.2,1.0,0.9881022109157922,0.22098167844054512,-0.12
0.7000000000000001,0.30000000000000004,0.0,0.9984365880364553,0.21540563224539572,0.12
0.7000000000000001,0.30000000000000004,0.2,0.9984365880364553,0.21540563224539572,0.0970820393249937
0.7000000000000001,0.30000000000000004,0.4,0.9984365880364553,0.21540563224539572,0.037082039324993696
0.7000000000000001,0.30000000000000004,0.6000000000000001,0.9984365880364553,0.21540563224539572,-0.0370820393249937
0.7000000000000001,0.30000000000000004,0.8,0.9984365880364553,0.21540563224539572,-0.09708203932499368
0.7000000000000001,0.30000000000000004,1.0,0.9984365880364553,0.21540563224539572,-0.12
0.7000000000000001,0.4,0.0,1.0120635203660342,0.20767732417648563,0.12
0.7000000000000001,0.4,0.2,1.0120635203660342,0.20767732417648563,0.0970820393249937
0.7000000000000001,0.4,0.4,1.0120635203660342,0.20767732417648563,0.037082039324993696
0.7000000000000001,0.4,0.6000000000000001,1.0120635203660342,0.20767732417648563,-0.0370820393249937
0.7000000000000001,0.4,0.8,1.0120635203660342,0.20767732417648563,-0.09708203932499368
0.7000000000000001,0.4,1.0,1.0120635203660342,0.20767732417648563,-0.12
0.7000000000000001,0.5,0.0,1.0282389904124276,0.19787397293340034,0.12
0.7000000000000001,0.5,0.2,1.0282389904124276,0.19787397293340034,0.0970820393249937
0.7000000000000001,0.5,0.4,1.0282389904124276,0.19787397293340034,0.037082039324993696
0.7000000000000001,0.5,0.6000000000000001,1.0282389904124276,0.19787397293340034,-0.0370820393249937
0.7000000000000001,0.5,0.8,1.0282389904124276,0.19787397293340034,-0.09708203932499368
0.7000000000000001,0.5,1.0,1.0282389904124276,0.19787397293340034,-0.12
0.7000000000000001,0.6000000000000001,0.0,1.0461306244984585,0.18609353036120369,0.12
0.7000000000000001,0.6000000000000001,0.2,1.0461306244984585,0.18609353036120369,0.0970820393249937
0.7000000000000001,0.6000000000000001,0.4,1.0461306244984585,0.18609353036120369,0.037082039324993696
0.7000000000000001,0.6000000000000001,0.6000000000000001,1.0461306244984585,0.18609353036120369,-0.0370820393249937
0.7000000000000001,0.6000000000000001,0.8,1.0461306244984585,0.18609353036120369,-0.09708203932499368
0.7000000000000001,0.6000000000000001,1.0,1.0461306244984585,0.18609353036120369,-0.12
0.7000000000000001,0.7000000000000001,0.0,1.0648880044134963,0.17245370274798053,0.12
0.7000000000000001,0.7000000000000001,0.2,1.0648880044134963,0.17245370274798053,0.0970820393249937
0.7000000000000001,0.7000000000000001,0.4,1.0648880044134963,0.17245370274798053,0.037082039324993696
0.7000000000000001,0.7000000000000001,0.6000000000000001,1.0648880044134963,0.17245370274798053,-0.0370820393249937
0.7000000000000001,0.7000000000000001,0.8,1.0648880044134963,0.17245370274798053,-0.09708203932499368
0.7000000000000001,0.7000000000000001,1.0,1.0648880044134963,0.17245370274798053,-0.12
0.7000000000000001,0.8,0.0,1.083708027687989,0.1570907747425146,0.12
0.7000000000000001,0.8,0.2,1.083708027687989,0.1570907747425146,0.0970820393249937
0.7000000000000001,0.8,0.4,1.083708027687989,0.1570907747425146,0.037082039324993696
0.7000000000000001,0.8,0.6000000000000001,1.083708027687989,0.1570907747425146,-0.0370820393249937
0.7000000000000001,0.8,0.8,1.083708027687989,0.1570907747425146,-0.09708203932499368
0.7000000000000001,0.8,1.0,1.083708027687989,0.1570907747425146,-0.12
0.7000000000000001,0.9,0.0,1.1018885545077555,0.14015824764312768,0.12
0.7000000000000001,0.9,0.2,1.1018885545077555,0.14015824764312768,0.0970820393249937
0.7000000000000001,0.9,0.4,1.1018885545077555,0.14015824764312768,0.037082039324993696
0.7000000000000001,0.9,0.6000000000000001,1.1018885545077555,0.14015824764312768,-0.0370820393249937
0.7000000000000001,0.9,0.8,1.1018885545077555,0.14015824764312768,-0.09708203932499368
0.7000000000000001,0.9,1.0,1.1018885545077555,0.14015824764312768,-0.12
0.7000000000000001,1.0,0.0,1.1188658440058021,0.1218253056634476,0.12
0.7000000000000001,1.0,0.2,1.1188658440058021,0.1218253056634476,0.0970820393249937
0.7000000000000001,1.0,0.4,1.1188658440058021,0.1218253056634476,0.037082039324993696
0.7000000000000001,1.0,0.6000000000000001,1.1188658440058021,0.1218253056634476,-0.0370820393249937
0.7000000000000001,1.0,0.8,1.1188658440058021,0.1218253056634476,-0.09708203932499368
0.7000000000000001,1.0,1.0,1.1188658440058021,0.1218253056634476,-0.12
0.7000000000000001,1.1,0.0,1.1342339313410155,0.10227512549967031,0.12
0.7000000000000001,1.1,0.2,1.1342339313410155,0.10227512549967031,0.0970820393249937
0.7000000000000001,1.1,0.4,1.1342339313410155,0.10227512549967031,0.037082039324993696
0.7000000000000001,1.1,0.6000000000000001,1.1342339313410155,0.10227512549967031,-0.0370820393249937
0.7000000000000001,1.1,0.8,1.1342339313410155,0.10227512549967031,-0.09708203932499368
0.7000000000000001,1.1,1.0,1.1342339313410155,0.10227512549967031,-0.12
0.7000000000000001,1.2000000000000002,0.0,1.1477466485458954,0.08170304608956197,0.12
0.7000000000000001,1.2000000000000002,0.2,1.1477466485458954,0.08170304608956197,0.0970820393249937
0.7000000000000001,1.2000000000000002,0.4,1.1477466485458954,0.08170304608956197,0.037082039324993696
0.7000000000000001,1.2000000000000002,0.6000000000000001,1.1477466485458954,0.08170304608956197,-0.0370820393249937
0.7000000000000001,1.2000000000000002,0.8,1.1477466485458954,0.08170304608956197,-0.09708203932499368
0.7000000000000001,1.2000000000000002,1.0,1.1477466485458954,0.08170304608956197,-0.12
0.8,-1.2000000000000002,0.0,1.1550251236085103,0.09097883979048042,0.12
0.8,-1.2000000000000002,0.2,1.1550251236085103,0.09097883979048042,0.0970820393249937
0.8,-1.2000000000000002,0.4,1.1550251236085103,0.09097883979048042,0.037082039324993696
0.8,-1.2000000000000002,0.6000000000000001,1.1550251236085103,0.09097883979048042,-0.0370820393249937
0.8,-1.2000000000000002,0.8,1.1550251236085103,0.09097883979048042,-0.09708203932499368
0.8,-1.2000000000000002,1.0,1.1550251236085103,0.09097883979048042,-0.12
0.8,-1.1,0.0,1.143394620127094,0.1138864791795631,0.12
0.8,-1.1,0.2,1.143394620127094,0.1138864791795631,0.0970820393249937
0.8,-1.1,0.4,1.143394620127094,0.1138864791795631,0.037082039324993696
0.8,-1.1,0.6000000000000001,1.143394620127094,0.1138864791795631,-0.0370820393249937
0.8,-1.1,0.8,1.143394620127094,0.1138864791795631,-0.09708203932499368
0.8,-1.1,1.0,1.143394620127094,0.1138864791795631,-0.12
0.8,-1.0,0.0,1.130167184775279,0.13565620251454846,0.12
0.8,-1.0,0.2,1.130167184775279,0.13565620251454846,0.0970820393249937
0.8,-1.0,0.4,1.130167184775279,0.13565620251454846,0.037082039324993696
0.8,-1.0,0.6000000000000001,1.130167184775279,0.13565620251454846,-0.0370820393249937
0.8,-1.0,0.8,1.130167184775279,0.13565620251454846,-0.09708203932499368
0.8,-1.0,1.0,1.130167184775279,0.13565620251454846,-0.12
0.8,-0.9,0.0,1.1155546962862328,0.15607049391598707,0.12
0.8,-0.9,0.2,1.1155546962862328,0.15607049391598707,0.0970820393249937
0.8,-0.9,0.4,1.1155546962862328,0.15607049391598707,0.037082039324993696
0.8,-0.9,0.6000000000000001,1.1155546962862328,0.15607049391598707,-0.0370820393249937
0.8,-0.9,0.8,1.1155546962862328,0.15607049391598707,-0.09708203932499368
0.8,-0.9,1.0,1.1155546962862328,0.15607049391598707,-0.12
0.8,-0.8,0.0,1.0999065718368501,0.1749253805322634,0.12
0.8,-0.8,0.2,1.0999065718368501,0.1749253805322634,0.0970820393249937
0.8,-0.8,0.4,1.0999065718368501,0.1749253805322634,0.037082039324993696
0.8,-0.8,0.6000000000000001,1.0999065718368501,0.1749253805322634,-0.0370820393249937
0.8,-0.8,0.8,1.0999065718368501,0.1749253805322634,-0.09708203932499368
0.8,-0.8,1.0,1.0999065718368501,0.1749253805322634,-0.12
0.8,-0.7000000000000001,0.0,1.083708027687989,0.19203247056890443,0.12
0.8,-0.7000000000000001,0.2,1.083708027687989,0.19203247056890443,0.0970820393249937
0.8,-0.7000000000000001,0.4,1.083708027687989,0.19203247056890443,0.037082039324993696
0.8,-0.7000000000000001,0.6000000000000001,1.083708027687989,0.19203247056890443,-0.0370820393249937
0.8,-0.7000000000000001,0.8,1.083708027687989,0.19203247056890443,-0.09708203932499368
0.8,-0.7000000000000001,1.0,1.083708027687989,0.19203247056890443,-0.12
0.8,-0.6000000000000001,0.0,1.0675634011782809,0.20722083563711624,0.12
0.8,-0.6000000000000001,0.2,1.0675634011782809,0.20722083563711624,0.0970820393249937
0.8,-0.6000000000000001,0.4,1.0675634011782809,0.20722083563711624,0.037082039324993696
0.8,-0.6000000000000001,0.6000000000000001,1.0675634011782809,0.20722083563711624,-0.0370820393249937
0.8,-0.6000000000000001,0.8,1.0675634011782809,0.20722083563711624,-0.09708203932499368
0.8,-0.6000000000000001,1.0,1.0675634011782809,0.20722083563711624,-0.12
0.8,-0.5,0.0,1.0521639290091556,0.2203387186137432,0.12
0.8,-0.5,0.2,1.0521639290091556,0.2203387186137432,0.0970820393249937
0.8,-0.5,0.4,1.0521639290091556,0.2203387186137432,0.037082039324993696
0.8,-0.5,0.6000000000000001,1.0521639290091556,0.2203387186137432,-0.0370820393249937
0.8,-0.5,0.8,1.0521639290091556,0.2203387186137432,-0.09708203932499368
0.8,-0.5,1.0,1.0521639290091556,0.2203387186137432,-0.12
0.8,-0.4,0.0,1.0382415729178003,0.23125504994827845,0.12
0.8,-0.4,0.2,1.0382415729178003,0.23125504994827845,0.0970820393249937
0.8,-0.4,0.4,1.0382415729178003,0.23125504994827845,0.037082039324993696
0.8,-0.4,0.6000000000000001,1.0382415729178003,0.23125504994827845,-0.0370820393249937
0.8,-0.4,0.8,1.0382415729178003,0.23125504994827845,-0.09708203932499368
0.8,-0.4,1.0,1.0382415729178003,0.23125504994827845,-0.12
0.8,-0.30000000000000004,0.0,1.026512763567527,0.2398607572664867,0.12
0.8,-0.30000000000000004,0.2,1.026512763567527,0.2398607572664867,0.0970820393249937
0.8,-0.30000000000000004,0.4,1.026512763567527,0.2398607572664867,0.037082039324993696
0.8,-0.30000000000000004,0.6000000000000001,1.026512763567527,0.2398607572664867,-0.0370820393249937
0.8,-0.30000000000000004,0.8,1.026512763567527,0.2398607572664867,-0.09708203932499368
0.8,-0.30000000000000004,1.0,1.026512763567527,0.2398607572664867,-0.12
0.8,-0.2,0.0,1.0176178827483877,0.24606985518551308,0.12
0.8,-0.2,0.2,1.0176178827483877,0.24606985518551308,0.0970820393249937
0.8,-0.2,0.4,1.0176178827483877,0.24606985518551308,0.037082039324993696
0.8,-0.2,0.6000000000000001,1.0176178827483877,0.24606985518551308,-0.0370820393249937
0.8,-0.2,0.8,1.0176178827483877,0.24606985518551308,-0.09708203932499368
0.8,-0.2,1.0,1.0176178827483877,0.24606985518551308,-0.12
0.8,-0.1,0.0,1.0120635203660342,0.24982030445140554,0.12
0.8,-0.1,0.2,1.0120635203660342,0.24982030445140554,0.0970820393249937
0.8,-0.1,0.4,1.0120635203660342,0.24982030445140554,0.037082039324993696
0.8,-0.1,0.6000000000000001,1.0120635203660342,0.24982030445140554,-0.0370820393249937
0.8,-0.1,0.8,1.0120635203660342,0.24982030445140554,-0.09708203932499368
0.8,-0.1,1.0,1.0120635203660342,0.24982030445140554,-0.12
0.8,0.0,0.0,1.0101747273445025,0.25107463181483297,0.12
0.8,0.0,0.2,1.0101747273445025,0.25107463181483297,0.0970820393249937
0.8,0.0,0.4,1.0101747273445025,0.25107463181483297,0.037082039324993696
0.8,0.0,0.6000000000000001,1.0101747273445025,0.25107463181483297,-0.0370820393249937
0.8,0.0,0.8,1.0101747273445025,0.25107463181483297,-0.09708203932499368
0.8,0.0,1.0,1.0101747273445025,0.25107463181483297,-0.12
0.8,0.1,0.0,1.0120635203660342,0.24982030445140554,0.12
0.8,0.1,0.2,1.0120635203660342,0.24982030445140554,0.0970820393249937
0.8,0.1,0.4,1.0120635203660342,0.24982030445140554,0.037082039324993696
0.8,0.1,0.6000000000000001,1.0120635203660342,0.24982030445140554,-0.0370820393249937
0.8,0.1,0.8,1.0120635203660342,0.24982030445140554,-0.09708203932499368
0.8,0.1,1.0,1.0120635203660342,0.24982030445140554,-0.12
0.8,0.2,0.0,1.0176178827483877,0.24606985518551308,0.12
0.8,0.2,0.2,1.0176178827483877,0.24606985518551308,0.0970820393249937
0.8,0.2,0.4,1.0176178827483877,0.24606985518551308,0.037082039324993696
0.8,0.2,0.6000000000000001,1.0176178827483877,0.24606985518551308,-0.0370820393249937
0.8,0.2,0.8,1.0176178827483877,0.24606985518551308,-0.09708203932499368
0.8,0.2,1.0,1.0176178827483877,0.24606985518551308,-0.12
0.8,0.30000000000000004,0.0,1.026512763567527,0.2398607572664867,0.12
0.8,0.30000000000000004,0.2,1.026512763567527,0.2398607572664867,0.0970820393249937
0.8,0.30000000000000004,0.4,1.026512763567527,0.2398607572664867,0.037082039324993696
0.8,0.30000000000000004,0.6000000000000001,1.026512763567527,0.2398607572664867,-0.0370820393249937
0.8,0.30000000000000004,0.8,1.026512763567527,0.2398607572664867,-0.09708203932499368
0.8,0.30000000000000004,1.0,1.026512763567527,0.2398607572664867,-0.12
0.8,0.4,0.0,1.0382415729178003,0.23125504994827845,0.12
0.8,0.4,0.2,1.0382415729178003,0.23125504994827845,0.0970820393249937
0.8,0.4,0.4,1.0382415729178003,0.23125504994827845,0.037082039324993696
0.8,0.4,0.6000000000000001,1.0382415729178003,0.23125504994827845,-0.0370820393249937
0.8,0.4,0.8,1.0382415729178003,0.23125504994827845,-0.09708203932499368
0.8,0.4,1.0,1.0382415729178003,0.23125504994827845,-0.12
0.8,0.5,0.0,1.0521639290091556,0.2203387186137432,0.12
0.8,0.5,0.2,1.0521639290091556,0.2203387186137432,0.0970820393249937
0.8,0.5,0.4,1.0521639290091556,0.2203387186137432,0.037082039324993696
0.8,0.5,0.6000000000000001,1.0521639290091556,0.2203387186137432,-0.0370820393249937
0.8,0.5,0.8,1.0521639290091556,0.2203387186137432,-0.09708203932499368
0.8,0.5,1.0,1.0521639290091556,0.2203387186137432,-0.12
0.8,0.6000000000000001,0.0,1.0675634011782809,0.20722083563711624,0.12
0.8,0.6000000000000001,0.2,1.0675634011782809,0.20722083563711624,0.0970820393249937
0.8,0.6000000000000001,0.4,1.0675634011782809,0.20722083563711624,0.037082039324993696
0.8,0.6000000000000001,0.6000000000000001,1.0675634011782809,0.20722083563711624,-0.0370820393249937
0.8,0.6000000000000001,0.8,1.0675634011782809,0.20722083563711624,-0.09708203932499368
0.8,0.6000000000000001,1.0,1.0675634011782809,0.20722083563711624,-0.12
0.8,0.7000000000000001,0.0,1.083708027687989,0.19203247056890443,0.12
0.8,0.7000000000000001,0.2,1.083708027687989,0.19203247056890443,0.0970820393249937
0.8,0.7000000000000001,0.4,1.083708027687989,0.19203247056890443,0.037082039324993696
0.8,0.7000000000000001,0.6000000000000001,1.083708027687989,0.19203247056890443,-0.0370820393249937
0.8,0.7000000000000001,0.8,1.083708027687989,0.19203247056890443,-0.09708203932499368
0.8,0.7000000000000001,1.0,1.083708027687989,0.19203247056890443,-0.12
0.8,0.8,0.0,1.0999065718368501,0.1749253805322634,0.12
0.8,0.8,0.2,1.0999065718368501,0.1749253805322634,0.0970820393249937
0.8,0.8,0.4,1.0999065718368501,0.1749253805322634,0.037082039324993696
0.8,0.8,0.6000000000000001,1.0999065718368501,0.1749253805322634,-0.0370820393249937
0.8,0.8,0.8,1.0999065718368501,0.1749253805322634,-0.09708203932499368
0.8,0.8,1.0,1.0999065718368501,0.1749253805322634,-0.12
0.8,0.9,0.0,1.1155546962862328,0.15607049391598707,0.12
0.8,0.9,0.2,1.1155546962862328,0.15607049391598707,0.0970820393249937
0.8,0.9,0.4,1.1155546962862328,0.15607049391598707,0.037082039324993696
0.8,0.9,0.6000000000000001,1.1155546962862328,0.15607049391598707,-0.0370820393249937
0.8,0.9,0.8,1.1155546962862328,0.15607049391598707,-0.09708203932499368
0.8,0.9,1.0,1.1155546962862328,0.15607049391598707,-0.12
0.8,1.0,0.0,1.130167184775279,0.13565620251454846,0.12
0.8,1.0,0.2,1.130167184775279,0.13565620251454846,0.0970820393249937
0.8,1.0,0.4,1.130167184775279,0.13565620251454846,0.037082039324993696
0.8,1.0,0.6000000000000001,1.130167184775279,0.13565620251454846,-0.0370820393249937
0.8,1.0,0.8,1.130167184775279,0.13565620251454846,-0.09708203932499368
0.8,1.0,1.0,1.130167184775279,0.13565620251454846,-0.12
0.8,1.1,0.0,1.143394620127094,0.1138864791795631,0.12
0.8,1.1,0.2,1.143394620127094,0.1138864791795631,0.0970820393249937
0.8,1.1,0.4,1.143394620127094,0.1138864791795631,0.037082039324993696
0.8,1.1,0.6000000000000001,1.143394620127094,0.1138864791795631,-0.0370820393249937
0.8,1.1,0.8,1.143394620127094,0.1138864791795631,-0.09708203932499368
0.8,1.1,1.0,1.143394620127094,0.1138864791795631,-0.12
0.8,1.2000000000000002,0.0,1.1550251236085103,0.09097883979048042,0.12
0.8,1.2000000000000002,0.2,1.1550251236085103,0.09097883979048042,0.0970820393249937
0.8,1.2000000000000002,0.4,1.1550251236085103,0.09097883979048042,0.037082039324993696
0.8,1.2000000000000002,0.6000000000000001,1.1550251236085103,0.09097883979048042,-0.0370820393249937
0.8,1.2000000000000002,0.8,1.1550251236085103,0.09097883979048042,-0.09708203932499368
0.8,1.2000000000000002,1.0,1.1550251236085103,0.09097883979048042,-0.12
0.9,-1.2000000000000002,0.0,1.1620562791577287,0.09934560299781843,0.12
0.9,-1.2000000000000002,0.2,1.1620562791577287,0.09934560299781843,0.0970820393249937
0.9,-1.2000000000000002,0.4,1.1620562791577287,0.09934560299781843,0.037082039324993696
0.9,-1.2000000000000002,0.6000000000000001,1.1620562791577287,0.09934560299781843,-0.0370820393249937
0.9,-1.2000000000000002,0.8,1.1620562791577287,0.09934560299781843,-0.09708203932499368
0.9,-1.2000000000000002,1.0,1.1620562791577287,0.09934560299781843,-0.12
0.9,-1.1,0.0,1.1522440325711563,0.12435991680535856,0.12
0.9,-1.1,0.2,1.1522440325711563,0.12435991680535856,0.0970820393249937
0.9,-1.1,0.4,1.1522440325711563,0.12435991680535856,0.037082039324993696
0.9,-1.1,0.6000000000000001,1.1522440325711563,0.12435991680535856,-0.0370820393249937
0.9,-1.1,0.8,1.1522440325711563,0.12435991680535856,-0.09708203932499368
0.9,-1.1,1.0,1.1522440325711563,0.12435991680535856,-0.12
0.9,-1.0,0.0,1.1410845107510266,0.14813166743210263,0.12
0.9,-1.0,0.2,1.1410845107510266,0.14813166743210263,0.0970820393249937
0.9,-1.0,0.4,1.1410845107510266,0.14813166743210263,0.037082039324993696
0.9,-1.0,0.6000000000000001,1.1410845107510266,0.14813166743210263,-0.0370820393249937
0.9,-1.0,0.8,1.1410845107510266,0.14813166743210263,-0.09708203932499368
0.9,-1.0,1.0,1.1410845107510266,0.14813166743210263,-0.12
0.9,-0.9,0.0,1.1287564683298987,0.17042333540368415,0.12
0.9,-0.9,0.2,1.1287564683298987,0.17042333540368415,0.0970820393249937
0.9,-0.9,0.4,1.1287564683298987,0.17042333540368415,0.037082039324993696
0.9,-0.9,0.6000000000000001,1.1287564683298987,0.17042333540368415,-0.0370820393249937
0.9,-0.9,0.8,1.1287564683298987,0.17042333540368415,-0.09708203932499368
0.9,-0.9,1.0,1.1287564683298987,0.17042333540368415,-0.12
0.9,-0.8,0.0,1.1155546962862328,0.19101218974237694,0.12
0.9,-0.8,0.2,1.1155546962862328,0.19101218974237694,0.0970820393249937
0.9,-0.8,0.4,1.1155546962862328,0.19101218974237694,0.037082039324993696
0.9,-0.8,0.6000000000000001,1.1155546962862328,0.19101218974237694,-0.0370820393249937
0.9,-0.8,0.8,1.1155546962862328,0.19101218974237694,-0.09708203932499368
0.9,-0.8,1.0,1.1155546962862328,0.19101218974237694,-0.12
0.9,-0.7000000000000001,0.0,1.1018885545077555,0.2096925134213991,0.12
0.9,-0.7000000000000001,0.2,1.1018885545077555,0.2096925134213991,0.0970820393249937
0.9,-0.7000000000000001,0.4,1.1018885545077555,0.2096925134213991,0.037082039324993696
0.9,-0.7000000000000001,0.6000000000000001,1.1018885545077555,0.2096925134213991,-0.0370820393249937
0.9,-0.7000000000000001,0.8,1.1018885545077555,0.2096925134213991,-0.09708203932499368
0.9,-0.7000000000000001,1.0,1.1018885545077555,0.2096925134213991,-0.12
0.9,-0.6000000000000001,0.0,1.0882679011444254,0.22627765882144393,0.12
0.9,-0.6000000000000001,0.2,1.0882679011444254,0.22627765882144393,0.0970820393249937
0.9,-0.6000000000000001,0.4,1.0882679011444254,0.22627765882144393,0.037082039324993696
0.9,-0.6000000000000001,0.6000000000000001,1.0882679011444254,0.22627765882144393,-0.0370820393249937
0.9,-0.6000000000000001,0.8,1.0882679011444254,0.22627765882144393,-0.09708203932499368
0.9,-0.6000000000000001,1.0,1.0882679011444254,0.22627765882144393,-0.12
0.9,-0.5,0.0,1.0752759082811794,0.24060191265199438,0.12
0.9,-0.5,0.2,1.0752759082811794,0.24060191265199438,0.0970820393249937
0.9,-0.5,0.4,1.0752759082811794,0.24060191265199438,0.037082039324993696
0.9,-0.5,0.6000000000000001,1.0752759082811794,0.24060191265199438,-0.0370820393249937
0.9,-0.5,0.8,1.0752759082811794,0.24060191265199438,-0.09708203932499368
0.9,-0.5,1.0,1.0752759082811794,0.24060191265199438,-0.12
0.9,-0.4,0.0,1.0635301062827764,0.2525221517037443,0.12
0.9,-0.4,0.2,1.0635301062827764,0.2525221517037443,0.0970820393249937
0.9,-0.4,0.4,1.0635301062827764,0.2525221517037443,0.037082039324993696
0.9,-0.4,0.6000000000000001,1.0635301062827764,0.2525221517037443,-0.0370820393249937
0.9,-0.4,0.8,1.0635301062827764,0.2525221517037443,-0.09708203932499368
0.9,-0.4,1.0,1.0635301062827764,0.2525221517037443,-0.12
0.9,-0.30000000000000004,0.0,1.0536349224933843,0.2619192728883958,0.12
0.9,-0.30000000000000004,0.2,1.0536349224933843,0.2619192728883958,0.0970820393249937
0.9,-0.30000000000000004,0.4,1.0536349224933843,0.2619192728883958,0.037082039324993696
0.9,-0.30000000000000004,0.6000000000000001,1.0536349224933843,0.2619192728883958,-0.0370820393249937
0.9,-0.30000000000000004,0.8,1.0536349224933843,0.2619192728883958,-0.09708203932499368
0.9,-0.30000000000000004,1.0,1.0536349224933843,0.2619192728883958,-0.12
0.9,-0.2,0.0,1.0461306244984583,0.2686993832773471,0.12
0.9,-0.2,0.2,1.0461306244984583,0.2686993832773471,0.0970820393249937
0.9,-0.2,0.4,1.0461306244984583,0.2686993832773471,0.037082039324993696
0.9,-0.2,0.6000000000000001,1.0461306244984583,0.2686993832773471,-0.0370820393249937
0.9,-0.2,0.8,1.0461306244984583,0.2686993832773471,-0.09708203932499368
0.9,-0.2,1.0,1.0461306244984583,0.2686993832773471,-0.12
0.9,-0.1,0.0,1.0414446043778403,0.2727947382487984,0.12
0.9,-0.1,0.2,1.0414446043778403,0.2727947382487984,0.0970820393249937
0.9,-0.1,0.4,1.0414446043778403,0.2727947382487984,0.037082039324993696
0.9,-0.1,0.6000000000000001,1.0414446043778403,0.2727947382487984,-0.0370820393249937
0.9,-0.1,0.8,1.0414446043778403,0.2727947382487984,-0.09708203932499368
0.9,-0.1,1.0,1.0414446043778403,0.2727947382487984,-0.12
0.9,0.0,0.0,1.0398510961597411,0.2741644183696192,0.12
0.9,0.0,0.2,1.0398510961597411,0.2741644183696192,0.0970820393249937
0.9,0.0,0.4,1.0398510961597411,0.2741644183696192,0.037082039324993696
0.9,0.0,0.6000000000000001,1.0398510961597411,0.2741644183696192,-0.0370820393249937
0.9,0.0,0.8,1.0398510961597411,0.2741644183696192,-0.09708203932499368
0.9,0.0,1.0,1.0398510961597411,0.2741644183696192,-0.12
0.9,0.1,0.0,1.0414446043778403,0.2727947382487984,0.12
0.9,0.1,0.2,1.0414446043778403,0.2727947382487984,0.0970820393249937
0.9,0.1,0.4,1.0414446043778403,0.2727947382487984,0.037082039324993696
0.9,0.1,0.6000000000000001,1.0414446043778403,0.2727947382487984,-0.0370820393249937
0.9,0.1,0.8,1.0414446043778403,0.2727947382487984,-0.09708203932499368
0.9,0.1,1.0,1.0414446043778403,0.2727947382487984,-0.12
0.9,0.2,0.0,1.0461306244984583,0.2686993832773471,0.12
0.9,0.2,0.2,1.0461306244984583,0.2686993832773471,0.0970820393249937
0.9,0.2,0.4,1.0461306244984583,0.2686993832773471,0.037082039324993696
0.9,0.2,0.6000000000000001,1.0461306244984583,0.2686993832773471,-0.0370820393249937
0.9,0.2,0.8,1.0461306244984583,0.2686993832773471,-0.09708203932499368
0.9,0.2,1.0,1.0461306244984583,0.2686993832773471,-0.12
0.9,0.30000000000000004,0.0,1.0536349224933843,0.2619192728883958,0.12
0.9,0.30000000000000004,0.2,1.0536349224933843,0.2619192728883958,0.0970820393249937
0.9,0.30000000000000004,0.4,1.0536349224933843,0.2619192728883958,0.037082039324993696
0.9,0.30000000000000004,0.6000000000000001,1.0536349224933843,0.2619192728883958,-0.0370820393249937
0.9,0.30000000000000004,0.8,1.0536349224933843,0.2619192728883958,-0.09708203932499368
0.9,0.30000000000000004,1.0,1.0536349224933843,0.2619192728883958,-0.12
0.9,0.4,0.0,1.0635301062827764,0.2525221517037443,0.12
0.9,0.4,0.2,1.0635301062827764,0.2525221517037443,0.0970820393249937
0.9,0.4,0.4,1.0635301062827764,0.2525221517037443,0.037082039324993696
0.9,0.4,0.6000000000000001,1.0635301062827764,0.2525221517037443,-0.0370820393249937
0.9,0.4,0.8,1.0635301062827764,0.2525221517037443,-0.09708203932499368
0.9,0.4,1.0,1.0635301062827764,0.2525221517037443,-0.12
0.9,0.5,0.0,1.0752759082811794,0.24060191265199438,0.12
0.9,0.5,0.2,1.0752759082811794,0.24060191265199438,0.0970820393249937
0.9,0.5,0.4,1.0752759082811794,0.24060191265199438,0.037082039324993696
0.9,0.5,0.6000000000000001,1.0752759082811794,0.24060191265199438,-0.0370820393249937
0.9,0.5,0.8,1.0752759082811794,0.24060191265199438,-0.09708203932499368
0.9,0.5,1.0,1.0752759082811794,0.24060191265199438,-0.12
0.9,0.6000000000000001,0.0,1.0882679011444254,0.22627765882144393,0.12
0.9,0.6000000000000001,0.2,1.0882679011444254,0.22627765882144393,0.0970820393249937
0.9,0.6000000000000001,0.4,1.0882679011444254,0.22627765882144393,0.037082039324993696
0.9,0.6000000000000001,0.6000000000000001,1.0882679011444254,0.22627765882144393,-0.0370820393249937
0.9,0.6000000000000001,0.8,1.0882679011444254,0.22627765882144393,-0.09708203932499368
0.9,0.6000000000000001,1.0,1.0882679011444254,0.22627765882144393,-0.12
0.9,0.7000000000000001,0.0,1.1018885545077555,0.2096925134213991,0.12
0.9,0.7000000000000001,0.2,1.1018885545077555,0.2096925134213991,0.0970820393249937
0.9,0.7000000000000001,0.4,1.1018885545077555,0.2096925134213991,0.037082039324993696
0.9,0.7000000000000001,0.6000000000000001,1.1018885545077555,0.2096925134213991,-0.0370820393249937
0.9,0.7000000000000001,0.8,1.1018885545077555,0.2096925134213991,-0.09708203932499368
0.9,0.7000000000000001,1.0,1.1018885545077555,0.2096925134213991,-0.12
0.9,0.8,0.0,1.1155546962862328,0.19101218974237694,0.12
0.9,0.8,0.2,1.1155546962862328,0.19101218974237694,0.0970820393249937
0.9,0.8,0.4,1.1155546962862328,0.19101218974237694,0.037082039324993696
0.9,0.8,0.6000000000000001,1.1155546962862328,0.19101218974237694,-0.0370820393249937
0.9,0.8,0.8,1.1155546962862328,0.19101218974237694,-0.09708203932499368
0.9,0.8,1.0,1.1155546962862328,0.19101218974237694,-0.12
0.9,0.9,0.0,1.1287564683298987,0.17042333540368415,0.12
0.9,0.9,0.2,1.1287564683298987,0.17042333540368415,0.0970820393249937
0.9,0.9,0.4,1.1287564683298987,0.17042333540368415,0.037082039324993696
0.9,0.9,0.6000000000000001,1.1287564683298987,0.17042333540368415,-0.0370820393249937
0.9,0.9,0.8,1.1287564683298987,0.17042333540368415,-0.09708203932499368
0.9,0.9,1.0,1.1287564683298987,0.17042333540368415,-0.12
0.9,1.0,0.0,1.1410845107510266,0.14813166743210263,0.12
0.9,1.0,0.2,1.1410845107510266,0.14813166743210263,0.0970820393249937
0.9,1.0,0.4,1.1410845107510266,0.14813166743210263,0.037082039324993696
0.9,1.0,0.6000000000000001,1.1410845107510266,0.14813166743210263,-0.0370820393249937
0.9,1.0,0.8,1.1410845107510266,0.14813166743210263,-0.09708203932499368
0.9,1.0,1.0,1.1410845107510266,0.14813166743210263,-0.12
0.9,1.1,0.0,1.1522440325711563,0.12435991680535856,0.12
0.9,1.1,0.2,1.1522440325711563,0.12435991680535856,0.0970820393249937
0.9,1.1,0.4,1.1522440325711563,0.12435991680535856,0.037082039324993696
0.9,1.1,0.6000000000000001,1.1522440325711563,0.12435991680535856,-0.0370820393249937
0.9,1.1,0.8,1.1522440325711563,0.12435991680535856,-0.09708203932499368
0.9,1.1,1.0,1.1522440325711563,0.12435991680535856,-0.12
0.9,1.2000000000000002,0.0,1.1620562791577287,0.09934560299781843,0.12
0.9,1.2000000000000002,0.2,1.1620562791577287,0.09934560299781843,0.0970820393249937
0.9,1.2000000000000002,0.4,1.1620562791577287,0.09934560299781843,0.037082039324993696
0.9,1.2000000000000002,0.6000000000000001,1.1620562791577287,0.09934560299781843,-0.0370820393249937
0.9,1.2000000000000002,0.8,1.1620562791577287,0.09934560299781843,-0.09708203932499368
0.9,1.2000000000000002,1.0,1.1620562791577287,0.09934560299781843,-0.12
1.0,-1.2000000000000002,0.0,1.1686220934736868,0.1067197377792925,0.12
1.0,-1.2000000000000002,0.2,1.1686220934736868,0.1067197377792925,0.0970820393249937
1.0,-1.2000000000000002,0.4,1.1686220934736868,0.1067197377792925,0.037082039324993696
1.0,-1.2000000000000002,0.6000000000000001,1.1686220934736868,0.1067197377792925,-0.0370820393249937
1.0,-1.2000000000000002,0.8,1.1686220934736868,0.1067197377792925,-0.09708203932499368
1.0,-1.2000000000000002,1.0,1.1686220934736868,0.1067197377792925,-0.12
1.0,-1.1,0.0,1.160507766534416,0.13359079125035794,0.12
1.0,-1.1,0.2,1.160507766534416,0.13359079125035794,0.0970820393249937
1.0,-1.1,0.4,1.160507766534416,0.13359079125035794,0.037082039324993696
1.0,-1.1,0.6000000000000001,1.160507766534416,0.13359079125035794,-0.0370820393249937
1.0,-1.1,0.8,1.160507766534416,0.13359079125035794,-0.09708203932499368
1.0,-1.1,1.0,1.160507766534416,0.13359079125035794,-0.12
1.0,-1.0,0.0,1.1512792980348194,0.1591270496944943,0.12
1.0,-1.0,0.2,1.1512792980348194,0.1591270496944943,0.0970820393249937
1.0,-1.0,0.4,1.1512792980348194,0.1591270496944943,0.037082039324993696
1.0,-1.0,0.6000000000000001,1.1512792980348194,0.1591270496944943,-0.0370820393249937
1.0,-1.0,0.8,1.1512792980348194,0.1591270496944943,-0.09708203932499368
1.0,-1.0,1.0,1.1512792980348194,0.1591270496944943,-0.12
1.0,-0.9,0.0,1.1410845107510266,0.1830733632584924,0.12
1.0,-0.9,0.2,1.1410845107510266,0.1830733632584924,0.0970820393249937
1.0,-0.9,0.4,1.1410845107510266,0.1830733632584924,0.037082039324993696
1.0,-0.9,0.6000000000000001,1.1410845107510266,0.1830733632584924,-0.0370820393249937
1.0,-0.9,0.8,1.1410845107510266,0.1830733632584924,-0.09708203932499368
1.0,-0.9,1.0,1.1410845107510266,0.1830733632584924,-0.12
1.0,-0.8,0.0,1.130167184775279,0.20519046829281984,0.12
1.0,-0.8,0.2,1.130167184775279,0.20519046829281984,0.0970820393249937
1.0,-0.8,0.4,1.130167184775279,0.20519046829281984,0.037082039324993696
1.0,-0.8,0.6000000000000001,1.130167184775279,0.20519046829281984,-0.0370820393249937
1.0,-0.8,0.8,1.130167184775279,0.20519046829281984,-0.09708203932499368
1.0,-0.8,1.0,1.130167184775279,0.20519046829281984,-0.12
1.0,-0.7000000000000001,0.0,1.1188658440058021,0.22525737799491638,0.12
1.0,-0.7000000000000001,0.2,1.1188658440058021,0.22525737799491638,0.0970820393249937
1.0,-0.7000000000000001,0.4,1.1188658440058021,0.22525737799491638,0.037082039324993696
1.0,-0.7000000000000001,0.6000000000000001,1.1188658440058021,0.22525737799491638,-0.0370820393249937
1.0,-0.7000000000000001,0.8,1.1188658440058021,0.22525737799491638,-0.09708203932499368
1.0,-0.7000000000000001,1.0,1.1188658440058021,0.22525737799491638,-0.12
1.0,-0.6000000000000001,0.0,1.10760212029672,0.2430735904362772,0.12
1.0,-0.6000000000000001,0.2,1.10760212029672,0.2430735904362772,0.0970820393249937
1.0,-0.6000000000000001,0.4,1.10760212029672,0.2430735904362772,0.037082039324993696
1.0,-0.6000000000000001,0.6000000000000001,1.10760212029672,0.2430735904362772,-0.0370820393249937
1.0,-0.6000000000000001,0.8,1.10760212029672,0.2430735904362772,-0.09708203932499368
1.0,-0.6000000000000001,1.0,1.10760212029672,0.2430735904362772,-0.12
1.0,-0.5,0.0,1.0968582731303316,0.258461091911445,0.12
1.0,-0.5,0.2,1.0968582731303316,0.258461091911445,0.0970820393249937
1.0,-0.5,0.4,1.0968582731303316,0.258461091911445,0.037082039324993696
1.0,-0.5,0.6000000000000001,1.0968582731303316,0.258461091911445,-0.0370820393249937
1.0,-0.5,0.8,1.0968582731303316,0.258461091911445,-0.09708203932499368
1.0,-0.5,1.0,1.0968582731303316,0.258461091911445,-0.12
1.0,-0.4,0.0,1.087144974882262,0.27126613559211166,0.12
1.0,-0.4,0.2,1.087144974882262,0.27126613559211166,0.0970820393249937
1.0,-0.4,0.4,1.087144974882262,0.27126613559211166,0.037082039324993696
1.0,-0.4,0.6000000000000001,1.087144974882262,0.27126613559211166,-0.0370820393249937
1.0,-0.4,0.8,1.087144974882262,0.27126613559211166,-0.09708203932499368
1.0,-0.4,1.0,1.087144974882262,0.27126613559211166,-0.12
1.0,-0.30000000000000004,0.0,1.078962062265576,0.28136077771460466,0.12
1.0,-0.30000000000000004,0.2,1.078962062265576,0.28136077771460466,0.0970820393249937
1.0,-0.30000000000000004,0.4,1.078962062265576,0.28136077771460466,0.037082039324993696
1.0,-0.30000000000000004,0.6000000000000001,1.078962062265576,0.28136077771460466,-0.0370820393249937
1.0,-0.30000000000000004,0.8,1.078962062265576,0.28136077771460466,-0.09708203932499368
1.0,-0.30000000000000004,1.0,1.078962062265576,0.28136077771460466,-0.12
1.0,-0.2,0.0,1.072756314494839,0.288644155951681,0.12
1.0,-0.2,0.2,1.072756314494839,0.288644155951681,0.0970820393249937
1.0,-0.2,0.4,1.072756314494839,0.288644155951681,0.037082039324993696
1.0,-0.2,0.6000000000000001,1.072756314494839,0.288644155951681,-0.0370820393249937
1.0,-0.2,0.8,1.072756314494839,0.288644155951681,-0.09708203932499368
1.0,-0.2,1.0,1.072756314494839,0.288644155951681,-0.12
1.0,-0.1,0.0,1.0688811673542515,0.2930434971955608,0.12
1.0,-0.1,0.2,1.0688811673542515,0.2930434971955608,0.0970820393249937
1.0,-0.1,0.4,1.0688811673542515,0.2930434971955608,0.037082039324993696
1.0,-0.1,0.6000000000000001,1.0688811673542515,0.2930434971955608,-0.0370820393249937
1.0,-0.1,0.8,1.0688811673542515,0.2930434971955608,-0.09708203932499368
1.0,-0.1,1.0,1.0688811673542515,0.2930434971955608,-0.12
1.0,0.0,0.0,1.0675634011782809,0.29451484468276373,0.12
1.0,0.0,0.2,1.0675634011782809,0.29451484468276373,0.0970820393249937
1.0,0.0,0.4,1.0675634011782809,0.29451484468276373,0.037082039324993696
1.0,0.0,0.6000000000000001,1.0675634011782809,0.29451484468276373,-0.0370820393249937
1.0,0.0,0.8,1.0675634011782809,0.29451484468276373,-0.09708203932499368
1.0,0.0,1.0,1.0675634011782809,0.29451484468276373,-0.12
1.0,0.1,0.0,1.0688811673542515,0.2930434971955608,0.12
1.0,0.1,0.2,1.0688811673542515,0.2930434971955608,0.0970820393249937
1.0,0.1,0.4,1.0688811673542515,0.2930434971955608,0.037082039324993696
1.0,0.1,0.6000000000000001,1.0688811673542515,0.2930434971955608,-0.0370820393249937
1.0,0.1,0.8,1.0688811673542515,0.2930434971955608,-0.09708203932499368
1.0,0.1,1.0,1.0688811673542515,0.2930434971955608,-0.12
1.0,0.2,0.0,1.072756314494839,0.288644155951681,0.12
1.0,0.2,0.2,1.072756314494839,0.288644155951681,0.0970820393249937
1.0,0.2,0.4,1.072756314494839,0.288644155951681,0.037082039324993696
1.0,0.2,0.6000000000000001,1.072756314494839,0.288644155951681,-0.0370820393249937
1.0,0.2,0.8,1.072756314494839,0.288644155951681,-0.09708203932499368
1.0,0.2,1.0,1.072756314494839,0.288644155951681,-0.12
1.0,0.30000000000000004,0.0,1.078962062265576,0.28136077771460466,0.12
1.0,0.30000000000000004,0.2,1.078962062265576,0.28136077771460466,0.0970820393249937
1.0,0.30000000000000004,0.4,1.078962062265576,0.28136077771460466,0.037082039324993696
1.0,0.30000000000000004,0.6000000000000001,1.078962062265576,0.28136077771460466,-0.0370820393249937
1.0,0.30000000000000004,0.8,1.078962062265576,0.28136077771460466,-0.09708203932499368
1.0,0.30000000000000004,1.0,1.078962062265576,0.28136077771460466,-0.12
1.0,0.4,0.0,1.087144974882262,0.27126613559211166,0.12
1.0,0.4,0.2,1.087144974882262,0.27126613559211166,0.0970820393249937
1.0,0.4,0.4,1.087144974882262,0.27126613559211166,0.037082039324993696
1.0,0.4,0.6000000000000001,1.087144974882262,0.27126613559211166,-0.0370820393249937
1.0,0.4,0.8,1.087144974882262,0.27126613559211166,-0.09708203932499368
1.0,0.4,1.0,1.087144974882262,0.27126613559211166,-0.12
1.0,0.5,0.0,1.0968582731303316,0.258461091911445,0.12
1.0,0.5,0.2,1.0968582731303316,0.258461091911445,0.0970820393249937
1.0,0.5,0.4,1.0968582731303316,0.258461091911445,0.037082039324993696
1.0,0.5,0.6000000000000001,1.0968582731303316,0.258461091911445,-0.0370820393249937
1.0,0.5,0.8,1.0968582731303316,0.258461091911445,-0.09708203932499368
1.0,0.5,1.0,1.0968582731303316,0.258461091911445,-0.12
1.0,0.6000000000000001,0.0,1.10760212029672,0.2430735904362772,0.12
1.0,0.6000000000000001,0.2,1.10760212029672,0.2430735904362772,0.0970820393249937
1.0,0.6000000000000001,0.4,1.10760212029672,0.2430735904362772,0.037082039324993696
1.0,0.6000000000000001,0.6000000000000001,1.10760212029672,0.2430735904362772,-0.0370820393249937
1.0,0.6000000000000001,0.8,1.10760212029672,0.2430735904362772,-0.09708203932499368
1.0,0.6000000000000001,1.0,1.10760212029672,0.2430735904362772,-0.12
1.0,0.7000000000000001,0.0,1.1188658440058021,0.22525737799491638,0.12
1.0,0.7000000000000001,0.2,1.1188658440058021,0.22525737799491638,0.0970820393249937
1.0,0.7000000000000001,0.4,1.1188658440058021,0.22525737799491638,0.037082039324993696
1.0,0.7000000000000001,0.6000000000000001,1.1188658440058021,0.22525737799491638,-0.0370820393249937
1.0,0.7000000000000001,0.8,1.1188658440058021,0.22525737799491638,-0.09708203932499368
1.0,0.7000000000000001,1.0,1.1188658440058021,0.22525737799491638,-0.12
1.0,0.8,0.0,1.130167184775279,0.20519046829281984,0.12
1.0,0.8,0.2,1.130167184775279,0.20519046829281984,0.0970820393249937
1.0,0.8,0.4,1.130167184775279,0.20519046829281984,0.037082039324993696
1.0,0.8,0.6000000000000001,1.130167184775279,0.20519046829281984,-0.0370820393249937
1.0,0.8,0.8,1.130167184775279,0.20519046829281984,-0.09708203932499368
1.0,0.8,1.0,1.130167184775279,0.20519046829281984,-0.12
1.0,0.9,0.0,1.1410845107510266,0.1830733632584924,0.12
1.0,0.9,0.2,1.1410845107510266,0.1830733632584924,0.0970820393249937
1.0,0.9,0.4,1.1410845107510266,0.1830733632584924,0.037082039324993696
1.0,0.9,0.6000000000000001,1.1410845107510266,0.1830733632584924,-0.0370820393249937
1.0,0.9,0.8,1.1410845107510266,0.1830733632584924,-0.09708203932499368
1.0,0.9,1.0,1.1410845107510266,0.1830733632584924,-0.12
1.0,1.0,0.0,1.1512792980348194,0.1591270496944943,0.12
1.0,1.0,0.2,1.1512792980348194,0.1591270496944943,0.0970820393249937
1.0,1.0,0.4,1.1512792980348194,0.1591270496944943,0.037082039324993696
1.0,1.0,0.6000000000000001,1.1512792980348194,0.1591270496944943,-0.0370820393249937
1.0,1.0,0.8,1.1512792980348194,0.1591270496944943,-0.09708203932499368
1.0,1.0,1.0,1.1512792980348194,0.1591270496944943,-0.12
1.0,1.1,0.0,1.160507766534416,0.13359079125035794,0.12
1.0,1.1,0.2,1.160507766534416,0.13359079125035794,0.0970820393249937
1.0,1.1,0.4,1.160507766534416,0.13359079125035794,0.037082039324993696
1.0,1.1,0.6000000000000001,1.160507766534416,0.13359079125035794,-0.0370820393249937
1.0,1.1,0.8,1.160507766534416,0.13359079125035794,-0.09708203932499368
1.0,1.1,1.0,1.160507766534416,0.13359079125035794,-0.12
1.0,1.2000000000000002,0.0,1.1686220934736868,0.1067197377792925,0.12
1.0,1.2000000000000002,0.2,1.1686220934736868,0.1067197377792925,0.0970820393249937
1.0,1.2000000000000002,0.4,1.1686220934736868,0.1067197377792925,0.037082039324993696
1.0,1.2000000000000002,0.6000000000000001,1.1686220934736868,0.1067197377792925,-0.0370820393249937
1.0,1.2000000000000002,0.8,1.1686220934736868,0.1067197377792925,-0.09708203932499368
1.0,1.2000000000000002,1.0,1.1686220934736868,0.1067197377792925,-0.12
1.1,-1.2000000000000002,0.0,1.1745655632982455,0.11302756421773105,0.12
1.1,-1.2000000000000002,0.2,1.1745655632982455,0.11302756421773105,0.0970820393249937
1.1,-1.2000000000000002,0.4,1.1745655632982455,0.11302756421773105,0.037082039324993696
1.1,-1.2000000000000002,0.6000000000000001,1.1745655632982455,0.11302756421773105,-0.0370820393249937
1.1,-1.2000000000000002,0.8,1.1745655632982455,0.11302756421773105,-0.09708203932499368
1.1,-1.2000000000000002,1.0,1.1745655632982455,0.11302756421773105,-0.12
1.1,-1.1,0.0,1.167988217714621,0.14148687066842824,0.12
1.1,-1.1,0.2,1.167988217714621,0.14148687066842824,0.0970820393249937
1.1,-1.1,0.4,1.167988217714621,0.14148687066842824,0.037082039324993696
1.1,-1.1,0.6000000000000001,1.167988217714621,0.14148687066842824,-0.0370820393249937
1.1,-1.1,0.8,1.167988217714621,0.14148687066842824,-0.09708203932499368
1.1,-1.1,1.0,1.167988217714621,0.14148687066842824,-0.12
1.1,-1.0,0.0,1.160507766534416,0.16853248707674784,0.12
1.1,-1.0,0.2,1.160507766534416,0.16853248707674784,0.0970820393249937
1.1,-1.0,0.4,1.160507766534416,0.16853248707674784,0.037082039324993696
1.1,-1.0,0.6000000000000001,1.160507766534416,0.16853248707674784,-0.0370820393249937
1.1,-1.0,0.8,1.160507766534416,0.16853248707674784,-0.09708203932499368
1.1,-1.0,1.0,1.160507766534416,0.16853248707674784,-0.12
1.1,-0.9,0.0,1.1522440325711563,0.19389418258362998,0.12
1.1,-0.9,0.2,1.1522440325711563,0.19389418258362998,0.0970820393249937
1.1,-0.9,0.4,1.1522440325711563,0.19389418258362998,0.037082039324993696
1.1,-0.9,0.6000000000000001,1.1522440325711563,0.19389418258362998,-0.0370820393249937
1.1,-0.9,0.8,1.1522440325711563,0.19389418258362998,-0.09708203932499368
1.1,-0.9,1.0,1.1522440325711563,0.19389418258362998,-0.12
1.1,-0.8,0.0,1.143394620127094,0.21731855151103194,0.12
1.1,-0.8,0.2,1.143394620127094,0.21731855151103194,0.0970820393249937
1.1,-0.8,0.4,1.143394620127094,0.21731855151103194,0.037082039324993696
1.1,-0.8,0.6000000000000001,1.143394620127094,0.21731855151103194,-0.0370820393249937
1.1,-0.8,0.8,1.143394620127094,0.21731855151103194,-0.09708203932499368
1.1,-0.8,1.0,1.143394620127094,0.21731855151103194,-0.12
1.1,-0.7000000000000001,0.0,1.1342339313410155,0.23857154530769797,0.12
1.1,-0.7000000000000001,0.2,1.1342339313410155,0.23857154530769797,0.0970820393249937
1.1,-0.7000000000000001,0.4,1.1342339313410155,0.23857154530769797,0.037082039324993696
1.1,-0.7000000000000001,0.6000000000000001,1.1342339313410155,0.23857154530769797,-0.0370820393249937
1.1,-0.7000000000000001,0.8,1.1342339313410155,0.23857154530769797,-0.09708203932499368
1.1,-0.7000000000000001,1.0,1.1342339313410155,0.23857154530769797,-0.12
1.1,-0.6000000000000001,0.0,1.1251037343514727,0.2574408110849175,0.12
1.1,-0.6000000000000001,0.2,1.1251037343514727,0.2574408110849175,0.0970820393249937
1.1,-0.6000000000000001,0.4,1.1251037343514727,0.2574408110849175,0.037082039324993696
1.1,-0.6000000000000001,0.6000000000000001,1.1251037343514727,0.2574408110849175,-0.0370820393249937
1.1,-0.6000000000000001,0.8,1.1251037343514727,0.2574408110849175,-0.09708203932499368
1.1,-0.6000000000000001,1.0,1.1251037343514727,0.2574408110849175,-0.12
1.1,-0.5,0.0,1.1163949410972869,0.2737378133763946,0.12
1.1,-0.5,0.2,1.1163949410972869,0.2737378133763946,0.0970820393249937
1.1,-0.5,0.4,1.1163949410972869,0.2737378133763946,0.037082039324993696
1.1,-0.5,0.6000000000000001,1.1163949410972869,0.2737378133763946,-0.0370820393249937
1.1,-0.5,0.8,1.1163949410972869,0.2737378133763946,-0.09708203932499368
1.1,-0.5,1.0,1.1163949410972869,0.2737378133763946,-0.12
1.1,-0.4,0.0,1.1085214945609918,0.28729971792230546,0.12
1.1,-0.4,0.2,1.1085214945609918,0.28729971792230546,0.0970820393249937
1.1,-0.4,0.4,1.1085214945609918,0.28729971792230546,0.037082039324993696
1.1,-0.4,0.6000000000000001,1.1085214945609918,0.28729971792230546,-0.0370820393249937
1.1,-0.4,0.8,1.1085214945609918,0.28729971792230546,-0.09708203932499368
1.1,-0.4,1.0,1.1085214945609918,0.28729971792230546,-0.12
1.1,-0.30000000000000004,0.0,1.1018885545077555,0.297991018655397,0.12
1.1,-0.30000000000000004,0.2,1.1018885545077555,0.297991018655397,0.0970820393249937
1.1,-0.30000000000000004,0.4,1.1018885545077555,0.297991018655397,0.037082039324993696
1.1,-0.30000000000000004,0.6000000000000001,1.1018885545077555,0.297991018655397,-0.0370820393249937
1.1,-0.30000000000000004,0.8,1.1018885545077555,0.297991018655397,-0.09708203932499368
1.1,-0.30000000000000004,1.0,1.1018885545077555,0.297991018655397,-0.12
1.1,-0.2,0.0,1.0968582731303316,0.30570489163281833,0.12
1.1,-0.2,0.2,1.0968582731303316,0.30570489163281833,0.0970820393249937
1.1,-0.2,0.4,1.0968582731303316,0.30570489163281833,0.037082039324993696
1.1,-0.2,0.6000000000000001,1.0968582731303316,0.30570489163281833,-0.0370820393249937
1.1,-0.2,0.8,1.0968582731303316,0.30570489163281833,-0.09708203932499368
1.1,-0.2,1.0,1.0968582731303316,0.30570489163281833,-0.12
1.1,-0.1,0.0,1.0937171399073549,0.3103642623856465,0.12
1.1,-0.1,0.2,1.0937171399073549,0.3103642623856465,0.0970820393249937
1.1,-0.1,0.4,1.0937171399073549,0.3103642623856465,0.037082039324993696
1.1,-0.1,0.6000000000000001,1.0937171399073549,0.3103642623856465,-0.0370820393249937
1.1,-0.1,0.8,1.0937171399073549,0.3103642623856465,-0.09708203932499368
1.1,-0.1,1.0,1.0937171399073549,0.3103642623856465,-0.12
1.1,0.0,0.0,1.0926489794052405,0.31192257602150236,0.12
1.1,0.0,0.2,1.0926489794052405,0.31192257602150236,0.0970820393249937
1.1,0.0,0.4,1.0926489794052405,0.31192257602150236,0.037082039324993696
1.1,0.0,0.6000000000000001,1.0926489794052405,0.31192257602150236,-0.0370820393249937
1.1,0.0,0.8,1.0926489794052405,0.31192257602150236,-0.09708203932499368
1.1,0.0,1.0,1.0926489794052405,0.31192257602150236,-0.12
1.1,0.1,0.0,1.0937171399073549,0.3103642623856465,0.12
1.1,0.1,0.2,1.0937171399073549,0.3103642623856465,0.0970820393249937
1.1,0.1,0.4,1.0937171399073549,0.3103642623856465,0.037082039324993696
1.1,0.1,0.6000000000000001,1.0937171399073549,0.3103642623856465,-0.0370820393249937
1.1,0.1,0.8,1.0937171399073549,0.3103642623856465,-0.09708203932499368
1.1,0.1,1.0,1.0937171399073549,0.3103642623856465,-0.12
1.1,0.2,0.0,1.0968582731303316,0.30570489163281833,0.12
1.1,0.2,0.2,1.0968582731303316,0.30570489163281833,0.0970820393249937
1.1,0.2,0.4,1.0968582731303316,0.30570489163281833,0.037082039324993696
1.1,0.2,0.6000000000000001,1.0968582731303316,0.30570489163281833,-0.0370820393249937
1.1,0.2,0.8,1.0968582731303316,0.30570489163281833,-0.09708203932499368
1.1,0.2,1.0,1.0968582731303316,0.30570489163281833,-0.12
1.1,0.30000000000000004,0.0,1.1018885545077555,0.297991018655397,0.12
1.1,0.30000000000000004,0.2,1.1018885545077555,0.297991018655397,0.0970820393249937
1.1,0.30000000000000004,0.4,1.1018885545077555,0.297991018655397,0.037082039324993696
1.1,0.30000000000000004,0.6000000000000001,1.1018885545077555,0.297991018655397,-0.0370820393249937
1.1,0.30000000000000004,0.8,1.1018885545077555,0.297991018655397,-0.09708203932499368
1.1,0.30000000000000004,1.0,1.1018885545077555,0.297991018655397,-0.12
1.1,0.4,0.0,1.1085214945609918,0.28729971792230546,0.12
1.1,0.4,0.2,1.1085214945609918,0.28729971792230546,0.0970820393249937
1.1,0.4,0.4,1.1085214945609918,0.28729971792230546,0.037082039324993696
1.1,0.4,0.6000000000000001,1.1085214945609918,0.28729971792230546,-0.0370820393249937
1.1,0.4,0.8,1.1085214945609918,0.28729971792230546,-0.09708203932499368
1.1,0.4,1.0,1.1085214945609918,0.28729971792230546,-0.12
1.1,0.5,0.0,1.1163949410972869,0.2737378133763946,0.12
1.1,0.5,0.2,1.1163949410972869,0.2737378133763946,0.0970820393249937
1.1,0.5,0.4,1.1163949410972869,0.2737378133763946,0.037082039324993696
1.1,0.5,0.6000000000000001,1.1163949410972869,0.2737378133763946,-0.0370820393249937
1.1,0.5,0.8,1.1163949410972869,0.2737378133763946,-0.09708203932499368
1.1,0.5,1.0,1.1163949410972869,0.2737378133763946,-0.12
1.1,0.6000000000000001,0.0,1.1251037343514727,0.2574408110849175,0.12
1.1,0.6000000000000001,0.2,1.1251037343514727,0.2574408110849175,0.0970820393249937
1.1,0.6000000000000001,0.4,1.1251037343514727,0.2574408110849175,0.037082039324993696
1.1,0.6000000000000001,0.6000000000000001,1.1251037343514727,0.2574408110849175,-0.0370820393249937
1.1,0.6000000000000001,0.8,1.1251037343514727,0.2574408110849175,-0.09708203932499368
1.1,0.6000000000000001,1.0,1.1251037343514727,0.2574408110849175,-0.12
1.1,0.7000000000000001,0.0,1.1342339313410155,0.23857154530769797,0.12
1.1,0.7000000000000001,0.2,1.1342339313410155,0.23857154530769797,0.0970820393249937
1.1,0.7000000000000001,0.4,1.1342339313410155,0.23857154530769797,0.037082039324993696
1.1,0.7000000000000001,0.6000000000000001,1.1342339313410155,0.23857154530769797,-0.0370820393249937
1.1,0.7000000000000001,0.8,1.1342339313410155,0.23857154530769797,-0.09708203932499368
1.1,0.7000000000000001,1.0,1.1342339313410155,0.23857154530769797,-0.12
1.1,0.8,0.0,1.143394620127094,0.21731855151103194,0.12
1.1,0.8,0.2,1.143394620127094,0.21731855151103194,0.0970820393249937
1.1,0.8,0.4,1.143394620127094,0.21731855151103194,0.037082039324993696
1.1,0.8,0.6000000000000001,1.143394620127094,0.21731855151103194,-0.0370820393249937
1.1,0.8,0.8,1.143394620127094,0.21731855151103194,-0.09708203932499368
1.1,0.8,1.0,1.143394620127094,0.21731855151103194,-0.12
1.1,0.9,0.0,1.1522440325711563,0.19389418258362998,0.12
1.1,0.9,0.2,1.1522440325711563,0.19389418258362998,0.0970820393249937
1.1,0.9,0.4,1.1522440325711563,0.19389418258362998,0.037082039324993696
1.1,0.9,0.6000000000000001,1.1522440325711563,0.19389418258362998,-0.0370820393249937
1.1,0.9,0.8,1.1522440325711563,0.19389418258362998,-0.09708203932499368
1.1,0.9,1.0,1.1522440325711563,0.19389418258362998,-0.12
1.1,1.0,0.0,1.160507766534416,0.16853248707674784,0.12
1.1,1.0,0.2,1.160507766534416,0.16853248707674784,0.0970820393249937
1.1,1.0,0.4,1.160507766534416,0.16853248707674784,0.037082039324993696
1.1,1.0,0.6000000000000001,1.160507766534416,0.16853248707674784,-0.0370820393249937
1.1,1.0,0.8,1.160507766534416,0.16853248707674784,-0.09708203932499368
1.1,1.0,1.0,1.160507766534416,0.16853248707674784,-0.12
1.1,1.1,0.0,1.167988217714621,0.14148687066842824,0.12
1.1,1.1,0.2,1.167988217714621,0.14148687066842824,0.0970820393249937
1.1,1.1,0.4,1.167988217714621,0.14148687066842824,0.037082039324993696
1.1,1.1,0.6000000000000001,1.167988217714621,0.14148687066842824,-0.0370820393249937
1.1,1.1,0.8,1.167988217714621,0.14148687066842824,-0.09708203932499368
1.1,1.1,1.0,1.167988217714621,0.14148687066842824,-0.12
1.1,1.2000000000000002,0.0,1.1745655632982455,0.11302756421773105,0.12
1.1,1.2000000000000002,0.2,1.1745655632982455,0.11302756421773105,0.0970820393249937
1.1,1.2000000000000002,0.4,1.1745655632982455,0.11302756421773105,0.037082039324993696
1.1,1.2000000000000002,0.6000000000000001,1.1745655632982455,0.11302756421773105,-0.0370820393249937
1.1,1.2000000000000002,0.8,1.1745655632982455,0.11302756421773105,-0.09708203932499368
1.1,1.2000000000000002,1.0,1.1745655632982455,0.11302756421773105,-0.12
1.2000000000000002,-1.2000000000000002,0.0,1.1797914853797118,0.11820605659645136,0.12
1.2000000000000002,-1.2000000000000002,0.2,1.1797914853797118,0.11820605659645136,0.0970820393249937
1.2000000000000002,-1.2000000000000002,0.4,1.1797914853797118,0.11820605659645136,0.037082039324993696
1.2000000000000002,-1.2000000000000002,0.6000000000000001,1.1797914853797118,0.11820605659645136,-0.0370820393249937
1.2000000000000002,-1.2000000000000002,0.8,1.1797914853797118,0.11820605659645136,-0.09708203932499368
1.2000000000000002,-1.2000000000000002,1.0,1.1797914853797118,0.11820605659645136,-0.12
1.2000000000000002,-1.1,0.0,1.1745655632982455,0.14796926004412095,0.12
1.2000000000000002,-1.1,0.2,1.1745655632982455,0.14796926004412095,0.0970820393249937
1.2000000000000002,-1.1,0.4,1.1745655632982455,0.14796926004412095,0.037082039324993696
1.2000000000000002,-1.1,0.6000000000000001,1.1745655632982455,0.14796926004412095,-0.0370820393249937
1.2000000000000002,-1.1,0.8,1.1745655632982455,0.14796926004412095,-0.09708203932499368
1.2000000000000002,-1.1,1.0,1.1745655632982455,0.14796926004412095,-0.12
1.2000000000000002,-1.0,0.0,1.1686220934736868,0.17625400355756402,0.12
1.2000000000000002,-1.0,0.2,1.1686220934736868,0.17625400355756402,0.0970820393249937
1.2000000000000002,-1.0,0.4,1.1686220934736868,0.17625400355756402,0.037082039324993696
1.2000000000000002,-1.0,0.6000000000000001,1.1686220934736868,0.17625400355756402,-0.0370820393249937
1.2000000000000002,-1.0,0.8,1.1686220934736868,0.17625400355756402,-0.09708203932499368
1.2000000000000002,-1.0,1.0,1.1686220934736868,0.17625400355756402,-0.12
1.2000000000000002,-0.9,0.0,1.1620562791577287,0.20277767532928734,0.12
1.2000000000000002,-0.9,0.2,1.1620562791577287,0.20277767532928734,0.0970820393249937
1.2000000000000002,-0.9,0.4,1.1620562791577287,0.20277767532928734,0.037082039324993696
1.2000000000000002,-0.9,0.6000000000000001,1.1620562791577287,0.20277767532928734,-0.0370820393249937
1.2000000000000002,-0.9,0.8,1.1620562791577287,0.20277767532928734,-0.09708203932499368
1.2000000000000002,-0.9,1.0,1.1620562791577287,0.20277767532928734,-0.12
1.2000000000000002,-0.8,0.0,1.1550251236085103,0.22727525959850814,0.12
1.2000000000000002,-0.8,0.2,1.1550251236085103,0.22727525959850814,0.0970820393249937
1.2000000000000002,-0.8,0.4,1.1550251236085103,0.22727525959850814,0.037082039324993696
1.2000000000000002,-0.8,0.6000000000000001,1.1550251236085103,0.22727525959850814,-0.0370820393249937
1.2000000000000002,-0.8,0.8,1.1550251236085103,0.22727525959850814,-0.09708203932499368
1.2000000000000002,-0.8,1.0,1.1550251236085103,0.22727525959850814,-0.12
1.2000000000000002,-0.7000000000000001,0.0,1.1477466485458954,0.24950198460103307,0.12
1.2000000000000002,-0.7000000000000001,0.2,1.1477466485458954,0.24950198460103307,0.0970820393249937
1.2000000000000002,-0.7000000000000001,0.4,1.1477466485458954,0.24950198460103307,0.037082039324993696
1.2000000000000002,-0.7000000000000001,0.6000000000000001,1.1477466485458954,0.24950198460103307,-0.0370820393249937
1.2000000000000002,-0.7000000000000001,0.8,1.1477466485458954,0.24950198460103307,-0.09708203932499368
1.2000000000000002,-0.7000000000000001,1.0,1.1477466485458954,0.24950198460103307,-0.12
1.2000000000000002,-0.6000000000000001,0.0,1.1404924002402288,0.2692357682478153,0.12
1.2000000000000002,-0.6000000000000001,0.2,1.1404924002402288,0.2692357682478153,0.0970820393249937
1.2000000000000002,-0.6000000000000001,0.4,1.1404924002402288,0.2692357682478153,0.037082039324993696
1.2000000000000002,-0.6000000000000001,0.6000000000000001,1.1404924002402288,0.2692357682478153,-0.0370820393249937
1.2000000000000002,-0.6000000000000001,0.8,1.1404924002402288,0.2692357682478153,-0.09708203932499368
1.2000000000000002,-0.6000000000000001,1.0,1.1404924002402288,0.2692357682478153,-0.12
1.2000000000000002,-0.5,0.0,1.133572971362524,0.28627943709577797,0.12
1.2000000000000002,-0.5,0.2,1.133572971362524,0.28627943709577797,0.0970820393249937
1.2000000000000002,-0.5,0.4,1.133572971362524,0.28627943709577797,0.037082039324993696
1.2000000000000002,-0.5,0.6000000000000001,1.133572971362524,0.28627943709577797,-0.0370820393249937
1.2000000000000002,-0.5,0.8,1.133572971362524,0.28627943709577797,-0.09708203932499368
1.2000000000000002,-0.5,1.0,1.133572971362524,0.28627943709577797,-0.12
1.2000000000000002,-0.4,0.0,1.127317253521924,0.30046269643967993,0.12
1.2000000000000002,-0.4,0.2,1.127317253521924,0.30046269643967993,0.0970820393249937
1.2000000000000002,-0.4,0.4,1.127317253521924,0.30046269643967993,0.037082039324993696
1.2000000000000002,-0.4,0.6000000000000001,1.127317253521924,0.30046269643967993,-0.0370820393249937
1.2000000000000002,-0.4,0.8,1.127317253521924,0.30046269643967993,-0.09708203932499368
1.2000000000000002,-0.4,1.0,1.127317253521924,0.30046269643967993,-0.12
1.2000000000000002,-0.30000000000000004,0.0,1.1220471597662376,0.31164383184051914,0.12
1.2000000000000002,-0.30000000000000004,0.2,1.1220471597662376,0.31164383184051914,0.0970820393249937
1.2000000000000002,-0.30000000000000004,0.4,1.1220471597662376,0.31164383184051914,0.037082039324993696
1.2000000000000002,-0.30000000000000004,0.6000000000000001,1.1220471597662376,0.31164383184051914,-0.0370820393249937
1.2000000000000002,-0.30000000000000004,0.8,1.1220471597662376,0.31164383184051914,-0.09708203932499368
1.2000000000000002,-0.30000000000000004,1.0,1.1220471597662376,0.31164383184051914,-0.12
1.2000000000000002,-0.2,0.0,1.1180504321818274,0.31971112508936245,0.12
1.2000000000000002,-0.2,0.2,1.1180504321818274,0.31971112508936245,0.0970820393249937
1.2000000000000002,-0.2,0.4,1.1180504321818274,0.31971112508936245,0.037082039324993696
1.2000000000000002,-0.2,0.6000000000000001,1.1180504321818274,0.31971112508936245,-0.0370820393249937
1.2000000000000002,-0.2,0.8,1.1180504321818274,0.31971112508936245,-0.09708203932499368
1.2000000000000002,-0.2,1.0,1.1180504321818274,0.31971112508936245,-0.12
1.2000000000000002,-0.1,0.0,1.1155546962862328,0.32458397045876,0.12
1.2000000000000002,-0.1,0.2,1.1155546962862328,0.32458397045876,0.0970820393249937
1.2000000000000002,-0.1,0.4,1.1155546962862328,0.32458397045876,0.037082039324993696
1.2000000000000002,-0.1,0.6000000000000001,1.1155546962862328,0.32458397045876,-0.0370820393249937
1.2000000000000002,-0.1,0.8,1.1155546962862328,0.32458397045876,-0.09708203932499368
1.2000000000000002,-0.1,1.0,1.1155546962862328,0.32458397045876,-0.12
1.2000000000000002,0.0,0.0,1.114706006874436,0.32621368008852925,0.12
1.2000000000000002,0.0,0.2,1.114706006874436,0.32621368008852925,0.0970820393249937
1.2000000000000002,0.0,0.4,1.114706006874436,0.32621368008852925,0.037082039324993696
1.2000000000000002,0.0,0.6000000000000001,1.114706006874436,0.32621368008852925,-0.0370820393249937
1.2000000000000002,0.0,0.8,1.114706006874436,0.32621368008852925,-0.09708203932499368
1.2000000000000002,0.0,1.0,1.114706006874436,0.32621368008852925,-0.12
1.2000000000000002,0.1,0.0,1.1155546962862328,0.32458397045876,0.12
1.2000000000000002,0.1,0.2,1.1155546962862328,0.32458397045876,0.0970820393249937
1.2000000000000002,0.1,0.4,1.1155546962862328,0.32458397045876,0.037082039324993696
1.2000000000000002,0.1,0.6000000000000001,1.1155546962862328,0.32458397045876,-0.0370820393249937
1.2000000000000002,0.1,0.8,1.1155546962862328,0.32458397045876,-0.09708203932499368
1.2000000000000002,0.1,1.0,1.1155546962862328,0.32458397045876,-0.12
1.2000000000000002,0.2,0.0,1.1180504321818274,0.31971112508936245,0.12
1.2000000000000002,0.2,0.2,1.1180504321818274,0.31971112508936245,0.0970820393249937
1.2000000000000002,0.2,0.4,1.1180504321818274,0.31971112508936245,0.037082039324993696
1.2000000000000002,0.2,0.6000000000000001,1.1180504321818274,0.31971112508936245,-0.0370820393249937
1.2000000000000002,0.2,0.8,1.1180504321818274,0.31971112508936245,-0.09708203932499368
1.2000000000000002,0.2,1.0,1.1180504321818274,0.31971112508936245,-0.12
1.2000000000000002,0.30000000000000004,0.0,1.1220471597662376,0.31164383184051914,0.12
1.2000000000000002,0.30000000000000004,0.2,1.1220471597662376,0.31164383184051914,0.0970820393249937
1.2000000000000002,0.30000000000000004,0.4,1.1220471597662376,0.31164383184051914,0.037082039324993696
1.2000000000000002,0.30000000000000004,0.6000000000000001,1.1220471597662376,0.31164383184051914,-0.0370820393249937
1.2000000000000002,0.30000000000000004,0.8,1.1220471597662376,0.31164383184051914,-0.09708203932499368
1.2000000000000002,0.30000000000000004,1.0,1.1220471597662376,0.31164383184051914,-0.12
1.2000000000000002,0.4,0.0,1.127317253521924,0.30046269643967993,0.12
1.2000000000000002,0.4,0.2,1.127317253521924,0.30046269643967993,0.0970820393249937
1.2000000000000002,0.4,0.4,1.127317253521924,0.30046269643967993,0.037082039324993696
1.2000000000000002,0.4,0.6000000000000001,1.127317253521924,0.30046269643967993,-0.0370820393249937
1.2000000000000002,0.4,0.8,1.127317253521924,0.30046269643967993,-0.09708203932499368
1.2000000000000002,0.4,1.0,1.127317253521924,0.30046269643967993,-0.12
1.2000000000000002,0.5,0.0,1.133572971362524,0.28627943709577797,0.12
1.2000000000000002,0.5,0.2,1.133572971362524,0.28627943709577797,0.0970820393249937
1.2000000000000002,0.5,0.4,1.133572971362524,0.28627943709577797,0.037082039324993696
1.2000000000000002,0.5,0.6000000000000001,1.133572971362524,0.28627943709577797,-0.0370820393249937
1.2000000000000002,0.5,0.8,1.133572971362524,0.28627943709577797,-0.09708203932499368
1.2000000000000002,0.5,1.0,1.133572971362524,0.28627943709577797,-0.12
1.2000000000000002,0.6000000000000001,0.0,1.1404924002402288,0.2692357682478153,0.12
1.2000000000000002,0.6000000000000001,0.2,1.1404924002402288,0.2692357682478153,0.0970820393249937
1.2000000000000002,0.6000000000000001,0.4,1.1404924002402288,0.2692357682478153,0.037082039324993696
1.2000000000000002,0.6000000000000001,0.6000000000000001,1.1404924002402288,0.2692357682478153,-0.0370820393249937
1.2000000000000002,0.6000000000000001,0.8,1.1404924002402288,0.2692357682478153,-0.09708203932499368
1.2000000000000002,0.6000000000000001,1.0,1.1404924002402288,0.2692357682478153,-0.12
1.2000000000000002,0.7000000000000001,0.0,1.1477466485458954,0.24950198460103307,0.12
1.2000000000000002,0.7000000000000001,0.2,1.1477466485458954,0.24950198460103307,0.0970820393249937
1.2000000000000002,0.7000000000000001,0.4,1.1477466485458954,0.24950198460103307,0.037082039324993696
1.2000000000000002,0.7000000000000001,0.6000000000000001,1.1477466485458954,0.24950198460103307,-0.0370820393249937
1.2000000000000002,0.7000000000000001,0.8,1.1477466485458954,0.24950198460103307,-0.09708203932499368
1.2000000000000002,0.7000000000000001,1.0,1.1477466485458954,0.24950198460103307,-0.12
1.2000000000000002,0.8,0.0,1.1550251236085103,0.22727525959850814,0.12
1.2000000000000002,0.8,0.2,1.1550251236085103,0.22727525959850814,0.0970820393249937
1.2000000000000002,0.8,0.4,1.1550251236085103,0.22727525959850814,0.037082039324993696
1.2000000000000002,0.8,0.6000000000000001,1.1550251236085103,0.22727525959850814,-0.0370820393249937
1.2000000000000002,0.8,0.8,1.1550251236085103,0.22727525959850814,-0.09708203932499368
1.2000000000000002,0.8,1.0,1.1550251236085103,0.22727525959850814,-0.12
1.2000000000000002,0.9,0.0,1.1620562791577287,0.20277767532928734,0.12
1.2000000000000002,0.9,0.2,1.1620562791577287,0.20277767532928734,0.0970820393249937
1.2000000000000002,0.9,0.4,1.1620562791577287,0.20277767532928734,0.037082039324993696
1.2000000000000002,0.9,0.6000000000000001,1.1620562791577287,0.20277767532928734,-0.0370820393249937
1.2000000000000002,0.9,0.8,1.1620562791577287,0.20277767532928734,-0.09708203932499368
1.2000000000000002,0.9,1.0,1.1620562791577287,0.20277767532928734,-0.12
1.2000000000000002,1.0,0.0,1.1686220934736868,0.17625400355756402,0.12
1.2000000000000002,1.0,0.2,1.1686220934736868,0.17625400355756402,0.0970820393249937
1.2000000000000002,1.0,0.4,1.1686220934736868,0.17625400355756402,0.037082039324993696
1.2000000000000002,1.0,0.6000000000000001,1.1686220934736868,0.17625400355756402,-0.0370820393249937
1.2000000000000002,1.0,0.8,1.1686220934736868,0.17625400355756402,-0.09708203932499368
1.2000000000000002,1.0,1.0,1.1686220934736868,0.17625400355756402,-0.12
1.2000000000000002,1.1,0.0,1.1745655632982455,0.14796926004412095,0.12
1.2000000000000002,1.1,0.2,1.1745655632982455,0.14796926004412095,0.0970820393249937
1.2000000000000002,1.1,0.4,1.1745655632982455,0.14796926004412095,0.037082039324993696
1.2000000000000002,1.1,0.6000000000000001,1.1745655632982455,0.14796926004412095,-0.0370820393249937
1.2000000000000002,1.1,0.8,1.1745655632982455,0.14796926004412095,-0.09708203932499368
1.2000000000000002,1.1,1.0,1.1745655632982455,0.14796926004412095,-0.12
1.2000000000000002,1.2000000000000002,0.0,1.1797914853797118,0.11820605659645136,0.12
1.2000000000000002,1.2000000000000002,0.2,1.1797914853797118,0.11820605659645136,0.0970820393249937
1.2000000000000002,1.2000000000000002,0.4,1.1797914853797118,0.11820605659645136,0.037082039324993696
1.2000000000000002,1.2000000000000002,0.6000000000000001,1.1797914853797118,0.11820605659645136,-0.0370820393249937
1.2000000000000002,1.2000000000000002,0.8,1.1797914853797118,0.11820605659645136,-0.09708203932499368
1.2000000000000002,1.2000000000000002,1.0,1.1797914853797118,0.11820605659645136,-0.12
1.3,-1.2000000000000002,0.0,1.1842615929890097,0.12220347313138726,0.12
1.3,-1.2000000000000002,0.2,1.1842615929890097,0.12220347313138726,0.0970820393249937
1.3,-1.2000000000000002,0.4,1.1842615929890097,0.12220347313138726,0.037082039324993696
1.3,-1.2000000000000002,0.6000000000000001,1.1842615929890097,0.12220347313138726,-0.0370820393249937
1.3,-1.2000000000000002,0.8,1.1842615929890097,0.12220347313138726,-0.09708203932499368
1.3,-1.2000000000000002,1.0,1.1842615929890097,0.12220347313138726,-0.12
1.3,-1.1,0.0,1.1801916407796933,0.1529731894855871,0.12
1.3,-1.1,0.2,1.1801916407796933,0.1529731894855871,0.0970820393249937
1.3,-1.1,0.4,1.1801916407796933,0.1529731894855871,0.037082039324993696
1.3,-1.1,0.6000000000000001,1.1801916407796933,0.1529731894855871,-0.0370820393249937
1.3,-1.1,0.8,1.1801916407796933,0.1529731894855871,-0.09708203932499368
1.3,-1.1,1.0,1.1801916407796933,0.1529731894855871,-0.12
1.3,-1.0,0.0,1.175562861826166,0.18221444829666048,0.12
1.3,-1.0,0.2,1.175562861826166,0.18221444829666048,0.0970820393249937
1.3,-1.0,0.4,1.175562861826166,0.18221444829666048,0.037082039324993696
1.3,-1.0,0.6000000000000001,1.175562861826166,0.18221444829666048,-0.0370820393249937
1.3,-1.0,0.8,1.175562861826166,0.18221444829666048,-0.09708203932499368
1.3,-1.0,1.0,1.175562861826166,0.18221444829666048,-0.12
1.3,-0.9,0.0,1.1704494004953965,0.2096350805724421,0.12
1.3,-0.9,0.2,1.1704494004953965,0.2096350805724421,0.0970820393249937
1.3,-0.9,0.4,1.1704494004953965,0.2096350805724421,0.037082039324993696
1.3,-0.9,0.6000000000000001,1.1704494004953965,0.2096350805724421,-0.0370820393249937
1.3,-0.9,0.8,1.1704494004953965,0.2096350805724421,-0.09708203932499368
1.3,-0.9,1.0,1.1704494004953965,0.2096350805724421,-0.12
1.3,-0.8,0.0,1.1649735310477682,0.2349611084192884,0.12
1.3,-0.8,0.2,1.1649735310477682,0.2349611084192884,0.0970820393249937
1.3,-0.8,0.4,1.1649735310477682,0.2349611084192884,0.037082039324993696
1.3,-0.8,0.6000000000000001,1.1649735310477682,0.2349611084192884,-0.0370820393249937
1.3,-0.8,0.8,1.1649735310477682,0.2349611084192884,-0.09708203932499368
1.3,-0.8,1.0,1.1649735310477682,0.2349611084192884,-0.12
1.3,-0.7000000000000001,0.0,1.159305048969438,0.2579394825386255,0.12
1.3,-0.7000000000000001,0.2,1.159305048969438,0.2579394825386255,0.0970820393249937
1.3,-0.7000000000000001,0.4,1.159305048969438,0.2579394825386255,0.037082039324993696
1.3,-0.7000000000000001,0.6000000000000001,1.159305048969438,0.2579394825386255,-0.0370820393249937
1.3,-0.7000000000000001,0.8,1.159305048969438,0.2579394825386255,-0.09708203932499368
1.3,-0.7000000000000001,1.0,1.159305048969438,0.2579394825386255,-0.12
1.3,-0.6000000000000001,0.0,1.1536554347083905,0.2783406106118934,0.12
1.3,-0.6000000000000001,0.2,1.1536554347083905,0.2783406106118934,0.0970820393249937
1.3,-0.6000000000000001,0.4,1.1536554347083905,0.2783406106118934,0.037082039324993696
1.3,-0.6000000000000001,0.6000000000000001,1.1536554347083905,0.2783406106118934,-0.0370820393249937
1.3,-0.6000000000000001,0.8,1.1536554347083905,0.2783406106118934,-0.09708203932499368
1.3,-0.6000000000000001,1.0,1.1536554347083905,0.2783406106118934,-0.12
1.3,-0.5,0.0,1.148266578080027,0.29596065131110066,0.12
1.3,-0.5,0.2,1.148266578080027,0.29596065131110066,0.0970820393249937
1.3,-0.5,0.4,1.148266578080027,0.29596065131110066,0.037082039324993696
1.3,-0.5,0.6000000000000001,1.148266578080027,0.29596065131110066,-0.0370820393249937
1.3,-0.5,0.8,1.148266578080027,0.29596065131110066,-0.09708203932499368
1.3,-0.5,1.0,1.148266578080027,0.29596065131110066,-0.12
1.3,-0.4,0.0,1.143394620127094,0.3106235510139916,0.12
1.3,-0.4,0.2,1.143394620127094,0.3106235510139916,0.0970820393249937
1.3,-0.4,0.4,1.143394620127094,0.3106235510139916,0.037082039324993696
1.3,-0.4,0.6000000000000001,1.143394620127094,0.3106235510139916,-0.0370820393249937
1.3,-0.4,0.8,1.143394620127094,0.3106235510139916,-0.09708203932499368
1.3,-0.4,1.0,1.143394620127094,0.3106235510139916,-0.12
1.3,-0.30000000000000004,0.0,1.1392902669833056,0.32218280287364526,0.12
1.3,-0.30000000000000004,0.2,1.1392902669833056,0.32218280287364526,0.0970820393249937
1.3,-0.30000000000000004,0.4,1.1392902669833056,0.32218280287364526,0.037082039324993696
1.3,-0.30000000000000004,0.6000000000000001,1.1392902669833056,0.32218280287364526,-0.0370820393249937
1.3,-0.30000000000000004,0.8,1.1392902669833056,0.32218280287364526,-0.09708203932499368
1.3,-0.30000000000000004,1.0,1.1392902669833056,0.32218280287364526,-0.12
1.3,-0.2,0.0,1.136177612410844,0.3305229106664607,0.12
1.3,-0.2,0.2,1.136177612410844,0.3305229106664607,0.0970820393249937
1.3,-0.2,0.4,1.136177612410844,0.3305229106664607,0.037082039324993696
1.3,-0.2,0.6000000000000001,1.136177612410844,0.3305229106664607,-0.0370820393249937
1.3,-0.2,0.8,1.136177612410844,0.3305229106664607,-0.09708203932499368
1.3,-0.2,1.0,1.136177612410844,0.3305229106664607,-0.12
1.3,-0.1,0.0,1.1342339313410155,0.3355605427922452,0.12
1.3,-0.1,0.2,1.1342339313410155,0.3355605427922452,0.0970820393249937
1.3,-0.1,0.4,1.1342339313410155,0.3355605427922452,0.037082039324993696
1.3,-0.1,0.6000000000000001,1.1342339313410155,0.3355605427922452,-0.0370820393249937
1.3,-0.1,0.8,1.1342339313410155,0.3355605427922452,-0.09708203932499368
1.3,-0.1,1.0,1.1342339313410155,0.3355605427922452,-0.12
1.3,0.0,0.0,1.1335729713625238,0.33724536489601753,0.12
1.3,0.0,0.2,1.1335729713625238,0.33724536489601753,0.0970820393249937
1.3,0.0,0.4,1.1335729713625238,0.33724536489601753,0.037082039324993696
1.3,0.0,0.6000000000000001,1.1335729713625238,0.33724536489601753,-0.0370820393249937
1.3,0.0,0.8,1.1335729713625238,0.33724536489601753,-0.09708203932499368
1.3,0.0,1.0,1.1335729713625238,0.33724536489601753,-0.12
1.3,0.1,0.0,1.1342339313410155,0.3355605427922452,0.12
1.3,0.1,0.2,1.1342339313410155,0.3355605427922452,0.0970820393249937
1.3,0.1,0.4,1.1342339313410155,0.3355605427922452,0.037082039324993696
1.3,0.1,0.6000000000000001,1.1342339313410155,0.3355605427922452,-0.0370820393249937
1.3,0.1,0.8,1.1342339313410155,0.3355605427922452,-0.09708203932499368
1.3,0.1,1.0,1.1342339313410155,0.3355605427922452,-0.12
1.3,0.2,0.0,1.136177612410844,0.3305229106664607,0.12
1.3,0.2,0.2,1.136177612410844,0.3305229106664607,0.0970820393249937
1.3,0.2,0.4,1.136177612410844,0.3305229106664607,0.037082039324993696
1.3,0.2,0.6000000000000001,1.136177612410844,0.3305229106664607,-0.0370820393249937
1.3,0.2,0.8,1.136177612410844,0.3305229106664607,-0.09708203932499368
1.3,0.2,1.0,1.136177612410844,0.3305229106664607,-0.12
1.3,0.30000000000000004,0.0,1.1392902669833056,0.32218280287364526,0.12
1.3,0.30000000000000004,0.2,1.1392902669833056,0.32218280287364526,0.0970820393249937
1.3,0.30000000000000004,0.4,1.1392902669833056,0.32218280287364526,0.037082039324993696
1.3,0.30000000000000004,0.6000000000000001,1.1392902669833056,0.32218280287364526,-0.0370820393249937
1.3,0.30000000000000004,0.8,1.1392902669833056,0.32218280287364526,-0.09708203932499368
1.3,0.30000000000000004,1.0,1.1392902669833056,0.32218280287364526,-0.12
1.3,0.4,0.0,1.143394620127094,0.3106235510139916,0.12
1.3,0.4,0.2,1.143394620127094,0.3106235510139916,0.0970820393249937
1.3,0.4,0.4,1.143394620127094,0.3106235510139916,0.037082039324993696
1.3,0.4,0.6000000000000001,1.143394620127094,0.3106235510139916,-0.0370820393249937
1.3,0.4,0.8,1.143394620127094,0.3106235510139916,-0.09708203932499368
1.3,0.4,1.0,1.143394620127094,0.3106235510139916,-0.12
1.3,0.5,0.0,1.148266578080027,0.29596065131110066,0.12
1.3,0.5,0.2,1.148266578080027,0.29596065131110066,0.0970820393249937
1.3,0.5,0.4,1.148266578080027,0.29596065131110066,0.037082039324993696
1.3,0.5,0.6000000000000001,1.148266578080027,0.29596065131110066,-0.0370820393249937
1.3,0.5,0.8,1.148266578080027,0.29596065131110066,-0.09708203932499368
1.3,0.5,1.0,1.148266578080027,0.29596065131110066,-0.12
1.3,0.6000000000000001,0.0,1.1536554347083905,0.2783406106118934,0.12
1.3,0.6000000000000001,0.2,1.1536554347083905,0.2783406106118934,0.0970820393249937
1.3,0.6000000000000001,0.4,1.1536554347083905,0.2783406106118934,0.037082039324993696
1.3,0.6000000000000001,0.6000000000000001,1.1536554347083905,0.2783406106118934,-0.0370820393249937
1.3,0.6000000000000001,0.8,1.1536554347083905,0.2783406106118934,-0.09708203932499368
1.3,0.6000000000000001,1.0,1.1536554347083905,0.2783406106118934,-0.12
1.3,0.7000000000000001,0.0,1.159305048969438,0.2579394825386255,0.12
1.3,0.7000000000000001,0.2,1.159305048969438,0.2579394825386255,0.0970820393249937
1.3,0.7000000000000001,0.4,1.159305048969438,0.2579394825386255,0.037082039324993696
1.3,0.7000000000000001,0.6000000000000001,1.159305048969438,0.2579394825386255,-0.0370820393249937
1.3,0.7000000000000001,0.8,1.159305048969438,0.2579394825386255,-0.09708203932499368
1.3,0.7000000000000001,1.0,1.159305048969438,0.2579394825386255,-0.12
1.3,0.8,0.0,1.1649735310477682,0.2349611084192884,0.12
1.3,0.8,0.2,1.1649735310477682,0.2349611084192884,0.0970820393249937
1.3,0.8,0.4,1.1649735310477682,0.2349611084192884,0.037082039324993696
1.3,0.8,0.6000000000000001,1.1649735310477682,0.2349611084192884,-0.0370820393249937
1.3,0.8,0.8,1.1649735310477682,0.2349611084192884,-0.09708203932499368
1.3,0.8,1.0,1.1649735310477682,0.2349611084192884,-0.12
1.3,0.9,0.0,1.1704494004953965,0.2096350805724421,0.12
1.3,0.9,0.2,1.1704494004953965,0.2096350805724421,0.0970820393249937
1.3,0.9,0.4,1.1704494004953965,0.2096350805724421,0.037082039324993696
1.3,0.9,0.6000000000000001,1.1704494004953965,0.2096350805724421,-0.0370820393249937
1.3,0.9,0.8,1.1704494004953965,0.2096350805724421,-0.09708203932499368
1.3,0.9,1.0,1.1704494004953965,0.2096350805724421,-0.12
1.3,1.0,0.0,1.175562861826166,0.18221444829666048,0.12
1.3,1.0,0.2,1.175562861826166,0.18221444829666048,0.0970820393249937
1.3,1.0,0.4,1.175562861826166,0.18221444829666048,0.037082039324993696
1.3,1.0,0.6000000000000001,1.175562861826166,0.18221444829666048,-0.0370820393249937
1.3,1.0,0.8,1.175562861826166,0.18221444829666048,-0.09708203932499368
1.3,1.0,1.0,1.175562861826166,0.18221444829666048,-0.12
1.3,1.1,0.0,1.1801916407796933,0.1529731894855871,0.12
1.3,1.1,0.2,1.1801916407796933,0.1529731894855871,0.0970820393249937
1.3,1.1,0.4,1.1801916407796933,0.1529731894855871,0.037082039324993696
1.3,1.1,0.6000000000000001,1.1801916407796933,0.1529731894855871,-0.0370820393249937
1.3,1.1,0.8,1.1801916407796933,0.1529731894855871,-0.09708203932499368
1.3,1.1,1.0,1.1801916407796933,0.1529731894855871,-0.12
1.3,1.2000000000000002,0.0,1.1842615929890097,0.12220347313138726,0.12
1.3,1.2000000000000002,0.2,1.1842615929890097,0.12220347313138726,0.0970820393249937
1.3,1.2000000000000002,0.4,1.1842615929890097,0.12220347313138726,0.037082039324993696
1.3,1.2000000000000002,0.6000000000000001,1.1842615929890097,0.12220347313138726,-0.0370820393249937
1.3,1.2000000000000002,0.8,1.1842615929890097,0.12220347313138726,-0.09708203932499368
1.3,1.2000000000000002,1.0,1.1842615929890097,0.12220347313138726,-0.12
1.4000000000000001,-1.2000000000000002,0.0,1.1879856228142824,0.12497987295789188,0.12
1.4000000000000001,-1.2000000000000002,0.2,1.1879856228142824,0.12497987295789188,0.0970820393249937
1.4000000000000001,-1.2000000000000002,0.4,1.1879856228142824,0.12497987295789188,0.037082039324993696
1.4000000000000001,-1.2000000000000002,0.6000000000000001,1.1879856228142824,0.12497987295789188,-0.0370820393249937
1.4000000000000001,-1.2000000000000002,0.8,1.1879856228142824,0.12497987295789188,-0.09708203932499368
1.4000000000000001,-1.2000000000000002,1.0,1.1879856228142824,0.12497987295789188,-0.12
1.4000000000000001,-1.1,0.0,1.1848787047547595,0.15644866138392677,0.12
1.4000000000000001,-1.1,0.2,1.1848787047547595,0.15644866138392677,0.0970820393249937
1.4000000000000001,-1.1,0.4,1.1848787047547595,0.15644866138392677,0.037082039324993696
1.4000000000000001,-1.1,0.6000000000000001,1.1848787047547595,0.15644866138392677,-0.0370820393249937
1.4000000000000001,-1.1,0.8,1.1848787047547595,0.15644866138392677,-0.09708203932499368
1.4000000000000001,-1.1,1.0,1.1848787047547595,0.15644866138392677,-0.12
1.4000000000000001,-1.0,0.0,1.1813451898178187,0.18635426650046527,0.12
1.4000000000000001,-1.0,0.2,1.1813451898178187,0.18635426650046527,0.0970820393249937
1.4000000000000001,-1.0,0.4,1.1813451898178187,0.18635426650046527,0.037082039324993696
1.4000000000000001,-1.0,0.6000000000000001,1.1813451898178187,0.18635426650046527,-0.0370820393249937
1.4000000000000001,-1.0,0.8,1.1813451898178187,0.18635426650046527,-0.09708203932499368
1.4000000000000001,-1.0,1.0,1.1813451898178187,0.18635426650046527,-0.12
1.4000000000000001,-0.9,0.0,1.177441678292825,0.21439788138666152,0.12
1.4000000000000001,-0.9,0.2,1.177441678292825,0.21439788138666152,0.0970820393249937
1.4000000000000001,-0.9,0.4,1.177441678292825,0.21439788138666152,0.037082039324993696
1.4000000000000001,-0.9,0.6000000000000001,1.177441678292825,0.21439788138666152,-0.0370820393249937
1.4000000000000001,-0.9,0.8,1.177441678292825,0.21439788138666152,-0.09708203932499368
1.4000000000000001,-0.9,1.0,1.177441678292825,0.21439788138666152,-0.12
1.4000000000000001,-0.8,0.0,1.1732615118428398,0.24029930351255946,0.12
1.4000000000000001,-0.8,0.2,1.1732615118428398,0.24029930351255946,0.0970820393249937
1.4000000000000001,-0.8,0.4,1.1732615118428398,0.24029930351255946,0.037082039324993696
1.4000000000000001,-0.8,0.6000000000000001,1.1732615118428398,0.24029930351255946,-0.0370820393249937
1.4000000000000001,-0.8,0.8,1.1732615118428398,0.24029930351255946,-0.09708203932499368
1.4000000000000001,-0.8,1.0,1.1732615118428398,0.24029930351255946,-0.12
1.4000000000000001,-0.7000000000000001,0.0,1.1689343088602266,0.2637997344301488,0.12
1.4000000000000001,-0.7000000000000001,0.2,1.1689343088602266,0.2637997344301488,0.0970820393249937
1.4000000000000001,-0.7000000000000001,0.4,1.1689343088602266,0.2637997344301488,0.037082039324993696
1.4000000000000001,-0.7000000000000001,0.6000000000000001,1.1689343088602266,0.2637997344301488,-0.0370820393249937
1.4000000000000001,-0.7000000000000001,0.8,1.1689343088602266,0.2637997344301488,-0.09708203932499368
1.4000000000000001,-0.7000000000000001,1.0,1.1689343088602266,0.2637997344301488,-0.12
1.4000000000000001,-0.6000000000000001,0.0,1.16462150918243,0.2846643656019107,0.12
1.4000000000000001,-0.6000000000000001,0.2,1.16462150918243,0.2846643656019107,0.0970820393249937
1.4000000000000001,-0.6000000000000001,0.4,1.16462150918243,0.2846643656019107,0.037082039324993696
1.4000000000000001,-0.6000000000000001,0.6000000000000001,1.16462150918243,0.2846643656019107,-0.0370820393249937
1.4000000000000001,-0.6000000000000001,0.8,1.16462150918243,0.2846643656019107,-0.09708203932499368
1.4000000000000001,-0.6000000000000001,1.0,1.16462150918243,0.2846643656019107,-0.12
1.4000000000000001,-0.5,0.0,1.160507766534416,0.30268472453010714,0.12
1.4000000000000001,-0.5,0.2,1.160507766534416,0.30268472453010714,0.0970820393249937
1.4000000000000001,-0.5,0.4,1.160507766534416,0.30268472453010714,0.037082039324993696
1.4000000000000001,-0.5,0.6000000000000001,1.160507766534416,0.30268472453010714,-0.0370820393249937
1.4000000000000001,-0.5,0.8,1.160507766534416,0.30268472453010714,-0.09708203932499368
1.4000000000000001,-0.5,1.0,1.160507766534416,0.30268472453010714,-0.12
1.4000000000000001,-0.4,0.0,1.1567886137358756,0.31768075774506604,0.12
1.4000000000000001,-0.4,0.2,1.1567886137358756,0.31768075774506604,0.0970820393249937
1.4000000000000001,-0.4,0.4,1.1567886137358756,0.31768075774506604,0.037082039324993696
1.4000000000000001,-0.4,0.6000000000000001,1.1567886137358756,0.31768075774506604,-0.0370820393249937
1.4000000000000001,-0.4,0.8,1.1567886137358756,0.31768075774506604,-0.09708203932499368
1.4000000000000001,-0.4,1.0,1.1567886137358756,0.31768075774506604,-0.12
1.4000000000000001,-0.30000000000000004,0.0,1.1536554347083905,0.32950262983993317,0.12
1.4000000000000001,-0.30000000000000004,0.2,1.1536554347083905,0.32950262983993317,0.0970820393249937
1.4000000000000001,-0.30000000000000004,0.4,1.1536554347083905,0.32950262983993317,0.037082039324993696
1.4000000000000001,-0.30000000000000004,0.6000000000000001,1.1536554347083905,0.32950262983993317,-0.0370820393249937
1.4000000000000001,-0.30000000000000004,0.8,1.1536554347083905,0.32950262983993317,-0.09708203932499368
1.4000000000000001,-0.30000000000000004,1.0,1.1536554347083905,0.32950262983993317,-0.12
1.4000000000000001,-0.2,0.0,1.1512792980348194,0.338032220576528,0.12
1.4000000000000001,-0.2,0.2,1.1512792980348194,0.338032220576528,0.0970820393249937
1.4000000000000001,-0.2,0.4,1.1512792980348194,0.338032220576528,0.037082039324993696
1.4000000000000001,-0.2,0.6000000000000001,1.1512792980348194,0.338032220576528,-0.0370820393249937
1.4000000000000001,-0.2,0.8,1.1512792980348194,0.338032220576528,-0.09708203932499368
1.4000000000000001,-0.2,1.0,1.1512792980348194,0.338032220576528,-0.12
1.4000000000000001,-0.1,0.0,1.1497955317625816,0.3431843051037183,0.12
1.4000000000000001,-0.1,0.2,1.1497955317625816,0.3431843051037183,0.0970820393249937
1.4000000000000001,-0.1,0.4,1.1497955317625816,0.3431843051037183,0.037082039324993696
1.4000000000000001,-0.1,0.6000000000000001,1.1497955317625816,0.3431843051037183,-0.0370820393249937
1.4000000000000001,-0.1,0.8,1.1497955317625816,0.3431843051037183,-0.09708203932499368
1.4000000000000001,-0.1,1.0,1.1497955317625816,0.3431843051037183,-0.12
1.4000000000000001,0.0,0.0,1.1492909684684238,0.34490740549596105,0.12
1.4000000000000001,0.0,0.2,1.1492909684684238,0.34490740549596105,0.0970820393249937
1.4000000000000001,0.0,0.4,1.1492909684684238,0.34490740549596105,0.037082039324993696
1.4000000000000001,0.0,0.6000000000000001,1.1492909684684238,0.34490740549596105,-0.0370820393249937
1.4000000000000001,0.0,0.8,1.1492909684684238,0.34490740549596105,-0.09708203932499368
1.4000000000000001,0.0,1.0,1.1492909684684238,0.34490740549596105,-0.12
1.4000000000000001,0.1,0.0,1.1497955317625816,0.3431843051037183,0.12
1.4000000000000001,0.1,0.2,1.1497955317625816,0.3431843051037183,0.0970820393249937
1.4000000000000001,0.1,0.4,1.1497955317625816,0.3431843051037183,0.037082039324993696
1.4000000000000001,0.1,0.6000000000000001,1.1497955317625816,0.3431843051037183,-0.0370820393249937
1.4000000000000001,0.1,0.8,1.1497955317625816,0.3431843051037183,-0.09708203932499368
1.4000000000000001,0.1,1.0,1.1497955317625816,0.3431843051037183,-0.12
1.4000000000000001,0.2,0.0,1.1512792980348194,0.338032220576528,0.12
1.4000000000000001,0.2,0.2,1.1512792980348194,0.338032220576528,0.0970820393249937
1.4000000000000001,0.2,0.4,1.1512792980348194,0.338032220576528,0.037082039324993696
1.4000000000000001,0.2,0.6000000000000001,1.1512792980348194,0.338032220576528,-0.0370820393249937
1.4000000000000001,0.2,0.8,1.1512792980348194,0.338032220576528,-0.09708203932499368
1.4000000000000001,0.2,1.0,1.1512792980348194,0.338032220576528,-0.12
1.4000000000000001,0.30000000000000004,0.0,1.1536554347083905,0.32950262983993317,0.12
1.4000000000000001,0.30000000000000004,0.2,1.1536554347083905,0.32950262983993317,0.0970820393249937
1.4000000000000001,0.30000000000000004,0.4,1.1536554347083905,0.32950262983993317,0.037082039324993696
1.4000000000000001,0.30000000000000004,0.6000000000000001,1.1536554347083905,0.32950262983993317,-0.0370820393249937
1.4000000000000001,0.30000000000000004,0.8,1.1536554347083905,0.32950262983993317,-0.09708203932499368
1.4000000000000001,0.30000000000000004,1.0,1.1536554347083905,0.32950262983993317,-0.12
1.4000000000000001,0.4,0.0,1.1567886137358756,0.31768075774506604,0.12
1.4000000000000001,0.4,0.2,1.1567886137358756,0.31768075774506604,0.0970820393249937
1.4000000000000001,0.4,0.4,1.1567886137358756,0.31768075774506604,0.037082039324993696
1.4000000000000001,0.4,0.6000000000000001,1.1567886137358756,0.31768075774506604,-0.0370820393249937
1.4000000000000001,0.4,0.8,1.1567886137358756,0.31768075774506604,-0.09708203932499368
1.4000000000000001,0.4,1.0,1.1567886137358756,0.31768075774506604,-0.12
1.4000000000000001,0.5,0.0,1.160507766534416,0.30268472453010714,0.12
1.4000000000000001,0.5,0.2,1.160507766534416,0.30268472453010714,0.0970820393249937
1.4000000000000001,0.5,0.4,1.160507766534416,0.30268472453010714,0.037082039324993696
1.4000000000000001,0.5,0.6000000000000001,1.160507766534416,0.30268472453010714,-0.0370820393249937
1.4000000000000001,0.5,0.8,1.160507766534416,0.30268472453010714,-0.09708203932499368
1.4000000000000001,0.5,1.0,1.160507766534416,0.30268472453010714,-0.12
1.4000000000000001,0.6000000000000001,0.0,1.16462150918243,0.2846643656019107,0.12
1.4000000000000001,0.6000000000000001,0.2,1.16462150918243,0.2846643656019107,0.0970820393249937
1.4000000000000001,0.6000000000000001,0.4,1.16462150918243,0.2846643656019107,0.037082039324993696
1.4000000000000001,0.6000000000000001,0.6000000000000001,1.16462150918243,0.2846643656019107,-0.0370820393249937
1.4000000000000001,0.6000000000000001,0.8,1.16462150918243,0.2846643656019107,-0.09708203932499368
1.4000000000000001,0.6000000000000001,1.0,1.16462150918243,0.2846643656019107,-0.12
1.4000000000000001,0.7000000000000001,0.0,1.1689343088602266,0.2637997344301488,0.12
1.4000000000000001,0.7000000000000001,0.2,1.1689343088602266,0.2637997344301488,0.0970820393249937
1.4000000000000001,0.7000000000000001,0.4,1.1689343088602266,0.2637997344301488,0.037082039324993696
1.4000000000000001,0.7000000000000001,0.6000000000000001,1.1689343088602266,0.2637997344301488,-0.0370820393249937
1.4000000000000001,0.7000000000000001,0.8,1.1689343088602266,0.2637997344301488,-0.09708203932499368
1.4000000000000001,0.7000000000000001,1.0,1.1689343088602266,0.2637997344301488,-0.12
1.4000000000000001,0.8,0.0,1.1732615118428398,0.24029930351255946,0.12
1.4000000000000001,0.8,0.2,1.1732615118428398,0.24029930351255946,0.0970820393249937
1.4000000000000001,0.8,0.4,1.1732615118428398,0.24029930351255946,0.037082039324993696
1.4000000000000001,0.8,0.6000000000000001,1.1732615118428398,0.24029930351255946,-0.0370820393249937
1.4000000000000001,0.8,0.8,1.1732615118428398,0.24029930351255946,-0.09708203932499368
1.4000000000000001,0.8,1.0,1.1732615118428398,0.24029930351255946,-0.12
1.4000000000000001,0.9,0.0,1.177441678292825,0.21439788138666152,0.12
1.4000000000000001,0.9,0.2,1.177441678292825,0.21439788138666152,0.0970820393249937
1.4000000000000001,0.9,0.4,1.177441678292825,0.21439788138666152,0.037082039324993696
1.4000000000000001,0.9,0.6000000000000001,1.177441678292825,0.21439788138666152,-0.0370820393249937
1.4000000000000001,0.9,0.8,1.177441678292825,0.21439788138666152,-0.09708203932499368
1.4000000000000001,0.9,1.0,1.177441678292825,0.21439788138666152,-0.12
1.4000000000000001,1.0,0.0,1.1813451898178187,0.18635426650046527,0.12
1.4000000000000001,1.0,0.2,1.1813451898178187,0.18635426650046527,0.0970820393249937
1.4000000000000001,1.0,0.4,1.1813451898178187,0.18635426650046527,0.037082039324993696
1.4000000000000001,1.0,0.6000000000000001,1.1813451898178187,0.18635426650046527,-0.0370820393249937
1.4000000000000001,1.0,0.8,1.1813451898178187,0.18635426650046527,-0.09708203932499368
1.4000000000000001,1.0,1.0,1.1813451898178187,0.18635426650046527,-0.12
1.4000000000000001,1.1,0.0,1.1848787047547595,0.15644866138392677,0.12
1.4000000000000001,1.1,0.2,1.1848787047547595,0.15644866138392677,0.0970820393249937
1.4000000000000001,1.1,0.4,1.1848787047547595,0.15644866138392677,0.037082039324993696
1.4000000000000001,1.1,0.6000000000000001,1.1848787047547595,0.15644866138392677,-0.0370820393249937
1.4000000000000001,1.1,0.8,1.1848787047547595,0.15644866138392677,-0.09708203932499368
1.4000000000000001,1.1,1.0,1.1848787047547595,0.15644866138392677,-0.12
1.4000000000000001,1.2000000000000002,0.0,1.1879856228142824,0.12497987295789188,0.12
1.4000000000000001,1.2000000000000002,0.2,1.1879856228142824,0.12497987295789188,0.0970820393249937
1.4000000000000001,1.2000000000000002,0.4,1.1879856228142824,0.12497987295789188,0.037082039324993696
1.4000000000000001,1.2000000000000002,0.6000000000000001,1.1879856228142824,0.12497987295789188,-0.0370820393249937
1.4000000000000001,1.2000000000000002,0.8,1.1879856228142824,0.12497987295789188,-0.09708203932499368
1.4000000000000001,1.2000000000000002,1.0,1.1879856228142824,0.12497987295789188,-0.12
1.5,-1.2000000000000002,0.0,1.1910100792647806,0.1265075152066546,0.12
1.5,-1.2000000000000002,0.2,1.1910100792647806,0.1265075152066546,0.0970820393249937
1.5,-1.2000000000000002,0.4,1.1910100792647806,0.1265075152066546,0.037082039324993696
1.5,-1.2000000000000002,0.6000000000000001,1.1910100792647806,0.1265075152066546,-0.0370820393249937
1.5,-1.2000000000000002,0.8,1.1910100792647806,0.1265075152066546,-0.09708203932499368
1.5,-1.2000000000000002,1.0,1.1910100792647806,0.1265075152066546,-0.12
1.5,-1.1,0.0,1.1886852856733876,0.15836094997277003,0.12
1.5,-1.1,0.2,1.1886852856733876,0.15836094997277003,0.0970820393249937
1.5,-1.1,0.4,1.1886852856733876,0.15836094997277003,0.037082039324993696
1.5,-1.1,0.6000000000000001,1.1886852856733876,0.15836094997277003,-0.0370820393249937
1.5,-1.1,0.8,1.1886852856733876,0.15836094997277003,-0.09708203932499368
1.5,-1.1,1.0,1.1886852856733876,0.15836094997277003,-0.12
1.5,-1.0,0.0,1.18604128518058,0.18863209447392792,0.12
1.5,-1.0,0.2,1.18604128518058,0.18863209447392792,0.0970820393249937
1.5,-1.0,0.4,1.18604128518058,0.18863209447392792,0.037082039324993696
1.5,-1.0,0.6000000000000001,1.18604128518058,0.18863209447392792,-0.0370820393249937
1.5,-1.0,0.8,1.18604128518058,0.18863209447392792,-0.09708203932499368
1.5,-1.0,1.0,1.18604128518058,0.18863209447392792,-0.12
1.5,-0.9,0.0,1.183120429720804,0.21701848944058255,0.12
1.5,-0.9,0.2,1.183120429720804,0.21701848944058255,0.0970820393249937
1.5,-0.9,0.4,1.183120429720804,0.21701848944058255,0.037082039324993696
1.5,-0.9,0.6000000000000001,1.183120429720804,0.21701848944058255,-0.0370820393249937
1.5,-0.9,0.8,1.183120429720804,0.21701848944058255,-0.09708203932499368
1.5,-0.9,1.0,1.183120429720804,0.21701848944058255,-0.12
1.5,-0.8,0.0,1.179992563459866,0.24323650739752195,0.12
1.5,-0.8,0.2,1.179992563459866,0.24323650739752195,0.0970820393249937
1.5,-0.8,0.4,1.179992563459866,0.24323650739752195,0.037082039324993696
1.5,-0.8,0.6000000000000001,1.179992563459866,0.24323650739752195,-0.0370820393249937
1.5,-0.8,0.8,1.179992563459866,0.24323650739752195,-0.09708203932499368
1.5,-0.8,1.0,1.179992563459866,0.24323650739752195,-0.12
1.5,-0.7000000000000001,0.0,1.1767546751184594,0.26702418657584476,0.12
1.5,-0.7000000000000001,0.2,1.1767546751184594,0.26702418657584476,0.0970820393249937
1.5,-0.7000000000000001,0.4,1.1767546751184594,0.26702418657584476,0.037082039324993696
1.5,-0.7000000000000001,0.6000000000000001,1.1767546751184594,0.26702418657584476,-0.0370820393249937
1.5,-0.7000000000000001,0.8,1.1767546751184594,0.26702418657584476,-0.09708203932499368
1.5,-0.7000000000000001,1.0,1.1767546751184594,0.26702418657584476,-0.12
1.5,-0.6000000000000001,0.0,1.1735275642452994,0.28814384834836243,0.12
1.5,-0.6000000000000001,0.2,1.1735275642452994,0.28814384834836243,0.0970820393249937
1.5,-0.6000000000000001,0.4,1.1735275642452994,0.28814384834836243,0.037082039324993696
1.5,-0.6000000000000001,0.6000000000000001,1.1735275642452994,0.28814384834836243,-0.0370820393249937
1.5,-0.6000000000000001,0.8,1.1735275642452994,0.28814384834836243,-0.09708203932499368
1.5,-0.6000000000000001,1.0,1.1735275642452994,0.28814384834836243,-0.12
1.5,-0.5,0.0,1.1704494004953965,0.30638447203587615,0.12
1.5,-0.5,0.2,1.1704494004953965,0.30638447203587615,0.0970820393249937
1.5,-0.5,0.4,1.1704494004953965,0.30638447203587615,0.037082039324993696
1.5,-0.5,0.6000000000000001,1.1704494004953965,0.30638447203587615,-0.0370820393249937
1.5,-0.5,0.8,1.1704494004953965,0.30638447203587615,-0.09708203932499368
1.5,-0.5,1.0,1.1704494004953965,0.30638447203587615,-0.12
1.5,-0.4,0.0,1.167666493953991,0.3215638033560487,0.12
1.5,-0.4,0.2,1.167666493953991,0.3215638033560487,0.0970820393249937
1.5,-0.4,0.4,1.167666493953991,0.3215638033560487,0.037082039324993696
1.5,-0.4,0.6000000000000001,1.167666493953991,0.3215638033560487,-0.0370820393249937
1.5,-0.4,0.8,1.167666493953991,0.3215638033560487,-0.09708203932499368
1.5,-0.4,1.0,1.167666493953991,0.3215638033560487,-0.12
1.5,-0.30000000000000004,0.0,1.1653220502370225,0.3335301754479487,0.12
1.5,-0.30000000000000004,0.2,1.1653220502370225,0.3335301754479487,0.0970820393249937
1.5,-0.30000000000000004,0.4,1.1653220502370225,0.3335301754479487,0.037082039324993696
1.5,-0.30000000000000004,0.6000000000000001,1.1653220502370225,0.3335301754479487,-0.0370820393249937
1.5,-0.30000000000000004,0.8,1.1653220502370225,0.3335301754479487,-0.09708203932499368
1.5,-0.30000000000000004,1.0,1.1653220502370225,0.3335301754479487,-0.12
1.5,-0.2,0.0,1.163544073732602,0.3421640242771907,0.12
1.5,-0.2,0.2,1.163544073732602,0.3421640242771907,0.0970820393249937
1.5,-0.2,0.4,1.163544073732602,0.3421640242771907,0.037082039324993696
1.5,-0.2,0.6000000000000001,1.163544073732602,0.3421640242771907,-0.0370820393249937
1.5,-0.2,0.8,1.163544073732602,0.3421640242771907,-0.09708203932499368
1.5,-0.2,1.0,1.163544073732602,0.3421640242771907,-0.12
1.5,-0.1,0.0,1.1624338254882847,0.3473790832802439,0.12
1.5,-0.1,0.2,1.1624338254882847,0.3473790832802439,0.0970820393249937
1.5,-0.1,0.4,1.1624338254882847,0.3473790832802439,0.037082039324993696
1.5,-0.1,0.6000000000000001,1.1624338254882847,0.3473790832802439,-0.0370820393249937
1.5,-0.1,0.8,1.1624338254882847,0.3473790832802439,-0.09708203932499368
1.5,-0.1,1.0,1.1624338254882847,0.3473790832802439,-0.12
1.5,0.0,0.0,1.1620562791577287,0.34912324531141903,0.12
1.5,0.0,0.2,1.1620562791577287,0.34912324531141903,0.0970820393249937
1.5,0.0,0.4,1.1620562791577287,0.34912324531141903,0.037082039324993696
1.5,0.0,0.6000000000000001,1.1620562791577287,0.34912324531141903,-0.0370820393249937
1.5,0.0,0.8,1.1620562791577287,0.34912324531141903,-0.09708203932499368
1.5,0.0,1.0,1.1620562791577287,0.34912324531141903,-0.12
1.5,0.1,0.0,1.1624338254882847,0.3473790832802439,0.12
1.5,0.1,0.2,1.1624338254882847,0.3473790832802439,0.0970820393249937
1.5,0.1,0.4,1.1624338254882847,0.3473790832802439,0.037082039324993696
1.5,0.1,0.6000000000000001,1.1624338254882847,0.3473790832802439,-0.0370820393249937
1.5,0.1,0.8,1.1624338254882847,0.3473790832802439,-0.09708203932499368
1.5,0.1,1.0,1.1624338254882847,0.3473790832802439,-0.12
1.5,0.2,0.0,1.163544073732602,0.3421640242771907,0.12
1.5,0.2,0.2,1.163544073732602,0.3421640242771907,0.0970820393249937
1.5,0.2,0.4,1.163544073732602,0.3421640242771907,0.037082039324993696
1.5,0.2,0.6000000000000001,1.163544073732602,0.3421640242771907,-0.0370820393249937
1.5,0.2,0.8,1.163544073732602,0.3421640242771907,-0.09708203932499368
1.5,0.2,1.0,1.163544073732602,0.3421640242771907,-0.12
1.5,0.30000000000000004,0.0,1.1653220502370225,0.3335301754479487,0.12
1.5,0.30000000000000004,0.2,1.1653220502370225,0.3335301754479487,0.0970820393249937
1.5,0.30000000000000004,0.4,1.1653220502370225,0.3335301754479487,0.037082039324993696
1.5,0.30000000000000004,0.6000000000000001,1.1653220502370225,0.3335301754479487,-0.0370820393249937
1.5,0.30000000000000004,0.8,1.1653220502370225,0.3335301754479487,-0.09708203932499368
1.5,0.30000000000000004,1.0,1.1653220502370225,0.3335301754479487,-0.12
1.5,0.4,0.0,1.167666493953991,0.3215638033560487,0.12
1.5,0.4,0.2,1.167666493953991,0.3215638033560487,0.0970820393249937
1.5,0.4,0.4,1.167666493953991,0.3215638033560487,0.037082039324993696
1.5,0.4,0.6000000000000001,1.167666493953991,0.3215638033560487,-0.0370820393249937
1.5,0.4,0.8,1.167666493953991,0.3215638033560487,-0.09708203932499368
1.5,0.4,1.0,1.167666493953991,0.3215638033560487,-0.12
1.5,0.5,0.0,1.1704494004953965,0.30638447203587615,0.12
1.5,0.5,0.2,1.1704494004953965,0.30638447203587615,0.0970820393249937
1.5,0.5,0.4,1.1704494004953965,0.30638447203587615,0.037082039324993696
1.5,0.5,0.6000000000000001,1.1704494004953965,0.30638447203587615,-0.0370820393249937
1.5,0.5,0.8,1.1704494004953965,0.30638447203587615,-0.09708203932499368
1.5,0.5,1.0,1.1704494004953965,0.30638447203587615,-0.12
1.5,0.6000000000000001,0.0,1.1735275642452994,0.28814384834836243,0.12
1.5,0.6000000000000001,0.2,1.1735275642452994,0.28814384834836243,0.0970820393249937
1.5,0.6000000000000001,0.4,1.1735275642452994,0.28814384834836243,0.037082039324993696
1.5,0.6000000000000001,0.6000000000000001,1.1735275642452994,0.28814384834836243,-0.0370820393249937
1.5,0.6000000000000001,0.8,1.1735275642452994,0.28814384834836243,-0.09708203932499368
1.5,0.6000000000000001,1.0,1.1735275642452994,0.28814384834836243,-0.12
1.5,0.7000000000000001,0.0,1.1767546751184594,0.26702418657584476,0.12
1.5,0.7000000000000001,0.2,1.1767546751184594,0.26702418657584476,0.0970820393249937
1.5,0.7000000000000001,0.4,1.1767546751184594,0.26702418657584476,0.037082039324993696
1.5,0.7000000000000001,0.6000000000000001,1.1767546751184594,0.26702418657584476,-0.0370820393249937
1.5,0.7000000000000001,0.8,1.1767546751184594,0.26702418657584476,-0.09708203932499368
1.5,0.7000000000000001,1.0,1.1767546751184594,0.26702418657584476,-0.12
1.5,0.8,0.0,1.179992563459866,0.24323650739752195,0.12
1.5,0.8,0.2,1.179992563459866,0.24323650739752195,0.0970820393249937
1.5,0.8,0.4,1.179992563459866,0.24323650739752195,0.037082039324993696
1.5,0.8,0.6000000000000001,1.179992563459866,0.24323650739752195,-0.0370820393249937
1.5,0.8,0.8,1.179992563459866,0.24323650739752195,-0.09708203932499368
1.5,0.8,1.0,1.179992563459866,0.24323650739752195,-0.12
1.5,0.9,0.0,1.183120429720804,0.21701848944058255,0.12
1.5,0.9,0.2,1.183120429720804,0.21701848944058255,0.0970820393249937
1.5,0.9,0.4,1.183120429720804,0.21701848944058255,0.037082039324993696
1.5,0.9,0.6000000000000001,1.183120429720804,0.21701848944058255,-0.0370820393249937
1.5,0.9,0.8,1.183120429720804,0.21701848944058255,-0.09708203932499368
1.5,0.9,1.0,1.183120429720804,0.21701848944058255,-0.12
1.5,1.0,0.0,1.18604128518058,0.18863209447392792,0.12
1.5,1.0,0.2,1.18604128518058,0.18863209447392792,0.0970820393249937
1.5,1.0,0.4,1.18604128518058,0.18863209447392792,0.037082039324993696
1.5,1.0,0.6000000000000001,1.18604128518058,0.18863209447392792,-0.0370820393249937
1.5,1.0,0.8,1.18604128518058,0.18863209447392792,-0.09708203932499368
1.5,1.0,1.0,1.18604128518058,0.18863209447392792,-0.12
1.5,1.1,0.0,1.1886852856733876,0.15836094997277003,0.12
1.5,1.1,0.2,1.1886852856733876,0.15836094997277003,0.0970820393249937
1.5,1.1,0.4,1.1886852856733876,0.15836094997277003,0.037082039324993696
1.5,1.1,0.6000000000000001,1.1886852856733876,0.15836094997277003,-0.0370820393249937
1.5,1.1,0.8,1.1886852856733876,0.15836094997277003,-0.09708203932499368
1.5,1.1,1.0,1.1886852856733876,0.15836094997277003,-0.12
1.5,1.2000000000000002,0.0,1.1910100792647806,0.1265075152066546,0.12
1.5,1.2000000000000002,0.2,1.1910100792647806,0.1265075152066546,0.0970820393249937
1.5,1.2000000000000002,0.4,1.1910100792647806,0.1265075152066546,0.037082039324993696
1.5,1.2000000000000002,0.6000000000000001,1.1910100792647806,0.1265075152066546,-0.0370820393249937
1.5,1.2000000000000002,0.8,1.1910100792647806,0.1265075152066546,-0.09708203932499368
1.5,1.2000000000000002,1.0,1.1910100792647806,0.1265075152066546,-0.12
1.6,-1.2000000000000002,0.0,1.1934063700000557,0.12677113618129712,0.12
1.6,-1.2000000000000002,0.2,1.1934063700000557,0.12677113618129712,0.0970820393249937
1.6,-1.2000000000000002,0.4,1.1934063700000557,0.12677113618129712,0.037082039324993696
1.6,-1.2000000000000002,0.6000000000000001,1.1934063700000557,0.12677113618129712,-0.0370820393249937
1.6,-1.2000000000000002,0.8,1.1934063700000557,0.12677113618129712,-0.09708203932499368
1.6,-1.2000000000000002,1.0,1.1934063700000557,0.12677113618129712,-0.12
1.6,-1.1,0.0,1.1917012572165988,0.15869094829665573,0.12
1.6,-1.1,0.2,1.1917012572165988,0.15869094829665573,0.0970820393249937
1.6,-1.1,0.4,1.1917012572165988,0.15869094829665573,0.037082039324993696
1.6,-1.1,0.6000000000000001,1.1917012572165988,0.15869094829665573,-0.0370820393249937
1.6,-1.1,0.8,1.1917012572165988,0.15869094829665573,-0.09708203932499368
1.6,-1.1,1.0,1.1917012572165988,0.15869094829665573,-0.12
1.6,-1.0,0.0,1.1897620231028936,0.18902517291288742,0.12
1.6,-1.0,0.2,1.1897620231028936,0.18902517291288742,0.0970820393249937
1.6,-1.0,0.4,1.1897620231028936,0.18902517291288742,0.037082039324993696
1.6,-1.0,0.6000000000000001,1.1897620231028936,0.18902517291288742,-0.0370820393249937
1.6,-1.0,0.8,1.1897620231028936,0.18902517291288742,-0.09708203932499368
1.6,-1.0,1.0,1.1897620231028936,0.18902517291288742,-0.12
1.6,-0.9,0.0,1.1876197305563498,0.21747072048478827,0.12
1.6,-0.9,0.2,1.1876197305563498,0.21747072048478827,0.0970820393249937
1.6,-0.9,0.4,1.1876197305563498,0.21747072048478827,0.037082039324993696
1.6,-0.9,0.6000000000000001,1.1876197305563498,0.21747072048478827,-0.0370820393249937
1.6,-0.9,0.8,1.1876197305563498,0.21747072048478827,-0.09708203932499368
1.6,-0.9,1.0,1.1876197305563498,0.21747072048478827,-0.12
1.6,-0.8,0.0,1.1853256065677882,0.24374337250386788,0.12
1.6,-0.8,0.2,1.1853256065677882,0.24374337250386788,0.0970820393249937
1.6,-0.8,0.4,1.1853256065677882,0.24374337250386788,0.037082039324993696
1.6,-0.8,0.6000000000000001,1.1853256065677882,0.24374337250386788,-0.0370820393249937
1.6,-0.8,0.8,1.1853256065677882,0.24374337250386788,-0.09708203932499368
1.6,-0.8,1.0,1.1853256065677882,0.24374337250386788,-0.12
1.6,-0.7000000000000001,0.0,1.1829507872191891,0.26758062131573557,0.12
1.6,-0.7000000000000001,0.2,1.1829507872191891,0.26758062131573557,0.0970820393249937
1.6,-0.7000000000000001,0.4,1.1829507872191891,0.26758062131573557,0.037082039324993696
1.6,-0.7000000000000001,0.6000000000000001,1.1829507872191891,0.26758062131573557,-0.0370820393249937
1.6,-0.7000000000000001,0.8,1.1829507872191891,0.26758062131573557,-0.09708203932499368
1.6,-0.7000000000000001,1.0,1.1829507872191891,0.26758062131573557,-0.12
1.6,-0.6000000000000001,0.0,1.1805838725718718,0.28874429300981014,0.12
1.6,-0.6000000000000001,0.2,1.1805838725718718,0.28874429300981014,0.0970820393249937
1.6,-0.6000000000000001,0.4,1.1805838725718718,0.28874429300981014,0.037082039324993696
1.6,-0.6000000000000001,0.6000000000000001,1.1805838725718718,0.28874429300981014,-0.0370820393249937
1.6,-0.6000000000000001,0.8,1.1805838725718718,0.28874429300981014,-0.09708203932499368
1.6,-0.6000000000000001,1.0,1.1805838725718718,0.28874429300981014,-0.12
1.6,-0.5,0.0,1.1783262027387456,0.30702292717430407,0.12
1.6,-0.5,0.2,1.1783262027387456,0.30702292717430407,0.0970820393249937
1.6,-0.5,0.4,1.1783262027387456,0.30702292717430407,0.037082039324993696
1.6,-0.5,0.6000000000000001,1.1783262027387456,0.30702292717430407,-0.0370820393249937
1.6,-0.5,0.8,1.1783262027387456,0.30702292717430407,-0.09708203932499368
1.6,-0.5,1.0,1.1783262027387456,0.30702292717430407,-0.12
1.6,-0.4,0.0,1.1762850884064948,0.3222338897387589,0.12
1.6,-0.4,0.2,1.1762850884064948,0.3222338897387589,0.0970820393249937
1.6,-0.4,0.4,1.1762850884064948,0.3222338897387589,0.037082039324993696
1.6,-0.4,0.6000000000000001,1.1762850884064948,0.3222338897387589,-0.0370820393249937
1.6,-0.4,0.8,1.1762850884064948,0.3222338897387589,-0.09708203932499368
1.6,-0.4,1.0,1.1762850884064948,0.3222338897387589,-0.12
1.6,-0.30000000000000004,0.0,1.1745655632982455,0.3342251977933063,0.12
1.6,-0.30000000000000004,0.2,1.1745655632982455,0.3342251977933063,0.0970820393249937
1.6,-0.30000000000000004,0.4,1.1745655632982455,0.3342251977933063,0.037082039324993696
1.6,-0.30000000000000004,0.6000000000000001,1.1745655632982455,0.3342251977933063,-0.0370820393249937
1.6,-0.30000000000000004,0.8,1.1745655632982455,0.3342251977933063,-0.09708203932499368
1.6,-0.30000000000000004,1.0,1.1745655632982455,0.3342251977933063,-0.12
1.6,-0.2,0.0,1.1732615118428398,0.34287703815166465,0.12
1.6,-0.2,0.2,1.1732615118428398,0.34287703815166465,0.0970820393249937
1.6,-0.2,0.4,1.1732615118428398,0.34287703815166465,0.037082039324993696
1.6,-0.2,0.6000000000000001,1.1732615118428398,0.34287703815166465,-0.0370820393249937
1.6,-0.2,0.8,1.1732615118428398,0.34287703815166465,-0.09708203932499368
1.6,-0.2,1.0,1.1732615118428398,0.34287703815166465,-0.12
1.6,-0.1,0.0,1.1724472036473919,0.34810296448489153,0.12
1.6,-0.1,0.2,1.1724472036473919,0.34810296448489153,0.0970820393249937
1.6,-0.1,0.4,1.1724472036473919,0.34810296448489153,0.037082039324993696
1.6,-0.1,0.6000000000000001,1.1724472036473919,0.34810296448489153,-0.0370820393249937
1.6,-0.1,0.8,1.1724472036473919,0.34810296448489153,-0.09708203932499368
1.6,-0.1,1.0,1.1724472036473919,0.34810296448489153,-0.12
1.6,0.0,0.0,1.1721702934404121,0.3498507610645268,0.12
1.6,0.0,0.2,1.1721702934404121,0.3498507610645268,0.0970820393249937
1.6,0.0,0.4,1.1721702934404121,0.3498507610645268,0.037082039324993696
1.6,0.0,0.6000000000000001,1.1721702934404121,0.3498507610645268,-0.0370820393249937
1.6,0.0,0.8,1.1721702934404121,0.3498507610645268,-0.09708203932499368
1.6,0.0,1.0,1.1721702934404121,0.3498507610645268,-0.12
1.6,0.1,0.0,1.1724472036473919,0.34810296448489153,0.12
1.6,0.1,0.2,1.1724472036473919,0.34810296448489153,0.0970820393249937
1.6,0.1,0.4,1.1724472036473919,0.34810296448489153,0.037082039324993696
1.6,0.1,0.6000000000000001,1.1724472036473919,0.34810296448489153,-0.0370820393249937
1.6,0.1,0.8,1.1724472036473919,0.34810296448489153,-0.09708203932499368
1.6,0.1,1.0,1.1724472036473919,0.34810296448489153,-0.12
1.6,0.2,0.0,1.1732615118428398,0.34287703815166465,0.12
1.6,0.2,0.2,1.1732615118428398,0.34287703815166465,0.0970820393249937
1.6,0.2,0.4,1.1732615118428398,0.34287703815166465,0.037082039324993696
1.6,0.2,0.6000000000000001,1.1732615118428398,0.34287703815166465,-0.0370820393249937
1.6,0.2,0.8,1.1732615118428398,0.34287703815166465,-0.09708203932499368
1.6,0.2,1.0,1.1732615118428398,0.34287703815166465,-0.12
1.6,0.30000000000000004,0.0,1.1745655632982455,0.3342251977933063,0.12
1.6,0.30000000000000004,0.2,1.1745655632982455,0.3342251977933063,0.0970820393249937
1.6,0.30000000000000004,0.4,1.1745655632982455,0.3342251977933063,0.037082039324993696
1.6,0.30000000000000004,0.6000000000000001,1.1745655632982455,0.3342251977933063,-0.0370820393249937
1.6,0.30000000000000004,0.8,1.1745655632982455,0.3342251977933063,-0.09708203932499368
1.6,0.30000000000000004,1.0,1.1745655632982455,0.3342251977933063,-0.12
1.6,0.4,0.0,1.1762850884064948,0.3222338897387589,0.12
1.6,0.4,0.2,1.1762850884064948,0.3222338897387589,0.0970820393249937
1.6,0.4,0.4,1.1762850884064948,0.3222338897387589,0.037082039324993696
1.6,0.4,0.6000000000000001,1.1762850884064948,0.3222338897387589,-0.0370820393249937
1.6,0.4,0.8,1.1762850884064948,0.3222338897387589,-0.09708203932499368
1.6,0.4,1.0,1.1762850884064948,0.3222338897387589,-0.12
1.6,0.5,0.0,1.1783262027387456,0.30702292717430407,0.12
1.6,0.5,0.2,1.1783262027387456,0.30702292717430407,0.0970820393249937
1.6,0.5,0.4,1.1783262027387456,0.30702292717430407,0.037082039324993696
1.6,0.5,0.6000000000000001,1.1783262027387456,0.30702292717430407,-0.0370820393249937
1.6,0.5,0.8,1.1783262027387456,0.30702292717430407,-0.09708203932499368
1.6,0.5,1.0,1.1783262027387456,0.30702292717430407,-0.12
1.6,0.6000000000000001,0.0,1.1805838725718718,0.28874429300981014,0.12
1.6,0.6000000000000001,0.2,1.1805838725718718,0.28874429300981014,0.0970820393249937
1.6,0.6000000000000001,0.4,1.1805838725718718,0.28874429300981014,0.037082039324993696
1.6,0.6000000000000001,0.6000000000000001,1.1805838725718718,0.28874429300981014,-0.0370820393249937
1.6,0.6000000000000001,0.8,1.1805838725718718,0.28874429300981014,-0.09708203932499368
1.6,0.6000000000000001,1.0,1.1805838725718718,0.28874429300981014,-0.12
1.6,0.7000000000000001,0.0,1.1829507872191891,0.26758062131573557,0.12
1.6,0.7000000000000001,0.2,1.1829507872191891,0.26758062131573557,0.0970820393249937
1.6,0.7000000000000001,0.4,1.1829507872191891,0.26758062131573557,0.037082039324993696
1.6,0.7000000000000001,0.6000000000000001,1.1829507872191891,0.26758062131573557,-0.0370820393249937
1.6,0.7000000000000001,0.8,1.1829507872191891,0.26758062131573557,-0.09708203932499368
1.6,0.7000000000000001,1.0,1.1829507872191891,0.26758062131573557,-0.12
1.6,0.8,0.0,1.1853256065677882,0.24374337250386788,0.12
1.6,0.8,0.2,1.1853256065677882,0.24374337250386788,0.0970820393249937
1.6,0.8,0.4,1.1853256065677882,0.24374337250386788,0.037082039324993696
1.6,0.8,0.6000000000000001,1.1853256065677882,0.24374337250386788,-0.0370820393249937
1.6,0.8,0.8,1.1853256065677882,0.24374337250386788,-0.09708203932499368
1.6,0.8,1.0,1.1853256065677882,0.24374337250386788,-0.12
1.6,0.9,0.0,1.1876197305563498,0.21747072048478827,0.12
1.6,0.9,0.2,1.1876197305563498,0.21747072048478827,0.0970820393249937
1.6,0.9,0.4,1.1876197305563498,0.21747072048478827,0.037082039324993696
1.6,0.9,0.6000000000000001,1.1876197305563498,0.21747072048478827,-0.0370820393249937
1.6,0.9,0.8,1.1876197305563498,0.21747072048478827,-0.09708203932499368
1.6,0.9,1.0,1.1876197305563498,0.21747072048478827,-0.12
1.6,1.0,0.0,1.1897620231028936,0.18902517291288742,0.12
1.6,1.0,0.2,1.1897620231028936,0.18902517291288742,0.0970820393249937
1.6,1.0,0.4,1.1897620231028936,0.18902517291288742,0.037082039324993696
1.6,1.0,0.6000000000000001,1.1897620231028936,0.18902517291288742,-0.0370820393249937
1.6,1.0,0.8,1.1897620231028936,0.18902517291288742,-0.09708203932499368
1.6,1.0,1.0,1.1897620231028936,0.18902517291288742,-0.12
1.6,1.1,0.0,1.1917012572165988,0.15869094829665573,0.12
1.6,1.1,0.2,1.1917012572165988,0.15869094829665573,0.0970820393249937
1.6,1.1,0.4,1.1917012572165988,0.15869094829665573,0.037082039324993696
1.6,1.1,0.6000000000000001,1.1917012572165988,0.15869094829665573,-0.0370820393249937
1.6,1.1,0.8,1.1917012572165988,0.15869094829665573,-0.09708203932499368
1.6,1.1,1.0,1.1917012572165988,0.15869094829665573,-0.12
1.6,1.2000000000000002,0.0,1.1934063700000557,0.12677113618129712,0.12
1.6,1.2000000000000002,0.2,1.1934063700000557,0.12677113618129712,0.0970820393249937
1.6,1.2000000000000002,0.4,1.1934063700000557,0.12677113618129712,0.037082039324993696
1.6,1.2000000000000002,0.6000000000000001,1.1934063700000557,0.12677113618129712,-0.0370820393249937
1.6,1.2000000000000002,0.8,1.1934063700000557,0.12677113618129712,-0.09708203932499368
1.6,1.2000000000000002,1.0,1.1934063700000557,0.12677113618129712,-0.12
1.7000000000000002,-1.2000000000000002,0.0,1.1952596829035713,0.12576810186818235,0.12
1.7000000000000002,-1.2000000000000002,0.2,1.1952596829035713,0.12576810186818235,0.0970820393249937
1.7000000000000002,-1.2000000000000002,0.4,1.1952596829035713,0.12576810186818235,0.037082039324993696
1.7000000000000002,-1.2000000000000002,0.6000000000000001,1.1952596829035713,0.12576810186818235,-0.0370820393249937
1.7000000000000002,-1.2000000000000002,0.8,1.1952596829035713,0.12576810186818235,-0.09708203932499368
1.7000000000000002,-1.2000000000000002,1.0,1.1952596829035713,0.12576810186818235,-0.12
1.7000000000000002,-1.1,0.0,1.194033836855366,0.15743535912141451,0.12
1.7000000000000002,-1.1,0.2,1.194033836855366,0.15743535912141451,0.0970820393249937
1.7000000000000002,-1.1,0.4,1.194033836855366,0.15743535912141451,0.037082039324993696
1.7000000000000002,-1.1,0.6000000000000001,1.194033836855366,0.15743535912141451,-0.0370820393249937
1.7000000000000002,-1.1,0.8,1.194033836855366,0.15743535912141451,-0.09708203932499368
1.7000000000000002,-1.1,1.0,1.194033836855366,0.15743535912141451,-0.12
1.7000000000000002,-1.0,0.0,1.1926396754263424,0.18752957430751616,0.12
1.7000000000000002,-1.0,0.2,1.1926396754263424,0.18752957430751616,0.0970820393249937
1.7000000000000002,-1.0,0.4,1.1926396754263424,0.18752957430751616,0.037082039324993696
1.7000000000000002,-1.0,0.6000000000000001,1.1926396754263424,0.18752957430751616,-0.0370820393249937
1.7000000000000002,-1.0,0.8,1.1926396754263424,0.18752957430751616,-0.09708203932499368
1.7000000000000002,-1.0,1.0,1.1926396754263424,0.18752957430751616,-0.12
1.7000000000000002,-0.9,0.0,1.1910995304706777,0.21575005597617267,0.12
1.7000000000000002,-0.9,0.2,1.1910995304706777,0.21575005597617267,0.0970820393249937
1.7000000000000002,-0.9,0.4,1.1910995304706777,0.21575005597617267,0.037082039324993696
1.7000000000000002,-0.9,0.6000000000000001,1.1910995304706777,0.21575005597617267,-0.0370820393249937
1.7000000000000002,-0.9,0.8,1.1910995304706777,0.21575005597617267,-0.09708203932499368
1.7000000000000002,-0.9,1.0,1.1910995304706777,0.21575005597617267,-0.12
1.7000000000000002,-0.8,0.0,1.1894502302878653,0.24181483440300194,0.12
1.7000000000000002,-0.8,0.2,1.1894502302878653,0.24181483440300194,0.0970820393249937
1.7000000000000002,-0.8,0.4,1.1894502302878653,0.24181483440300194,0.037082039324993696
1.7000000000000002,-0.8,0.6000000000000001,1.1894502302878653,0.24181483440300194,-0.0370820393249937
1.7000000000000002,-0.8,0.8,1.1894502302878653,0.24181483440300194,-0.09708203932499368
1.7000000000000002,-0.8,1.0,1.1894502302878653,0.24181483440300194,-0.12
1.7000000000000002,-0.7000000000000001,0.0,1.1877429162955442,0.26546347893783323,0.12
1.7000000000000002,-0.7000000000000001,0.2,1.1877429162955442,0.26546347893783323,0.0970820393249937
1.7000000000000002,-0.7000000000000001,0.4,1.1877429162955442,0.26546347893783323,0.037082039324993696
1.7000000000000002,-0.7000000000000001,0.6000000000000001,1.1877429162955442,0.26546347893783323,-0.0370820393249937
1.7000000000000002,-0.7000000000000001,0.8,1.1877429162955442,0.26546347893783323,-0.09708203932499368
1.7000000000000002,-0.7000000000000001,1.0,1.1877429162955442,0.26546347893783323,-0.12
1.7000000000000002,-0.6000000000000001,0.0,1.18604128518058,0.28645970014167715,0.12
1.7000000000000002,-0.6000000000000001,0.2,1.18604128518058,0.28645970014167715,0.0970820393249937
1.7000000000000002,-0.6000000000000001,0.4,1.18604128518058,0.28645970014167715,0.037082039324993696
1.7000000000000002,-0.6000000000000001,0.6000000000000001,1.18604128518058,0.28645970014167715,-0.0370820393249937
1.7000000000000002,-0.6000000000000001,0.8,1.18604128518058,0.28645970014167715,-0.09708203932499368
1.7000000000000002,-0.6000000000000001,1.0,1.18604128518058,0.28645970014167715,-0.12
1.7000000000000002,-0.5,0.0,1.1844181927552921,0.30459371071269287,0.12
1.7000000000000002,-0.5,0.2,1.1844181927552921,0.30459371071269287,0.0970820393249937
1.7000000000000002,-0.5,0.4,1.1844181927552921,0.30459371071269287,0.037082039324993696
1.7000000000000002,-0.5,0.6000000000000001,1.1844181927552921,0.30459371071269287,-0.0370820393249937
1.7000000000000002,-0.5,0.8,1.1844181927552921,0.30459371071269287,-0.09708203932499368
1.7000000000000002,-0.5,1.0,1.1844181927552921,0.30459371071269287,-0.12
1.7000000000000002,-0.4,0.0,1.1829507872191891,0.31968432161156163,0.12
1.7000000000000002,-0.4,0.2,1.1829507872191891,0.31968432161156163,0.0970820393249937
1.7000000000000002,-0.4,0.4,1.1829507872191891,0.31968432161156163,0.037082039324993696
1.7000000000000002,-0.4,0.6000000000000001,1.1829507872191891,0.31968432161156163,-0.0370820393249937
1.7000000000000002,-0.4,0.8,1.1829507872191891,0.31968432161156163,-0.09708203932499368
1.7000000000000002,-0.4,1.0,1.1829507872191891,0.31968432161156163,-0.12
1.7000000000000002,-0.30000000000000004,0.0,1.1817145798086366,0.33158075244247476,0.12
1.7000000000000002,-0.30000000000000004,0.2,1.1817145798086366,0.33158075244247476,0.0970820393249937
1.7000000000000002,-0.30000000000000004,0.4,1.1817145798086366,0.33158075244247476,0.037082039324993696
1.7000000000000002,-0.30000000000000004,0.6000000000000001,1.1817145798086366,0.33158075244247476,-0.0370820393249937
1.7000000000000002,-0.30000000000000004,0.8,1.1817145798086366,0.33158075244247476,-0.09708203932499368
1.7000000000000002,-0.30000000000000004,1.0,1.1817145798086366,0.33158075244247476,-0.12
1.7000000000000002,-0.2,0.0,1.180777066267729,0.34016413800100703,0.12
1.7000000000000002,-0.2,0.2,1.180777066267729,0.34016413800100703,0.0970820393249937
1.7000000000000002,-0.2,0.4,1.180777066267729,0.34016413800100703,0.037082039324993696
1.7000000000000002,-0.2,0.6000000000000001,1.180777066267729,0.34016413800100703,-0.0370820393249937
1.7000000000000002,-0.2,0.8,1.180777066267729,0.34016413800100703,-0.09708203932499368
1.7000000000000002,-0.2,1.0,1.180777066267729,0.34016413800100703,-0.12
1.7000000000000002,-0.1,0.0,1.1801916407796933,0.34534871593594757,0.12
1.7000000000000002,-0.1,0.2,1.1801916407796933,0.34534871593594757,0.0970820393249937
1.7000000000000002,-0.1,0.4,1.1801916407796933,0.34534871593594757,0.037082039324993696
1.7000000000000002,-0.1,0.6000000000000001,1.1801916407796933,0.34534871593594757,-0.0370820393249937
1.7000000000000002,-0.1,0.8,1.1801916407796933,0.34534871593594757,-0.09708203932499368
1.7000000000000002,-0.1,1.0,1.1801916407796933,0.34534871593594757,-0.12
1.7000000000000002,0.0,0.0,1.179992563459866,0.347082683658364,0.12
1.7000000000000002,0.0,0.2,1.179992563459866,0.347082683658364,0.0970820393249937
1.7000000000000002,0.0,0.4,1.179992563459866,0.347082683658364,0.037082039324993696
1.7000000000000002,0.0,0.6000000000000001,1.179992563459866,0.347082683658364,-0.0370820393249937
1.7000000000000002,0.0,0.8,1.179992563459866,0.347082683658364,-0.09708203932499368
1.7000000000000002,0.0,1.0,1.179992563459866,0.347082683658364,-0.12
1.7000000000000002,0.1,0.0,1.1801916407796933,0.34534871593594757,0.12
1.7000000000000002,0.1,0.2,1.1801916407796933,0.34534871593594757,0.0970820393249937
1.7000000000000002,0.1,0.4,1.1801916407796933,0.34534871593594757,0.037082039324993696
1.7000000000000002,0.1,0.6000000000000001,1.1801916407796933,0.34534871593594757,-0.0370820393249937
1.7000000000000002,0.1,0.8,1.1801916407796933,0.34534871593594757,-0.09708203932499368
1.7000000000000002,0.1,1.0,1.1801916407796933,0.34534871593594757,-0.12
1.7000000000000002,0.2,0.0,1.180777066267729,0.34016413800100703,0.12
1.7000000000000002,0.2,0.2,1.180777066267729,0.34016413800100703,0.0970820393249937
1.7000000000000002,0.2,0.4,1.180777066267729,0.34016413800100703,0.037082039324993696
1.7000000000000002,0.2,0.6000000000000001,1.180777066267729,0.34016413800100703,-0.0370820393249937
1.7000000000000002,0.2,0.8,1.180777066267729,0.34016413800100703,-0.09708203932499368
1.7000000000000002,0.2,1.0,1.180777066267729,0.34016413800100703,-0.12
1.7000000000000002,0.30000000000000004,0.0,1.1817145798086366,0.33158075244247476,0.12
1.7000000000000002,0.30000000000000004,0.2,1.1817145798086366,0.33158075244247476,0.0970820393249937
1.7000000000000002,0.30000000000000004,0.4,1.1817145798086366,0.33158075244247476,0.037082039324993696
1.7000000000000002,0.30000000000000004,0.6000000000000001,1.1817145798086366,0.33158075244247476,-0.0370820393249937
1.7000000000000002,0.30000000000000004,0.8,1.1817145798086366,0.33158075244247476,-0.09708203932499368
1.7000000000000002,0.30000000000000004,1.0,1.1817145798086366,0.33158075244247476,-0.12
1.7000000000000002,0.4,0.0,1.1829507872191891,0.31968432161156163,0.12
1.7000000000000002,0.4,0.2,1.1829507872191891,0.31968432161156163,0.0970820393249937
1.7000000000000002,0.4,0.4,1.1829507872191891,0.31968432161156163,0.037082039324993696
1.7000000000000002,0.4,0.6000000000000001,1.1829507872191891,0.31968432161156163,-0.0370820393249937
1.7000000000000002,0.4,0.8,1.1829507872191891,0.31968432161156163,-0.09708203932499368
1.7000000000000002,0.4,1.0,1.1829507872191891,0.31968432161156163,-0.12
1.7000000000000002,0.5,0.0,1.1844181927552921,0.30459371071269287,0.12
1.7000000000000002,0.5,0.2,1.1844181927552921,0.30459371071269287,0.0970820393249937
1.7000000000000002,0.5,0.4,1.1844181927552921,0.30459371071269287,0.037082039324993696
1.7000000000000002,0.5,0.6000000000000001,1.1844181927552921,0.30459371071269287,-0.0370820393249937
1.7000000000000002,0.5,0.8,1.1844181927552921,0.30459371071269287,-0.09708203932499368
1.7000000000000002,0.5,1.0,1.1844181927552921,0.30459371071269287,-0.12
1.7000000000000002,0.6000000000000001,0.0,1.18604128518058,0.28645970014167715,0.12
1.7000000000000002,0.6000000000000001,0.2,1.18604128518058,0.28645970014167715,0.0970820393249937
1.7000000000000002,0.6000000000000001,0.4,1.18604128518058,0.28645970014167715,0.037082039324993696
1.7000000000000002,0.6000000000000001,0.6000000000000001,1.18604128518058,0.28645970014167715,-0.0370820393249937
1.7000000000000002,0.6000000000000001,0.8,1.18604128518058,0.28645970014167715,-0.09708203932499368
1.7000000000000002,0.6000000000000001,1.0,1.18604128518058,0.28645970014167715,-0.12
1.7000000000000002,0.7000000000000001,0.0,1.1877429162955442,0.26546347893783323,0.12
1.7000000000000002,0.7000000000000001,0.2,1.1877429162955442,0.26546347893783323,0.0970820393249937
1.7000000000000002,0.7000000000000001,0.4,1.1877429162955442,0.26546347893783323,0.037082039324993696
1.7000000000000002,0.7000000000000001,0.6000000000000001,1.1877429162955442,0.26546347893783323,-0.0370820393249937
1.7000000000000002,0.7000000000000001,0.8,1.1877429162955442,0.26546347893783323,-0.09708203932499368
1.7000000000000002,0.7000000000000001,1.0,1.1877429162955442,0.26546347893783323,-0.12
1.7000000000000002,0.8,0.0,1.1894502302878653,0.24181483440300194,0.12
1.7000000000000002,0.8,0.2,1.1894502302878653,0.24181483440300194,0.0970820393249937
1.7000000000000002,0.8,0.4,1.1894502302878653,0.24181483440300194,0.037082039324993696
1.7000000000000002,0.8,0.6000000000000001,1.1894502302878653,0.24181483440300194,-0.0370820393249937
1.7000000000000002,0.8,0.8,1.1894502302878653,0.24181483440300194,-0.09708203932499368
1.7000000000000002,0.8,1.0,1.1894502302878653,0.24181483440300194,-0.12
1.7000000000000002,0.9,0.0,1.1910995304706777,0.21575005597617267,0.12
1.7000000000000002,0.9,0.2,1.1910995304706777,0.21575005597617267,0.0970820393249937
1.7000000000000002,0.9,0.4,1.1910995304706777,0.21575005597617267,0.037082039324993696
1.7000000000000002,0.9,0.6000000000000001,1.1910995304706777,0.21575005597617267,-0.0370820393249937
1.7000000000000002,0.9,0.8,1.1910995304706777,0.21575005597617267,-0.09708203932499368
1.7000000000000002,0.9,1.0,1.1910995304706777,0.21575005597617267,-0.12
1.7000000000000002,1.0,0.0,1.1926396754263424,0.18752957430751616,0.12
1.7000000000000002,1.0,0.2,1.1926396754263424,0.18752957430751616,0.0970820393249937
1.7000000000000002,1.0,0.4,1.1926396754263424,0.18752957430751616,0.037082039324993696
1.7000000000000002,1.0,0.6000000000000001,1.1926396754263424,0.18752957430751616,-0.0370820393249937
1.7000000000000002,1.0,0.8,1.1926396754263424,0.18752957430751616,-0.09708203932499368
1.7000000000000002,1.0,1.0,1.1926396754263424,0.18752957430751616,-0.12
1.7000000000000002,1.1,0.0,1.194033836855366,0.15743535912141451,0.12
1.7000000000000002,1.1,0.2,1.194033836855366,0.15743535912141451,0.0970820393249937
1.7000000000000002,1.1,0.4,1.194033836855366,0.15743535912141451,0.037082039324993696
1.7000000000000002,1.1,0.6000000000000001,1.194033836855366,0.15743535912141451,-0.0370820393249937
1.7000000000000002,1.1,0.8,1.194033836855366,0.15743535912141451,-0.09708203932499368
1.7000000000000002,1.1,1.0,1.194033836855366,0.15743535912141451,-0.12
1.7000000000000002,1.2000000000000002,0.0,1.1952596829035713,0.12576810186818235,0.12
1.7000000000000002,1.2000000000000002,0.2,1.1952596829035713,0.12576810186818235,0.0970820393249937
1.7000000000000002,1.2000000000000002,0.4,1.1952596829035713,0.12576810186818235,0.037082039324993696
1.7000000000000002,1.2000000000000002,0.6000000000000001,1.1952596829035713,0.12576810186818235,-0.0370820393249937
1.7000000000000002,1.2000000000000002,0.8,1.1952596829035713,0.12576810186818235,-0.09708203932499368
1.7000000000000002,1.2000000000000002,1.0,1.1952596829035713,0.12576810186818235,-0.12
1.8,-1.2000000000000002,0.0,1.1966595550006567,0.12350843425460789,0.12
1.8,-1.2000000000000002,0.2,1.1966595550006567,0.12350843425460789,0.0970820393249937
1.8,-1.2000000000000002,0.4,1.1966595550006567,0.12350843425460789,0.037082039324993696
1.8,-1.2000000000000002,0.6000000000000001,1.1966595550006567,0.12350843425460789,-0.0370820393249937
1.8,-1.2000000000000002,0.8,1.1966595550006567,0.12350843425460789,-0.09708203932499368
1.8,-1.2000000000000002,1.0,1.1966595550006567,0.12350843425460789,-0.12
1.8,-1.1,0.0,1.1957957158906576,0.1546067278790428,0.12
1.8,-1.1,0.2,1.1957957158906576,0.1546067278790428,0.0970820393249937
1.8,-1.1,0.4,1.1957957158906576,0.1546067278790428,0.037082039324993696
1.8,-1.1,0.6000000000000001,1.1957957158906576,0.1546067278790428,-0.0370820393249937
1.8,-1.1,0.8,1.1957957158906576,0.1546067278790428,-0.09708203932499368
1.8,-1.1,1.0,1.1957957158906576,0.1546067278790428,-0.12
1.8,-1.0,0.0,1.1948132669364795,0.18416024218469984,0.12
1.8,-1.0,0.2,1.1948132669364795,0.18416024218469984,0.0970820393249937
1.8,-1.0,0.4,1.1948132669364795,0.18416024218469984,0.037082039324993696
1.8,-1.0,0.6000000000000001,1.1948132669364795,0.18416024218469984,-0.0370820393249937
1.8,-1.0,0.8,1.1948132669364795,0.18416024218469984,-0.09708203932499368
1.8,-1.0,1.0,1.1948132669364795,0.18416024218469984,-0.12
1.8,-0.9,0.0,1.1937279451297824,0.2118736882257298,0.12
1.8,-0.9,0.2,1.1937279451297824,0.2118736882257298,0.0970820393249937
1.8,-0.9,0.4,1.1937279451297824,0.2118736882257298,0.037082039324993696
1.8,-0.9,0.6000000000000001,1.1937279451297824,0.2118736882257298,-0.0370820393249937
1.8,-0.9,0.8,1.1937279451297824,0.2118736882257298,-0.09708203932499368
1.8,-0.9,1.0,1.1937279451297824,0.2118736882257298,-0.12
1.8,-0.8,0.0,1.1925657029345835,0.2374701624101381,0.12
1.8,-0.8,0.2,1.1925657029345835,0.2374701624101381,0.0970820393249937
1.8,-0.8,0.4,1.1925657029345835,0.2374701624101381,0.037082039324993696
1.8,-0.8,0.6000000000000001,1.1925657029345835,0.2374701624101381,-0.0370820393249937
1.8,-0.8,0.8,1.1925657029345835,0.2374701624101381,-0.09708203932499368
1.8,-0.8,1.0,1.1925657029345835,0.2374701624101381,-0.12
1.8,-0.7000000000000001,0.0,1.1913625790987847,0.26069391322894353,0.12
1.8,-0.7000000000000001,0.2,1.1913625790987847,0.26069391322894353,0.0970820393249937
1.8,-0.7000000000000001,0.4,1.1913625790987847,0.26069391322894353,0.037082039324993696
1.8,-0.7000000000000001,0.6000000000000001,1.1913625790987847,0.26069391322894353,-0.0370820393249937
1.8,-0.7000000000000001,0.8,1.1913625790987847,0.26069391322894353,-0.09708203932499368
1.8,-0.7000000000000001,1.0,1.1913625790987847,0.26069391322894353,-0.12
1.8,-0.6000000000000001,0.0,1.1901634599189745,0.28131289664071596,0.12
1.8,-0.6000000000000001,0.2,1.1901634599189745,0.28131289664071596,0.0970820393249937
1.8,-0.6000000000000001,0.4,1.1901634599189745,0.28131289664071596,0.037082039324993696
1.8,-0.6000000000000001,0.6000000000000001,1.1901634599189745,0.28131289664071596,-0.0370820393249937
1.8,-0.6000000000000001,0.8,1.1901634599189745,0.28131289664071596,-0.09708203932499368
1.8,-0.6000000000000001,1.0,1.1901634599189745,0.28131289664071596,-0.12
1.8,-0.5,0.0,1.1890196860183617,0.2991210945789348,0.12
1.8,-0.5,0.2,1.1890196860183617,0.2991210945789348,0.0970820393249937
1.8,-0.5,0.4,1.1890196860183617,0.2991210945789348,0.037082039324993696
1.8,-0.5,0.6000000000000001,1.1890196860183617,0.2991210945789348,-0.0370820393249937
1.8,-0.5,0.8,1.1890196860183617,0.2991210945789348,-0.09708203932499368
1.8,-0.5,1.0,1.1890196860183617,0.2991210945789348,-0.12
1.8,-0.4,0.0,1.1879856228142824,0.3139405734164088,0.12
1.8,-0.4,0.2,1.1879856228142824,0.3139405734164088,0.0970820393249937
1.8,-0.4,0.4,1.1879856228142824,0.3139405734164088,0.037082039324993696
1.8,-0.4,0.6000000000000001,1.1879856228142824,0.3139405734164088,-0.0370820393249937
1.8,-0.4,0.8,1.1879856228142824,0.3139405734164088,-0.09708203932499368
1.8,-0.4,1.0,1.1879856228142824,0.3139405734164088,-0.12
1.8,-0.30000000000000004,0.0,1.187114482175644,0.32562326181926243,0.12
1.8,-0.30000000000000004,0.2,1.187114482175644,0.32562326181926243,0.0970820393249937
1.8,-0.30000000000000004,0.4,1.187114482175644,0.32562326181926243,0.037082039324993696
1.8,-0.30000000000000004,0.6000000000000001,1.187114482175644,0.32562326181926243,-0.0370820393249937
1.8,-0.30000000000000004,0.8,1.187114482175644,0.32562326181926243,-0.09708203932499368
1.8,-0.30000000000000004,1.0,1.187114482175644,0.32562326181926243,-0.12
1.8,-0.2,0.0,1.1864538275494165,0.3340524302267577,0.12
1.8,-0.2,0.2,1.1864538275494165,0.3340524302267577,0.0970820393249937
1.8,-0.2,0.4,1.1864538275494165,0.3340524302267577,0.037082039324993696
1.8,-0.2,0.6000000000000001,1.1864538275494165,0.3340524302267577,-0.0370820393249937
1.8,-0.2,0.8,1.1864538275494165,0.3340524302267577,-0.09708203932499368
1.8,-0.2,1.0,1.1864538275494165,0.3340524302267577,-0.12
1.8,-0.1,0.0,1.18604128518058,0.33914385717447953,0.12
1.8,-0.1,0.2,1.18604128518058,0.33914385717447953,0.0970820393249937
1.8,-0.1,0.4,1.18604128518058,0.33914385717447953,0.037082039324993696
1.8,-0.1,0.6000000000000001,1.18604128518058,0.33914385717447953,-0.0370820393249937
1.8,-0.1,0.8,1.18604128518058,0.33914385717447953,-0.09708203932499368
1.8,-0.1,1.0,1.18604128518058,0.33914385717447953,-0.12
1.8,0.0,0.0,1.1859009977643646,0.3408466708073683,0.12
1.8,0.0,0.2,1.1859009977643646,0.3408466708073683,0.0970820393249937
1.8,0.0,0.4,1.1859009977643646,0.3408466708073683,0.037082039324993696
1.8,0.0,0.6000000000000001,1.1859009977643646,0.3408466708073683,-0.0370820393249937
1.8,0.0,0.8,1.1859009977643646,0.3408466708073683,-0.09708203932499368
1.8,0.0,1.0,1.1859009977643646,0.3408466708073683,-0.12
1.8,0.1,0.0,1.18604128518058,0.33914385717447953,0.12
1.8,0.1,0.2,1.18604128518058,0.33914385717447953,0.0970820393249937
1.8,0.1,0.4,1.18604128518058,0.33914385717447953,0.037082039324993696
1.8,0.1,0.6000000000000001,1.18604128518058,0.33914385717447953,-0.0370820393249937
1.8,0.1,0.8,1.18604128518058,0.33914385717447953,-0.09708203932499368
1.8,0.1,1.0,1.18604128518058,0.33914385717447953,-0.12
1.8,0.2,0.0,1.1864538275494165,0.3340524302267577,0.12
1.8,0.2,0.2,1.1864538275494165,0.3340524302267577,0.0970820393249937
1.8,0.2,0.4,1.1864538275494165,0.3340524302267577,0.037082039324993696
1.8,0.2,0.6000000000000001,1.1864538275494165,0.3340524302267577,-0.0370820393249937
1.8,0.2,0.8,1.1864538275494165,0.3340524302267577,-0.09708203932499368
1.8,0.2,1.0,1.1864538275494165,0.3340524302267577,-0.12
1.8,0.30000000000000004,0.0,1.187114482175644,0.32562326181926243,0.12
1.8,0.30000000000000004,0.2,1.187114482175644,0.32562326181926243,0.0970820393249937
1.8,0.30000000000000004,0.4,1.187114482175644,0.32562326181926243,0.037082039324993696
1.8,0.30000000000000004,0.6000000000000001,1.187114482175644,0.32562326181926243,-0.0370820393249937
1.8,0.30000000000000004,0.8,1.187114482175644,0.32562326181926243,-0.09708203932499368
1.8,0.30000000000000004,1.0,1.187114482175644,0.32562326181926243,-0.12
1.8,0.4,0.0,1.1879856228142824,0.3139405734164088,0.12
1.8,0.4,0.2,1.1879856228142824,0.3139405734164088,0.0970820393249937
1.8,0.4,0.4,1.1879856228142824,0.3139405734164088,0.037082039324993696
1.8,0.4,0.6000000000000001,1.1879856228142824,0.3139405734164088,-0.0370820393249937
1.8,0.4,0.8,1.1879856228142824,0.3139405734164088,-0.09708203932499368
1.8,0.4,1.0,1.1879856228142824,0.3139405734164088,-0.12
1.8,0.5,0.0,1.1890196860183617,0.2991210945789348,0.12
1.8,0.5,0.2,1.1890196860183617,0.2991210945789348,0.0970820393249937
1.8,0.5,0.4,1.1890196860183617,0.2991210945789348,0.037082039324993696
1.8,0.5,0.6000000000000001,1.1890196860183617,0.2991210945789348,-0.0370820393249937
1.8,0.5,0.8,1.1890196860183617,0.2991210945789348,-0.09708203932499368
1.8,0.5,1.0,1.1890196860183617,0.2991210945789348,-0.12
1.8,0.6000000000000001,0.0,1.1901634599189745,0.28131289664071596,0.12
1.8,0.6000000000000001,0.2,1.1901634599189745,0.28131289664071596,0.0970820393249937
1.8,0.6000000000000001,0.4,1.1901634599189745,0.28131289664071596,0.037082039324993696
1.8,0.6000000000000001,0.6000000000000001,1.1901634599189745,0.28131289664071596,-0.0370820393249937
1.8,0.6000000000000001,0.8,1.1901634599189745,0.28131289664071596,-0.09708203932499368
1.8,0.6000000000000001,1.0,1.1901634599189745,0.28131289664071596,-0.12
1.8,0.7000000000000001,0.0,1.1913625790987847,0.26069391322894353,0.12
1.8,0.7000000000000001,0.2,1.1913625790987847,0.26069391322894353,0.0970820393249937
1.8,0.7000000000000001,0.4,1.1913625790987847,0.26069391322894353,0.037082039324993696
1.8,0.7000000000000001,0.6000000000000001,1.1913625790987847,0.26069391322894353,-0.0370820393249937
1.8,0.7000000000000001,0.8,1.1913625790987847,0.26069391322894353,-0.09708203932499368
1.8,0.7000000000000001,1.0,1.1913625790987847,0.26069391322894353,-0.12
1.8,0.8,0.0,1.1925657029345835,0.2374701624101381,0.12
1.8,0.8,0.2,1.1925657029345835,0.2374701624101381,0.0970820393249937
1.8,0.8,0.4,1.1925657029345835,0.2374701624101381,0.037082039324993696
1.8,0.8,0.6000000000000001,1.1925657029345835,0.2374701624101381,-0.0370820393249937
1.8,0.8,0.8,1.1925657029345835,0.2374701624101381,-0.09708203932499368
1.8,0.8,1.0,1.1925657029345835,0.2374701624101381,-0.12
1.8,0.9,0.0,1.1937279451297824,0.2118736882257298,0.12
1.8,0.9,0.2,1.1937279451297824,0.2118736882257298,0.0970820393249937
1.8,0.9,0.4,1.1937279451297824,0.2118736882257298,0.037082039324993696
1.8,0.9,0.6000000000000001,1.1937279451297824,0.2118736882257298,-0.0370820393249937
1.8,0.9,0.8,1.1937279451297824,0.2118736882257298,-0.09708203932499368
1.8,0.9,1.0,1.1937279451297824,0.2118736882257298,-0.12
1.8,1.0,0.0,1.1948132669364795,0.18416024218469984,0.12
1.8,1.0,0.2,1.1948132669364795,0.18416024218469984,0.0970820393249937
1.8,1.0,0.4,1.1948132669364795,0.18416024218469984,0.037082039324993696
1.8,1.0,0.6000000000000001,1.1948132669364795,0.18416024218469984,-0.0370820393249937
1.8,1.0,0.8,1.1948132669364795,0.18416024218469984,-0.09708203932499368
1.8,1.0,1.0,1.1948132669364795,0.18416024218469984,-0.12
1.8,1.1,0.0,1.1957957158906576,0.1546067278790428,0.12
1.8,1.1,0.2,1.1957957158906576,0.1546067278790428,0.0970820393249937
1.8,1.1,0.4,1.1957957158906576,0.1546067278790428,0.037082039324993696
1.8,1.1,0.6000000000000001,1.1957957158906576,0.1546067278790428,-0.0370820393249937
1.8,1.1,0.8,1.1957957158906576,0.1546067278790428,-0.09708203932499368
1.8,1.1,1.0,1.1957957158906576,0.1546067278790428,-0.12
1.8,1.2000000000000002,0.0,1.1966595550006567,0.12350843425460789,0.12
1.8,1.2000000000000002,0.2,1.1966595550006567,0.12350843425460789,0.0970820393249937
1.8,1.2000000000000002,0.4,1.1966595550006567,0.12350843425460789,0.037082039324993696
1.8,1.2000000000000002,0.6000000000000001,1.1966595550006567,0.12350843425460789,-0.0370820393249937
1.8,1.2000000000000002,0.8,1.1966595550006567,0.12350843425460789,-0.09708203932499368
1.8,1.2000000000000002,1.0,1.1966595550006567,0.12350843425460789,-0.12
1.9000000000000001,-1.2000000000000002,0.0,1.1976926399593477,0.12001471119242171,0.12
1.9000000000000001,-1.2000000000000002,0.2,1.1976926399593477,0.12001471119242171,0.0970820393249937
1.9000000000000001,-1.2000000000000002,0.4,1.1976926399593477,0.12001471119242171,0.037082039324993696
1.9000000000000001,-1.2000000000000002,0.6000000000000001,1.1976926399593477,0.12001471119242171,-0.0370820393249937
1.9000000000000001,-1.2000000000000002,0.8,1.1976926399593477,0.12001471119242171,-0.09708203932499368
1.9000000000000001,-1.2000000000000002,1.0,1.1976926399593477,0.12001471119242171,-0.12
1.9000000000000001,-1.1,0.0,1.197095956629924,0.15023331731789322,0.12
1.9000000000000001,-1.1,0.2,1.197095956629924,0.15023331731789322,0.0970820393249937
1.9000000000000001,-1.1,0.4,1.197095956629924,0.15023331731789322,0.037082039324993696
1.9000000000000001,-1.1,0.6000000000000001,1.197095956629924,0.15023331731789322,-0.0370820393249937
1.9000000000000001,-1.1,0.8,1.197095956629924,0.15023331731789322,-0.09708203932499368
1.9000000000000001,-1.1,1.0,1.197095956629924,0.15023331731789322,-0.12
1.9000000000000001,-1.0,0.0,1.1964173454091744,0.1789508417972565,0.12
1.9000000000000001,-1.0,0.2,1.1964173454091744,0.1789508417972565,0.0970820393249937
1.9000000000000001,-1.0,0.4,1.1964173454091744,0.1789508417972565,0.037082039324993696
1.9000000000000001,-1.0,0.6000000000000001,1.1964173454091744,0.1789508417972565,-0.0370820393249937
1.9000000000000001,-1.0,0.8,1.1964173454091744,0.1789508417972565,-0.09708203932499368
1.9000000000000001,-1.0,1.0,1.1964173454091744,0.1789508417972565,-0.12
1.9000000000000001,-0.9,0.0,1.1956676763774994,0.20588034861866522,0.12
1.9000000000000001,-0.9,0.2,1.1956676763774994,0.20588034861866522,0.0970820393249937
1.9000000000000001,-0.9,0.4,1.1956676763774994,0.20588034861866522,0.037082039324993696
1.9000000000000001,-0.9,0.6000000000000001,1.1956676763774994,0.20588034861866522,-0.0370820393249937
1.9000000000000001,-0.9,0.8,1.1956676763774994,0.20588034861866522,-0.09708203932499368
1.9000000000000001,-0.9,1.0,1.1956676763774994,0.20588034861866522,-0.12
1.9000000000000001,-0.8,0.0,1.1948648757927602,0.2307527670516714,0.12
1.9000000000000001,-0.8,0.2,1.1948648757927602,0.2307527670516714,0.0970820393249937
1.9000000000000001,-0.8,0.4,1.1948648757927602,0.2307527670516714,0.037082039324993696
1.9000000000000001,-0.8,0.6000000000000001,1.1948648757927602,0.2307527670516714,-0.0370820393249937
1.9000000000000001,-0.8,0.8,1.1948648757927602,0.2307527670516714,-0.09708203932499368
1.9000000000000001,-0.8,1.0,1.1948648757927602,0.2307527670516714,-0.12
1.9000000000000001,-0.7000000000000001,0.0,1.194033836855366,0.2533195801130208,0.12
1.9000000000000001,-0.7000000000000001,0.2,1.194033836855366,0.2533195801130208,0.0970820393249937
1.9000000000000001,-0.7000000000000001,0.4,1.194033836855366,0.2533195801130208,0.037082039324993696
1.9000000000000001,-0.7000000000000001,0.6000000000000001,1.194033836855366,0.2533195801130208,-0.0370820393249937
1.9000000000000001,-0.7000000000000001,0.8,1.194033836855366,0.2533195801130208,-0.09708203932499368
1.9000000000000001,-0.7000000000000001,1.0,1.194033836855366,0.2533195801130208,-0.12
1.9000000000000001,-0.6000000000000001,0.0,1.1932055640713455,0.2733553076662011,0.12
1.9000000000000001,-0.6000000000000001,0.2,1.1932055640713455,0.2733553076662011,0.0970820393249937
1.9000000000000001,-0.6000000000000001,0.4,1.1932055640713455,0.2733553076662011,0.037082039324993696
1.9000000000000001,-0.6000000000000001,0.6000000000000001,1.1932055640713455,0.2733553076662011,-0.0370820393249937
1.9000000000000001,-0.6000000000000001,0.8,1.1932055640713455,0.2733553076662011,-0.09708203932499368
1.9000000000000001,-0.6000000000000001,1.0,1.1932055640713455,0.2733553076662011,-0.12
1.9000000000000001,-0.5,0.0,1.192415520171705,0.29065975934443194,0.12
1.9000000000000001,-0.5,0.2,1.192415520171705,0.29065975934443194,0.0970820393249937
1.9000000000000001,-0.5,0.4,1.192415520171705,0.29065975934443194,0.037082039324993696
1.9000000000000001,-0.5,0.6000000000000001,1.192415520171705,0.29065975934443194,-0.0370820393249937
1.9000000000000001,-0.5,0.8,1.192415520171705,0.29065975934443194,-0.09708203932499368
1.9000000000000001,-0.5,1.0,1.192415520171705,0.29065975934443194,-0.12
1.9000000000000001,-0.4,0.0,1.1917012572165988,0.3050600347866355,0.12
1.9000000000000001,-0.4,0.2,1.1917012572165988,0.3050600347866355,0.0970820393249937
1.9000000000000001,-0.4,0.4,1.1917012572165988,0.3050600347866355,0.037082039324993696
1.9000000000000001,-0.4,0.6000000000000001,1.1917012572165988,0.3050600347866355,-0.0370820393249937
1.9000000000000001,-0.4,0.8,1.1917012572165988,0.3050600347866355,-0.09708203932499368
1.9000000000000001,-0.4,1.0,1.1917012572165988,0.3050600347866355,-0.12
1.9000000000000001,-0.30000000000000004,0.0,1.1910995304706777,0.31641225120069166,0.12
1.9000000000000001,-0.30000000000000004,0.2,1.1910995304706777,0.31641225120069166,0.0970820393249937
1.9000000000000001,-0.30000000000000004,0.4,1.1910995304706777,0.31641225120069166,0.037082039324993696
1.9000000000000001,-0.30000000000000004,0.6000000000000001,1.1910995304706777,0.31641225120069166,-0.0370820393249937
1.9000000000000001,-0.30000000000000004,0.8,1.1910995304706777,0.31641225120069166,-0.09708203932499368
1.9000000000000001,-0.30000000000000004,1.0,1.1910995304706777,0.31641225120069166,-0.12
1.9000000000000001,-0.2,0.0,1.190643193639648,0.3246029809927349,0.12
1.9000000000000001,-0.2,0.2,1.190643193639648,0.3246029809927349,0.0970820393249937
1.9000000000000001,-0.2,0.4,1.190643193639648,0.3246029809927349,0.037082039324993696
1.9000000000000001,-0.2,0.6000000000000001,1.190643193639648,0.3246029809927349,-0.0370820393249937
1.9000000000000001,-0.2,0.8,1.190643193639648,0.3246029809927349,-0.09708203932499368
1.9000000000000001,-0.2,1.0,1.190643193639648,0.3246029809927349,-0.12
1.9000000000000001,-0.1,0.0,1.1903582364626502,0.3295503850981784,0.12
1.9000000000000001,-0.1,0.2,1.1903582364626502,0.3295503850981784,0.0970820393249937
1.9000000000000001,-0.1,0.4,1.1903582364626502,0.3295503850981784,0.037082039324993696
1.9000000000000001,-0.1,0.6000000000000001,1.1903582364626502,0.3295503850981784,-0.0370820393249937
1.9000000000000001,-0.1,0.8,1.1903582364626502,0.3295503850981784,-0.09708203932499368
1.9000000000000001,-0.1,1.0,1.1903582364626502,0.3295503850981784,-0.12
1.9000000000000001,0.0,0.0,1.1902613351281137,0.33120503069059504,0.12
1.9000000000000001,0.0,0.2,1.1902613351281137,0.33120503069059504,0.0970820393249937
1.9000000000000001,0.0,0.4,1.1902613351281137,0.33120503069059504,0.037082039324993696
1.9000000000000001,0.0,0.6000000000000001,1.1902613351281137,0.33120503069059504,-0.0370820393249937
1.9000000000000001,0.0,0.8,1.1902613351281137,0.33120503069059504,-0.09708203932499368
1.9000000000000001,0.0,1.0,1.1902613351281137,0.33120503069059504,-0.12
1.9000000000000001,0.1,0.0,1.1903582364626502,0.3295503850981784,0.12
1.9000000000000001,0.1,0.2,1.1903582364626502,0.3295503850981784,0.0970820393249937
1.9000000000000001,0.1,0.4,1.1903582364626502,0.3295503850981784,0.037082039324993696
1.9000000000000001,0.1,0.6000000000000001,1.1903582364626502,0.3295503850981784,-0.0370820393249937
1.9000000000000001,0.1,0.8,1.1903582364626502,0.3295503850981784,-0.09708203932499368
1.9000000000000001,0.1,1.0,1.1903582364626502,0.3295503850981784,-0.12
1.9000000000000001,0.2,0.0,1.190643193639648,0.3246029809927349,0.12
1.9000000000000001,0.2,0.2,1.190643193639648,0.3246029809927349,0.0970820393249937
1.9000000000000001,0.2,0.4,1.190643193639648,0.3246029809927349,0.037082039324993696
1.9000000000000001,0.2,0.6000000000000001,1.190643193639648,0.3246029809927349,-0.0370820393249937
1.9000000000000001,0.2,0.8,1.190643193639648,0.3246029809927349,-0.09708203932499368
1.9000000000000001,0.2,1.0,1.190643193639648,0.3246029809927349,-0.12
1.9000000000000001,0.30000000000000004,0.0,1.1910995304706777,0.31641225120069166,0.12
1.9000000000000001,0.30000000000000004,0.2,1.1910995304706777,0.31641225120069166,0.0970820393249937
1.9000000000000001,0.30000000000000004,0.4,1.1910995304706777,0.31641225120069166,0.037082039324993696
1.9000000000000001,0.30000000000000004,0.6000000000000001,1.1910995304706777,0.31641225120069166,-0.0370820393249937
1.9000000000000001,0.30000000000000004,0.8,1.1910995304706777,0.31641225120069166,-0.09708203932499368
1.9000000000000001,0.30000000000000004,1.0,1.1910995304706777,0.31641225120069166,-0.12
1.9000000000000001,0.4,0.0,1.1917012572165988,0.3050600347866355,0.12
1.9000000000000001,0.4,0.2,1.1917012572165988,0.3050600347866355,0.0970820393249937
1.9000000000000001,0.4,0.4,1.1917012572165988,0.3050600347866355,0.037082039324993696
1.9000000000000001,0.4,0.6000000000000001,1.1917012572165988,0.3050600347866355,-0.0370820393249937
1.9000000000000001,0.4,0.8,1.1917012572165988,0.3050600347866355,-0.09708203932499368
1.9000000000000001,0.4,1.0,1.1917012572165988,0.3050600347866355,-0.12
1.9000000000000001,0.5,0.0,1.192415520171705,0.29065975934443194,0.12
1.9000000000000001,0.5,0.2,1.192415520171705,0.29065975934443194,0.0970820393249937
1.9000000000000001,0.5,0.4,1.192415520171705,0.29065975934443194,0.037082039324993696
1.9000000000000001,0.5,0.6000000000000001,1.192415520171705,0.29065975934443194,-0.0370820393249937
1.9000000000000001,0.5,0.8,1.192415520171705,0.29065975934443194,-0.09708203932499368
1.9000000000000001,0.5,1.0,1.192415520171705,0.29065975934443194,-0.12
1.9000000000000001,0.6000000000000001,0.0,1.1932055640713455,0.2733553076662011,0.12
1.9000000000000001,0.6000000000000001,0.2,1.1932055640713455,0.2733553076662011,0.0970820393249937
1.9000000000000001,0.6000000000000001,0.4,1.1932055640713455,0.2733553076662011,0.037082039324993696
1.9000000000000001,0.6000000000000001,0.6000000000000001,1.1932055640713455,0.2733553076662011,-0.0370820393249937
1.9000000000000001,0.6000000000000001,0.8,1.1932055640713455,0.2733553076662011,-0.09708203932499368
1.9000000000000001,0.6000000000000001,1.0,1.1932055640713455,0.2733553076662011,-0.12
1.9000000000000001,0.7000000000000001,0.0,1.194033836855366,0.2533195801130208,0.12
1.9000000000000001,0.7000000000000001,0.2,1.194033836855366,0.2533195801130208,0.0970820393249937
1.9000000000000001,0.7000000000000001,0.4,1.194033836855366,0.2533195801130208,0.037082039324993696
1.9000000000000001,0.7000000000000001,0.6000000000000001,1.194033836855366,0.2533195801130208,-0.0370820393249937
1.9000000000000001,0.7000000000000001,0.8,1.194033836855366,0.2533195801130208,-0.09708203932499368
1.9000000000000001,0.7000000000000001,1.0,1.194033836855366,0.2533195801130208,-0.12
1.9000000000000001,0.8,0.0,1.1948648757927602,0.2307527670516714,0.12
1.9000000000000001,0.8,0.2,1.1948648757927602,0.2307527670516714,0.0970820393249937
1.9000000000000001,0.8,0.4,1.1948648757927602,0.2307527670516714,0.037082039324993696
1.9000000000000001,0.8,0.6000000000000001,1.1948648757927602,0.2307527670516714,-0.0370820393249937
1.9000000000000001,0.8,0.8,1.1948648757927602,0.2307527670516714,-0.09708203932499368
1.9000000000000001,0.8,1.0,1.1948648757927602,0.2307527670516714,-0.12
1.9000000000000001,0.9,0.0,1.1956676763774994,0.20588034861866522,0.12
1.9000000000000001,0.9,0.2,1.1956676763774994,0.20588034861866522,0.0970820393249937
1.9000000000000001,0.9,0.4,1.1956676763774994,0.20588034861866522,0.037082039324993696
1.9000000000000001,0.9,0.6000000000000001,1.1956676763774994,0.20588034861866522,-0.0370820393249937
1.9000000000000001,0.9,0.8,1.1956676763774994,0.20588034861866522,-0.09708203932499368
1.9000000000000001,0.9,1.0,1.1956676763774994,0.20588034861866522,-0.12
1.9000000000000001,1.0,0.0,1.1964173454091744,0.1789508417972565,0.12
1.9000000000000001,1.0,0.2,1.1964173454091744,0.1789508417972565,0.0970820393249937
1.9000000000000001,1.0,0.4,1.1964173454091744,0.1789508417972565,0.037082039324993696
1.9000000000000001,1.0,0.6000000000000001,1.1964173454091744,0.1789508417972565,-0.0370820393249937
1.9000000000000001,1.0,0.8,1.1964173454091744,0.1789508417972565,-0.09708203932499368
1.9000000000000001,1.0,1.0,1.1964173454091744,0.1789508417972565,-0.12
1.9000000000000001,1.1,0.0,1.197095956629924,0.15023331731789322,0.12
1.9000000000000001,1.1,0.2,1.197095956629924,0.15023331731789322,0.0970820393249937
1.9000000000000001,1.1,0.4,1.197095956629924,0.15023331731789322,0.037082039324993696
1.9000000000000001,1.1,0.6000000000000001,1.197095956629924,0.15023331731789322,-0.0370820393249937
1.9000000000000001,1.1,0.8,1.197095956629924,0.15023331731789322,-0.09708203932499368
1.9000000000000001,1.1,1.0,1.197095956629924,0.15023331731789322,-0.12
1.9000000000000001,1.2000000000000002,0.0,1.1976926399593477,0.12001471119242171,0.12
1.9000000000000001,1.2000000000000002,0.2,1.1976926399593477,0.12001471119242171,0.0970820393249937
1.9000000000000001,1.2000000000000002,0.4,1.1976926399593477,0.12001471119242171,0.037082039324993696
1.9000000000000001,1.2000000000000002,0.6000000000000001,1.1976926399593477,0.12001471119242171,-0.0370820393249937
1.9000000000000001,1.2000000000000002,0.8,1.1976926399593477,0.12001471119242171,-0.09708203932499368
1.9000000000000001,1.2000000000000002,1.0,1.1976926399593477,0.12001471119242171,-0.12
2.0,-1.2000000000000002,0.0,1.198437786022534,0.11532184080758993,0.12
2.0,-1.2000000000000002,0.2,1.198437786022534,0.11532184080758993,0.0970820393249937
2.0,-1.2000000000000002,0.4,1.198437786022534,0.11532184080758993,0.037082039324993696
2.0,-1.2000000000000002,0.6000000000000001,1.198437786022534,0.11532184080758993,-0.0370820393249937
2.0,-1.2000000000000002,0.8,1.198437786022534,0.11532184080758993,-0.09708203932499368
2.0,-1.2000000000000002,1.0,1.198437786022534,0.11532184080758993,-0.12
2.0,-1.1,0.0,1.1980337974724493,0.1443588251106354,0.12
2.0,-1.1,0.2,1.1980337974724493,0.1443588251106354,0.0970820393249937
2.0,-1.1,0.4,1.1980337974724493,0.1443588251106354,0.037082039324993696
2.0,-1.1,0.6000000000000001,1.1980337974724493,0.1443588251106354,-0.0370820393249937
2.0,-1.1,0.8,1.1980337974724493,0.1443588251106354,-0.09708203932499368
2.0,-1.1,1.0,1.1980337974724493,0.1443588251106354,-0.12
2.0,-1.0,0.0,1.1975743390803293,0.17195342375185865,0.12
2.0,-1.0,0.2,1.1975743390803293,0.17195342375185865,0.0970820393249937
2.0,-1.0,0.4,1.1975743390803293,0.17195342375185865,0.037082039324993696
2.0,-1.0,0.6000000000000001,1.1975743390803293,0.17195342375185865,-0.0370820393249937
2.0,-1.0,0.8,1.1975743390803293,0.17195342375185865,-0.09708203932499368
2.0,-1.0,1.0,1.1975743390803293,0.17195342375185865,-0.12
2.0,-0.9,0.0,1.1970667705088351,0.19782992062319807,0.12
2.0,-0.9,0.2,1.1970667705088351,0.19782992062319807,0.0970820393249937
2.0,-0.9,0.4,1.1970667705088351,0.19782992062319807,0.037082039324993696
2.0,-0.9,0.6000000000000001,1.1970667705088351,0.19782992062319807,-0.0370820393249937
2.0,-0.9,0.8,1.1970667705088351,0.19782992062319807,-0.09708203932499368
2.0,-0.9,1.0,1.1970667705088351,0.19782992062319807,-0.12
2.0,-0.8,0.0,1.1965232288540864,0.22172976632154795,0.12
2.0,-0.8,0.2,1.1965232288540864,0.22172976632154795,0.0970820393249937
2.0,-0.8,0.4,1.1965232288540864,0.22172976632154795,0.037082039324993696
2.0,-0.8,0.6000000000000001,1.1965232288540864,0.22172976632154795,-0.0370820393249937
2.0,-0.8,0.8,1.1965232288540864,0.22172976632154795,-0.09708203932499368
2.0,-0.8,1.0,1.1965232288540864,0.22172976632154795,-0.12
2.0,-0.7000000000000001,0.0,1.195960568228548,0.24341416148892897,0.12
2.0,-0.7000000000000001,0.2,1.195960568228548,0.24341416148892897,0.0970820393249937
2.0,-0.7000000000000001,0.4,1.195960568228548,0.24341416148892897,0.037082039324993696
2.0,-0.7000000000000001,0.6000000000000001,1.195960568228548,0.24341416148892897,-0.0370820393249937
2.0,-0.7000000000000001,0.8,1.195960568228548,0.24341416148892897,-0.09708203932499368
2.0,-0.7000000000000001,1.0,1.195960568228548,0.24341416148892897,-0.12
2.0,-0.6000000000000001,0.0,1.1953997804461671,0.26266644281673673,0.12
2.0,-0.6000000000000001,0.2,1.1953997804461671,0.26266644281673673,0.0970820393249937
2.0,-0.6000000000000001,0.4,1.1953997804461671,0.26266644281673673,0.037082039324993696
2.0,-0.6000000000000001,0.6000000000000001,1.1953997804461671,0.26266644281673673,-0.0370820393249937
2.0,-0.6000000000000001,0.8,1.1953997804461671,0.26266644281673673,-0.09708203932499368
2.0,-0.6000000000000001,1.0,1.1953997804461671,0.26266644281673673,-0.12
2.0,-0.5,0.0,1.1948648757927602,0.2792942478739019,0.12
2.0,-0.5,0.2,1.1948648757927602,0.2792942478739019,0.0970820393249937
2.0,-0.5,0.4,1.1948648757927602,0.2792942478739019,0.037082039324993696
2.0,-0.5,0.6000000000000001,1.1948648757927602,0.2792942478739019,-0.0370820393249937
2.0,-0.5,0.8,1.1948648757927602,0.2792942478739019,-0.09708203932499368
2.0,-0.5,1.0,1.1948648757927602,0.2792942478739019,-0.12
2.0,-0.4,0.0,1.1943812791488062,0.2931314371287148,0.12
2.0,-0.4,0.2,1.1943812791488062,0.2931314371287148,0.0970820393249937
2.0,-0.4,0.4,1.1943812791488062,0.2931314371287148,0.037082039324993696
2.0,-0.4,0.6000000000000001,1.1943812791488062,0.2931314371287148,-0.0370820393249937
2.0,-0.4,0.8,1.1943812791488062,0.2931314371287148,-0.09708203932499368
2.0,-0.4,1.0,1.1943812791488062,0.2931314371287148,-0.12
2.0,-0.30000000000000004,0.0,1.193973875918911,0.304039753960108,0.12
2.0,-0.30000000000000004,0.2,1.193973875918911,0.304039753960108,0.0970820393249937
2.0,-0.30000000000000004,0.4,1.193973875918911,0.304039753960108,0.037082039324993696
2.0,-0.30000000000000004,0.6000000000000001,1.193973875918911,0.304039753960108,-0.0370820393249937
2.0,-0.30000000000000004,0.8,1.193973875918911,0.304039753960108,-0.09708203932499368
2.0,-0.30000000000000004,1.0,1.193973875918911,0.304039753960108,-0.12
2.0,-0.2,0.0,1.1936649099303756,0.3119102060721124,0.12
2.0,-0.2,0.2,1.1936649099303756,0.3119102060721124,0.0970820393249937
2.0,-0.2,0.4,1.1936649099303756,0.3119102060721124,0.037082039324993696
2.0,-0.2,0.6000000000000001,1.1936649099303756,0.3119102060721124,-0.0370820393249937
2.0,-0.2,0.8,1.1936649099303756,0.3119102060721124,-0.09708203932499368
2.0,-0.2,1.0,1.1936649099303756,0.3119102060721124,-0.12
2.0,-0.1,0.0,1.1934719777147516,0.31666415450885044,0.12
2.0,-0.1,0.2,1.1934719777147516,0.31666415450885044,0.0970820393249937
2.0,-0.1,0.4,1.1934719777147516,0.31666415450885044,0.037082039324993696
2.0,-0.1,0.6000000000000001,1.1934719777147516,0.31666415450885044,-0.0370820393249937
2.0,-0.1,0.8,1.1934719777147516,0.31666415450885044,-0.09708203932499368
2.0,-0.1,1.0,1.1934719777147516,0.31666415450885044,-0.12
2.0,0.0,0.0,1.1934063700000557,0.3182540993889886,0.12
2.0,0.0,0.2,1.1934063700000557,0.3182540993889886,0.0970820393249937
2.0,0.0,0.4,1.1934063700000557,0.3182540993889886,0.037082039324993696
2.0,0.0,0.6000000000000001,1.1934063700000557,0.3182540993889886,-0.0370820393249937
2.0,0.0,0.8,1.1934063700000557,0.3182540993889886,-0.09708203932499368
2.0,0.0,1.0,1.1934063700000557,0.3182540993889886,-0.12
2.0,0.1,0.0,1.1934719777147516,0.31666415450885044,0.12
2.0,0.1,0.2,1.1934719777147516,0.31666415450885044,0.0970820393249937
2.0,0.1,0.4,1.1934719777147516,0.31666415450885044,0.037082039324993696
2.0,0.1,0.6000000000000001,1.1934719777147516,0.31666415450885044,-0.0370820393249937
2.0,0.1,0.8,1.1934719777147516,0.31666415450885044,-0.09708203932499368
2.0,0.1,1.0,1.1934719777147516,0.31666415450885044,-0.12
2.0,0.2,0.0,1.1936649099303756,0.3119102060721124,0.12
2.0,0.2,0.2,1.1936649099303756,0.3119102060721124,0.0970820393249937
2.0,0.2,0.4,1.1936649099303756,0.3119102060721124,0.037082039324993696
2.0,0.2,0.6000000000000001,1.1936649099303756,0.3119102060721124,-0.0370820393249937
2.0,0.2,0.8,1.1936649099303756,0.3119102060721124,-0.09708203932499368
2.0,0.2,1.0,1.1936649099303756,0.3119102060721124,-0.12
2.0,0.30000000000000004,0.0,1.193973875918911,0.304039753960108,0.12
2.0,0.30000000000000004,0.2,1.193973875918911,0.304039753960108,0.0970820393249937
2.0,0.30000000000000004,0.4,1.193973875918911,0.304039753960108,0.037082039324993696
2.0,0.30000000000000004,0.6000000000000001,1.193973875918911,0.304039753960108,-0.0370820393249937
2.0,0.30000000000000004,0.8,1.193973875918911,0.304039753960108,-0.09708203932499368
2.0,0.30000000000000004,1.0,1.193973875918911,0.304039753960108,-0.12
2.0,0.4,0.0,1.1943812791488062,0.2931314371287148,0.12
2.0,0.4,0.2,1.1943812791488062,0.2931314371287148,0.0970820393249937
2.0,0.4,0.4,1.1943812791488062,0.2931314371287148,0.037082039324993696
2.0,0.4,0.6000000000000001,1.1943812791488062,0.2931314371287148,-0.0370820393249937
2.0,0.4,0.8,1.1943812791488062,0.2931314371287148,-0.09708203932499368
2.0,0.4,1.0,1.1943812791488062,0.2931314371287148,-0.12
2.0,0.5,0.0,1.1948648757927602,0.2792942478739019,0.12
2.0,0.5,0.2,1.1948648757927602,0.2792942478739019,0.0970820393249937
2.0,0.5,0.4,1.1948648757927602,0.2792942478739019,0.037082039324993696
2.0,0.5,0.6000000000000001,1.1948648757927602,0.2792942478739019,-0.0370820393249937
2.0,0.5,0.8,1.1948648757927602,0.2792942478739019,-0.09708203932499368
2.0,0.5,1.0,1.1948648757927602,0.2792942478739019,-0.12
2.0,0.6000000000000001,0.0,1.1953997804461671,0.26266644281673673,0.12
2.0,0.6000000000000001,0.2,1.1953997804461671,0.26266644281673673,0.0970820393249937
2.0,0.6000000000000001,0.4,1.1953997804461671,0.26266644281673673,0.037082039324993696
2.0,0.6000000000000001,0.6000000000000001,1.1953997804461671,0.26266644281673673,-0.0370820393249937
2.0,0.6000000000000001,0.8,1.1953997804461671,0.26266644281673673,-0.09708203932499368
2.0,0.6000000000000001,1.0,1.1953997804461671,0.26266644281673673,-0.12
2.0,0.7000000000000001,0.0,1.195960568228548,0.24341416148892897,0.12
2.0,0.7000000000000001,0.2,1.195960568228548,0.24341416148892897,0.0970820393249937
2.0,0.7000000000000001,0.4,1.195960568228548,0.24341416148892897,0.037082039324993696
2.0,0.7000000000000001,0.6000000000000001,1.195960568228548,0.24341416148892897,-0.0370820393249937
2.0,0.7000000000000001,0.8,1.195960568228548,0.24341416148892897,-0.09708203932499368
2.0,0.7000000000000001,1.0,1.195960568228548,0.24341416148892897,-0.12
2.0,0.8,0.0,1.1965232288540864,0.22172976632154795,0.12
2.0,0.8,0.2,1.1965232288540864,0.22172976632154795,0.0970820393249937
2.0,0.8,0.4,1.1965232288540864,0.22172976632154795,0.037082039324993696
2.0,0.8,0.6000000000000001,1.1965232288540864,0.22172976632154795,-0.0370820393249937
2.0,0.8,0.8,1.1965232288540864,0.22172976632154795,-0.09708203932499368
2.0,0.8,1.0,1.1965232288540864,0.22172976632154795,-0.12
2.0,0.9,0.0,1.1970667705088351,0.19782992062319807,0.12
2.0,0.9,0.2,1.1970667705088351,0.19782992062319807,0.0970820393249937
2.0,0.9,0.4,1.1970667705088351,0.19782992062319807,0.037082039324993696
2.0,0.9,0.6000000000000001,1.1970667705088351,0.19782992062319807,-0.0370820393249937
2.0,0.9,0.8,1.1970667705088351,0.19782992062319807,-0.09708203932499368
2.0,0.9,1.0,1.1970667705088351,0.19782992062319807,-0.12
2.0,1.0,0.0,1.1975743390803293,0.17195342375185865,0.12
2.0,1.0,0.2,1.1975743390803293,0.17195342375185865,0.0970820393249937
2.0,1.0,0.4,1.1975743390803293,0.17195342375185865,0.037082039324993696
2.0,1.0,0.6000000000000001,1.1975743390803293,0.17195342375185865,-0.0370820393249937
2.0,1.0,0.8,1.1975743390803293,0.17195342375185865,-0.09708203932499368
2.0,1.0,1.0,1.1975743390803293,0.17195342375185865,-0.12
2.0,1.1,0.0,1.1980337974724493,0.1443588251106354,0.12
2.0,1.1,0.2,1.1980337974724493,0.1443588251106354,0.0970820393249937
2.0,1.1,0.4,1.1980337974724493,0.1443588251106354,0.037082039324993696
2.0,1.1,0.6000000000000001,1.1980337974724493,0.1443588251106354,-0.0370820393249937
2.0,1.1,0.8,1.1980337974724493,0.1443588251106354,-0.09708203932499368
2.0,1.1,1.0,1.1980337974724493,0.1443588251106354,-0.12
2.0,1.2000000000000002,0.0,1.198437786022534,0.11532184080758993,0.12
2.0,1.2000000000000002,0.2,1.198437786022534,0.11532184080758993,0.0970820393249937
2.0,1.2000000000000002,0.4,1.198437786022534,0.11532184080758993,0.037082039324993696
2.0,1.2000000000000002,0.6000000000000001,1.198437786022534,0.11532184080758993,-0.0370820393249937
2.0,1.2000000000000002,0.8,1.198437786022534,0.11532184080758993,-0.09708203932499368
2.0,1.2000000000000002,1.0,1.198437786022534,0.11532184080758993,-0.12
