/*--------------------------------*- C++ -*----------------------------------*\
  =========                 |
  \\      /  F ield         | OpenFOAM: The Open Source CFD Toolbox
   \\    /   O peration     | Website:  https://openfoam.org
    \\  /    A nd           | Version:  10
     \\/     M anipulation  |
\*---------------------------------------------------------------------------*/
FoamFile
{
    format      ascii;
    class       labelList;
    note        "nPoints: 21600 nCells: 19285 nFaces: 60086 nInternalFaces: 55624";
    location    "constant/polyMesh";
    object      neighbour;
}
// * * * * * * * * * * * * * * * * * * * * * * * * * * * * * * * * * * * * * //


55624
(
1
29
1015
2
30
1016
3
31
1017
4
32
1018
5
33
1019
6
34
1020
7
35
1021
8
36
1022
9
37
1023
10
38
1024
11
39
1025
12
40
1026
13
41
1027
14
42
1028
15
43
1029
16
44
1030
17
45
1031
18
46
1032
19
47
1033
20
48
1034
21
49
1035
22
50
1036
23
51
1037
24
52
1038
25
53
1039
26
54
1040
27
55
1041
28
56
1042
57
1043
30
58
1044
31
59
1045
32
60
1046
33
61
1047
34
62
1048
35
63
1049
36
64
1050
37
65
1051
38
66
1052
39
67
1053
40
68
1054
41
69
1055
42
70
1056
43
71
1057
44
72
1058
45
73
1059
46
74
1060
47
75
1061
48
76
1062
49
77
1063
50
78
1064
51
79
1065
52
80
1066
53
81
1067
54
82
1068
55
83
1069
56
84
1070
57
85
1071
86
1072
59
87
1073
60
88
1074
61
89
1075
62
90
1076
63
91
1077
64
92
1078
65
93
1079
66
94
1080
67
95
1081
68
96
1082
69
97
1083
70
98
1084
71
99
1085
72
100
1086
73
101
1087
74
102
1088
75
103
1089
76
104
1090
77
105
1091
78
106
1092
79
107
1093
80
108
1094
81
109
1095
82
110
1096
83
111
1097
84
112
1098
85
113
1099
86
114
1100
115
1101
88
116
1102
89
117
1103
90
118
1104
91
119
1105
92
120
1106
93
121
1107
94
122
1108
95
123
1109
96
124
1110
97
125
1111
98
126
1112
99
127
1113
100
128
1114
101
129
1115
102
130
1116
103
131
1117
104
132
1118
105
133
1119
106
134
1120
107
135
1121
108
136
1122
109
137
1123
110
138
1124
111
139
1125
112
140
1126
113
141
1127
114
142
1128
115
143
1129
144
1130
117
145
1131
118
146
1132
119
147
1133
120
148
1134
121
149
1135
122
150
1136
123
151
1137
124
152
1138
125
153
1139
126
154
1140
127
155
1141
128
156
1142
129
157
1143
130
158
1144
131
159
1145
132
160
1146
133
161
1147
134
162
1148
135
163
1149
136
164
1150
137
165
1151
138
166
1152
139
167
1153
140
168
1154
141
169
1155
142
170
1156
143
171
1157
144
172
1158
173
1159
146
174
1160
147
175
1161
148
176
1162
149
177
1163
150
178
1164
151
179
1165
152
180
1166
153
181
1167
154
182
1168
155
183
1169
156
184
1170
157
185
1171
158
186
1172
159
187
1173
160
188
1174
161
189
1175
162
190
1176
163
191
1177
164
192
1178
165
193
1179
166
194
1180
167
195
1181
168
196
1182
169
197
1183
170
198
1184
171
199
1185
172
200
1186
173
201
1187
202
1188
175
203
1189
176
204
1190
177
205
1191
178
206
1192
179
207
1193
180
208
1194
181
209
1195
182
210
1196
183
211
1197
184
212
1198
185
213
1199
186
214
1200
187
215
1201
188
216
1202
189
217
1203
190
218
1204
191
219
1205
192
220
1206
193
221
1207
194
222
1208
195
223
1209
196
224
1210
197
225
1211
198
226
1212
199
227
1213
200
228
1214
201
229
1215
202
230
1216
231
1217
204
232
1218
205
233
1219
206
234
1220
207
235
1221
208
236
1222
209
237
1223
210
238
1224
211
239
1225
212
240
1226
213
241
1227
214
242
1228
215
243
1229
216
244
1230
217
245
1231
218
246
1232
219
247
1233
220
248
1234
221
249
1235
222
250
1236
223
251
1237
224
252
1238
225
253
1239
226
254
1240
227
255
1241
228
256
1242
229
257
1243
230
258
1244
231
259
1245
260
1246
233
261
1247
234
262
1248
235
263
1249
236
264
1250
237
265
1251
238
266
1252
239
267
1253
240
268
1254
241
269
1255
242
270
1256
243
271
1257
244
272
1258
245
273
1259
246
274
1260
247
275
1261
248
276
1262
249
277
1263
250
278
1264
251
279
1265
252
280
1266
253
281
1267
254
282
1268
255
283
1269
256
284
1270
257
285
1271
258
286
1272
259
287
1273
260
288
1274
289
1275
262
290
1276
263
291
1277
264
292
1278
265
293
1279
266
294
1280
267
295
1281
268
296
1282
269
297
1283
270
298
1284
271
299
1285
272
300
1286
273
301
1287
274
302
1288
275
303
1289
276
304
1290
277
305
1291
278
306
1292
279
307
1293
280
308
1294
281
309
1295
282
310
1296
283
311
1297
284
312
1298
285
313
1299
286
314
1300
287
315
1301
288
316
1302
289
317
1303
318
1304
291
319
1305
292
320
1306
293
321
1307
294
322
1308
295
323
1309
296
324
1310
297
325
1311
298
326
1312
299
327
1313
300
328
1314
301
329
1315
302
330
1316
303
331
1317
304
332
1318
305
333
1319
306
334
1320
307
335
1321
308
336
1322
309
337
1323
310
338
1324
311
339
1325
312
340
1326
313
341
1327
314
342
1328
315
343
1329
316
344
1330
317
345
1331
318
346
1332
347
1333
320
348
1334
321
349
1335
322
350
1336
323
351
1337
324
352
1338
325
353
1339
326
354
1340
327
355
1341
328
356
1342
329
357
1343
330
358
1344
331
359
1345
332
360
1346
333
361
1347
334
362
1348
335
363
1349
336
364
1350
337
365
1351
338
366
1352
339
367
1353
340
368
1354
341
369
1355
342
370
1356
343
371
1357
344
372
1358
345
373
1359
346
374
1360
347
375
1361
376
1362
349
377
1363
350
378
1364
351
379
1365
352
380
1366
353
381
1367
354
382
1368
355
383
1369
356
384
1370
357
385
1371
358
386
1372
359
387
1373
360
388
1374
361
389
1375
362
390
1376
363
391
1377
364
392
1378
365
393
1379
366
394
1380
367
395
1381
368
396
1382
369
397
1383
370
398
1384
371
399
1385
372
400
1386
373
401
1387
374
402
1388
375
403
1389
376
404
1390
405
1391
378
406
1392
379
407
1393
380
408
1394
381
409
1395
382
410
1396
383
411
1397
384
412
1398
385
413
1399
386
414
1400
387
415
1401
388
416
1402
389
417
1403
390
418
1404
391
419
1405
392
420
1406
393
421
1407
394
422
1408
395
423
1409
396
424
1410
397
425
1411
398
426
1412
399
427
1413
400
428
1414
401
429
1415
402
430
1416
403
431
1417
404
432
1418
405
433
1419
434
1420
407
435
1421
408
436
1422
409
437
1423
410
438
1424
411
439
1425
412
440
1426
413
441
1427
414
442
1428
415
443
1429
416
444
1430
417
445
1431
418
446
1432
419
447
1433
420
448
1434
421
449
1435
422
450
1436
423
451
1437
424
452
1438
425
453
1439
426
454
1440
427
455
1441
428
456
1442
429
457
1443
430
458
1444
431
459
1445
432
460
1446
433
461
1447
434
462
1448
463
1449
436
464
1450
437
465
1451
438
466
1452
439
467
1453
440
468
1454
441
469
1455
442
470
1456
443
471
1457
444
472
1458
445
473
1459
446
474
1460
447
475
1461
448
476
1462
449
477
1463
450
478
1464
451
479
1465
452
480
1466
453
481
1467
454
482
1468
455
483
1469
456
484
1470
457
485
1471
458
486
1472
459
487
1473
460
488
1474
461
489
1475
462
490
1476
463
491
1477
492
1478
465
493
1479
466
494
1480
467
495
1481
468
496
1482
469
497
1483
470
498
1484
471
499
1485
472
500
1486
473
501
1487
474
502
1488
475
503
1489
476
504
1490
477
505
1491
478
506
1492
479
507
1493
480
508
1494
481
509
1495
482
510
1496
483
511
1497
484
512
1498
485
513
1499
486
514
1500
487
515
1501
488
516
1502
489
517
1503
490
518
1504
491
519
1505
492
520
1506
521
1507
494
522
1508
495
523
1509
496
524
1510
497
525
1511
498
526
1512
499
527
1513
500
528
1514
501
529
1515
502
530
1516
503
531
1517
504
532
1518
505
533
1519
506
534
1520
507
535
1521
508
536
1522
509
537
1523
510
538
1524
511
539
1525
512
540
1526
513
541
1527
514
542
1528
515
543
1529
516
544
1530
517
545
1531
518
546
1532
519
547
1533
520
548
1534
521
549
1535
550
1536
523
551
1537
524
552
1538
525
553
1539
526
554
1540
527
555
1541
528
556
1542
529
557
1543
530
558
1544
531
559
1545
532
560
1546
533
561
1547
534
562
1548
535
563
1549
536
564
1550
537
565
1551
538
566
1552
539
567
1553
540
568
1554
541
569
1555
542
570
1556
543
571
1557
544
572
1558
545
573
1559
546
574
1560
547
575
1561
548
576
1562
549
577
1563
550
578
1564
579
1565
552
580
1566
553
581
1567
554
582
1568
555
583
1569
556
584
1570
557
585
1571
558
586
1572
559
587
1573
560
588
1574
561
589
1575
562
590
1576
563
591
1577
564
592
1578
565
593
1579
566
594
1580
567
595
1581
568
596
1582
569
597
1583
570
598
1584
571
599
1585
572
600
1586
573
601
1587
574
602
1588
575
603
1589
576
604
1590
577
605
1591
578
606
1592
579
607
1593
608
1594
581
609
1595
582
610
1596
583
611
1597
584
612
1598
585
613
1599
586
614
1600
587
615
1601
588
616
1602
589
617
1603
590
618
1604
591
619
1605
592
620
1606
593
621
1607
594
622
1608
595
623
1609
596
624
1610
597
625
1611
598
626
1612
599
627
1613
600
628
1614
601
629
1615
602
630
1616
603
631
1617
604
632
1618
605
633
1619
606
634
1620
607
635
1621
608
636
1622
637
1623
610
638
1624
611
639
1625
612
640
1626
613
641
1627
614
642
1628
615
643
1629
616
644
1630
617
645
1631
618
646
1632
619
647
1633
620
648
1634
621
649
1635
622
650
1636
623
651
1637
624
652
1638
625
653
1639
626
654
1640
627
655
1641
628
656
1642
629
657
1643
630
658
1644
631
659
1645
632
660
1646
633
661
1647
634
662
1648
635
663
1649
636
664
1650
637
665
1651
666
1652
639
667
1653
640
668
1654
641
669
1655
642
670
1656
643
671
1657
644
672
1658
645
673
1659
646
674
1660
647
675
1661
648
676
1662
649
677
1663
650
678
1664
651
679
1665
652
680
1666
653
681
1667
654
682
1668
655
683
1669
656
684
1670
657
685
1671
658
686
1672
659
687
1673
660
688
1674
661
689
1675
662
690
1676
663
691
1677
664
692
1678
665
693
1679
666
694
1680
695
1681
668
696
1682
669
697
1683
670
698
1684
671
699
1685
672
700
1686
673
701
1687
674
702
1688
675
703
1689
676
704
1690
677
705
1691
678
706
1692
679
707
1693
680
708
1694
681
709
1695
682
710
1696
683
711
1697
684
712
1698
685
713
1699
686
714
1700
687
715
1701
688
716
1702
689
717
1703
690
718
1704
691
719
1705
692
720
1706
693
721
1707
694
722
1708
695
723
1709
724
1710
697
725
1711
698
726
1712
699
727
1713
700
728
1714
701
729
1715
702
730
1716
703
731
1717
704
732
1718
705
733
1719
706
734
1720
707
735
1721
708
736
1722
709
737
1723
710
738
1724
711
739
1725
712
740
1726
713
741
1727
714
742
1728
715
743
1729
716
744
1730
717
745
1731
718
746
1732
719
747
1733
720
748
1734
721
749
1735
722
750
1736
723
751
1737
724
752
1738
753
1739
726
754
1740
727
755
1741
728
756
1742
729
757
1743
730
758
1744
731
759
1745
732
760
1746
733
761
1747
734
762
1748
735
763
1749
736
764
1750
737
765
1751
738
766
1752
739
767
1753
740
768
1754
741
769
1755
742
770
1756
743
771
1757
744
772
1758
745
773
1759
746
774
1760
747
775
1761
748
776
1762
749
777
1763
750
778
1764
751
779
1765
752
780
1766
753
781
1767
782
1768
755
783
1769
756
784
1770
757
785
1771
758
786
1772
759
787
1773
760
788
1774
761
789
1775
762
790
1776
763
791
1777
764
792
1778
765
793
1779
766
794
1780
767
795
1781
768
796
1782
769
797
1783
770
798
1784
771
799
1785
772
800
1786
773
801
1787
774
802
1788
775
803
1789
776
804
1790
777
805
1791
778
806
1792
779
807
1793
780
808
1794
781
809
1795
782
810
1796
811
1797
784
812
1798
785
813
1799
786
814
1800
787
815
1801
788
816
1802
789
817
1803
790
818
1804
791
819
1805
792
820
1806
793
821
1807
794
822
1808
795
823
1809
796
824
1810
797
825
1811
798
826
1812
799
827
1813
800
828
1814
801
829
1815
802
830
1816
803
831
1817
804
832
1818
805
833
1819
806
834
1820
807
835
1821
808
836
1822
809
837
1823
810
838
1824
811
839
1825
840
1826
813
841
1827
814
842
1828
815
843
1829
816
844
1830
817
845
1831
818
846
1832
819
847
1833
820
848
1834
821
849
1835
822
850
1836
823
851
1837
824
852
1838
825
853
1839
826
854
1840
827
855
1841
828
856
1842
829
857
1843
830
858
1844
831
859
1845
832
860
1846
833
861
1847
834
862
1848
835
863
1849
836
864
1850
837
865
1851
838
866
1852
839
867
1853
840
868
1854
869
1855
842
870
1856
843
871
1857
844
872
1858
845
873
1859
846
874
1860
847
875
1861
848
876
1862
849
877
1863
850
878
1864
851
879
1865
852
880
1866
853
881
1867
854
882
1868
855
883
1869
856
884
1870
857
885
1871
858
886
1872
859
887
1873
860
888
1874
861
889
1875
862
890
1876
863
891
1877
864
892
1878
865
893
1879
866
894
1880
867
895
1881
868
896
1882
869
897
1883
898
1884
871
899
1885
872
900
1886
873
901
1887
874
902
1888
875
903
1889
876
904
1890
877
905
1891
878
906
1892
879
907
1893
880
908
1894
881
909
1895
882
910
1896
883
911
1897
884
912
1898
885
913
1899
886
914
1900
887
915
1901
888
916
1902
889
917
1903
890
918
1904
891
919
1905
892
920
1906
893
921
1907
894
922
1908
895
923
1909
896
924
1910
897
925
1911
898
926
1912
927
1913
900
928
1914
901
929
1915
902
930
1916
903
931
1917
904
932
1918
905
933
1919
906
934
1920
907
935
1921
908
936
1922
909
937
1923
910
938
1924
911
939
1925
912
940
1926
913
941
1927
914
942
1928
915
943
1929
916
944
1930
917
945
1931
918
946
1932
919
947
1933
920
948
1934
921
949
1935
922
950
1936
923
951
1937
924
952
1938
925
953
1939
926
954
1940
927
955
1941
956
1942
929
957
1943
930
958
1944
931
959
1945
932
960
1946
933
961
1947
934
962
1948
935
963
1949
936
964
1950
937
965
1951
938
966
1952
939
967
1953
940
968
1954
941
969
1955
942
970
1956
943
971
1957
944
972
1958
945
973
1959
946
974
1960
947
975
1961
948
976
1962
949
977
1963
950
978
1964
951
979
1965
952
980
1966
953
981
1967
954
982
1968
955
983
1969
956
984
1970
985
1971
958
986
1972
959
987
1973
960
988
1974
961
989
1975
962
990
1976
963
991
1977
964
992
1978
965
993
1979
966
994
1980
967
995
1981
968
996
1982
969
997
1983
970
998
1984
971
999
1985
972
1000
1986
973
1001
1987
974
1002
1988
975
1003
1989
976
1004
1990
977
1005
1991
978
1006
1992
979
1007
1993
980
1008
1994
981
1009
1995
982
1010
1996
983
1011
1997
984
1012
1998
985
1013
1999
1014
2000
987
2001
988
2002
989
2003
990
2004
991
2005
992
2006
993
2007
994
2008
995
2009
996
2010
997
2011
998
2012
999
2013
1000
2014
1001
2015
1002
2016
1003
2017
1004
2018
1005
2019
1006
2020
1007
2021
1008
2022
1009
2023
1010
2024
1011
2025
1012
2026
1013
2027
1014
2028
2029
1016
1044
2030
1017
1045
2031
1018
1046
2032
1019
1047
2033
1020
1048
2034
1021
1049
2035
1022
1050
2036
1023
1051
2037
1024
1052
2038
1025
1053
2039
1026
1054
2040
1027
1055
2041
1028
1056
2042
1029
1057
2043
1030
1058
2044
1031
1059
2045
1032
1060
2046
1033
1061
2047
1034
1062
2048
1035
1063
2049
1036
1064
2050
1037
1065
2051
1038
1066
2052
1039
1067
2053
1040
1068
2054
1041
1069
2055
1042
1070
2056
1043
1071
2057
1072
2058
1045
1073
2059
1046
1074
2060
1047
1075
2061
1048
1076
2062
1049
1077
2063
1050
1078
2064
1051
1079
2065
1052
1080
2066
1053
1081
2067
1054
1082
2068
1055
1083
2069
1056
1084
2070
1057
1085
2071
1058
1086
2072
1059
1087
2073
1060
1088
2074
1061
1089
2075
1062
1090
2076
1063
1091
2077
1064
1092
2078
1065
1093
2079
1066
1094
2080
1067
1095
2081
1068
1096
2082
1069
1097
2083
1070
1098
2084
1071
1099
2085
1072
1100
2086
1101
2087
1074
1102
2088
1075
1103
2089
1076
1104
2090
1077
1105
2091
1078
1106
2092
1079
1107
2093
1080
1108
2094
1081
1109
2095
1082
1110
2096
1083
1111
2097
1084
1112
2098
1085
1113
2099
1086
1114
2100
1087
1115
2101
1088
1116
2102
1089
1117
2103
1090
1118
2104
1091
1119
2105
1092
1120
2106
1093
1121
2107
1094
1122
2108
1095
1123
2109
1096
1124
2110
1097
1125
2111
1098
1126
2112
1099
1127
2113
1100
1128
2114
1101
1129
2115
1130
2116
1103
1131
2117
1104
1132
2118
1105
1133
2119
1106
1134
2120
1107
1135
2121
1108
1136
2122
1109
1137
2123
1110
1138
2124
1111
1139
2125
1112
1140
2126
1113
1141
2127
1114
1142
2128
1115
1143
2129
1116
1144
2130
1117
1145
2131
1118
1146
2132
1119
1147
2133
1120
1148
2134
1121
1149
2135
1122
1150
2136
1123
1151
2137
1124
1152
2138
1125
1153
2139
1126
1154
2140
1127
1155
2141
1128
1156
2142
1129
1157
2143
1130
1158
2144
1159
2145
1132
1160
2146
1133
1161
2147
1134
1162
2148
1135
1163
2149
1136
1164
2150
1137
1165
2151
1138
1166
2152
1139
1167
2153
1140
1168
2154
1141
1169
2155
1142
1170
2156
1143
1171
2157
1144
1172
2158
1145
1173
2159
1146
1174
2160
1147
1175
2161
1148
1176
2162
1149
1177
2163
1150
1178
2164
1151
1179
2165
1152
1180
2166
1153
1181
2167
1154
1182
2168
1155
1183
2169
1156
1184
2170
1157
1185
2171
1158
1186
2172
1159
1187
2173
1188
2174
1161
1189
2175
1162
1190
2176
1163
1191
2177
1164
1192
2178
1165
1193
2179
1166
1194
2180
1167
1195
2181
1168
1196
2182
1169
1197
2183
1170
1198
2184
1171
1199
2185
1172
1200
2186
1173
1201
2187
1174
1202
2188
1175
1203
2189
1176
1204
2190
1177
1205
2191
1178
1206
2192
1179
1207
2193
1180
1208
2194
1181
1209
2195
1182
1210
2196
1183
1211
2197
1184
1212
2198
1185
1213
2199
1186
1214
2200
1187
1215
2201
1188
1216
2202
1217
2203
1190
1218
2204
1191
1219
2205
1192
1220
2206
1193
1221
2207
1194
1222
2208
1195
1223
2209
1196
1224
2210
1197
1225
2211
1198
1226
2212
1199
1227
2213
1200
1228
2214
1201
1229
2215
1202
1230
2216
1203
1231
2217
1204
1232
2218
1205
1233
2219
1206
1234
2220
1207
1235
2221
1208
1236
2222
1209
1237
2223
1210
1238
2224
1211
1239
2225
1212
1240
2226
1213
1241
2227
1214
1242
2228
1215
1243
2229
1216
1244
2230
1217
1245
2231
1246
2232
1219
1247
2233
1220
1248
2234
1221
1249
2235
1222
1250
2236
1223
1251
2237
1224
1252
2238
1225
1253
2239
1226
1254
2240
1227
1255
2241
1228
1256
2242
1229
1257
2243
1230
1258
2244
1231
1259
2245
1232
1260
2246
1233
1261
2247
1234
1262
2248
1235
1263
2249
1236
1264
2250
1237
1265
2251
1238
1266
2252
1239
1267
2253
1240
1268
2254
1241
1269
2255
1242
1270
2256
1243
1271
2257
1244
1272
2258
1245
1273
2259
1246
1274
2260
1275
2261
1248
1276
2262
1249
1277
2263
1250
1278
2264
1251
1279
2265
1252
1280
2266
1253
1281
2267
1254
1282
2268
1255
1283
2269
1256
1284
2270
1257
1285
2271
1258
1286
2272
1259
1287
2273
1260
1288
2274
1261
1289
2275
1262
1290
2276
1263
1291
2277
1264
1292
2278
1265
1293
2279
1266
1294
2280
1267
1295
2281
1268
1296
2282
1269
1297
2283
1270
1298
2284
1271
1299
2285
1272
1300
2286
1273
1301
2287
1274
1302
2288
1275
1303
2289
1304
2290
1277
1305
2291
1278
1306
2292
1279
1307
2293
1280
1308
2294
1281
1309
2295
1282
1310
2296
1283
1311
2297
1284
1312
2298
1285
1313
2299
1286
1314
2300
1287
1315
2301
1288
1316
2302
1289
1317
2303
1290
1318
2304
1291
1319
2305
1292
1320
2306
1293
1321
2307
1294
1322
2308
1295
1323
2309
1296
1324
2310
1297
1325
2311
1298
1326
2312
1299
1327
2313
1300
1328
2314
1301
1329
2315
1302
1330
2316
1303
1331
2317
1304
1332
2318
1333
2319
1306
1334
2320
1307
1335
2321
1308
1336
2322
1309
1337
2323
1310
1338
2324
1311
1339
2325
1312
1340
2326
1313
1341
2327
1314
1342
2328
1315
1343
2329
1316
1344
2330
1317
1345
2331
1318
1346
2332
1319
1347
2333
1320
1348
2334
1321
1349
2335
1322
1350
2336
1323
1351
2337
1324
1352
2338
1325
1353
2339
1326
1354
2340
1327
1355
2341
1328
1356
2342
1329
1357
2343
1330
1358
2344
1331
1359
2345
1332
1360
2346
1333
1361
2347
1362
2348
1335
1363
2349
1336
1364
2350
1337
1365
2351
1338
1366
2352
1339
1367
2353
1340
1368
2354
1341
1369
2355
1342
1370
2356
1343
1371
2357
1344
1372
2358
1345
1373
2359
1346
1374
2360
1347
1375
2361
1348
1376
2362
1349
1377
2363
1350
1378
2364
1351
1379
2365
1352
1380
2366
1353
1381
2367
1354
1382
2368
1355
1383
2369
1356
1384
2370
1357
1385
2371
1358
1386
2372
1359
1387
2373
1360
1388
2374
1361
1389
2375
1362
1390
2376
1391
2377
1364
1392
2378
1365
1393
2379
1366
1394
2380
1367
1395
2381
1368
1396
2382
1369
1397
2383
1370
1398
2384
1371
1399
2385
1372
1400
2386
1373
1401
2387
1374
1402
2388
1375
1403
2389
1376
1404
2390
1377
1405
2391
1378
1406
2392
1379
1407
2393
1380
1408
2394
1381
1409
2395
1382
1410
2396
1383
1411
2397
1384
1412
2398
1385
1413
2399
1386
1414
2400
1387
1415
2401
1388
1416
2402
1389
1417
2403
1390
1418
2404
1391
1419
2405
1420
2406
1393
1421
2407
1394
1422
2408
1395
1423
2409
1396
1424
2410
1397
1425
2411
1398
1426
2412
1399
1427
2413
1400
1428
2414
1401
1429
2415
1402
1430
2416
1403
1431
2417
1404
1432
2418
1405
1433
2419
1406
1434
2420
1407
1435
2421
1408
1436
2422
1409
1437
2423
1410
1438
2424
1411
1439
2425
1412
1440
2426
1413
1441
2427
1414
1442
2428
1415
1443
2429
1416
1444
2430
1417
1445
2431
1418
1446
2432
1419
1447
2433
1420
1448
2434
1449
2435
1422
1450
2436
1423
1451
2437
1424
1452
2438
1425
1453
2439
1426
1454
2440
1427
1455
2441
1428
1456
2442
1429
1457
2443
1430
1458
2444
1431
1459
2445
1432
1460
2446
1433
1461
2447
1434
1462
2448
1435
1463
2449
1436
1464
2450
1437
1465
2451
1438
1466
2452
1439
1467
2453
1440
1468
2454
1441
1469
2455
1442
1470
2456
1443
1471
2457
1444
1472
2458
1445
1473
2459
1446
1474
2460
1447
1475
2461
1448
1476
2462
1449
1477
2463
1478
2464
1451
1479
2465
1452
1480
2466
1453
1481
2467
1454
1482
2468
1455
1483
2469
1456
1484
2470
1457
1485
2471
1458
1486
2472
1459
1487
2473
1460
1488
2474
1461
1489
2475
1462
1490
2476
1463
1491
2477
1464
1492
2478
1465
1493
2479
1466
1494
2480
1467
1495
2481
1468
1496
2482
1469
1497
2483
1470
1498
2484
1471
1499
2485
1472
1500
2486
1473
1501
2487
1474
1502
2488
1475
1503
2489
1476
1504
2490
1477
1505
2491
1478
1506
2492
1507
2493
1480
1508
2494
1481
1509
2495
1482
1510
2496
1483
1511
2497
1484
1512
2498
1485
1513
2499
1486
1514
2500
1487
1515
2501
1488
1516
2502
1489
1517
2503
1490
1518
2504
1491
1519
2505
1492
1520
2506
1493
1521
2507
1494
1522
2508
1495
1523
2509
1496
1524
2510
1497
1525
2511
1498
1526
2512
1499
1527
2513
1500
1528
2514
1501
1529
2515
1502
1530
2516
1503
1531
2517
1504
1532
2518
1505
1533
2519
1506
1534
2520
1507
1535
2521
1536
2522
1509
1537
2523
1510
1538
2524
1511
1539
2525
1512
1540
2526
1513
1541
2527
1514
1542
2528
1515
1543
2529
1516
1544
2530
1517
1545
2531
1518
1546
2532
1519
1547
2533
1520
1548
2534
1521
1549
2535
1522
1550
2536
1523
1551
2537
1524
1552
2538
1525
1553
2539
1526
1554
2540
1527
1555
2541
1528
1556
2542
1529
1557
2543
1530
1558
2544
1531
1559
2545
1532
1560
2546
1533
1561
2547
1534
1562
2548
1535
1563
2549
1536
1564
2550
1565
2551
1538
1566
2552
1539
1567
2553
1540
1568
2554
1541
1569
2555
1542
1570
2556
1543
1571
2557
1544
1572
2558
1545
1573
2559
1546
1574
2560
1547
1575
2561
1548
1576
2562
1549
1577
2563
1550
1578
2564
1551
1579
2565
1552
1580
2566
1553
1581
2567
1554
1582
2568
1555
1583
2569
1556
1584
2570
1557
1585
2571
1558
1586
2572
1559
1587
2573
1560
1588
2574
1561
1589
2575
1562
1590
2576
1563
1591
2577
1564
1592
2578
1565
1593
2579
1594
2580
1567
1595
2581
1568
1596
2582
1569
1597
2583
1570
1598
2584
1571
1599
2585
1572
1600
2586
1573
1601
2587
1574
1602
2588
1575
1603
2589
1576
1604
2590
1577
1605
2591
1578
1606
2592
1579
1607
2593
1580
1608
2594
1581
1609
2595
1582
1610
2596
1583
1611
2597
1584
1612
2598
1585
1613
2599
1586
1614
2600
1587
1615
2601
1588
1616
2602
1589
1617
2603
1590
1618
2604
1591
1619
2605
1592
1620
2606
1593
1621
2607
1594
1622
2608
1623
2609
1596
1624
2610
1597
1625
2611
1598
1626
2612
1599
1627
2613
1600
1628
2614
1601
1629
2615
1602
1630
2616
1603
1631
2617
1604
1632
2618
1605
1633
2619
1606
1634
2620
1607
1635
2621
1608
1636
2622
1609
1637
2623
1610
1638
2624
1611
1639
2625
1612
1640
2626
1613
1641
2627
1614
1642
2628
1615
1643
2629
1616
1644
2630
1617
1645
2631
1618
1646
2632
1619
1647
2633
1620
1648
2634
1621
1649
2635
1622
1650
2636
1623
1651
2637
1652
2638
1625
1653
2639
1626
1654
2640
1627
1655
2641
1628
1656
2642
1629
1657
2643
1630
1658
2644
1631
1659
2645
1632
1660
2646
1633
1661
2647
1634
1662
2648
1635
1663
2649
1636
1664
2650
1637
1665
2651
1638
1666
2652
1639
1667
2653
1640
1668
2654
1641
1669
2655
1642
1670
2656
1643
1671
2657
1644
1672
2658
1645
1673
2659
1646
1674
2660
1647
1675
2661
1648
1676
2662
1649
1677
2663
1650
1678
2664
1651
1679
2665
1652
1680
2666
1681
2667
1654
1682
2668
1655
1683
2669
1656
1684
2670
1657
1685
2671
1658
1686
2672
1659
1687
2673
1660
1688
2674
1661
1689
2675
1662
1690
2676
1663
1691
2677
1664
1692
2678
1665
1693
2679
1666
1694
2680
1667
1695
2681
1668
1696
2682
1669
1697
2683
1670
1698
2684
1671
1699
2685
1672
1700
2686
1673
1701
2687
1674
1702
2688
1675
1703
2689
1676
1704
2690
1677
1705
2691
1678
1706
2692
1679
1707
2693
1680
1708
2694
1681
1709
2695
1710
2696
1683
1711
2697
1684
1712
2698
1685
1713
2699
1686
1714
2700
1687
1715
2701
1688
1716
2702
1689
1717
2703
1690
1718
2704
1691
1719
2705
1692
1720
2706
1693
1721
2707
1694
1722
2708
1695
1723
2709
1696
1724
2710
1697
1725
2711
1698
1726
2712
1699
1727
2713
1700
1728
2714
1701
1729
2715
1702
1730
2716
1703
1731
2717
1704
1732
2718
1705
1733
2719
1706
1734
2720
1707
1735
2721
1708
1736
2722
1709
1737
2723
1710
1738
2724
1739
2725
1712
1740
2726
1713
1741
2727
1714
1742
2728
1715
1743
2729
1716
1744
2730
1717
1745
2731
1718
1746
2732
1719
1747
2733
1720
1748
2734
1721
1749
2735
1722
1750
2736
1723
1751
2737
1724
1752
2738
1725
1753
2739
1726
1754
2740
1727
1755
2741
1728
1756
2742
1729
1757
2743
1730
1758
2744
1731
1759
2745
1732
1760
2746
1733
1761
2747
1734
1762
2748
1735
1763
2749
1736
1764
2750
1737
1765
2751
1738
1766
2752
1739
1767
2753
1768
2754
1741
1769
2755
1742
1770
2756
1743
1771
2757
1744
1772
2758
1745
1773
2759
1746
1774
2760
1747
1775
2761
1748
1776
2762
1749
1777
2763
1750
1778
2764
1751
1779
2765
1752
1780
2766
1753
1781
2767
1754
1782
2768
1755
1783
2769
1756
1784
2770
1757
1785
2771
1758
1786
2772
1759
1787
2773
1760
1788
2774
1761
1789
2775
1762
1790
2776
1763
1791
2777
1764
1792
2778
1765
1793
2779
1766
1794
2780
1767
1795
2781
1768
1796
2782
1797
2783
1770
1798
2784
1771
1799
2785
1772
1800
2786
1773
1801
2787
1774
1802
2788
1775
1803
2789
1776
1804
2790
1777
1805
2791
1778
1806
2792
1779
1807
2793
1780
1808
2794
1781
1809
2795
1782
1810
2796
1783
1811
2797
1784
1812
2798
1785
1813
2799
1786
1814
2800
1787
1815
2801
1788
1816
2802
1789
1817
2803
1790
1818
2804
1791
1819
2805
1792
1820
2806
1793
1821
2807
1794
1822
2808
1795
1823
2809
1796
1824
2810
1797
1825
2811
1826
2812
1799
1827
2813
1800
1828
2814
1801
1829
2815
1802
1830
2816
1803
1831
2817
1804
1832
2818
1805
1833
2819
1806
1834
2820
1807
1835
2821
1808
1836
2822
1809
1837
2823
1810
1838
2824
1811
1839
2825
1812
1840
2826
1813
1841
2827
1814
1842
2828
1815
1843
2829
1816
1844
2830
1817
1845
2831
1818
1846
2832
1819
1847
2833
1820
1848
2834
1821
1849
2835
1822
1850
2836
1823
1851
2837
1824
1852
2838
1825
1853
2839
1826
1854
2840
1855
2841
1828
1856
2842
1829
1857
2843
1830
1858
2844
1831
1859
2845
1832
1860
2846
1833
1861
2847
1834
1862
2848
1835
1863
2849
1836
1864
2850
1837
1865
2851
1838
1866
2852
1839
1867
2853
1840
1868
2854
1841
1869
2855
1842
1870
2856
1843
1871
2857
1844
1872
2858
1845
1873
2859
1846
1874
2860
1847
1875
2861
1848
1876
2862
1849
1877
2863
1850
1878
2864
1851
1879
2865
1852
1880
2866
1853
1881
2867
1854
1882
2868
1855
1883
2869
1884
2870
1857
1885
2871
1858
1886
2872
1859
1887
2873
1860
1888
2874
1861
1889
2875
1862
1890
2876
1863
1891
2877
1864
1892
2878
1865
1893
2879
1866
1894
2880
1867
1895
2881
1868
1896
2882
1869
1897
2883
1870
1898
2884
1871
1899
2885
1872
1900
2886
1873
1901
2887
1874
1902
2888
1875
1903
2889
1876
1904
2890
1877
1905
2891
1878
1906
2892
1879
1907
2893
1880
1908
2894
1881
1909
2895
1882
1910
2896
1883
1911
2897
1884
1912
2898
1913
2899
1886
1914
2900
1887
1915
2901
1888
1916
2902
1889
1917
2903
1890
1918
2904
1891
1919
2905
1892
1920
2906
1893
1921
2907
1894
1922
2908
1895
1923
2909
1896
1924
2910
1897
1925
2911
1898
1926
2912
1899
1927
2913
1900
1928
2914
1901
1929
2915
1902
1930
2916
1903
1931
2917
1904
1932
2918
1905
1933
2919
1906
1934
2920
1907
1935
2921
1908
1936
2922
1909
1937
2923
1910
1938
2924
1911
1939
2925
1912
1940
2926
1913
1941
2927
1942
2928
1915
1943
2929
1916
1944
2930
1917
1945
2931
1918
1946
2932
1919
1947
2933
1920
1948
2934
1921
1949
2935
1922
1950
2936
1923
1951
2937
1924
1952
2938
1925
1953
2939
1926
1954
2940
1927
1955
2941
1928
1956
2942
1929
1957
2943
1930
1958
2944
1931
1959
2945
1932
1960
2946
1933
1961
2947
1934
1962
2948
1935
1963
2949
1936
1964
2950
1937
1965
2951
1938
1966
2952
1939
1967
2953
1940
1968
2954
1941
1969
2955
1942
1970
2956
1971
2957
1944
1972
2958
1945
1973
2959
1946
1974
2960
1947
1975
2961
1948
1976
2962
1949
1977
2963
1950
1978
2964
1951
1979
2965
1952
1980
2966
1953
1981
2967
1954
1982
2968
1955
1983
2969
1956
1984
2970
1957
1985
2971
1958
1986
2972
1959
1987
2973
1960
1988
2974
1961
1989
2975
1962
1990
2976
1963
1991
2977
1964
1992
2978
1965
1993
2979
1966
1994
2980
1967
1995
2981
1968
1996
2982
1969
1997
2983
1970
1998
2984
1971
1999
2985
2000
2986
1973
2001
2987
1974
2002
2988
1975
2003
2989
1976
2004
2990
1977
2005
2991
1978
2006
2992
1979
2007
2993
1980
2008
2994
1981
2009
2995
1982
2010
2996
1983
2011
2997
1984
2012
2998
1985
2013
2999
1986
2014
3000
1987
2015
3001
1988
2016
3002
1989
2017
3003
1990
2018
3004
1991
2019
3005
1992
2020
3006
1993
2021
3007
1994
2022
3008
1995
2023
3009
1996
2024
3010
1997
2025
3011
1998
2026
3012
1999
2027
3013
2000
2028
3014
2029
3015
2002
3016
2003
3017
2004
3018
2005
3019
2006
3020
2007
3021
2008
3022
2009
3023
2010
3024
2011
3025
2012
3026
2013
3027
2014
3028
2015
3029
2016
3030
2017
3031
2018
3032
2019
3033
2020
3034
2021
3035
2022
3036
2023
3037
2024
3038
2025
3039
2026
3040
2027
3041
2028
3042
2029
3043
3044
2031
2059
3045
2032
2060
3046
2033
2061
3047
2034
2062
3048
2035
2063
3049
2036
2064
3050
2037
2065
3051
2038
2066
3052
2039
2067
3053
2040
2068
3054
2041
2069
3055
2042
2070
3056
2043
2071
3057
2044
2072
3058
2045
2073
3059
2046
2074
3060
2047
2075
3061
2048
2076
3062
2049
2077
3063
2050
2078
3064
2051
2079
3065
2052
2080
3066
2053
2081
3067
2054
2082
3068
2055
2083
3069
2056
2084
3070
2057
2085
3071
2058
2086
3072
2087
3073
2060
2088
3074
2061
2089
3075
2062
2090
3076
2063
2091
3077
2064
2092
3078
2065
2093
3079
2066
2094
3080
2067
2095
3081
2068
2096
3082
2069
2097
3083
2070
2098
3084
2071
2099
3085
2072
2100
3086
2073
2101
3087
2074
2102
3088
2075
2103
3089
2076
2104
3090
2077
2105
3091
2078
2106
3092
2079
2107
3093
2080
2108
3094
2081
2109
3095
2082
2110
3096
2083
2111
3097
2084
2112
3098
2085
2113
3099
2086
2114
3100
2087
2115
3101
2116
3102
2089
2117
3103
2090
2118
3104
2091
2119
3105
2092
2120
3106
2093
2121
3107
2094
2122
3108
2095
2123
3109
2096
2124
3110
2097
2125
3111
2098
2126
3112
2099
2127
3113
2100
2128
3114
2101
2129
3115
2102
2130
3116
2103
2131
3117
2104
2132
3118
2105
2133
3119
2106
2134
3120
2107
2135
3121
2108
2136
3122
2109
2137
3123
2110
2138
3124
2111
2139
3125
2112
2140
3126
2113
2141
3127
2114
2142
3128
2115
2143
3129
2116
2144
3130
2145
3131
2118
2146
3132
2119
2147
3133
2120
2148
3134
2121
2149
3135
2122
2150
3136
2123
2151
3137
2124
2152
3138
2125
2153
3139
2126
2154
3140
2127
2155
3141
2128
2156
3142
2129
2157
3143
2130
2158
3144
2131
2159
3145
2132
2160
3146
2133
2161
3147
2134
2162
3148
2135
2163
3149
2136
2164
3150
2137
2165
3151
2138
2166
3152
2139
2167
3153
2140
2168
3154
2141
2169
3155
2142
2170
3156
2143
2171
3157
2144
2172
3158
2145
2173
3159
2174
3160
2147
2175
3161
2148
2176
3162
2149
2177
3163
2150
2178
3164
2151
2179
3165
2152
2180
3166
2153
2181
3167
2154
2182
3168
2155
2183
3169
2156
2184
3170
2157
2185
3171
2158
2186
3172
2159
2187
3173
2160
2188
3174
2161
2189
3175
2162
2190
3176
2163
2191
3177
2164
2192
3178
2165
2193
3179
2166
2194
3180
2167
2195
3181
2168
2196
3182
2169
2197
3183
2170
2198
3184
2171
2199
3185
2172
2200
3186
2173
2201
3187
2174
2202
3188
2203
3189
2176
2204
3190
2177
2205
3191
2178
2206
3192
2179
2207
3193
2180
2208
3194
2181
2209
3195
2182
2210
3196
2183
2211
3197
2184
2212
3198
2185
2213
3199
2186
2214
3200
2187
2215
3201
2188
2216
3202
2189
2217
3203
2190
2218
3204
2191
2219
3205
2192
2220
3206
2193
2221
3207
2194
2222
3208
2195
2223
3209
2196
2224
3210
2197
2225
3211
2198
2226
3212
2199
2227
3213
2200
2228
3214
2201
2229
3215
2202
2230
3216
2203
2231
3217
2232
3218
2205
2233
3219
2206
2234
3220
2207
2235
3221
2208
2236
3222
2209
2237
3223
2210
2238
3224
2211
2239
3225
2212
2240
3226
2213
2241
3227
2214
2242
3228
2215
2243
3229
2216
2244
3230
2217
2245
3231
2218
2246
3232
2219
2247
3233
2220
2248
3234
2221
2249
3235
2222
2250
3236
2223
2251
3237
2224
2252
3238
2225
2253
3239
2226
2254
3240
2227
2255
3241
2228
2256
3242
2229
2257
3243
2230
2258
3244
2231
2259
3245
2232
2260
3246
2261
3247
2234
2262
3248
2235
2263
3249
2236
2264
3250
2237
2265
3251
2238
2266
3252
2239
2267
3253
2240
2268
3254
2241
2269
3255
2242
2270
3256
2243
2271
3257
2244
2272
3258
2245
2273
3259
2246
2274
3260
2247
2275
3261
2248
2276
3262
2249
2277
3263
2250
2278
3264
2251
2279
3265
2252
2280
3266
2253
2281
3267
2254
2282
3268
2255
2283
3269
2256
2284
3270
2257
2285
3271
2258
2286
3272
2259
2287
3273
2260
2288
3274
2261
2289
3275
2290
3276
2263
2291
3277
2264
2292
3278
2265
2293
3279
2266
2294
3280
2267
2295
3281
2268
2296
3282
2269
2297
3283
2270
2298
3284
2271
2299
3285
2272
2300
3286
2273
2301
3287
2274
2302
3288
2275
2303
3289
2276
2304
3290
2277
2305
3291
2278
2306
3292
2279
2307
3293
2280
2308
3294
2281
2309
3295
2282
2310
3296
2283
2311
3297
2284
2312
3298
2285
2313
3299
2286
2314
3300
2287
2315
3301
2288
2316
3302
2289
2317
3303
2290
2318
3304
2319
3305
2292
2320
3306
2293
2321
3307
2294
2322
3308
2295
2323
3309
2296
2324
3310
2297
2325
3311
2298
2326
3312
2299
2327
3313
2300
2328
3314
2301
2329
3315
2302
2330
3316
2303
2331
3317
2304
2332
3318
2305
2333
3319
2306
2334
3320
2307
2335
3321
2308
2336
3322
2309
2337
3323
2310
2338
3324
2311
2339
3325
2312
2340
3326
2313
2341
3327
2314
2342
3328
2315
2343
3329
2316
2344
3330
2317
2345
3331
2318
2346
3332
2319
2347
3333
2348
3334
2321
2349
3335
2322
2350
3336
2323
2351
3337
2324
2352
3338
2325
2353
3339
2326
2354
3340
2327
2355
3341
2328
2356
3342
2329
2357
3343
2330
2358
3344
2331
2359
3345
2332
2360
3346
2333
2361
3347
2334
2362
3348
2335
2363
3349
2336
2364
3350
2337
2365
3351
2338
2366
3352
2339
2367
3353
2340
2368
3354
2341
2369
3355
2342
2370
3356
2343
2371
3357
2344
2372
3358
2345
2373
3359
2346
2374
3360
2347
2375
3361
2348
2376
3362
2377
3363
2350
2378
3364
2351
2379
3365
2352
2380
3366
2353
2381
3367
2354
2382
3368
2355
2383
3369
2356
2384
3370
2357
2385
3371
2358
2386
3372
2359
2387
3373
2360
2388
3374
2361
2389
3375
2362
2390
3376
2363
2391
3377
2364
2392
3378
2365
2393
3379
2366
2394
3380
2367
2395
3381
2368
2396
3382
2369
2397
3383
2370
2398
3384
2371
2399
3385
2372
2400
3386
2373
2401
3387
2374
2402
3388
2375
2403
3389
2376
2404
3390
2377
2405
3391
2406
3392
2379
2407
3393
2380
2408
3394
2381
2409
3395
2382
2410
3396
2383
2411
3397
2384
2412
3398
2385
2413
3399
2386
2414
3400
2387
2415
3401
2388
2416
3402
2389
2417
3403
2390
2418
3404
2391
2419
3405
2392
2420
3406
2393
2421
3407
2394
2422
3408
2395
2423
3409
2396
2424
3410
2397
2425
3411
2398
2426
3412
2399
2427
3413
2400
2428
3414
2401
2429
3415
2402
2430
3416
2403
2431
3417
2404
2432
3418
2405
2433
3419
2406
2434
3420
2435
3421
2408
2436
3422
2409
2437
3423
2410
2438
3424
2411
2439
3425
2412
2440
3426
2413
2441
3427
2414
2442
3428
2415
2443
3429
2416
2444
3430
2417
2445
3431
2418
2446
3432
2419
2447
3433
2420
2448
3434
2421
2449
3435
2422
2450
3436
2423
2451
3437
2424
2452
3438
2425
2453
3439
2426
2454
3440
2427
2455
3441
2428
2456
3442
2429
2457
3443
2430
2458
3444
2431
2459
3445
2432
2460
3446
2433
2461
3447
2434
2462
3448
2435
2463
3449
2464
3450
2437
2465
3451
2438
2466
3452
2439
2467
3453
2440
2468
3454
2441
2469
3455
2442
2470
3456
2443
2471
3457
2444
2472
3458
2445
2473
3459
2446
2474
3460
2447
2475
3461
2448
2476
3462
2449
2477
3463
2450
2478
3464
2451
2479
3465
2452
2480
3466
2453
2481
3467
2454
2482
3468
2455
2483
3469
2456
2484
3470
2457
2485
3471
2458
2486
3472
2459
2487
3473
2460
2488
3474
2461
2489
3475
2462
2490
3476
2463
2491
3477
2464
2492
3478
2493
3479
2466
2494
3480
2467
2495
3481
2468
2496
3482
2469
2497
3483
2470
2498
3484
2471
2499
3485
2472
2500
3486
2473
2501
3487
2474
2502
3488
2475
2503
3489
2476
2504
3490
2477
2505
3491
2478
2506
3492
2479
2507
3493
2480
2508
3494
2481
2509
3495
2482
2510
3496
2483
2511
3497
2484
2512
3498
2485
2513
3499
2486
2514
3500
2487
2515
3501
2488
2516
3502
2489
2517
3503
2490
2518
3504
2491
2519
3505
2492
2520
3506
2493
2521
3507
2522
3508
2495
2523
3509
2496
2524
3510
2497
2525
3511
2498
2526
3512
2499
2527
3513
2500
2528
3514
2501
2529
3515
2502
2530
3516
2503
2531
3517
2504
2532
3518
2505
2533
3519
2506
2534
3520
2507
2535
3521
2508
2536
3522
2509
2537
3523
2510
2538
3524
2511
2539
3525
2512
2540
3526
2513
2541
3527
2514
2542
3528
2515
2543
3529
2516
2544
3530
2517
2545
3531
2518
2546
3532
2519
2547
3533
2520
2548
3534
2521
2549
3535
2522
2550
3536
2551
3537
2524
2552
3538
2525
2553
3539
2526
2554
3540
2527
2555
3541
2528
2556
3542
2529
2557
3543
2530
2558
3544
2531
2559
3545
2532
2560
3546
2533
2561
3547
2534
2562
3548
2535
2563
3549
2536
2564
3550
2537
2565
3551
2538
2566
3552
2539
2567
3553
2540
2568
3554
2541
2569
3555
2542
2570
3556
2543
2571
3557
2544
2572
3558
2545
2573
3559
2546
2574
3560
2547
2575
3561
2548
2576
3562
2549
2577
3563
2550
2578
3564
2551
2579
3565
2580
3566
2553
2581
3567
2554
2582
3568
2555
2583
3569
2556
2584
3570
2557
2585
3571
2558
2586
3572
2559
2587
3573
2560
2588
3574
2561
2589
3575
2562
2590
3576
2563
2591
3577
2564
2592
3578
2565
2593
3579
2566
2594
3580
2567
2595
3581
2568
2596
3582
2569
2597
3583
2570
2598
3584
2571
2599
3585
2572
2600
3586
2573
2601
3587
2574
2602
3588
2575
2603
3589
2576
2604
3590
2577
2605
3591
2578
2606
3592
2579
2607
3593
2580
2608
3594
2609
3595
2582
2610
3596
2583
2611
3597
2584
2612
3598
2585
2613
3599
2586
2614
3600
2587
2615
3601
2588
2616
3602
2589
2617
3603
2590
2618
3604
2591
2619
3605
2592
2620
3606
2593
2621
3607
2594
2622
3608
2595
2623
3609
2596
2624
3610
2597
2625
3611
2598
2626
3612
2599
2627
3613
2600
2628
3614
2601
2629
3615
2602
2630
3616
2603
2631
3617
2604
2632
3618
2605
2633
3619
2606
2634
3620
2607
2635
3621
2608
2636
3622
2609
2637
3623
2638
3624
2611
2639
3625
2612
2640
3626
2613
2641
3627
2614
2642
3628
2615
2643
3629
2616
2644
3630
2617
2645
3631
2618
2646
3632
2619
2647
3633
2620
2648
3634
2621
2649
3635
2622
2650
3636
2623
2651
3637
2624
2652
3638
2625
2653
3639
2626
2654
3640
2627
2655
3641
2628
2656
3642
2629
2657
3643
2630
2658
3644
2631
2659
3645
2632
2660
3646
2633
2661
3647
2634
2662
3648
2635
2663
3649
2636
2664
3650
2637
2665
3651
2638
2666
3652
2667
3653
2640
2668
3654
2641
2669
3655
2642
2670
3656
2643
2671
3657
2644
2672
3658
2645
2673
3659
2646
2674
3660
2647
2675
3661
2648
2676
3662
2649
2677
3663
2650
2678
3664
2651
2679
3665
2652
2680
3666
2653
2681
3667
2654
2682
3668
2655
2683
3669
2656
2684
3670
2657
2685
3671
2658
2686
3672
2659
2687
3673
2660
2688
3674
2661
2689
3675
2662
2690
3676
2663
2691
3677
2664
2692
3678
2665
2693
3679
2666
2694
3680
2667
2695
3681
2696
3682
2669
2697
3683
2670
2698
3684
2671
2699
3685
2672
2700
3686
2673
2701
3687
2674
2702
3688
2675
2703
3689
2676
2704
3690
2677
2705
3691
2678
2706
3692
2679
2707
3693
2680
2708
3694
2681
2709
3695
2682
2710
3696
2683
2711
3697
2684
2712
3698
2685
2713
3699
2686
2714
3700
2687
2715
3701
2688
2716
3702
2689
2717
3703
2690
2718
3704
2691
2719
3705
2692
2720
3706
2693
2721
3707
2694
2722
3708
2695
2723
3709
2696
2724
3710
2725
3711
2698
2726
3712
2699
2727
3713
2700
2728
3714
2701
2729
3715
2702
2730
3716
2703
2731
3717
2704
2732
3718
2705
2733
3719
2706
2734
3720
2707
2735
3721
2708
2736
3722
2709
2737
3723
2710
2738
3724
2711
2739
3725
2712
2740
3726
2713
2741
3727
2714
2742
3728
2715
2743
3729
2716
2744
3730
2717
2745
3731
2718
2746
3732
2719
2747
3733
2720
2748
3734
2721
2749
3735
2722
2750
3736
2723
2751
3737
2724
2752
3738
2725
2753
3739
2754
3740
2727
2755
3741
2728
2756
3742
2729
2757
3743
2730
2758
3744
2731
2759
3745
2732
2760
3746
2733
2761
3747
2734
2762
3748
2735
2763
3749
2736
2764
3750
2737
2765
3751
2738
2766
3752
2739
2767
3753
2740
2768
3754
2741
2769
3755
2742
2770
3756
2743
2771
3757
2744
2772
3758
2745
2773
3759
2746
2774
3760
2747
2775
3761
2748
2776
3762
2749
2777
3763
2750
2778
3764
2751
2779
3765
2752
2780
3766
2753
2781
3767
2754
2782
3768
2783
3769
2756
2784
3770
2757
2785
3771
2758
2786
3772
2759
2787
3773
2760
2788
3774
2761
2789
3775
2762
2790
3776
2763
2791
3777
2764
2792
3778
2765
2793
3779
2766
2794
3780
2767
2795
3781
2768
2796
3782
2769
2797
3783
2770
2798
3784
2771
2799
3785
2772
2800
3786
2773
2801
3787
2774
2802
3788
2775
2803
3789
2776
2804
3790
2777
2805
3791
2778
2806
3792
2779
2807
3793
2780
2808
3794
2781
2809
3795
2782
2810
3796
2783
2811
3797
2812
3798
2785
2813
3799
2786
2814
3800
2787
2815
3801
2788
2816
3802
2789
2817
3803
2790
2818
3804
2791
2819
3805
2792
2820
3806
2793
2821
3807
2794
2822
3808
2795
2823
3809
2796
2824
3810
2797
2825
3811
2798
2826
3812
2799
2827
3813
2800
2828
3814
2801
2829
3815
2802
2830
3816
2803
2831
3817
2804
2832
3818
2805
2833
3819
2806
2834
3820
2807
2835
3821
2808
2836
3822
2809
2837
3823
2810
2838
3824
2811
2839
3825
2812
2840
3826
2841
3827
2814
2842
3828
2815
2843
3829
2816
2844
3830
2817
2845
3831
2818
2846
3832
2819
2847
3833
2820
2848
3834
2821
2849
3835
2822
2850
3836
2823
2851
3837
2824
2852
3838
2825
2853
3839
2826
2854
3840
2827
2855
3841
2828
2856
3842
2829
2857
3843
2830
2858
3844
2831
2859
3845
2832
2860
3846
2833
2861
3847
2834
2862
3848
2835
2863
3849
2836
2864
3850
2837
2865
3851
2838
2866
3852
2839
2867
3853
2840
2868
3854
2841
2869
3855
2870
3856
2843
2871
3857
2844
2872
3858
2845
2873
3859
2846
2874
3860
2847
2875
3861
2848
2876
3862
2849
2877
3863
2850
2878
3864
2851
2879
3865
2852
2880
3866
2853
2881
3867
2854
2882
3868
2855
2883
3869
2856
2884
3870
2857
2885
3871
2858
2886
3872
2859
2887
3873
2860
2888
3874
2861
2889
3875
2862
2890
3876
2863
2891
3877
2864
2892
3878
2865
2893
3879
2866
2894
3880
2867
2895
3881
2868
2896
3882
2869
2897
3883
2870
2898
3884
2899
3885
2872
2900
3886
2873
2901
3887
2874
2902
3888
2875
2903
3889
2876
2904
3890
2877
2905
3891
2878
2906
3892
2879
2907
3893
2880
2908
3894
2881
2909
3895
2882
2910
3896
2883
2911
3897
2884
2912
3898
2885
2913
3899
2886
2914
3900
2887
2915
3901
2888
2916
3902
2889
2917
3903
2890
2918
3904
2891
2919
3905
2892
2920
3906
2893
2921
3907
2894
2922
3908
2895
2923
3909
2896
2924
3910
2897
2925
3911
2898
2926
3912
2899
2927
3913
2928
3914
2901
2929
3915
2902
2930
3916
2903
2931
3917
2904
2932
3918
2905
2933
3919
2906
2934
3920
2907
2935
3921
2908
2936
3922
2909
2937
3923
2910
2938
3924
2911
2939
3925
2912
2940
3926
2913
2941
3927
2914
2942
3928
2915
2943
3929
2916
2944
3930
2917
2945
3931
2918
2946
3932
2919
2947
3933
2920
2948
3934
2921
2949
3935
2922
2950
3936
2923
2951
3937
2924
2952
3938
2925
2953
3939
2926
2954
3940
2927
2955
3941
2928
2956
3942
2957
3943
2930
2958
3944
2931
2959
3945
2932
2960
3946
2933
2961
3947
2934
2962
3948
2935
2963
3949
2936
2964
3950
2937
2965
3951
2938
2966
3952
2939
2967
3953
2940
2968
3954
2941
2969
3955
2942
2970
3956
2943
2971
3957
2944
2972
3958
2945
2973
3959
2946
2974
3960
2947
2975
3961
2948
2976
3962
2949
2977
3963
2950
2978
3964
2951
2979
3965
2952
2980
3966
2953
2981
3967
2954
2982
3968
2955
2983
3969
2956
2984
3970
2957
2985
3971
2986
3972
2959
2987
3973
2960
2988
3974
2961
2989
3975
2962
2990
3976
2963
2991
3977
2964
2992
3978
2965
2993
3979
2966
2994
3980
2967
2995
3981
2968
2996
3982
2969
2997
3983
2970
2998
3984
2971
2999
3985
2972
3000
3986
2973
3001
3987
2974
3002
3988
2975
3003
3989
2976
3004
3990
2977
3005
3991
2978
3006
3992
2979
3007
3993
2980
3008
3994
2981
3009
3995
2982
3010
3996
2983
3011
3997
2984
3012
3998
2985
3013
3999
2986
3014
4000
3015
4001
2988
3016
4002
2989
3017
4003
2990
3018
4004
2991
3019
4005
2992
3020
4006
2993
3021
4007
2994
3022
4008
2995
3023
4009
2996
3024
4010
2997
3025
4011
2998
3026
4012
2999
3027
4013
3000
3028
4014
3001
3029
4015
3002
3030
4016
3003
3031
4017
3004
3032
4018
3005
3033
4019
3006
3034
4020
3007
3035
4021
3008
3036
4022
3009
3037
4023
3010
3038
4024
3011
3039
4025
3012
3040
4026
3013
3041
4027
3014
3042
4028
3015
3043
4029
3044
4030
3017
4031
3018
4032
3019
4033
3020
4034
3021
4035
3022
4036
3023
4037
3024
4038
3025
4039
3026
4040
3027
4041
3028
4042
3029
4043
3030
4044
3031
4045
3032
4046
3033
4047
3034
4048
3035
4049
3036
4050
3037
4051
3038
4052
3039
4053
3040
4054
3041
4055
3042
4056
3043
4057
3044
4058
4059
3046
3074
4060
3047
3075
4061
3048
3076
4062
3049
3077
4063
3050
3078
4064
3051
3079
4065
3052
3080
4066
3053
3081
4067
3054
3082
4068
3055
3083
4069
3056
3084
4070
3057
3085
4071
3058
3086
4072
3059
3087
4073
3060
3088
4074
3061
3089
4075
3062
3090
4076
3063
3091
4077
3064
3092
4078
3065
3093
4079
3066
3094
4080
3067
3095
4081
3068
3096
4082
3069
3097
4083
3070
3098
4084
3071
3099
4085
3072
3100
4086
3073
3101
4087
3102
4088
3075
3103
4089
3076
3104
4090
3077
3105
4091
3078
3106
4092
3079
3107
4093
3080
3108
4094
3081
3109
4095
3082
3110
4096
3083
3111
4097
3084
3112
4098
3085
3113
4099
3086
3114
4100
3087
3115
4101
3088
3116
4102
3089
3117
4103
3090
3118
4104
3091
3119
4105
3092
3120
4106
3093
3121
4107
3094
3122
4108
3095
3123
4109
3096
3124
4110
3097
3125
4111
3098
3126
4112
3099
3127
4113
3100
3128
4114
3101
3129
4115
3102
3130
4116
3131
4117
3104
3132
4118
3105
3133
4119
3106
3134
4120
3107
3135
4121
3108
3136
4122
3109
3137
4123
3110
3138
4124
3111
3139
4125
3112
3140
4126
3113
3141
4127
3114
3142
4128
3115
3143
4129
3116
3144
4130
3117
3145
4131
3118
3146
4132
3119
3147
4133
3120
3148
4134
3121
3149
4135
3122
3150
4136
3123
3151
4137
3124
3152
4138
3125
3153
4139
3126
3154
4140
3127
3155
4141
3128
3156
4142
3129
3157
4143
3130
3158
4144
3131
3159
4145
3160
4146
3133
3161
4147
3134
3162
4148
3135
3163
4149
3136
3164
4150
3137
3165
4151
3138
3166
4152
3139
3167
4153
3140
3168
4154
3141
3169
4155
3142
3170
4156
3143
3171
4157
3144
3172
4158
3145
3173
4159
3146
3174
4160
3147
3175
4161
3148
3176
4162
3149
3177
4163
3150
3178
4164
3151
3179
4165
3152
3180
4166
3153
3181
4167
3154
3182
4168
3155
3183
4169
3156
3184
4170
3157
3185
4171
3158
3186
4172
3159
3187
4173
3160
3188
4174
3189
4175
3162
3190
4176
3163
3191
4177
3164
3192
4178
3165
3193
4179
3166
3194
4180
3167
3195
4181
3168
3196
4182
3169
3197
4183
3170
3198
4184
3171
3199
4185
3172
3200
4186
3173
3201
4187
3174
3202
4188
3175
3203
4189
3176
3204
4190
3177
3205
4191
3178
3206
4192
3179
3207
4193
3180
3208
4194
3181
3209
4195
3182
3210
4196
3183
3211
4197
3184
3212
4198
3185
3213
4199
3186
3214
4200
3187
3215
4201
3188
3216
4202
3189
3217
4203
3218
4204
3191
3219
4205
3192
3220
4206
3193
3221
4207
3194
3222
4208
3195
3223
4209
3196
3224
4210
3197
3225
4211
3198
3226
4212
3199
3227
4213
3200
3228
4214
3201
3229
4215
3202
3230
4216
3203
3231
4217
3204
3232
4218
3205
3233
4219
3206
3234
4220
3207
3235
4221
3208
3236
4222
3209
3237
4223
3210
3238
4224
3211
3239
4225
3212
3240
4226
3213
3241
4227
3214
3242
4228
3215
3243
4229
3216
3244
4230
3217
3245
4231
3218
3246
4232
3247
4233
3220
3248
4234
3221
3249
4235
3222
3250
4236
3223
3251
4237
3224
3252
4238
3225
3253
4239
3226
3254
4240
3227
3255
4241
3228
3256
4242
3229
3257
4243
3230
3258
4244
3231
3259
4245
3232
3260
4246
3233
3261
4247
3234
3262
4248
3235
3263
4249
3236
3264
4250
3237
3265
4251
3238
3266
4252
3239
3267
4253
3240
3268
4254
3241
3269
4255
3242
3270
4256
3243
3271
4257
3244
3272
4258
3245
3273
4259
3246
3274
4260
3247
3275
4261
3276
4262
3249
3277
4263
3250
3278
4264
3251
3279
4265
3252
3280
4266
3253
3281
4267
3254
3282
4268
3255
3283
4269
3256
3284
4270
3257
3285
4271
3258
3286
4272
3259
3287
4273
3260
3288
4274
3261
3289
4275
3262
3290
4276
3263
3291
4277
3264
3292
4278
3265
3293
4279
3266
3294
4280
3267
3295
4281
3268
3296
4282
3269
3297
4283
3270
3298
4284
3271
3299
4285
3272
3300
4286
3273
3301
4287
3274
3302
4288
3275
3303
4289
3276
3304
4290
3305
4291
3278
3306
4292
3279
3307
4293
3280
3308
4294
3281
3309
4295
3282
3310
4296
3283
3311
4297
3284
3312
4298
3285
3313
4299
3286
3314
4300
3287
3315
4301
3288
3316
4302
3289
3317
4303
3290
3318
4304
3291
3319
4305
3292
3320
4306
3293
3321
4307
3294
3322
4308
3295
3323
4309
3296
3324
4310
3297
3325
4311
3298
3326
4312
3299
3327
4313
3300
3328
4314
3301
3329
4315
3302
3330
4316
3303
3331
4317
3304
3332
4318
3305
3333
4319
3334
4320
3307
3335
4321
3308
3336
4322
3309
3337
4323
3310
3338
4324
3311
3339
4325
3312
3340
4326
3313
3341
4327
3314
3342
4328
3315
3343
4329
3316
3344
4330
3317
3345
4331
3318
3346
4332
3319
3347
4333
3320
3348
4334
3321
3349
4335
3322
3350
4336
3323
3351
4337
3324
3352
4338
3325
3353
4339
3326
3354
4340
3327
3355
4341
3328
3356
4342
3329
3357
4343
3330
3358
4344
3331
3359
4345
3332
3360
4346
3333
3361
4347
3334
3362
4348
3363
4349
3336
3364
4350
3337
3365
4351
3338
3366
4352
3339
3367
4353
3340
3368
4354
3341
3369
4355
3342
3370
4356
3343
3371
4357
3344
3372
4358
3345
3373
4359
3346
3374
4360
3347
3375
4361
3348
3376
4362
3349
3377
4363
3350
3378
4364
3351
3379
4365
3352
3380
4366
3353
3381
4367
3354
3382
4368
3355
3383
4369
3356
3384
4370
3357
3385
4371
3358
3386
4372
3359
3387
4373
3360
3388
4374
3361
3389
4375
3362
3390
4376
3363
3391
4377
3392
4378
3365
3393
4379
3366
3394
4380
3367
3395
4381
3368
3396
4382
3369
3397
4383
3370
3398
4384
3371
3399
4385
3372
3400
4386
3373
3401
4387
3374
3402
4388
3375
3403
4389
3376
3404
4390
3377
3405
4391
3378
3406
4392
3379
3407
4393
3380
3408
4394
3381
3409
4395
3382
3410
4396
3383
3411
4397
3384
3412
4398
3385
3413
4399
3386
3414
4400
3387
3415
4401
3388
3416
4402
3389
3417
4403
3390
3418
4404
3391
3419
4405
3392
3420
4406
3421
4407
3394
3422
4408
3395
3423
4409
3396
3424
4410
3397
3425
4411
3398
3426
4412
3399
3427
4413
3400
3428
4414
3401
3429
4415
3402
3430
4416
3403
3431
4417
3404
3432
4418
3405
3433
4419
3406
3434
4420
3407
3435
4421
3408
3436
4422
3409
3437
4423
3410
3438
4424
3411
3439
4425
3412
3440
4426
3413
3441
4427
3414
3442
4428
3415
3443
4429
3416
3444
4430
3417
3445
4431
3418
3446
4432
3419
3447
4433
3420
3448
4434
3421
3449
4435
3450
4436
3423
3451
4437
3424
3452
4438
3425
3453
4439
3426
3454
4440
3427
3455
4441
3428
3456
4442
3429
3457
4443
3430
3458
4444
3431
3459
4445
3432
3460
4446
3433
3461
4447
3434
3462
4448
3435
3463
4449
3436
3464
4450
3437
3465
4451
3438
3466
4452
3439
3467
4453
3440
3468
4454
3441
3469
4455
3442
3470
4456
3443
3471
4457
3444
3472
4458
3445
3473
4459
3446
3474
4460
3447
3475
4461
3448
3476
4462
3449
3477
4463
3450
3478
4464
3479
4465
3452
3480
4466
3453
3481
4467
3454
3482
4468
3455
3483
4469
3456
3484
4470
3457
3485
4471
3458
3486
4472
3459
3487
4473
3460
3488
4474
3461
3489
4475
3462
3490
4476
3463
3491
4477
3464
3492
4478
3465
3493
4479
3466
3494
4480
3467
3495
4481
3468
3496
4482
3469
3497
4483
3470
3498
4484
3471
3499
4485
3472
3500
4486
3473
3501
4487
3474
3502
4488
3475
3503
4489
3476
3504
4490
3477
3505
4491
3478
3506
4492
3479
3507
4493
3508
4494
3481
3509
4495
3482
3510
4496
3483
3511
4497
3484
3512
4498
3485
3513
4499
3486
3514
4500
3487
3515
4501
3488
3516
4502
3489
3517
4503
3490
3518
4504
3491
3519
4505
3492
3520
4506
3493
3521
4507
3494
3522
4508
3495
3523
4509
3496
3524
4510
3497
3525
4511
3498
3526
4512
3499
3527
4513
3500
3528
4514
3501
3529
4515
3502
3530
4516
3503
3531
4517
3504
3532
4518
3505
3533
4519
3506
3534
4520
3507
3535
4521
3508
3536
4522
3537
4523
3510
3538
4524
3511
3539
4525
3512
3540
4526
3513
3541
4527
3514
3542
4528
3515
3543
4529
3516
3544
4530
3517
3545
4531
3518
3546
4532
3519
3547
4533
3520
3548
4534
3521
3549
4535
3522
3550
4536
3523
3551
4537
3524
3552
4538
3525
3553
4539
3526
3554
4540
3527
3555
4541
3528
3556
4542
3529
3557
4543
3530
3558
4544
3531
3559
4545
3532
3560
4546
3533
3561
4547
3534
3562
4548
3535
3563
4549
3536
3564
4550
3537
3565
4551
3566
4552
3539
3567
4553
3540
3568
4554
3541
3569
4555
3542
3570
4556
3543
3571
4557
3544
3572
4558
3545
3573
4559
3546
3574
4560
3547
3575
4561
3548
3576
4562
3549
3577
4563
3550
3578
4564
3551
3579
4565
3552
3580
4566
3553
3581
4567
3554
3582
4568
3555
3583
4569
3556
3584
4570
3557
3585
4571
3558
3586
4572
3559
3587
4573
3560
3588
4574
3561
3589
4575
3562
3590
4576
3563
3591
4577
3564
3592
4578
3565
3593
4579
3566
3594
4580
3595
4581
3568
3596
4582
3569
3597
4583
3570
3598
4584
3571
3599
4585
3572
3600
4586
3573
3601
4587
3574
3602
4588
3575
3603
4589
3576
3604
4590
3577
3605
4591
3578
3606
4592
3579
3607
4593
3580
3608
4594
3581
3609
4595
3582
3610
4596
3583
3611
4597
3584
3612
4598
3585
3613
4599
3586
3614
4600
3587
3615
4601
3588
3616
4602
3589
3617
4603
3590
3618
4604
3591
3619
4605
3592
3620
4606
3593
3621
4607
3594
3622
4608
3595
3623
4609
3624
4610
3597
3625
4611
3598
3626
4612
3599
3627
4613
3600
3628
4614
3601
3629
4615
3602
3630
4616
3603
3631
4617
3604
3632
4618
3605
3633
4619
3606
3634
4620
3607
3635
4621
3608
3636
4622
3609
3637
4623
3610
3638
4624
3611
3639
4625
3612
3640
4626
3613
3641
4627
3614
3642
4628
3615
3643
4629
3616
3644
4630
3617
3645
4631
3618
3646
4632
3619
3647
4633
3620
3648
4634
3621
3649
4635
3622
3650
4636
3623
3651
4637
3624
3652
4638
3653
4639
3626
3654
4640
3627
3655
4641
3628
3656
4642
3629
3657
4643
3630
3658
4644
3631
3659
4645
3632
3660
4646
3633
3661
4647
3634
3662
4648
3635
3663
4649
3636
3664
4650
3637
3665
4651
3638
3666
4652
3639
3667
4653
3640
3668
4654
3641
3669
4655
3642
3670
4656
3643
3671
4657
3644
3672
4658
3645
3673
4659
3646
3674
4660
3647
3675
4661
3648
3676
4662
3649
3677
4663
3650
3678
4664
3651
3679
4665
3652
3680
4666
3653
3681
4667
3682
4668
3655
3683
4669
3656
3684
4670
3657
3685
4671
3658
3686
4672
3659
3687
4673
3660
3688
4674
3661
3689
4675
3662
3690
4676
3663
3691
4677
3664
3692
4678
3665
3693
4679
3666
3694
4680
3667
3695
4681
3668
3696
4682
3669
3697
4683
3670
3698
4684
3671
3699
4685
3672
3700
4686
3673
3701
4687
3674
3702
4688
3675
3703
4689
3676
3704
4690
3677
3705
4691
3678
3706
4692
3679
3707
4693
3680
3708
4694
3681
3709
4695
3682
3710
4696
3711
4697
3684
3712
4698
3685
3713
4699
3686
3714
4700
3687
3715
4701
3688
3716
4702
3689
3717
4703
3690
3718
4704
3691
3719
4705
3692
3720
4706
3693
3721
4707
3694
3722
4708
3695
3723
4709
3696
3724
4710
3697
3725
4711
3698
3726
4712
3699
3727
4713
3700
3728
4714
3701
3729
4715
3702
3730
4716
3703
3731
4717
3704
3732
4718
3705
3733
4719
3706
3734
4720
3707
3735
4721
3708
3736
4722
3709
3737
4723
3710
3738
4724
3711
3739
4725
3740
4726
3713
3741
4727
3714
3742
4728
3715
3743
4729
3716
3744
4730
3717
3745
4731
3718
3746
4732
3719
3747
4733
3720
3748
4734
3721
3749
4735
3722
3750
4736
3723
3751
4737
3724
3752
4738
3725
3753
4739
3726
3754
4740
3727
3755
4741
3728
3756
4742
3729
3757
4743
3730
3758
4744
3731
3759
4745
3732
3760
4746
3733
3761
4747
3734
3762
4748
3735
3763
4749
3736
3764
4750
3737
3765
4751
3738
3766
4752
3739
3767
4753
3740
3768
4754
3769
4755
3742
3770
4756
3743
3771
4757
3744
3772
4758
3745
3773
4759
3746
3774
4760
3747
3775
4761
3748
3776
4762
3749
3777
4763
3750
3778
4764
3751
3779
4765
3752
3780
4766
3753
3781
4767
3754
3782
4768
3755
3783
4769
3756
3784
4770
3757
3785
4771
3758
3786
4772
3759
3787
4773
3760
3788
4774
3761
3789
4775
3762
3790
4776
3763
3791
4777
3764
3792
4778
3765
3793
4779
3766
3794
4780
3767
3795
4781
3768
3796
4782
3769
3797
4783
3798
4784
3771
3799
4785
3772
3800
4786
3773
3801
4787
3774
3802
4788
3775
3803
4789
3776
3804
4790
3777
3805
4791
3778
3806
4792
3779
3807
4793
3780
3808
4794
3781
3809
4795
3782
3810
4796
3783
3811
4797
3784
3812
4798
3785
3813
4799
3786
3814
4800
3787
3815
4801
3788
3816
4802
3789
3817
4803
3790
3818
4804
3791
3819
4805
3792
3820
4806
3793
3821
4807
3794
3822
4808
3795
3823
4809
3796
3824
4810
3797
3825
4811
3798
3826
4812
3827
4813
3800
3828
4814
3801
3829
4815
3802
3830
4816
3803
3831
4817
3804
3832
4818
3805
3833
4819
3806
3834
4820
3807
3835
4821
3808
3836
4822
3809
3837
4823
3810
3838
4824
3811
3839
4825
3812
3840
4826
3813
3841
4827
3814
3842
4828
3815
3843
4829
3816
3844
4830
3817
3845
4831
3818
3846
4832
3819
3847
4833
3820
3848
4834
3821
3849
4835
3822
3850
4836
3823
3851
4837
3824
3852
4838
3825
3853
4839
3826
3854
4840
3827
3855
4841
3856
4842
3829
3857
4843
3830
3858
4844
3831
3859
4845
3832
3860
4846
3833
3861
4847
3834
3862
4848
3835
3863
4849
3836
3864
4850
3837
3865
4851
3838
3866
4852
3839
3867
4853
3840
3868
4854
3841
3869
4855
3842
3870
4856
3843
3871
4857
3844
3872
4858
3845
3873
4859
3846
3874
4860
3847
3875
4861
3848
3876
4862
3849
3877
4863
3850
3878
4864
3851
3879
4865
3852
3880
4866
3853
3881
4867
3854
3882
4868
3855
3883
4869
3856
3884
4870
3885
4871
3858
3886
4872
3859
3887
4873
3860
3888
4874
3861
3889
4875
3862
3890
4876
3863
3891
4877
3864
3892
4878
3865
3893
4879
3866
3894
4880
3867
3895
4881
3868
3896
4882
3869
3897
4883
3870
3898
4884
3871
3899
4885
3872
3900
4886
3873
3901
4887
3874
3902
4888
3875
3903
4889
3876
3904
4890
3877
3905
4891
3878
3906
4892
3879
3907
4893
3880
3908
4894
3881
3909
4895
3882
3910
4896
3883
3911
4897
3884
3912
4898
3885
3913
4899
3914
4900
3887
3915
4901
3888
3916
4902
3889
3917
4903
3890
3918
4904
3891
3919
4905
3892
3920
4906
3893
3921
4907
3894
3922
4908
3895
3923
4909
3896
3924
4910
3897
3925
4911
3898
3926
4912
3899
3927
4913
3900
3928
4914
3901
3929
4915
3902
3930
4916
3903
3931
4917
3904
3932
4918
3905
3933
4919
3906
3934
4920
3907
3935
4921
3908
3936
4922
3909
3937
4923
3910
3938
4924
3911
3939
4925
3912
3940
4926
3913
3941
4927
3914
3942
4928
3943
4929
3916
3944
4930
3917
3945
4931
3918
3946
4932
3919
3947
4933
3920
3948
4934
3921
3949
4935
3922
3950
4936
3923
3951
4937
3924
3952
4938
3925
3953
4939
3926
3954
4940
3927
3955
4941
3928
3956
4942
3929
3957
4943
3930
3958
4944
3931
3959
4945
3932
3960
4946
3933
3961
4947
3934
3962
4948
3935
3963
4949
3936
3964
4950
3937
3965
4951
3938
3966
4952
3939
3967
4953
3940
3968
4954
3941
3969
4955
3942
3970
4956
3943
3971
4957
3972
4958
3945
3973
4959
3946
3974
4960
3947
3975
4961
3948
3976
4962
3949
3977
4963
3950
3978
4964
3951
3979
4965
3952
3980
4966
3953
3981
4967
3954
3982
4968
3955
3983
4969
3956
3984
4970
3957
3985
4971
3958
3986
4972
3959
3987
4973
3960
3988
4974
3961
3989
4975
3962
3990
4976
3963
3991
4977
3964
3992
4978
3965
3993
4979
3966
3994
4980
3967
3995
4981
3968
3996
4982
3969
3997
4983
3970
3998
4984
3971
3999
4985
3972
4000
4986
4001
4987
3974
4002
4988
3975
4003
4989
3976
4004
4990
3977
4005
4991
3978
4006
4992
3979
4007
4993
3980
4008
4994
3981
4009
4995
3982
4010
4996
3983
4011
4997
3984
4012
4998
3985
4013
4999
3986
4014
5000
3987
4015
5001
3988
4016
5002
3989
4017
5003
3990
4018
5004
3991
4019
5005
3992
4020
5006
3993
4021
5007
3994
4022
5008
3995
4023
5009
3996
4024
5010
3997
4025
5011
3998
4026
5012
3999
4027
5013
4000
4028
5014
4001
4029
5015
4030
5016
4003
4031
5017
4004
4032
5018
4005
4033
5019
4006
4034
5020
4007
4035
5021
4008
4036
5022
4009
4037
5023
4010
4038
5024
4011
4039
5025
4012
4040
5026
4013
4041
5027
4014
4042
5028
4015
4043
5029
4016
4044
5030
4017
4045
5031
4018
4046
5032
4019
4047
5033
4020
4048
5034
4021
4049
5035
4022
4050
5036
4023
4051
5037
4024
4052
5038
4025
4053
5039
4026
4054
5040
4027
4055
5041
4028
4056
5042
4029
4057
5043
4030
4058
5044
4059
5045
4032
5046
4033
5047
4034
5048
4035
5049
4036
5050
4037
5051
4038
5052
4039
5053
4040
5054
4041
5055
4042
5056
4043
5057
4044
5058
4045
5059
4046
5060
4047
5061
4048
5062
4049
5063
4050
5064
4051
5065
4052
5066
4053
5067
4054
5068
4055
5069
4056
5070
4057
5071
4058
5072
4059
5073
5074
4061
4089
5075
4062
4090
5076
4063
4091
5077
4064
4092
5078
4065
4093
5079
4066
4094
5080
4067
4095
5081
4068
4096
5082
4069
4097
5083
4070
4098
5084
4071
4099
5085
4072
4100
5086
4073
4101
5087
4074
4102
5088
4075
4103
5089
4076
4104
5090
4077
4105
5091
4078
4106
5092
4079
4107
5093
4080
4108
5094
4081
4109
5095
4082
4110
5096
4083
4111
5097
4084
4112
5098
4085
4113
5099
4086
4114
5100
4087
4115
5101
4088
4116
5102
4117
5103
4090
4118
5104
4091
4119
5105
4092
4120
5106
4093
4121
5107
4094
4122
5108
4095
4123
5109
4096
4124
5110
4097
4125
5111
4098
4126
5112
4099
4127
5113
4100
4128
5114
4101
4129
5115
4102
4130
5116
4103
4131
5117
4104
4132
5118
4105
4133
5119
4106
4134
5120
4107
4135
5121
4108
4136
5122
4109
4137
5123
4110
4138
5124
4111
4139
5125
4112
4140
5126
4113
4141
5127
4114
4142
5128
4115
4143
5129
4116
4144
5130
4117
4145
5131
4146
5132
4119
4147
5133
4120
4148
5134
4121
4149
5135
4122
4150
5136
4123
4151
5137
4124
4152
5138
4125
4153
5139
4126
4154
5140
4127
4155
5141
4128
4156
5142
4129
4157
5143
4130
4158
5144
4131
4159
5145
4132
4160
5146
4133
4161
5147
4134
4162
5148
4135
4163
5149
4136
4164
5150
4137
4165
5151
4138
4166
5152
4139
4167
5153
4140
4168
5154
4141
4169
5155
4142
4170
5156
4143
4171
5157
4144
4172
5158
4145
4173
5159
4146
4174
5160
4175
5161
4148
4176
5162
4149
4177
5163
4150
4178
5164
4151
4179
5165
4152
4180
5166
4153
4181
5167
4154
4182
5168
4155
4183
5169
4156
4184
5170
4157
4185
5171
4158
4186
5172
4159
4187
5173
4160
4188
5174
4161
4189
5175
4162
4190
5176
4163
4191
5177
4164
4192
5178
4165
4193
5179
4166
4194
5180
4167
4195
5181
4168
4196
5182
4169
4197
5183
4170
4198
5184
4171
4199
5185
4172
4200
5186
4173
4201
5187
4174
4202
5188
4175
4203
5189
4204
5190
4177
4205
5191
4178
4206
5192
4179
4207
5193
4180
4208
5194
4181
4209
5195
4182
4210
5196
4183
4211
5197
4184
4212
5198
4185
4213
5199
4186
4214
5200
4187
4215
5201
4188
4216
5202
4189
4217
5203
4190
4218
5204
4191
4219
5205
4192
4220
5206
4193
4221
5207
4194
4222
5208
4195
4223
5209
4196
4224
5210
4197
4225
5211
4198
4226
5212
4199
4227
5213
4200
4228
5214
4201
4229
5215
4202
4230
5216
4203
4231
5217
4204
4232
5218
4233
5219
4206
4234
5220
4207
4235
5221
4208
4236
5222
4209
4237
5223
4210
4238
5224
4211
4239
5225
4212
4240
5226
4213
4241
5227
4214
4242
5228
4215
4243
5229
4216
4244
5230
4217
4245
5231
4218
4246
5232
4219
4247
5233
4220
4248
5234
4221
4249
5235
4222
4250
5236
4223
4251
5237
4224
4252
5238
4225
4253
5239
4226
4254
5240
4227
4255
5241
4228
4256
5242
4229
4257
5243
4230
4258
5244
4231
4259
5245
4232
4260
5246
4233
4261
5247
4262
5248
4235
4263
5249
4236
4264
5250
4237
4265
5251
4238
4266
5252
4239
4267
5253
4240
4268
5254
4241
4269
5255
4242
4270
5256
4243
4271
5257
4244
4272
5258
4245
4273
5259
4246
4274
5260
4247
4275
5261
4248
4276
5262
4249
4277
5263
4250
4278
5264
4251
4279
5265
4252
4280
5266
4253
4281
5267
4254
4282
5268
4255
4283
5269
4256
4284
5270
4257
4285
5271
4258
4286
5272
4259
4287
5273
4260
4288
5274
4261
4289
5275
4262
4290
5276
4291
5277
4264
4292
5278
4265
4293
5279
4266
4294
5280
4267
4295
5281
4268
4296
5282
4269
4297
5283
4270
4298
5284
4271
4299
5285
4272
4300
5286
4273
4301
5287
4274
4302
5288
4275
4303
5289
4276
4304
5290
4277
4305
5291
4278
4306
5292
4279
4307
5293
4280
4308
5294
4281
4309
5295
4282
4310
5296
4283
4311
5297
4284
4312
5298
4285
4313
5299
4286
4314
5300
4287
4315
5301
4288
4316
5302
4289
4317
5303
4290
4318
5304
4291
4319
5305
4320
5306
4293
4321
5307
4294
4322
5308
4295
4323
5309
4296
4324
5310
4297
4325
5311
4298
4326
5312
4299
4327
5313
4300
4328
5314
4301
4329
5315
4302
4330
5316
4303
4331
5317
4304
4332
5318
4305
4333
5319
4306
4334
5320
4307
4335
5321
4308
4336
5322
4309
4337
5323
4310
4338
5324
4311
4339
5325
4312
4340
5326
4313
4341
5327
4314
4342
5328
4315
4343
5329
4316
4344
5330
4317
4345
5331
4318
4346
5332
4319
4347
5333
4320
4348
5334
4349
5335
4322
4350
5336
4323
4351
5337
4324
4352
5338
4325
4353
5339
4326
4354
5340
4327
4355
5341
4328
4356
5342
4329
4357
5343
4330
4358
5344
4331
4359
5345
4332
4360
5346
4333
4361
5347
4334
4362
5348
4335
4363
5349
4336
4364
5350
4337
4365
5351
4338
4366
5352
4339
4367
5353
4340
4368
5354
4341
4369
5355
4342
4370
5356
4343
4371
5357
4344
4372
5358
4345
4373
5359
4346
4374
5360
4347
4375
5361
4348
4376
5362
4349
4377
5363
4378
5364
4351
4379
5365
4352
4380
5366
4353
4381
5367
4354
4382
5368
4355
4383
5369
4356
4384
5370
4357
4385
5371
4358
4386
5372
4359
4387
5373
4360
4388
5374
4361
4389
5375
4362
4390
5376
4363
4391
5377
4364
4392
5378
4365
4393
5379
4366
4394
5380
4367
4395
5381
4368
4396
5382
4369
4397
5383
4370
4398
5384
4371
4399
5385
4372
4400
5386
4373
4401
5387
4374
4402
5388
4375
4403
5389
4376
4404
5390
4377
4405
5391
4378
4406
5392
4407
5393
4380
4408
5394
4381
4409
5395
4382
4410
5396
4383
4411
5397
4384
4412
5398
4385
4413
5399
4386
4414
5400
4387
4415
5401
4388
4416
5402
4389
4417
5403
4390
4418
5404
4391
4419
5405
4392
4420
5406
4393
4421
5407
4394
4422
5408
4395
4423
5409
4396
4424
5410
4397
4425
5411
4398
4426
5412
4399
4427
5413
4400
4428
5414
4401
4429
5415
4402
4430
5416
4403
4431
5417
4404
4432
5418
4405
4433
5419
4406
4434
5420
4407
4435
5421
4436
5422
4409
4437
5423
4410
4438
5424
4411
4439
5425
4412
4440
5426
4413
4441
5427
4414
4442
5428
4415
4443
5429
4416
4444
5430
4417
4445
5431
4418
4446
5432
4419
4447
5433
4420
4448
5434
4421
4449
5435
4422
4450
5436
4423
4451
5437
4424
4452
5438
4425
4453
5439
4426
4454
5440
4427
4455
5441
4428
4456
5442
4429
4457
5443
4430
4458
5444
4431
4459
5445
4432
4460
5446
4433
4461
5447
4434
4462
5448
4435
4463
5449
4436
4464
5450
4465
5451
4438
4466
5452
4439
4467
5453
4440
4468
5454
4441
4469
5455
4442
4470
5456
4443
4471
5457
4444
4472
5458
4445
4473
5459
4446
4474
5460
4447
4475
5461
4448
4476
5462
4449
4477
5463
4450
4478
5464
4451
4479
5465
4452
4480
5466
4453
4481
5467
4454
4482
5468
4455
4483
5469
4456
4484
5470
4457
4485
5471
4458
4486
5472
4459
4487
5473
4460
4488
5474
4461
4489
5475
4462
4490
5476
4463
4491
5477
4464
4492
5478
4465
4493
5479
4494
5480
4467
4495
5481
4468
4496
5482
4469
4497
5483
4470
4498
5484
4471
4499
5485
4472
4500
5486
4473
4501
5487
4474
4502
5488
4475
4503
5489
4476
4504
5490
4477
4505
5491
4478
4506
5492
4479
4507
5493
4480
4508
5494
4481
4509
5495
4482
4510
5496
4483
4511
5497
4484
4512
5498
4485
4513
5499
4486
4514
5500
4487
4515
5501
4488
4516
5502
4489
4517
5503
4490
4518
5504
4491
4519
5505
4492
4520
5506
4493
4521
5507
4494
4522
5508
4523
5509
4496
4524
5510
4497
4525
5511
4498
4526
5512
4499
4527
5513
4500
4528
5514
4501
4529
5515
4502
4530
5516
4503
4531
5517
4504
4532
5518
4505
4533
5519
4506
4534
5520
4507
4535
5521
4508
4536
5522
4509
4537
5523
4510
4538
5524
4511
4539
5525
4512
4540
5526
4513
4541
5527
4514
4542
5528
4515
4543
5529
4516
4544
5530
4517
4545
5531
4518
4546
5532
4519
4547
5533
4520
4548
5534
4521
4549
5535
4522
4550
5536
4523
4551
5537
4552
5538
4525
4553
5539
4526
4554
5540
4527
4555
5541
4528
4556
5542
4529
4557
5543
4530
4558
5544
4531
4559
5545
4532
4560
5546
4533
4561
5547
4534
4562
5548
4535
4563
5549
4536
4564
5550
4537
4565
5551
4538
4566
5552
4539
4567
5553
4540
4568
5554
4541
4569
5555
4542
4570
5556
4543
4571
5557
4544
4572
5558
4545
4573
5559
4546
4574
5560
4547
4575
5561
4548
4576
5562
4549
4577
5563
4550
4578
5564
4551
4579
5565
4552
4580
5566
4581
5567
4554
4582
5568
4555
4583
5569
4556
4584
5570
4557
4585
5571
4558
4586
5572
4559
4587
5573
4560
4588
5574
4561
4589
5575
4562
4590
5576
4563
4591
5577
4564
4592
5578
4565
4593
5579
4566
4594
5580
4567
4595
5581
4568
4596
5582
4569
4597
5583
4570
4598
5584
4571
4599
5585
4572
4600
5586
4573
4601
5587
4574
4602
5588
4575
4603
5589
4576
4604
5590
4577
4605
5591
4578
4606
5592
4579
4607
5593
4580
4608
5594
4581
4609
5595
4610
5596
4583
4611
5597
4584
4612
5598
4585
4613
5599
4586
4614
5600
4587
4615
5601
4588
4616
5602
4589
4617
5603
4590
4618
5604
4591
4619
5605
4592
4620
5606
4593
4621
5607
4594
4622
5608
4595
4623
5609
4596
4624
5610
4597
4625
5611
4598
4626
5612
4599
4627
5613
4600
4628
5614
4601
4629
5615
4602
4630
5616
4603
4631
5617
4604
4632
5618
4605
4633
5619
4606
4634
5620
4607
4635
5621
4608
4636
5622
4609
4637
5623
4610
4638
5624
4639
5625
4612
4640
5626
4613
4641
5627
4614
4642
5628
4615
4643
5629
4616
4644
5630
4617
4645
5631
4618
4646
5632
4619
4647
5633
4620
4648
5634
4621
4649
5635
4622
4650
5636
4623
4651
5637
4624
4652
5638
4625
4653
5639
4626
4654
5640
4627
4655
5641
4628
4656
5642
4629
4657
5643
4630
4658
5644
4631
4659
5645
4632
4660
5646
4633
4661
5647
4634
4662
5648
4635
4663
5649
4636
4664
5650
4637
4665
5651
4638
4666
5652
4639
4667
5653
4668
5654
4641
4669
5655
4642
4670
5656
4643
4671
5657
4644
4672
5658
4645
4673
5659
4646
4674
5660
4647
4675
5661
4648
4676
5662
4649
4677
5663
4650
4678
5664
4651
4679
5665
4652
4680
5666
4653
4681
5667
4654
4682
5668
4655
4683
5669
4656
4684
5670
4657
4685
5671
4658
4686
5672
4659
4687
5673
4660
4688
5674
4661
4689
5675
4662
4690
5676
4663
4691
5677
4664
4692
5678
4665
4693
5679
4666
4694
5680
4667
4695
5681
4668
4696
5682
4697
5683
4670
4698
5684
4671
4699
5685
4672
4700
5686
4673
4701
5687
4674
4702
5688
4675
4703
5689
4676
4704
5690
4677
4705
5691
4678
4706
5692
4679
4707
5693
4680
4708
5694
4681
4709
5695
4682
4710
5696
4683
4711
5697
4684
4712
5698
4685
4713
5699
4686
4714
5700
4687
4715
5701
4688
4716
5702
4689
4717
5703
4690
4718
5704
4691
4719
5705
4692
4720
5706
4693
4721
5707
4694
4722
5708
4695
4723
5709
4696
4724
5710
4697
4725
5711
4726
5712
4699
4727
5713
4700
4728
5714
4701
4729
5715
4702
4730
5716
4703
4731
5717
4704
4732
5718
4705
4733
5719
4706
4734
5720
4707
4735
5721
4708
4736
5722
4709
4737
5723
4710
4738
5724
4711
4739
5725
4712
4740
5726
4713
4741
5727
4714
4742
5728
4715
4743
5729
4716
4744
5730
4717
4745
5731
4718
4746
5732
4719
4747
5733
4720
4748
5734
4721
4749
5735
4722
4750
5736
4723
4751
5737
4724
4752
5738
4725
4753
5739
4726
4754
5740
4755
5741
4728
4756
5742
4729
4757
5743
4730
4758
5744
4731
4759
5745
4732
4760
5746
4733
4761
5747
4734
4762
5748
4735
4763
5749
4736
4764
5750
4737
4765
5751
4738
4766
5752
4739
4767
5753
4740
4768
5754
4741
4769
5755
4742
4770
5756
4743
4771
5757
4744
4772
5758
4745
4773
5759
4746
4774
5760
4747
4775
5761
4748
4776
5762
4749
4777
5763
4750
4778
5764
4751
4779
5765
4752
4780
5766
4753
4781
5767
4754
4782
5768
4755
4783
5769
4784
5770
4757
4785
5771
4758
4786
5772
4759
4787
5773
4760
4788
5774
4761
4789
5775
4762
4790
5776
4763
4791
5777
4764
4792
5778
4765
4793
5779
4766
4794
5780
4767
4795
5781
4768
4796
5782
4769
4797
5783
4770
4798
5784
4771
4799
5785
4772
4800
5786
4773
4801
5787
4774
4802
5788
4775
4803
5789
4776
4804
5790
4777
4805
5791
4778
4806
5792
4779
4807
5793
4780
4808
5794
4781
4809
5795
4782
4810
5796
4783
4811
5797
4784
4812
5798
4813
5799
4786
4814
5800
4787
4815
5801
4788
4816
5802
4789
4817
5803
4790
4818
5804
4791
4819
5805
4792
4820
5806
4793
4821
5807
4794
4822
5808
4795
4823
5809
4796
4824
5810
4797
4825
5811
4798
4826
5812
4799
4827
5813
4800
4828
5814
4801
4829
5815
4802
4830
5816
4803
4831
5817
4804
4832
5818
4805
4833
5819
4806
4834
5820
4807
4835
5821
4808
4836
5822
4809
4837
5823
4810
4838
5824
4811
4839
5825
4812
4840
5826
4813
4841
5827
4842
5828
4815
4843
5829
4816
4844
5830
4817
4845
5831
4818
4846
5832
4819
4847
5833
4820
4848
5834
4821
4849
5835
4822
4850
5836
4823
4851
5837
4824
4852
5838
4825
4853
5839
4826
4854
5840
4827
4855
5841
4828
4856
5842
4829
4857
5843
4830
4858
5844
4831
4859
5845
4832
4860
5846
4833
4861
5847
4834
4862
5848
4835
4863
5849
4836
4864
5850
4837
4865
5851
4838
4866
5852
4839
4867
5853
4840
4868
5854
4841
4869
5855
4842
4870
5856
4871
5857
4844
4872
5858
4845
4873
5859
4846
4874
5860
4847
4875
5861
4848
4876
5862
4849
4877
5863
4850
4878
5864
4851
4879
5865
4852
4880
5866
4853
4881
5867
4854
4882
5868
4855
4883
5869
4856
4884
5870
4857
4885
5871
4858
4886
5872
4859
4887
5873
4860
4888
5874
4861
4889
5875
4862
4890
5876
4863
4891
5877
4864
4892
5878
4865
4893
5879
4866
4894
5880
4867
4895
5881
4868
4896
5882
4869
4897
5883
4870
4898
5884
4871
4899
5885
4900
5886
4873
4901
5887
4874
4902
5888
4875
4903
5889
4876
4904
5890
4877
4905
5891
4878
4906
5892
4879
4907
5893
4880
4908
5894
4881
4909
5895
4882
4910
5896
4883
4911
5897
4884
4912
5898
4885
4913
5899
4886
4914
5900
4887
4915
5901
4888
4916
5902
4889
4917
5903
4890
4918
5904
4891
4919
5905
4892
4920
5906
4893
4921
5907
4894
4922
5908
4895
4923
5909
4896
4924
5910
4897
4925
5911
4898
4926
5912
4899
4927
5913
4900
4928
5914
4929
5915
4902
4930
5916
4903
4931
5917
4904
4932
5918
4905
4933
5919
4906
4934
5920
4907
4935
5921
4908
4936
5922
4909
4937
5923
4910
4938
5924
4911
4939
5925
4912
4940
5926
4913
4941
5927
4914
4942
5928
4915
4943
5929
4916
4944
5930
4917
4945
5931
4918
4946
5932
4919
4947
5933
4920
4948
5934
4921
4949
5935
4922
4950
5936
4923
4951
5937
4924
4952
5938
4925
4953
5939
4926
4954
5940
4927
4955
5941
4928
4956
5942
4929
4957
5943
4958
5944
4931
4959
5945
4932
4960
5946
4933
4961
5947
4934
4962
5948
4935
4963
5949
4936
4964
5950
4937
4965
5951
4938
4966
5952
4939
4967
5953
4940
4968
5954
4941
4969
5955
4942
4970
5956
4943
4971
5957
4944
4972
5958
4945
4973
5959
4946
4974
5960
4947
4975
5961
4948
4976
5962
4949
4977
5963
4950
4978
5964
4951
4979
5965
4952
4980
5966
4953
4981
5967
4954
4982
5968
4955
4983
5969
4956
4984
5970
4957
4985
5971
4958
4986
5972
4987
5973
4960
4988
5974
4961
4989
5975
4962
4990
5976
4963
4991
5977
4964
4992
5978
4965
4993
5979
4966
4994
5980
4967
4995
5981
4968
4996
5982
4969
4997
5983
4970
4998
5984
4971
4999
5985
4972
5000
5986
4973
5001
5987
4974
5002
5988
4975
5003
5989
4976
5004
5990
4977
5005
5991
4978
5006
5992
4979
5007
5993
4980
5008
5994
4981
5009
5995
4982
5010
5996
4983
5011
5997
4984
5012
5998
4985
5013
5999
4986
5014
6000
4987
5015
6001
5016
6002
4989
5017
6003
4990
5018
6004
4991
5019
6005
4992
5020
6006
4993
5021
6007
4994
5022
6008
4995
5023
6009
4996
5024
6010
4997
5025
6011
4998
5026
6012
4999
5027
6013
5000
5028
6014
5001
5029
6015
5002
5030
6016
5003
5031
6017
5004
5032
6018
5005
5033
6019
5006
5034
6020
5007
5035
6021
5008
5036
6022
5009
5037
6023
5010
5038
6024
5011
5039
6025
5012
5040
6026
5013
5041
6027
5014
5042
6028
5015
5043
6029
5016
5044
6030
5045
6031
5018
5046
6032
5019
5047
6033
5020
5048
6034
5021
5049
6035
5022
5050
6036
5023
5051
6037
5024
5052
6038
5025
5053
6039
5026
5054
6040
5027
5055
6041
5028
5056
6042
5029
5057
6043
5030
5058
6044
5031
5059
6045
5032
5060
6046
5033
5061
6047
5034
5062
6048
5035
5063
6049
5036
5064
6050
5037
5065
6051
5038
5066
6052
5039
5067
6053
5040
5068
6054
5041
5069
6055
5042
5070
6056
5043
5071
6057
5044
5072
6058
5045
5073
6059
5074
6060
5047
6061
5048
6062
5049
6063
5050
6064
5051
6065
5052
6066
5053
6067
5054
6068
5055
6069
5056
6070
5057
6071
5058
6072
5059
6073
5060
6074
5061
6075
5062
6076
5063
6077
5064
6078
5065
6079
5066
6080
5067
6081
5068
6082
5069
6083
5070
6084
5071
6085
5072
6086
5073
6087
5074
6088
6089
5076
5104
6090
5077
5105
6091
5078
5106
6092
5079
5107
6093
5080
5108
6094
5081
5109
6095
5082
5110
6096
5083
5111
6097
5084
5112
6098
5085
5113
6099
5086
5114
6100
5087
5115
6101
5088
5116
6102
5089
5117
6103
5090
5118
6104
5091
5119
6105
5092
5120
6106
5093
5121
6107
5094
5122
6108
5095
5123
6109
5096
5124
6110
5097
5125
6111
5098
5126
6112
5099
5127
6113
5100
5128
6114
5101
5129
6115
5102
5130
6116
5103
5131
6117
5132
6118
5105
5133
6119
5106
5134
6120
5107
5135
6121
5108
5136
6122
5109
5137
6123
5110
5138
6124
5111
5139
6125
5112
5140
6126
5113
5141
6127
5114
5142
6128
5115
5143
6129
5116
5144
6130
5117
5145
6131
5118
5146
6132
5119
5147
6133
5120
5148
6134
5121
5149
6135
5122
5150
6136
5123
5151
6137
5124
5152
6138
5125
5153
6139
5126
5154
6140
5127
5155
6141
5128
5156
6142
5129
5157
6143
5130
5158
6144
5131
5159
6145
5132
5160
6146
5161
6147
5134
5162
6148
5135
5163
6149
5136
5164
6150
5137
5165
6151
5138
5166
6152
5139
5167
6153
5140
5168
6154
5141
5169
6155
5142
5170
6156
5143
5171
6157
5144
5172
6158
5145
5173
6159
5146
5174
6160
5147
5175
6161
5148
5176
6162
5149
5177
6163
5150
5178
6164
5151
5179
6165
5152
5180
6166
5153
5181
6167
5154
5182
6168
5155
5183
6169
5156
5184
6170
5157
5185
6171
5158
5186
6172
5159
5187
6173
5160
5188
6174
5161
5189
6175
5190
6176
5163
5191
6177
5164
5192
6178
5165
5193
6179
5166
5194
6180
5167
5195
6181
5168
5196
6182
5169
5197
6183
5170
5198
6184
5171
5199
6185
5172
5200
6186
5173
5201
6187
5174
5202
6188
5175
5203
6189
5176
5204
6190
5177
5205
6191
5178
5206
6192
5179
5207
6193
5180
5208
6194
5181
5209
6195
5182
5210
6196
5183
5211
6197
5184
5212
6198
5185
5213
6199
5186
5214
6200
5187
5215
6201
5188
5216
6202
5189
5217
6203
5190
5218
6204
5219
6205
5192
5220
6206
5193
5221
6207
5194
5222
6208
5195
5223
6209
5196
5224
6210
5197
5225
6211
5198
5226
6212
5199
5227
6213
5200
5228
6214
5201
5229
6215
5202
5230
6216
5203
5231
6217
5204
5232
6218
5205
5233
6219
5206
5234
6220
5207
5235
6221
5208
5236
6222
5209
5237
6223
5210
5238
6224
5211
5239
6225
5212
5240
6226
5213
5241
6227
5214
5242
6228
5215
5243
6229
5216
5244
6230
5217
5245
6231
5218
5246
6232
5219
5247
6233
5248
6234
5221
5249
6235
5222
5250
6236
5223
5251
6237
5224
5252
6238
5225
5253
6239
5226
5254
6240
5227
5255
6241
5228
5256
6242
5229
5257
6243
5230
5258
6244
5231
5259
6245
5232
5260
6246
5233
5261
6247
5234
5262
6248
5235
5263
6249
5236
5264
6250
5237
5265
6251
5238
5266
6252
5239
5267
6253
5240
5268
6254
5241
5269
6255
5242
5270
6256
5243
5271
6257
5244
5272
6258
5245
5273
6259
5246
5274
6260
5247
5275
6261
5248
5276
6262
5277
6263
5250
5278
6264
5251
5279
6265
5252
5280
6266
5253
5281
6267
5254
5282
6268
5255
5283
6269
5256
5284
6270
5257
5285
6271
5258
5286
6272
5259
5287
6273
5260
5288
6274
5261
5289
6275
5262
5290
6276
5263
5291
6277
5264
5292
6278
5265
5293
6279
5266
5294
6280
5267
5295
6281
5268
5296
6282
5269
5297
6283
5270
5298
6284
5271
5299
6285
5272
5300
6286
5273
5301
6287
5274
5302
6288
5275
5303
6289
5276
5304
6290
5277
5305
6291
5306
6292
5279
5307
6293
5280
5308
6294
5281
5309
6295
5282
5310
6296
5283
5311
6297
5284
5312
6298
5285
5313
6299
5286
5314
6300
5287
5315
6301
5288
5316
6302
5289
5317
6303
5290
5318
6304
5291
5319
6305
5292
5320
6306
5293
5321
6307
5294
5322
6308
5295
5323
6309
5296
5324
6310
5297
5325
6311
5298
5326
6312
5299
5327
6313
5300
5328
6314
5301
5329
6315
5302
5330
6316
5303
5331
6317
5304
5332
6318
5305
5333
6319
5306
5334
6320
5335
6321
5308
5336
6322
5309
5337
6323
5310
5338
6324
5311
5339
6325
5312
5340
6326
5313
5341
6327
5314
5342
6328
5315
5343
6329
5316
5344
6330
5317
5345
6331
5318
5346
6332
5319
5347
6333
5320
5348
6334
5321
5349
6335
5322
5350
6336
5323
5351
6337
5324
5352
6338
5325
5353
6339
5326
5354
6340
5327
5355
6341
5328
5356
6342
5329
5357
6343
5330
5358
6344
5331
5359
6345
5332
5360
6346
5333
5361
6347
5334
5362
6348
5335
5363
6349
5364
6350
5337
5365
6351
5338
5366
6352
5339
5367
6353
5340
5368
6354
5341
5369
6355
5342
5370
6356
5343
5371
6357
5344
5372
6358
5345
5373
6359
5346
5374
6360
5347
5375
6361
5348
5376
6362
5349
5377
6363
5350
5378
6364
5351
5379
6365
5352
5380
6366
5353
5381
6367
5354
5382
6368
5355
5383
6369
5356
5384
6370
5357
5385
6371
5358
5386
6372
5359
5387
6373
5360
5388
6374
5361
5389
6375
5362
5390
6376
5363
5391
6377
5364
5392
6378
5393
6379
5366
5394
6380
5367
5395
6381
5368
5396
6382
5369
5397
6383
5370
5398
6384
5371
5399
6385
5372
5400
6386
5373
5401
6387
5374
5402
6388
5375
5403
6389
5376
5404
6390
5377
5405
6391
5378
5406
6392
5379
5407
6393
5380
5408
6394
5381
5409
6395
5382
5410
6396
5383
5411
6397
5384
5412
6398
5385
5413
6399
5386
5414
6400
5387
5415
6401
5388
5416
6402
5389
5417
6403
5390
5418
6404
5391
5419
6405
5392
5420
6406
5393
5421
6407
5422
6408
5395
5423
6409
5396
5424
6410
5397
5425
6411
5398
5426
6412
5399
5427
6413
5400
5428
6414
5401
5429
6415
5402
5430
6416
5403
5431
6417
5404
5432
6418
5405
5433
6419
5406
5434
6420
5407
5435
6421
5408
5436
6422
5409
5437
6423
5410
5438
6424
5411
5439
6425
5412
5440
6426
5413
5441
6427
5414
5442
6428
5415
5443
6429
5416
5444
6430
5417
5445
6431
5418
5446
6432
5419
5447
6433
5420
5448
6434
5421
5449
6435
5422
5450
6436
5451
6437
5424
5452
6438
5425
5453
6439
5426
5454
6440
5427
5455
6441
5428
5456
6442
5429
5457
6443
5430
5458
6444
5431
5459
6445
5432
5460
6446
5433
5461
6447
5434
5462
6448
5435
5463
6449
5436
5464
6450
5437
5465
6451
5438
5466
6452
5439
5467
6453
5440
5468
6454
5441
5469
6455
5442
5470
6456
5443
5471
6457
5444
5472
6458
5445
5473
6459
5446
5474
6460
5447
5475
6461
5448
5476
6462
5449
5477
6463
5450
5478
6464
5451
5479
6465
5480
6466
5453
5481
6467
5454
5482
6468
5455
5483
6469
5456
5484
6470
5457
5485
6471
5458
5486
6472
5459
5487
6473
5460
5488
6474
5461
5489
6475
5462
5490
6476
5463
5491
6477
5464
5492
6478
5465
5493
6479
5466
5494
6480
5467
5495
6481
5468
5496
6482
5469
5497
6483
5470
5498
6484
5471
5499
6485
5472
5500
6486
5473
5501
6487
5474
5502
6488
5475
5503
6489
5476
5504
6490
5477
5505
6491
5478
5506
6492
5479
5507
6493
5480
5508
6494
5509
6495
5482
5510
6496
5483
5511
6497
5484
5512
6498
5485
5513
6499
5486
5514
6500
5487
5515
6501
5488
5516
6502
5489
5517
6503
5490
5518
6504
5491
5519
6505
5492
5520
6506
5493
5521
6507
5494
5522
6508
5495
5523
6509
5496
5524
6510
5497
5525
6511
5498
5526
6512
5499
5527
6513
5500
5528
6514
5501
5529
6515
5502
5530
6516
5503
5531
6517
5504
5532
6518
5505
5533
6519
5506
5534
6520
5507
5535
6521
5508
5536
6522
5509
5537
6523
5538
6524
5511
5539
6525
5512
5540
6526
5513
5541
6527
5514
5542
6528
5515
5543
6529
5516
5544
6530
5517
5545
6531
5518
5546
6532
5519
5547
6533
5520
5548
6534
5521
5549
6535
5522
5550
6536
5523
5551
6537
5524
5552
6538
5525
5553
6539
5526
5554
6540
5527
5555
6541
5528
5556
6542
5529
5557
6543
5530
5558
6544
5531
5559
6545
5532
5560
6546
5533
5561
6547
5534
5562
6548
5535
5563
6549
5536
5564
6550
5537
5565
6551
5538
5566
6552
5567
6553
5540
5568
6554
5541
5569
6555
5542
5570
6556
5543
5571
6557
5544
5572
6558
5545
5573
6559
5546
5574
6560
5547
5575
6561
5548
5576
6562
5549
5577
6563
5550
5578
6564
5551
5579
6565
5552
5580
6566
5553
5581
6567
5554
5582
6568
5555
5583
6569
5556
5584
6570
5557
5585
6571
5558
5586
6572
5559
5587
6573
5560
5588
6574
5561
5589
6575
5562
5590
6576
5563
5591
6577
5564
5592
6578
5565
5593
6579
5566
5594
6580
5567
5595
6581
5596
6582
5569
5597
6583
5570
5598
6584
5571
5599
6585
5572
5600
6586
5573
5601
6587
5574
5602
6588
5575
5603
6589
5576
5604
6590
5577
5605
6591
5578
5606
6592
5579
5607
6593
5580
5608
6594
5581
5609
6595
5582
5610
6596
5583
5611
6597
5584
5612
6598
5585
5613
6599
5586
5614
6600
5587
5615
6601
5588
5616
6602
5589
5617
6603
5590
5618
6604
5591
5619
6605
5592
5620
6606
5593
5621
6607
5594
5622
6608
5595
5623
6609
5596
5624
6610
5625
6611
5598
5626
6612
5599
5627
6613
5600
5628
6614
5601
5629
6615
5602
5630
6616
5603
5631
6617
5604
5632
6618
5605
5633
6619
5606
5634
6620
5607
5635
6621
5608
5636
6622
5609
5637
6623
5610
5638
6624
5611
5639
6625
5612
5640
6626
5613
5641
6627
5614
5642
6628
5615
5643
6629
5616
5644
6630
5617
5645
6631
5618
5646
6632
5619
5647
6633
5620
5648
6634
5621
5649
6635
5622
5650
6636
5623
5651
6637
5624
5652
6638
5625
5653
6639
5654
6640
5627
5655
6641
5628
5656
6642
5629
5657
6643
5630
5658
6644
5631
5659
6645
5632
5660
6646
5633
5661
6647
5634
5662
6648
5635
5663
6649
5636
5664
6650
5637
5665
6651
5638
5666
6652
5639
5667
6653
5640
5668
6654
5641
5669
6655
5642
5670
6656
5643
5671
6657
5644
5672
6658
5645
5673
6659
5646
5674
6660
5647
5675
6661
5648
5676
6662
5649
5677
6663
5650
5678
6664
5651
5679
6665
5652
5680
6666
5653
5681
6667
5654
5682
6668
5683
6669
5656
5684
6670
5657
5685
6671
5658
5686
6672
5659
5687
6673
5660
5688
6674
5661
5689
6675
5662
5690
6676
5663
5691
6677
5664
5692
6678
5665
5693
6679
5666
5694
6680
5667
5695
6681
5668
5696
6682
5669
5697
6683
5670
5698
6684
5671
5699
6685
5672
5700
6686
5673
5701
6687
5674
5702
6688
5675
5703
6689
5676
5704
6690
5677
5705
6691
5678
5706
6692
5679
5707
6693
5680
5708
6694
5681
5709
6695
5682
5710
6696
5683
5711
6697
5712
6698
5685
5713
6699
5686
5714
6700
5687
5715
6701
5688
5716
6702
5689
5717
6703
5690
5718
6704
5691
5719
6705
5692
5720
6706
5693
5721
6707
5694
5722
6708
5695
5723
6709
5696
5724
6710
5697
5725
6711
5698
5726
6712
5699
5727
6713
5700
5728
6714
5701
5729
6715
5702
5730
6716
5703
5731
6717
5704
5732
6718
5705
5733
6719
5706
5734
6720
5707
5735
6721
5708
5736
6722
5709
5737
6723
5710
5738
6724
5711
5739
6725
5712
5740
6726
5741
6727
5714
5742
6728
5715
5743
6729
5716
5744
6730
5717
5745
6731
5718
5746
6732
5719
5747
6733
5720
5748
6734
5721
5749
6735
5722
5750
6736
5723
5751
6737
5724
5752
6738
5725
5753
6739
5726
5754
6740
5727
5755
6741
5728
5756
6742
5729
5757
6743
5730
5758
6744
5731
5759
6745
5732
5760
6746
5733
5761
6747
5734
5762
6748
5735
5763
6749
5736
5764
6750
5737
5765
6751
5738
5766
6752
5739
5767
6753
5740
5768
6754
5741
5769
6755
5770
6756
5743
5771
6757
5744
5772
6758
5745
5773
6759
5746
5774
6760
5747
5775
6761
5748
5776
6762
5749
5777
6763
5750
5778
6764
5751
5779
6765
5752
5780
6766
5753
5781
6767
5754
5782
6768
5755
5783
6769
5756
5784
6770
5757
5785
6771
5758
5786
6772
5759
5787
6773
5760
5788
6774
5761
5789
6775
5762
5790
6776
5763
5791
6777
5764
5792
6778
5765
5793
6779
5766
5794
6780
5767
5795
6781
5768
5796
6782
5769
5797
6783
5770
5798
6784
5799
6785
5772
5800
6786
5773
5801
6787
5774
5802
6788
5775
5803
6789
5776
5804
6790
5777
5805
6791
5778
5806
6792
5779
5807
6793
5780
5808
6794
5781
5809
6795
5782
5810
6796
5783
5811
6797
5784
5812
6798
5785
5813
6799
5786
5814
6800
5787
5815
6801
5788
5816
6802
5789
5817
6803
5790
5818
6804
5791
5819
6805
5792
5820
6806
5793
5821
6807
5794
5822
6808
5795
5823
6809
5796
5824
6810
5797
5825
6811
5798
5826
6812
5799
5827
6813
5828
6814
5801
5829
6815
5802
5830
6816
5803
5831
6817
5804
5832
6818
5805
5833
6819
5806
5834
6820
5807
5835
6821
5808
5836
6822
5809
5837
6823
5810
5838
6824
5811
5839
6825
5812
5840
6826
5813
5841
6827
5814
5842
6828
5815
5843
6829
5816
5844
6830
5817
5845
6831
5818
5846
6832
5819
5847
6833
5820
5848
6834
5821
5849
6835
5822
5850
6836
5823
5851
6837
5824
5852
6838
5825
5853
6839
5826
5854
6840
5827
5855
6841
5828
5856
6842
5857
6843
5830
5858
6844
5831
5859
6845
5832
5860
6846
5833
5861
6847
5834
5862
6848
5835
5863
6849
5836
5864
6850
5837
5865
6851
5838
5866
6852
5839
5867
6853
5840
5868
6854
5841
5869
6855
5842
5870
6856
5843
5871
6857
5844
5872
6858
5845
5873
6859
5846
5874
6860
5847
5875
6861
5848
5876
6862
5849
5877
6863
5850
5878
6864
5851
5879
6865
5852
5880
6866
5853
5881
6867
5854
5882
6868
5855
5883
6869
5856
5884
6870
5857
5885
6871
5886
6872
5859
5887
6873
5860
5888
6874
5861
5889
6875
5862
5890
6876
5863
5891
6877
5864
5892
6878
5865
5893
6879
5866
5894
6880
5867
5895
6881
5868
5896
6882
5869
5897
6883
5870
5898
6884
5871
5899
6885
5872
5900
6886
5873
5901
6887
5874
5902
6888
5875
5903
6889
5876
5904
6890
5877
5905
6891
5878
5906
6892
5879
5907
6893
5880
5908
6894
5881
5909
6895
5882
5910
6896
5883
5911
6897
5884
5912
6898
5885
5913
6899
5886
5914
6900
5915
6901
5888
5916
6902
5889
5917
6903
5890
5918
6904
5891
5919
6905
5892
5920
6906
5893
5921
6907
5894
5922
6908
5895
5923
6909
5896
5924
6910
5897
5925
6911
5898
5926
6912
5899
5927
6913
5900
5928
6914
5901
5929
6915
5902
5930
6916
5903
5931
6917
5904
5932
6918
5905
5933
6919
5906
5934
6920
5907
5935
6921
5908
5936
6922
5909
5937
6923
5910
5938
6924
5911
5939
6925
5912
5940
6926
5913
5941
6927
5914
5942
6928
5915
5943
6929
5944
6930
5917
5945
6931
5918
5946
6932
5919
5947
6933
5920
5948
6934
5921
5949
6935
5922
5950
6936
5923
5951
6937
5924
5952
6938
5925
5953
6939
5926
5954
6940
5927
5955
6941
5928
5956
6942
5929
5957
6943
5930
5958
6944
5931
5959
6945
5932
5960
6946
5933
5961
6947
5934
5962
6948
5935
5963
6949
5936
5964
6950
5937
5965
6951
5938
5966
6952
5939
5967
6953
5940
5968
6954
5941
5969
6955
5942
5970
6956
5943
5971
6957
5944
5972
6958
5973
6959
5946
5974
6960
5947
5975
6961
5948
5976
6962
5949
5977
6963
5950
5978
6964
5951
5979
6965
5952
5980
6966
5953
5981
6967
5954
5982
6968
5955
5983
6969
5956
5984
6970
5957
5985
6971
5958
5986
6972
5959
5987
6973
5960
5988
6974
5961
5989
6975
5962
5990
6976
5963
5991
6977
5964
5992
6978
5965
5993
6979
5966
5994
6980
5967
5995
6981
5968
5996
6982
5969
5997
6983
5970
5998
6984
5971
5999
6985
5972
6000
6986
5973
6001
6987
6002
6988
5975
6003
6989
5976
6004
6990
5977
6005
6991
5978
6006
6992
5979
6007
6993
5980
6008
6994
5981
6009
6995
5982
6010
6996
5983
6011
6997
5984
6012
6998
5985
6013
6999
5986
6014
7000
5987
6015
7001
5988
6016
7002
5989
6017
7003
5990
6018
7004
5991
6019
7005
5992
6020
7006
5993
6021
7007
5994
6022
7008
5995
6023
7009
5996
6024
7010
5997
6025
7011
5998
6026
7012
5999
6027
7013
6000
6028
7014
6001
6029
7015
6002
6030
7016
6031
7017
6004
6032
7018
6005
6033
7019
6006
6034
7020
6007
6035
7021
6008
6036
7022
6009
6037
7023
6010
6038
7024
6011
6039
7025
6012
6040
7026
6013
6041
7027
6014
6042
7028
6015
6043
7029
6016
6044
7030
6017
6045
7031
6018
6046
7032
6019
6047
7033
6020
6048
7034
6021
6049
7035
6022
6050
7036
6023
6051
7037
6024
6052
7038
6025
6053
7039
6026
6054
7040
6027
6055
7041
6028
6056
7042
6029
6057
7043
6030
6058
7044
6031
6059
7045
6060
7046
6033
6061
7047
6034
6062
7048
6035
6063
7049
6036
6064
7050
6037
6065
7051
6038
6066
7052
6039
6067
7053
6040
6068
7054
6041
6069
7055
6042
6070
7056
6043
6071
7057
6044
6072
7058
6045
6073
7059
6046
6074
7060
6047
6075
7061
6048
6076
7062
6049
6077
7063
6050
6078
7064
6051
6079
7065
6052
6080
7066
6053
6081
7067
6054
6082
7068
6055
6083
7069
6056
6084
7070
6057
6085
7071
6058
6086
7072
6059
6087
7073
6060
6088
7074
6089
7075
6062
7076
6063
7077
6064
7078
6065
7079
6066
7080
6067
7081
6068
7082
6069
7083
6070
7084
6071
7085
6072
7086
6073
7087
6074
7088
6075
7089
6076
7090
6077
7091
6078
7092
6079
7093
6080
7094
6081
7095
6082
7096
6083
7097
6084
7098
6085
7099
6086
7100
6087
7101
6088
7102
6089
7103
7104
6091
6119
7105
6092
6120
7106
6093
6121
7107
6094
6122
7108
6095
6123
7109
6096
6124
7110
6097
6125
7111
6098
6126
7112
6099
6127
7113
6100
6128
7114
6101
6129
7115
6102
6130
7116
6103
6131
7117
6104
6132
7118
6105
6133
7119
6106
6134
7120
6107
6135
7121
6108
6136
7122
6109
6137
7123
6110
6138
7124
6111
6139
7125
6112
6140
7126
6113
6141
7127
6114
6142
7128
6115
6143
7129
6116
6144
7130
6117
6145
7131
6118
6146
7132
6147
7133
6120
6148
7134
6121
6149
7135
6122
6150
7136
6123
6151
7137
6124
6152
7138
6125
6153
7139
6126
6154
7140
6127
6155
7141
6128
6156
7142
6129
6157
7143
6130
6158
7144
6131
6159
7145
6132
6160
7146
6133
6161
7147
6134
6162
7148
6135
6163
7149
6136
6164
7150
6137
6165
7151
6138
6166
7152
6139
6167
7153
6140
6168
7154
6141
6169
7155
6142
6170
7156
6143
6171
7157
6144
6172
7158
6145
6173
7159
6146
6174
7160
6147
6175
7161
6176
7162
6149
6177
7163
6150
6178
7164
6151
6179
7165
6152
6180
7166
6153
6181
7167
6154
6182
7168
6155
6183
7169
6156
6184
7170
6157
6185
7171
6158
6186
7172
6159
6187
7173
6160
6188
7174
6161
6189
7175
6162
6190
7176
6163
6191
7177
6164
6192
7178
6165
6193
7179
6166
6194
7180
6167
6195
7181
6168
6196
7182
6169
6197
7183
6170
6198
7184
6171
6199
7185
6172
6200
7186
6173
6201
7187
6174
6202
7188
6175
6203
7189
6176
6204
7190
6205
7191
6178
6206
7192
6179
6207
7193
6180
6208
7194
6181
6209
7195
6182
6210
7196
6183
6211
7197
6184
6212
7198
6185
6213
7199
6186
6214
7200
6187
6215
7201
6188
6216
7202
6189
6217
7203
6190
6218
7204
6191
6219
7205
6192
6220
7206
6193
6221
7207
6194
6222
7208
6195
6223
7209
6196
6224
7210
6197
6225
7211
6198
6226
7212
6199
6227
7213
6200
6228
7214
6201
6229
7215
6202
6230
7216
6203
6231
7217
6204
6232
7218
6205
6233
7219
6234
7220
6207
6235
7221
6208
6236
7222
6209
6237
7223
6210
6238
7224
6211
6239
7225
6212
6240
7226
6213
6241
7227
6214
6242
7228
6215
6243
7229
6216
6244
7230
6217
6245
7231
6218
6246
7232
6219
6247
7233
6220
6248
7234
6221
6249
7235
6222
6250
7236
6223
6251
7237
6224
6252
7238
6225
6253
7239
6226
6254
7240
6227
6255
7241
6228
6256
7242
6229
6257
7243
6230
6258
7244
6231
6259
7245
6232
6260
7246
6233
6261
7247
6234
6262
7248
6263
7249
6236
6264
7250
6237
6265
7251
6238
6266
7252
6239
6267
7253
6240
6268
7254
6241
6269
7255
6242
6270
7256
6243
6271
7257
6244
6272
7258
6245
6273
7259
6246
6274
7260
6247
6275
7261
6248
6276
7262
6249
6277
7263
6250
6278
7264
6251
6279
7265
6252
6280
7266
6253
6281
7267
6254
6282
7268
6255
6283
7269
6256
6284
7270
6257
6285
7271
6258
6286
7272
6259
6287
7273
6260
6288
7274
6261
6289
7275
6262
6290
7276
6263
6291
7277
6292
7278
6265
6293
7279
6266
6294
7280
6267
6295
7281
6268
6296
7282
6269
6297
7283
6270
6298
7284
6271
6299
7285
6272
6300
7286
6273
6301
7287
6274
6302
7288
6275
6303
7289
6276
6304
7290
6277
6305
7291
6278
6306
7292
6279
6307
7293
6280
6308
7294
6281
6309
7295
6282
6310
7296
6283
6311
7297
6284
6312
7298
6285
6313
7299
6286
6314
7300
6287
6315
7301
6288
6316
7302
6289
6317
7303
6290
6318
7304
6291
6319
7305
6292
6320
7306
6321
7307
6294
6322
7308
6295
6323
7309
6296
6324
7310
6297
6325
7311
6298
6326
7312
6299
6327
7313
6300
6328
7314
6301
6329
7315
6302
6330
7316
6303
6331
7317
6304
6332
7318
6305
6333
7319
6306
6334
7320
6307
6335
7321
6308
6336
7322
6309
6337
7323
6310
6338
7324
6311
6339
7325
6312
6340
7326
6313
6341
7327
6314
6342
7328
6315
6343
7329
6316
6344
7330
6317
6345
7331
6318
6346
7332
6319
6347
7333
6320
6348
7334
6321
6349
7335
6350
7336
6323
6351
7337
6324
6352
7338
6325
6353
7339
6326
6354
7340
6327
6355
7341
6328
6356
7342
6329
6357
7343
6330
6358
7344
6331
6359
7345
6332
6360
7346
6333
6361
7347
6334
6362
7348
6335
6363
7349
6336
6364
7350
6337
6365
7351
6338
6366
7352
6339
6367
7353
6340
6368
7354
6341
6369
7355
6342
6370
7356
6343
6371
7357
6344
6372
7358
6345
6373
7359
6346
6374
7360
6347
6375
7361
6348
6376
7362
6349
6377
7363
6350
6378
7364
6379
7365
6352
6380
7366
6353
6381
7367
6354
6382
7368
6355
6383
7369
6356
6384
7370
6357
6385
7371
6358
6386
7372
6359
6387
7373
6360
6388
7374
6361
6389
7375
6362
6390
7376
6363
6391
7377
6364
6392
7378
6365
6393
7379
6366
6394
7380
6367
6395
7381
6368
6396
7382
6369
6397
7383
6370
6398
7384
6371
6399
7385
6372
6400
7386
6373
6401
7387
6374
6402
7388
6375
6403
7389
6376
6404
7390
6377
6405
7391
6378
6406
7392
6379
6407
7393
6408
7394
6381
6409
7395
6382
6410
7396
6383
6411
7397
6384
6412
7398
6385
6413
7399
6386
6414
7400
6387
6415
7401
6388
6416
7402
6389
6417
7403
6390
6418
7404
6391
6419
7405
6392
6420
7406
6393
6421
7407
6394
6422
7408
6395
6423
7409
6396
6424
7410
6397
6425
7411
6398
6426
7412
6399
6427
7413
6400
6428
7414
6401
6429
7415
6402
6430
7416
6403
6431
7417
6404
6432
7418
6405
6433
7419
6406
6434
7420
6407
6435
7421
6408
6436
7422
6437
7423
6410
6438
7424
6411
6439
7425
6412
6440
7426
6413
6441
7427
6414
6442
7428
6415
6443
7429
6416
6444
7430
6417
6445
7431
6418
6446
7432
6419
6447
7433
6420
6448
7434
6421
6449
7435
6422
6450
7436
6423
6451
7437
6424
6452
7438
6425
6453
7439
6426
6454
7440
6427
6455
7441
6428
6456
7442
6429
6457
7443
6430
6458
7444
6431
6459
7445
6432
6460
7446
6433
6461
7447
6434
6462
7448
6435
6463
7449
6436
6464
7450
6437
6465
7451
6466
7452
6439
6467
7453
6440
6468
7454
6441
6469
7455
6442
6470
7456
6443
6471
7457
6444
6472
7458
6445
6473
7459
6446
6474
7460
6447
6475
7461
6448
6476
7462
6449
6477
7463
6450
6478
7464
6451
6479
7465
6452
6480
7466
6453
6481
7467
6454
6482
7468
6455
6483
7469
6456
6484
7470
6457
6485
7471
6458
6486
7472
6459
6487
7473
6460
6488
7474
6461
6489
7475
6462
6490
7476
6463
6491
7477
6464
6492
7478
6465
6493
7479
6466
6494
7480
6495
7481
6468
6496
7482
6469
6497
7483
6470
6498
7484
6471
6499
7485
6472
6500
7486
6473
6501
7487
6474
6502
7488
6475
6503
7489
6476
6504
7490
6477
6505
7491
6478
6506
7492
6479
6507
7493
6480
6508
7494
6481
6509
7495
6482
6510
7496
6483
6511
7497
6484
6512
7498
6485
6513
7499
6486
6514
7500
6487
6515
7501
6488
6516
7502
6489
6517
7503
6490
6518
7504
6491
6519
7505
6492
6520
7506
6493
6521
7507
6494
6522
7508
6495
6523
7509
6524
7510
6497
6525
7511
6498
6526
7512
6499
6527
7513
6500
6528
7514
6501
6529
7515
6502
6530
7516
6503
6531
7517
6504
6532
7518
6505
6533
7519
6506
6534
7520
6507
6535
7521
6508
6536
7522
6509
6537
7523
6510
6538
7524
6511
6539
7525
6512
6540
7526
6513
6541
7527
6514
6542
7528
6515
6543
7529
6516
6544
7530
6517
6545
7531
6518
6546
7532
6519
6547
7533
6520
6548
7534
6521
6549
7535
6522
6550
7536
6523
6551
7537
6524
6552
7538
6553
7539
6526
6554
7540
6527
6555
7541
6528
6556
7542
6529
6557
7543
6530
6558
7544
6531
6559
7545
6532
6560
7546
6533
6561
7547
6534
6562
7548
6535
6563
7549
6536
6564
7550
6537
6565
7551
6538
6566
7552
6539
6567
7553
6540
6568
7554
6541
6569
7555
6542
6570
7556
6543
6571
7557
6544
6572
7558
6545
6573
7559
6546
6574
7560
6547
6575
7561
6548
6576
7562
6549
6577
7563
6550
6578
7564
6551
6579
7565
6552
6580
7566
6553
6581
7567
6582
7568
6555
6583
7569
6556
6584
7570
6557
6585
7571
6558
6586
7572
6559
6587
7573
6560
6588
7574
6561
6589
7575
6562
6590
7576
6563
6591
7577
6564
6592
7578
6565
6593
7579
6566
6594
7580
6567
6595
7581
6568
6596
7582
6569
6597
7583
6570
6598
7584
6571
6599
7585
6572
6600
7586
6573
6601
7587
6574
6602
7588
6575
6603
7589
6576
6604
7590
6577
6605
7591
6578
6606
7592
6579
6607
7593
6580
6608
7594
6581
6609
7595
6582
6610
7596
6611
7597
6584
6612
7598
6585
6613
7599
6586
6614
7600
6587
6615
7601
6588
6616
7602
6589
6617
7603
6590
6618
7604
6591
6619
7605
6592
6620
7606
6593
6621
7607
6594
6622
7608
6595
6623
7609
6596
6624
7610
6597
6625
7611
6598
6626
7612
6599
6627
7613
6600
6628
7614
6601
6629
7615
6602
6630
7616
6603
6631
7617
6604
6632
7618
6605
6633
7619
6606
6634
7620
6607
6635
7621
6608
6636
7622
6609
6637
7623
6610
6638
7624
6611
6639
7625
6640
7626
6613
6641
7627
6614
6642
7628
6615
6643
7629
6616
6644
7630
6617
6645
7631
6618
6646
7632
6619
6647
7633
6620
6648
7634
6621
6649
7635
6622
6650
7636
6623
6651
7637
6624
6652
7638
6625
6653
7639
6626
6654
7640
6627
6655
7641
6628
6656
7642
6629
6657
7643
6630
6658
7644
6631
6659
7645
6632
6660
7646
6633
6661
7647
6634
6662
7648
6635
6663
7649
6636
6664
7650
6637
6665
7651
6638
6666
7652
6639
6667
7653
6640
6668
7654
6669
7655
6642
6670
7656
6643
6671
7657
6644
6672
7658
6645
6673
7659
6646
6674
7660
6647
6675
7661
6648
6676
7662
6649
6677
7663
6650
6678
7664
6651
6679
7665
6652
6680
7666
6653
6681
7667
6654
6682
7668
6655
6683
7669
6656
6684
7670
6657
6685
7671
6658
6686
7672
6659
6687
7673
6660
6688
7674
6661
6689
7675
6662
6690
7676
6663
6691
7677
6664
6692
7678
6665
6693
7679
6666
6694
7680
6667
6695
7681
6668
6696
7682
6669
6697
7683
6698
7684
6671
6699
7685
6672
6700
7686
6673
6701
7687
6674
6702
7688
6675
6703
7689
6676
6704
7690
6677
6705
7691
6678
6706
7692
6679
6707
7693
6680
6708
7694
6681
6709
7695
6682
6710
7696
6683
6711
7697
6684
6712
7698
6685
6713
7699
6686
6714
7700
6687
6715
7701
6688
6716
7702
6689
6717
7703
6690
6718
7704
6691
6719
7705
6692
6720
7706
6693
6721
7707
6694
6722
7708
6695
6723
7709
6696
6724
7710
6697
6725
7711
6698
6726
7712
6727
7713
6700
6728
7714
6701
6729
7715
6702
6730
7716
6703
6731
7717
6704
6732
7718
6705
6733
7719
6706
6734
7720
6707
6735
7721
6708
6736
7722
6709
6737
7723
6710
6738
7724
6711
6739
7725
6712
6740
7726
6713
6741
7727
6714
6742
7728
6715
6743
7729
6716
6744
7730
6717
6745
7731
6718
6746
7732
6719
6747
7733
6720
6748
7734
6721
6749
7735
6722
6750
7736
6723
6751
7737
6724
6752
7738
6725
6753
7739
6726
6754
7740
6727
6755
7741
6756
7742
6729
6757
7743
6730
6758
7744
6731
6759
7745
6732
6760
7746
6733
6761
7747
6734
6762
7748
6735
6763
7749
6736
6764
7750
6737
6765
7751
6738
6766
7752
6739
6767
7753
6740
6768
7754
6741
6769
7755
6742
6770
7756
6743
6771
7757
6744
6772
7758
6745
6773
7759
6746
6774
7760
6747
6775
7761
6748
6776
7762
6749
6777
7763
6750
6778
7764
6751
6779
7765
6752
6780
7766
6753
6781
7767
6754
6782
7768
6755
6783
7769
6756
6784
7770
6785
7771
6758
6786
7772
6759
6787
7773
6760
6788
7774
6761
6789
7775
6762
6790
7776
6763
6791
7777
6764
6792
7778
6765
6793
7779
6766
6794
7780
6767
6795
7781
6768
6796
7782
6769
6797
7783
6770
6798
7784
6771
6799
7785
6772
6800
7786
6773
6801
7787
6774
6802
7788
6775
6803
7789
6776
6804
7790
6777
6805
7791
6778
6806
7792
6779
6807
7793
6780
6808
7794
6781
6809
7795
6782
6810
7796
6783
6811
7797
6784
6812
7798
6785
6813
7799
6814
7800
6787
6815
7801
6788
6816
7802
6789
6817
7803
6790
6818
7804
6791
6819
7805
6792
6820
7806
6793
6821
7807
6794
6822
7808
6795
6823
7809
6796
6824
7810
6797
6825
7811
6798
6826
7812
6799
6827
7813
6800
6828
7814
6801
6829
7815
6802
6830
7816
6803
6831
7817
6804
6832
7818
6805
6833
7819
6806
6834
7820
6807
6835
7821
6808
6836
7822
6809
6837
7823
6810
6838
7824
6811
6839
7825
6812
6840
7826
6813
6841
7827
6814
6842
7828
6843
7829
6816
6844
7830
6817
6845
7831
6818
6846
7832
6819
6847
7833
6820
6848
7834
6821
6849
7835
6822
6850
7836
6823
6851
7837
6824
6852
7838
6825
6853
7839
6826
6854
7840
6827
6855
7841
6828
6856
7842
6829
6857
7843
6830
6858
7844
6831
6859
7845
6832
6860
7846
6833
6861
7847
6834
6862
7848
6835
6863
7849
6836
6864
7850
6837
6865
7851
6838
6866
7852
6839
6867
7853
6840
6868
7854
6841
6869
7855
6842
6870
7856
6843
6871
7857
6872
7858
6845
6873
7859
6846
6874
7860
6847
6875
7861
6848
6876
7862
6849
6877
7863
6850
6878
7864
6851
6879
7865
6852
6880
7866
6853
6881
7867
6854
6882
7868
6855
6883
7869
6856
6884
7870
6857
6885
7871
6858
6886
7872
6859
6887
7873
6860
6888
7874
6861
6889
7875
6862
6890
7876
6863
6891
7877
6864
6892
7878
6865
6893
7879
6866
6894
7880
6867
6895
7881
6868
6896
7882
6869
6897
7883
6870
6898
7884
6871
6899
7885
6872
6900
7886
6901
7887
6874
6902
7888
6875
6903
7889
6876
6904
7890
6877
6905
7891
6878
6906
7892
6879
6907
7893
6880
6908
7894
6881
6909
7895
6882
6910
7896
6883
6911
7897
6884
6912
7898
6885
6913
7899
6886
6914
7900
6887
6915
7901
6888
6916
7902
6889
6917
7903
6890
6918
7904
6891
6919
7905
6892
6920
7906
6893
6921
7907
6894
6922
7908
6895
6923
7909
6896
6924
7910
6897
6925
7911
6898
6926
7912
6899
6927
7913
6900
6928
7914
6901
6929
7915
6930
7916
6903
6931
7917
6904
6932
7918
6905
6933
7919
6906
6934
7920
6907
6935
7921
6908
6936
7922
6909
6937
7923
6910
6938
7924
6911
6939
7925
6912
6940
7926
6913
6941
7927
6914
6942
7928
6915
6943
7929
6916
6944
7930
6917
6945
7931
6918
6946
7932
6919
6947
7933
6920
6948
7934
6921
6949
7935
6922
6950
7936
6923
6951
7937
6924
6952
7938
6925
6953
7939
6926
6954
7940
6927
6955
7941
6928
6956
7942
6929
6957
7943
6930
6958
7944
6959
7945
6932
6960
7946
6933
6961
7947
6934
6962
7948
6935
6963
7949
6936
6964
7950
6937
6965
7951
6938
6966
7952
6939
6967
7953
6940
6968
7954
6941
6969
7955
6942
6970
7956
6943
6971
7957
6944
6972
7958
6945
6973
7959
6946
6974
7960
6947
6975
7961
6948
6976
7962
6949
6977
7963
6950
6978
7964
6951
6979
7965
6952
6980
7966
6953
6981
7967
6954
6982
7968
6955
6983
7969
6956
6984
7970
6957
6985
7971
6958
6986
7972
6959
6987
7973
6988
7974
6961
6989
7975
6962
6990
7976
6963
6991
7977
6964
6992
7978
6965
6993
7979
6966
6994
7980
6967
6995
7981
6968
6996
7982
6969
6997
7983
6970
6998
7984
6971
6999
7985
6972
7000
7986
6973
7001
7987
6974
7002
7988
6975
7003
7989
6976
7004
7990
6977
7005
7991
6978
7006
7992
6979
7007
7993
6980
7008
7994
6981
7009
7995
6982
7010
7996
6983
7011
7997
6984
7012
7998
6985
7013
7999
6986
7014
8000
6987
7015
8001
6988
7016
8002
7017
8003
6990
7018
8004
6991
7019
8005
6992
7020
8006
6993
7021
8007
6994
7022
8008
6995
7023
8009
6996
7024
8010
6997
7025
8011
6998
7026
8012
6999
7027
8013
7000
7028
8014
7001
7029
8015
7002
7030
8016
7003
7031
8017
7004
7032
8018
7005
7033
8019
7006
7034
8020
7007
7035
8021
7008
7036
8022
7009
7037
8023
7010
7038
8024
7011
7039
8025
7012
7040
8026
7013
7041
8027
7014
7042
8028
7015
7043
8029
7016
7044
8030
7017
7045
8031
7046
8032
7019
7047
8033
7020
7048
8034
7021
7049
8035
7022
7050
8036
7023
7051
8037
7024
7052
8038
7025
7053
8039
7026
7054
8040
7027
7055
8041
7028
7056
8042
7029
7057
8043
7030
7058
8044
7031
7059
8045
7032
7060
8046
7033
7061
8047
7034
7062
8048
7035
7063
8049
7036
7064
8050
7037
7065
8051
7038
7066
8052
7039
7067
8053
7040
7068
8054
7041
7069
8055
7042
7070
8056
7043
7071
8057
7044
7072
8058
7045
7073
8059
7046
7074
8060
7075
8061
7048
7076
8062
7049
7077
8063
7050
7078
8064
7051
7079
8065
7052
7080
8066
7053
7081
8067
7054
7082
8068
7055
7083
8069
7056
7084
8070
7057
7085
8071
7058
7086
8072
7059
7087
8073
7060
7088
8074
7061
7089
8075
7062
7090
8076
7063
7091
8077
7064
7092
8078
7065
7093
8079
7066
7094
8080
7067
7095
8081
7068
7096
8082
7069
7097
8083
7070
7098
8084
7071
7099
8085
7072
7100
8086
7073
7101
8087
7074
7102
8088
7075
7103
8089
7104
8090
7077
8091
7078
8092
7079
8093
7080
8094
7081
8095
7082
8096
7083
8097
7084
8098
7085
8099
7086
8100
7087
8101
7088
8102
7089
8103
7090
8104
7091
8105
7092
8106
7093
8107
7094
8108
7095
8109
7096
8110
7097
8111
7098
8112
7099
8113
7100
8114
7101
8115
7102
8116
7103
8117
7104
8118
8119
7106
7134
8120
7107
7135
8121
7108
7136
8122
7109
7137
8123
7110
7138
8124
7111
7139
8125
7112
7140
8126
7113
7141
8127
7114
7142
8128
7115
7143
8129
7116
7144
8130
7117
7145
8131
7118
7146
8132
7119
7147
8133
7120
7148
8134
7121
7149
8135
7122
7150
8136
7123
7151
8137
7124
7152
8138
7125
7153
8139
7126
7154
8140
7127
7155
8141
7128
7156
8142
7129
7157
8143
7130
7158
8144
7131
7159
8145
7132
7160
8146
7133
7161
8147
7162
8148
7135
7163
8149
7136
7164
8150
7137
7165
8151
7138
7166
8152
7139
7167
8153
7140
7168
8154
7141
7169
8155
7142
7170
8156
7143
7171
8157
7144
7172
8158
7145
7173
8159
7146
7174
8160
7147
7175
8161
7148
7176
8162
7149
7177
8163
7150
7178
8164
7151
7179
8165
7152
7180
8166
7153
7181
8167
7154
7182
8168
7155
7183
8169
7156
7184
8170
7157
7185
8171
7158
7186
8172
7159
7187
8173
7160
7188
8174
7161
7189
8175
7162
7190
8176
7191
8177
7164
7192
8178
7165
7193
8179
7166
7194
8180
7167
7195
8181
7168
7196
8182
7169
7197
8183
7170
7198
8184
7171
7199
8185
7172
7200
8186
7173
7201
8187
7174
7202
8188
7175
7203
8189
7176
7204
8190
7177
7205
8191
7178
7206
8192
7179
7207
8193
7180
7208
8194
7181
7209
8195
7182
7210
8196
7183
7211
8197
7184
7212
8198
7185
7213
8199
7186
7214
8200
7187
7215
8201
7188
7216
8202
7189
7217
8203
7190
7218
8204
7191
7219
8205
7220
8206
7193
7221
8207
7194
7222
8208
7195
7223
8209
7196
7224
8210
7197
7225
8211
7198
7226
8212
7199
7227
8213
7200
7228
8214
7201
7229
8215
7202
7230
8216
7203
7231
8217
7204
7232
8218
7205
7233
8219
7206
7234
8220
7207
7235
8221
7208
7236
8222
7209
7237
8223
7210
7238
8224
7211
7239
8225
7212
7240
8226
7213
7241
8227
7214
7242
8228
7215
7243
8229
7216
7244
8230
7217
7245
8231
7218
7246
8232
7219
7247
8233
7220
7248
8234
7249
8235
7222
7250
8236
7223
7251
8237
7224
7252
8238
7225
7253
8239
7226
7254
8240
7227
7255
8241
7228
7256
8242
7229
7257
8243
7230
7258
8244
7231
7259
8245
7232
7260
8246
7233
7261
8247
7234
7262
8248
7235
7263
8249
7236
7264
8250
7237
7265
8251
7238
7266
8252
7239
7267
8253
7240
7268
8254
7241
7269
8255
7242
7270
8256
7243
7271
8257
7244
7272
8258
7245
7273
8259
7246
7274
8260
7247
7275
8261
7248
7276
8262
7249
7277
8263
7278
8264
7251
7279
8265
7252
7280
8266
7253
7281
8267
7254
7282
8268
7255
7283
8269
7256
7284
8270
7257
7285
8271
7258
7286
8272
7259
7287
8273
7260
7288
8274
7261
7289
8275
7262
7290
8276
7263
7291
8277
7264
7292
8278
7265
7293
8279
7266
7294
8280
7267
7295
8281
7268
7296
8282
7269
7297
8283
7270
7298
8284
7271
7299
8285
7272
7300
8286
7273
7301
8287
7274
7302
8288
7275
7303
8289
7276
7304
8290
7277
7305
8291
7278
7306
8292
7307
8293
7280
7308
8294
7281
7309
8295
7282
7310
8296
7283
7311
8297
7284
7312
8298
7285
7313
8299
7286
7314
8300
7287
7315
8301
7288
7316
8302
7289
7317
8303
7290
7318
8304
7291
7319
8305
7292
7320
8306
7293
7321
8307
7294
7322
8308
7295
7323
8309
7296
7324
8310
7297
7325
8311
7298
7326
8312
7299
7327
8313
7300
7328
8314
7301
7329
8315
7302
7330
8316
7303
7331
8317
7304
7332
8318
7305
7333
8319
7306
7334
8320
7307
7335
8321
7336
8322
7309
7337
8323
7310
7338
8324
7311
7339
8325
7312
7340
8326
7313
7341
8327
7314
7342
8328
7315
7343
8329
7316
7344
8330
7317
7345
8331
7318
7346
8332
7319
7347
8333
7320
7348
8334
7321
7349
8335
7322
7350
8336
7323
7351
8337
7324
7352
8338
7325
7353
8339
7326
7354
8340
7327
7355
8341
7328
7356
8342
7329
7357
8343
7330
7358
8344
7331
7359
8345
7332
7360
8346
7333
7361
8347
7334
7362
8348
7335
7363
8349
7336
7364
8350
7365
8351
7338
7366
8352
7339
7367
8353
7340
7368
8354
7341
7369
8355
7342
7370
8356
7343
7371
8357
7344
7372
8358
7345
7373
8359
7346
7374
8360
7347
7375
8361
7348
7376
8362
7349
7377
8363
7350
7378
8364
7351
7379
8365
7352
7380
8366
7353
7381
8367
7354
7382
8368
7355
7383
8369
7356
7384
8370
7357
7385
8371
7358
7386
8372
7359
7387
8373
7360
7388
8374
7361
7389
8375
7362
7390
8376
7363
7391
8377
7364
7392
8378
7365
7393
8379
7394
8380
7367
7395
8381
7368
7396
8382
7369
7397
8383
7370
7398
8384
7371
7399
8385
7372
7400
8386
7373
7401
8387
7374
7402
8388
7375
7403
8389
7376
7404
8390
7377
7405
8391
7378
7406
8392
7379
7407
8393
7380
7408
8394
7381
7409
8395
7382
7410
8396
7383
7411
8397
7384
7412
8398
7385
7413
8399
7386
7414
8400
7387
7415
8401
7388
7416
8402
7389
7417
8403
7390
7418
8404
7391
7419
8405
7392
7420
8406
7393
7421
8407
7394
7422
8408
7423
8409
7396
7424
8410
7397
7425
8411
7398
7426
8412
7399
7427
8413
7400
7428
8414
7401
7429
8415
7402
7430
8416
7403
7431
8417
7404
7432
8418
7405
7433
8419
7406
7434
8420
7407
7435
8421
7408
7436
8422
7409
7437
8423
7410
7438
8424
7411
7439
8425
7412
7440
8426
7413
7441
8427
7414
7442
8428
7415
7443
8429
7416
7444
8430
7417
7445
8431
7418
7446
8432
7419
7447
8433
7420
7448
8434
7421
7449
8435
7422
7450
8436
7423
7451
8437
7452
8438
7425
7453
8439
7426
7454
8440
7427
7455
8441
7428
7456
8442
7429
7457
8443
7430
7458
8444
7431
7459
8445
7432
7460
8446
7433
7461
8447
7434
7462
8448
7435
7463
8449
7436
7464
8450
7437
7465
8451
7438
7466
8452
7439
7467
8453
7440
7468
8454
7441
7469
8455
7442
7470
8456
7443
7471
8457
7444
7472
8458
7445
7473
8459
7446
7474
8460
7447
7475
8461
7448
7476
8462
7449
7477
8463
7450
7478
8464
7451
7479
8465
7452
7480
8466
7481
8467
7454
7482
8468
7455
7483
8469
7456
7484
8470
7457
7485
8471
7458
7486
8472
7459
7487
8473
7460
7488
8474
7461
7489
8475
7462
7490
8476
7463
7491
8477
7464
7492
8478
7465
7493
8479
7466
7494
8480
7467
7495
8481
7468
7496
8482
7469
7497
8483
7470
7498
8484
7471
7499
8485
7472
7500
8486
7473
7501
8487
7474
7502
8488
7475
7503
8489
7476
7504
8490
7477
7505
8491
7478
7506
8492
7479
7507
8493
7480
7508
8494
7481
7509
8495
7510
8496
7483
7511
8497
7484
7512
8498
7485
7513
8499
7486
7514
8500
7487
7515
8501
7488
7516
8502
7489
7517
8503
7490
7518
8504
7491
7519
8505
7492
7520
8506
7493
7521
8507
7494
7522
8508
7495
7523
8509
7496
7524
8510
7497
7525
8511
7498
7526
8512
7499
7527
8513
7500
7528
8514
7501
7529
8515
7502
7530
8516
7503
7531
8517
7504
7532
8518
7505
7533
8519
7506
7534
8520
7507
7535
8521
7508
7536
8522
7509
7537
8523
7510
7538
8524
7539
8525
7512
7540
8526
7513
7541
8527
7514
7542
8528
7515
7543
8529
7516
7544
8530
7517
7545
8531
7518
7546
8532
7519
7547
8533
7520
7548
8534
7521
7549
8535
7522
7550
8536
7523
7551
8537
7524
7552
8538
7525
7553
8539
7526
7554
8540
7527
7555
8541
7528
7556
8542
7529
7557
8543
7530
7558
8544
7531
7559
8545
7532
7560
8546
7533
7561
8547
7534
7562
8548
7535
7563
8549
7536
7564
8550
7537
7565
8551
7538
7566
8552
7539
7567
8553
7568
8554
7541
7569
8555
7542
7570
8556
7543
7571
8557
7544
7572
8558
7545
7573
8559
7546
7574
8560
7547
7575
8561
7548
7576
8562
7549
7577
8563
7550
7578
8564
7551
7579
8565
7552
7580
8566
7553
7581
8567
7554
7582
8568
7555
7583
8569
7556
7584
8570
7557
7585
8571
7558
7586
8572
7559
7587
8573
7560
7588
8574
7561
7589
8575
7562
7590
8576
7563
7591
8577
7564
7592
8578
7565
7593
8579
7566
7594
8580
7567
7595
8581
7568
7596
8582
7597
8583
7570
7598
8584
7571
7599
8585
7572
7600
8586
7573
7601
8587
7574
7602
8588
7575
7603
8589
7576
7604
8590
7577
7605
8591
7578
7606
8592
7579
7607
8593
7580
7608
8594
7581
7609
8595
7582
7610
8596
7583
7611
8597
7584
7612
8598
7585
7613
8599
7586
7614
8600
7587
7615
8601
7588
7616
8602
7589
7617
8603
7590
7618
8604
7591
7619
8605
7592
7620
8606
7593
7621
8607
7594
7622
8608
7595
7623
8609
7596
7624
8610
7597
7625
8611
7626
8612
7599
7627
8613
7600
7628
8614
7601
7629
8615
7602
7630
8616
7603
7631
8617
7604
7632
8618
7605
7633
8619
7606
7634
8620
7607
7635
8621
7608
7636
8622
7609
7637
8623
7610
7638
8624
7611
7639
8625
7612
7640
8626
7613
7641
8627
7614
7642
8628
7615
7643
8629
7616
7644
8630
7617
7645
8631
7618
7646
8632
7619
7647
8633
7620
7648
8634
7621
7649
8635
7622
7650
8636
7623
7651
8637
7624
7652
8638
7625
7653
8639
7626
7654
8640
7655
8641
7628
7656
8642
7629
7657
8643
7630
7658
8644
7631
7659
8645
7632
7660
8646
7633
7661
8647
7634
7662
8648
7635
7663
8649
7636
7664
8650
7637
7665
8651
7638
7666
8652
7639
7667
8653
7640
7668
8654
7641
7669
8655
7642
7670
8656
7643
7671
8657
7644
7672
8658
7645
7673
8659
7646
7674
8660
7647
7675
8661
7648
7676
8662
7649
7677
8663
7650
7678
8664
7651
7679
8665
7652
7680
8666
7653
7681
8667
7654
7682
8668
7655
7683
8669
7684
8670
7657
7685
8671
7658
7686
8672
7659
7687
8673
7660
7688
8674
7661
7689
8675
7662
7690
8676
7663
7691
8677
7664
7692
8678
7665
7693
8679
7666
7694
8680
7667
7695
8681
7668
7696
8682
7669
7697
8683
7670
7698
8684
7671
7699
8685
7672
7700
8686
7673
7701
8687
7674
7702
8688
7675
7703
8689
7676
7704
8690
7677
7705
8691
7678
7706
8692
7679
7707
8693
7680
7708
8694
7681
7709
8695
7682
7710
8696
7683
7711
8697
7684
7712
8698
7713
8699
7686
7714
8700
7687
7715
8701
7688
7716
8702
7689
7717
8703
7690
7718
8704
7691
7719
8705
7692
7720
8706
7693
7721
8707
7694
7722
8708
7695
7723
8709
7696
7724
8710
7697
7725
8711
7698
7726
8712
7699
7727
8713
7700
7728
8714
7701
7729
8715
7702
7730
8716
7703
7731
8717
7704
7732
8718
7705
7733
8719
7706
7734
8720
7707
7735
8721
7708
7736
8722
7709
7737
8723
7710
7738
8724
7711
7739
8725
7712
7740
8726
7713
7741
8727
7742
8728
7715
7743
8729
7716
7744
8730
7717
7745
8731
7718
7746
8732
7719
7747
8733
7720
7748
8734
7721
7749
8735
7722
7750
8736
7723
7751
8737
7724
7752
8738
7725
7753
8739
7726
7754
8740
7727
7755
8741
7728
7756
8742
7729
7757
8743
7730
7758
8744
7731
7759
8745
7732
7760
8746
7733
7761
8747
7734
7762
8748
7735
7763
8749
7736
7764
8750
7737
7765
8751
7738
7766
8752
7739
7767
8753
7740
7768
8754
7741
7769
8755
7742
7770
8756
7771
8757
7744
7772
8758
7745
7773
8759
7746
7774
8760
7747
7775
8761
7748
7776
8762
7749
7777
8763
7750
7778
8764
7751
7779
8765
7752
7780
8766
7753
7781
8767
7754
7782
8768
7755
7783
8769
7756
7784
8770
7757
7785
8771
7758
7786
8772
7759
7787
8773
7760
7788
8774
7761
7789
8775
7762
7790
8776
7763
7791
8777
7764
7792
8778
7765
7793
8779
7766
7794
8780
7767
7795
8781
7768
7796
8782
7769
7797
8783
7770
7798
8784
7771
7799
8785
7800
8786
7773
7801
8787
7774
7802
8788
7775
7803
8789
7776
7804
8790
7777
7805
8791
7778
7806
8792
7779
7807
8793
7780
7808
8794
7781
7809
8795
7782
7810
8796
7783
7811
8797
7784
7812
8798
7785
7813
8799
7786
7814
8800
7787
7815
8801
7788
7816
8802
7789
7817
8803
7790
7818
8804
7791
7819
8805
7792
7820
8806
7793
7821
8807
7794
7822
8808
7795
7823
8809
7796
7824
8810
7797
7825
8811
7798
7826
8812
7799
7827
8813
7800
7828
8814
7829
8815
7802
7830
8816
7803
7831
8817
7804
7832
8818
7805
7833
8819
7806
7834
8820
7807
7835
8821
7808
7836
8822
7809
7837
8823
7810
7838
8824
7811
7839
8825
7812
7840
8826
7813
7841
8827
7814
7842
8828
7815
7843
8829
7816
7844
8830
7817
7845
8831
7818
7846
8832
7819
7847
8833
7820
7848
8834
7821
7849
8835
7822
7850
8836
7823
7851
8837
7824
7852
8838
7825
7853
8839
7826
7854
8840
7827
7855
8841
7828
7856
8842
7829
7857
8843
7858
8844
7831
7859
8845
7832
7860
8846
7833
7861
8847
7834
7862
8848
7835
7863
8849
7836
7864
8850
7837
7865
8851
7838
7866
8852
7839
7867
8853
7840
7868
8854
7841
7869
8855
7842
7870
8856
7843
7871
8857
7844
7872
8858
7845
7873
8859
7846
7874
8860
7847
7875
8861
7848
7876
8862
7849
7877
8863
7850
7878
8864
7851
7879
8865
7852
7880
8866
7853
7881
8867
7854
7882
8868
7855
7883
8869
7856
7884
8870
7857
7885
8871
7858
7886
8872
7887
8873
7860
7888
8874
7861
7889
8875
7862
7890
8876
7863
7891
8877
7864
7892
8878
7865
7893
8879
7866
7894
8880
7867
7895
8881
7868
7896
8882
7869
7897
8883
7870
7898
8884
7871
7899
8885
7872
7900
8886
7873
7901
8887
7874
7902
8888
7875
7903
8889
7876
7904
8890
7877
7905
8891
7878
7906
8892
7879
7907
8893
7880
7908
8894
7881
7909
8895
7882
7910
8896
7883
7911
8897
7884
7912
8898
7885
7913
8899
7886
7914
8900
7887
7915
8901
7916
8902
7889
7917
8903
7890
7918
8904
7891
7919
8905
7892
7920
8906
7893
7921
8907
7894
7922
8908
7895
7923
8909
7896
7924
8910
7897
7925
8911
7898
7926
8912
7899
7927
8913
7900
7928
8914
7901
7929
8915
7902
7930
8916
7903
7931
8917
7904
7932
8918
7905
7933
8919
7906
7934
8920
7907
7935
8921
7908
7936
8922
7909
7937
8923
7910
7938
8924
7911
7939
8925
7912
7940
8926
7913
7941
8927
7914
7942
8928
7915
7943
8929
7916
7944
8930
7945
8931
7918
7946
8932
7919
7947
8933
7920
7948
8934
7921
7949
8935
7922
7950
8936
7923
7951
8937
7924
7952
8938
7925
7953
8939
7926
7954
8940
7927
7955
8941
7928
7956
8942
7929
7957
8943
7930
7958
8944
7931
7959
8945
7932
7960
8946
7933
7961
8947
7934
7962
8948
7935
7963
8949
7936
7964
8950
7937
7965
8951
7938
7966
8952
7939
7967
8953
7940
7968
8954
7941
7969
8955
7942
7970
8956
7943
7971
8957
7944
7972
8958
7945
7973
8959
7974
8960
7947
7975
8961
7948
7976
8962
7949
7977
8963
7950
7978
8964
7951
7979
8965
7952
7980
8966
7953
7981
8967
7954
7982
8968
7955
7983
8969
7956
7984
8970
7957
7985
8971
7958
7986
8972
7959
7987
8973
7960
7988
8974
7961
7989
8975
7962
7990
8976
7963
7991
8977
7964
7992
8978
7965
7993
8979
7966
7994
8980
7967
7995
8981
7968
7996
8982
7969
7997
8983
7970
7998
8984
7971
7999
8985
7972
8000
8986
7973
8001
8987
7974
8002
8988
8003
8989
7976
8004
8990
7977
8005
8991
7978
8006
8992
7979
8007
8993
7980
8008
8994
7981
8009
8995
7982
8010
8996
7983
8011
8997
7984
8012
8998
7985
8013
8999
7986
8014
9000
7987
8015
9001
7988
8016
9002
7989
8017
9003
7990
8018
9004
7991
8019
9005
7992
8020
9006
7993
8021
9007
7994
8022
9008
7995
8023
9009
7996
8024
9010
7997
8025
9011
7998
8026
9012
7999
8027
9013
8000
8028
9014
8001
8029
9015
8002
8030
9016
8003
8031
9017
8032
9018
8005
8033
9019
8006
8034
9020
8007
8035
9021
8008
8036
9022
8009
8037
9023
8010
8038
9024
8011
8039
9025
8012
8040
9026
8013
8041
9027
8014
8042
9028
8015
8043
9029
8016
8044
9030
8017
8045
9031
8018
8046
9032
8019
8047
9033
8020
8048
9034
8021
8049
9035
8022
8050
9036
8023
8051
9037
8024
8052
9038
8025
8053
9039
8026
8054
9040
8027
8055
9041
8028
8056
9042
8029
8057
9043
8030
8058
9044
8031
8059
9045
8032
8060
9046
8061
9047
8034
8062
9048
8035
8063
9049
8036
8064
9050
8037
8065
9051
8038
8066
9052
8039
8067
9053
8040
8068
9054
8041
8069
9055
8042
8070
9056
8043
8071
9057
8044
8072
9058
8045
8073
9059
8046
8074
9060
8047
8075
9061
8048
8076
9062
8049
8077
9063
8050
8078
9064
8051
8079
9065
8052
8080
9066
8053
8081
9067
8054
8082
9068
8055
8083
9069
8056
8084
9070
8057
8085
9071
8058
8086
9072
8059
8087
9073
8060
8088
9074
8061
8089
9075
8090
9076
8063
8091
9077
8064
8092
9078
8065
8093
9079
8066
8094
9080
8067
8095
9081
8068
8096
9082
8069
8097
9083
8070
8098
9084
8071
8099
9085
8072
8100
9086
8073
8101
9087
8074
8102
9088
8075
8103
9089
8076
8104
9090
8077
8105
9091
8078
8106
9092
8079
8107
9093
8080
8108
9094
8081
8109
9095
8082
8110
9096
8083
8111
9097
8084
8112
9098
8085
8113
9099
8086
8114
9100
8087
8115
9101
8088
8116
9102
8089
8117
9103
8090
8118
9104
8119
9105
8092
9106
8093
9107
8094
9108
8095
9109
8096
9110
8097
9111
8098
9112
8099
9113
8100
9114
8101
9115
8102
9116
8103
9117
8104
9118
8105
9119
8106
9120
8107
9121
8108
9122
8109
9123
8110
9124
8111
9125
8112
9126
8113
9127
8114
9128
8115
9129
8116
9130
8117
9131
8118
9132
8119
9133
9134
8121
8149
9135
8122
8150
9136
8123
8151
9137
8124
8152
9138
8125
8153
9139
8126
8154
9140
8127
8155
9141
8128
8156
9142
8129
8157
9143
8130
8158
9144
8131
8159
9145
8132
8160
9146
8133
8161
9147
8134
8162
9148
8135
8163
9149
8136
8164
9150
8137
8165
9151
8138
8166
9152
8139
8167
9153
8140
8168
9154
8141
8169
9155
8142
8170
9156
8143
8171
9157
8144
8172
9158
8145
8173
9159
8146
8174
9160
8147
8175
9161
8148
8176
9162
8177
9163
8150
8178
9164
8151
8179
9165
8152
8180
9166
8153
8181
9167
8154
8182
9168
8155
8183
9169
8156
8184
9170
8157
8185
9171
8158
8186
9172
8159
8187
9173
8160
8188
9174
8161
8189
9175
8162
8190
9176
8163
8191
9177
8164
8192
9178
8165
8193
9179
8166
8194
9180
8167
8195
9181
8168
8196
9182
8169
8197
9183
8170
8198
9184
8171
8199
9185
8172
8200
9186
8173
8201
9187
8174
8202
9188
8175
8203
9189
8176
8204
9190
8177
8205
9191
8206
9192
8179
8207
9193
8180
8208
9194
8181
8209
9195
8182
8210
9196
8183
8211
9197
8184
8212
9198
8185
8213
9199
8186
8214
9200
8187
8215
9201
8188
8216
9202
8189
8217
9203
8190
8218
9204
8191
8219
9205
8192
8220
9206
8193
8221
9207
8194
8222
9208
8195
8223
9209
8196
8224
9210
8197
8225
9211
8198
8226
9212
8199
8227
9213
8200
8228
9214
8201
8229
9215
8202
8230
9216
8203
8231
9217
8204
8232
9218
8205
8233
9219
8206
8234
9220
8235
9221
8208
8236
9222
8209
8237
9223
8210
8238
9224
8211
8239
9225
8212
8240
9226
8213
8241
9227
8214
8242
9228
8215
8243
9229
8216
8244
9230
8217
8245
9231
8218
8246
9232
8219
8247
9233
8220
8248
9234
8221
8249
9235
8222
8250
9236
8223
8251
9237
8224
8252
9238
8225
8253
9239
8226
8254
9240
8227
8255
9241
8228
8256
9242
8229
8257
9243
8230
8258
9244
8231
8259
9245
8232
8260
9246
8233
8261
9247
8234
8262
9248
8235
8263
9249
8264
9250
8237
8265
9251
8238
8266
9252
8239
8267
9253
8240
8268
9254
8241
8269
9255
8242
8270
9256
8243
8271
9257
8244
8272
9258
8245
8273
9259
8246
8274
9260
8247
8275
9261
8248
8276
9262
8249
8277
9263
8250
8278
9264
8251
8279
9265
8252
8280
9266
8253
8281
9267
8254
8282
9268
8255
8283
9269
8256
8284
9270
8257
8285
9271
8258
8286
9272
8259
8287
9273
8260
8288
9274
8261
8289
9275
8262
8290
9276
8263
8291
9277
8264
8292
9278
8293
9279
8266
8294
9280
8267
8295
9281
8268
8296
9282
8269
8297
9283
8270
8298
9284
8271
8299
9285
8272
8300
9286
8273
8301
9287
8274
8302
9288
8275
8303
9289
8276
8304
9290
8277
8305
9291
8278
8306
9292
8279
8307
9293
8280
8308
9294
8281
8309
9295
8282
8310
9296
8283
8311
9297
8284
8312
9298
8285
8313
9299
8286
8314
9300
8287
8315
9301
8288
8316
9302
8289
8317
9303
8290
8318
9304
8291
8319
9305
8292
8320
9306
8293
8321
9307
8322
9308
8295
8323
9309
8296
8324
9310
8297
8325
9311
8298
8326
9312
8299
8327
9313
8300
8328
9314
8301
8329
9315
8302
8330
9316
8303
8331
9317
8304
8332
9318
8305
8333
9319
8306
8334
9320
8307
8335
9321
8308
8336
9322
8309
8337
9323
8310
8338
9324
8311
8339
9325
8312
8340
9326
8313
8341
9327
8314
8342
9328
8315
8343
9329
8316
8344
9330
8317
8345
9331
8318
8346
9332
8319
8347
9333
8320
8348
9334
8321
8349
9335
8322
8350
9336
8351
9337
8324
8352
9338
8325
8353
9339
8326
8354
9340
8327
8355
9341
8328
8356
9342
8329
8357
9343
8330
8358
9344
8331
8359
9345
8332
8360
9346
8333
8361
9347
8334
8362
9348
8335
8363
9349
8336
8364
9350
8337
8365
9351
8338
8366
9352
8339
8367
9353
8340
8368
9354
8341
8369
9355
8342
8370
9356
8343
8371
9357
8344
8372
9358
8345
8373
9359
8346
8374
9360
8347
8375
9361
8348
8376
9362
8349
8377
9363
8350
8378
9364
8351
8379
9365
8380
9366
8353
8381
9367
8354
8382
9368
8355
8383
9369
8356
8384
9370
8357
8385
9371
8358
8386
9372
8359
8387
9373
8360
8388
9374
8361
8389
9375
8362
8390
9376
8363
8391
9377
8364
8392
9378
8365
8393
9379
8366
8394
9380
8367
8395
9381
8368
8396
9382
8369
8397
9383
8370
8398
9384
8371
8399
9385
8372
8400
9386
8373
8401
9387
8374
8402
9388
8375
8403
9389
8376
8404
9390
8377
8405
9391
8378
8406
9392
8379
8407
9393
8380
8408
9394
8409
9395
8382
8410
9396
8383
8411
9397
8384
8412
9398
8385
8413
9399
8386
8414
9400
8387
8415
9401
8388
8416
9402
8389
8417
9403
8390
8418
9404
8391
8419
9405
8392
8420
9406
8393
8421
9407
8394
8422
9408
8395
8423
9409
8396
8424
9410
8397
8425
9411
8398
8426
9412
8399
8427
9413
8400
8428
9414
8401
8429
9415
8402
8430
9416
8403
8431
9417
8404
8432
9418
8405
8433
9419
8406
8434
9420
8407
8435
9421
8408
8436
9422
8409
8437
9423
8438
9424
8411
8439
9425
8412
8440
9426
8413
8441
9427
8414
8442
9428
8415
8443
9429
8416
8444
9430
8417
8445
9431
8418
8446
9432
8419
8447
9433
8420
8448
9434
8421
8449
9435
8422
8450
9436
8423
8451
9437
8424
8452
9438
8425
8453
9439
8426
8454
9440
8427
8455
9441
8428
8456
9442
8429
8457
9443
8430
8458
9444
8431
8459
9445
8432
8460
9446
8433
8461
9447
8434
8462
9448
8435
8463
9449
8436
8464
9450
8437
8465
9451
8438
8466
9452
8467
9453
8440
8468
9454
8441
8469
9455
8442
8470
9456
8443
8471
9457
8444
8472
9458
8445
8473
9459
8446
8474
9460
8447
8475
9461
8448
8476
9462
8449
8477
9463
8450
8478
9464
8451
8479
9465
8452
8480
9466
8453
8481
9467
8454
8482
9468
8455
8483
9469
8456
8484
9470
8457
8485
9471
8458
8486
9472
8459
8487
9473
8460
8488
9474
8461
8489
9475
8462
8490
9476
8463
8491
9477
8464
8492
9478
8465
8493
9479
8466
8494
9480
8467
8495
9481
8496
9482
8469
8497
9483
8470
8498
9484
8471
8499
9485
8472
8500
9486
8473
8501
9487
8474
8502
9488
8475
8503
9489
8476
8504
9490
8477
8505
9491
8478
8506
9492
8479
8507
9493
8480
8508
9494
8481
8509
9495
8482
8510
9496
8483
8511
9497
8484
8512
9498
8485
8513
9499
8486
8514
9500
8487
8515
9501
8488
8516
9502
8489
8517
9503
8490
8518
9504
8491
8519
9505
8492
8520
9506
8493
8521
9507
8494
8522
9508
8495
8523
9509
8496
8524
9510
8525
9511
8498
8526
9512
8499
8527
9513
8500
8528
9514
8501
8529
9515
8502
8530
9516
8503
8531
9517
8504
8532
9518
8505
8533
9519
8506
8534
9520
8507
8535
9521
8508
8536
9522
8509
8537
9523
8510
8538
9524
8511
8539
9525
8512
8540
9526
8513
8541
9527
8514
8542
9528
8515
8543
9529
8516
8544
9530
8517
8545
9531
8518
8546
9532
8519
8547
9533
8520
8548
9534
8521
8549
9535
8522
8550
9536
8523
8551
9537
8524
8552
9538
8525
8553
9539
8554
9540
8527
8555
9541
8528
8556
9542
8529
8557
9543
8530
8558
9544
8531
8559
9545
8532
8560
9546
8533
8561
9547
8534
8562
9548
8535
8563
9549
8536
8564
9550
8537
8565
9551
8538
8566
9552
8539
8567
9553
8540
8568
9554
8541
8569
9555
8542
8570
9556
8543
8571
9557
8544
8572
9558
8545
8573
9559
8546
8574
9560
8547
8575
9561
8548
8576
9562
8549
8577
9563
8550
8578
9564
8551
8579
9565
8552
8580
9566
8553
8581
9567
8554
8582
9568
8583
9569
8556
8584
9570
8557
8585
9571
8558
8586
9572
8559
8587
9573
8560
8588
9574
8561
8589
9575
8562
8590
9576
8563
8591
9577
8564
8592
9578
8565
8593
9579
8566
8594
9580
8567
8595
9581
8568
8596
9582
8569
8597
9583
8570
8598
9584
8571
8599
9585
8572
8600
9586
8573
8601
9587
8574
8602
9588
8575
8603
9589
8576
8604
9590
8577
8605
9591
8578
8606
9592
8579
8607
9593
8580
8608
9594
8581
8609
9595
8582
8610
9596
8583
8611
9597
8612
9598
8585
8613
9599
8586
8614
9600
8587
8615
9601
8588
8616
9602
8589
8617
9603
8590
8618
9604
8591
8619
9605
8592
8620
9606
8593
8621
9607
8594
8622
9608
8595
8623
9609
8596
8624
9610
8597
8625
9611
8598
8626
9612
8599
8627
9613
8600
8628
9614
8601
8629
9615
8602
8630
9616
8603
8631
9617
8604
8632
9618
8605
8633
9619
8606
8634
9620
8607
8635
9621
8608
8636
9622
8609
8637
9623
8610
8638
9624
8611
8639
9625
8612
8640
9626
8641
9627
8614
8642
9628
8615
8643
9629
8616
8644
9630
8617
8645
9631
8618
8646
9632
8619
8647
9633
8620
8648
9634
8621
8649
9635
8622
8650
9636
8623
8651
9637
8624
8652
9638
8625
8653
9639
8626
8654
9640
8627
8655
9641
8628
8656
9642
8629
8657
9643
8630
8658
9644
8631
8659
9645
8632
8660
9646
8633
8661
9647
8634
8662
9648
8635
8663
9649
8636
8664
9650
8637
8665
9651
8638
8666
9652
8639
8667
9653
8640
8668
9654
8641
8669
9655
8670
9656
8643
8671
9657
8644
8672
9658
8645
8673
9659
8646
8674
9660
8647
8675
9661
8648
8676
9662
8649
8677
9663
8650
8678
9664
8651
8679
9665
8652
8680
9666
8653
8681
9667
8654
8682
9668
8655
8683
9669
8656
8684
9670
8657
8685
9671
8658
8686
9672
8659
8687
9673
8660
8688
9674
8661
8689
9675
8662
8690
9676
8663
8691
9677
8664
8692
9678
8665
8693
9679
8666
8694
9680
8667
8695
9681
8668
8696
9682
8669
8697
9683
8670
8698
9684
8699
9685
8672
8700
9686
8673
8701
9687
8674
8702
9688
8675
8703
9689
8676
8704
9690
8677
8705
9691
8678
8706
9692
8679
8707
9693
8680
8708
9694
8681
8709
9695
8682
8710
9696
8683
8711
9697
8684
8712
9698
8685
8713
9699
8686
8714
9700
8687
8715
9701
8688
8716
9702
8689
8717
9703
8690
8718
9704
8691
8719
9705
8692
8720
9706
8693
8721
9707
8694
8722
9708
8695
8723
9709
8696
8724
9710
8697
8725
9711
8698
8726
9712
8699
8727
9713
8728
9714
8701
8729
9715
8702
8730
9716
8703
8731
9717
8704
8732
9718
8705
8733
9719
8706
8734
9720
8707
8735
9721
8708
8736
9722
8709
8737
9723
8710
8738
9724
8711
8739
9725
8712
8740
9726
8713
8741
9727
8714
8742
9728
8715
8743
9729
8716
8744
9730
8717
8745
9731
8718
8746
9732
8719
8747
9733
8720
8748
9734
8721
8749
9735
8722
8750
9736
8723
8751
9737
8724
8752
9738
8725
8753
9739
8726
8754
9740
8727
8755
9741
8728
8756
9742
8757
9743
8730
8758
9744
8731
8759
9745
8732
8760
9746
8733
8761
9747
8734
8762
9748
8735
8763
9749
8736
8764
9750
8737
8765
9751
8738
8766
9752
8739
8767
9753
8740
8768
9754
8741
8769
9755
8742
8770
9756
8743
8771
9757
8744
8772
9758
8745
8773
9759
8746
8774
9760
8747
8775
9761
8748
8776
9762
8749
8777
9763
8750
8778
9764
8751
8779
9765
8752
8780
9766
8753
8781
9767
8754
8782
9768
8755
8783
9769
8756
8784
9770
8757
8785
9771
8786
9772
8759
8787
9773
8760
8788
9774
8761
8789
9775
8762
8790
9776
8763
8791
9777
8764
8792
9778
8765
8793
9779
8766
8794
9780
8767
8795
9781
8768
8796
9782
8769
8797
9783
8770
8798
9784
8771
8799
9785
8772
8800
9786
8773
8801
9787
8774
8802
9788
8775
8803
9789
8776
8804
9790
8777
8805
9791
8778
8806
9792
8779
8807
9793
8780
8808
9794
8781
8809
9795
8782
8810
9796
8783
8811
9797
8784
8812
9798
8785
8813
9799
8786
8814
9800
8815
9801
8788
8816
9802
8789
8817
9803
8790
8818
9804
8791
8819
9805
8792
8820
9806
8793
8821
9807
8794
8822
9808
8795
8823
9809
8796
8824
9810
8797
8825
9811
8798
8826
9812
8799
8827
9813
8800
8828
9814
8801
8829
9815
8802
8830
9816
8803
8831
9817
8804
8832
9818
8805
8833
9819
8806
8834
9820
8807
8835
9821
8808
8836
9822
8809
8837
9823
8810
8838
9824
8811
8839
9825
8812
8840
9826
8813
8841
9827
8814
8842
9828
8815
8843
9829
8844
9830
8817
8845
9831
8818
8846
9832
8819
8847
9833
8820
8848
9834
8821
8849
9835
8822
8850
9836
8823
8851
9837
8824
8852
9838
8825
8853
9839
8826
8854
9840
8827
8855
9841
8828
8856
9842
8829
8857
9843
8830
8858
9844
8831
8859
9845
8832
8860
9846
8833
8861
9847
8834
8862
9848
8835
8863
9849
8836
8864
9850
8837
8865
9851
8838
8866
9852
8839
8867
9853
8840
8868
9854
8841
8869
9855
8842
8870
9856
8843
8871
9857
8844
8872
9858
8873
9859
8846
8874
9860
8847
8875
9861
8848
8876
9862
8849
8877
9863
8850
8878
9864
8851
8879
9865
8852
8880
9866
8853
8881
9867
8854
8882
9868
8855
8883
9869
8856
8884
9870
8857
8885
9871
8858
8886
9872
8859
8887
9873
8860
8888
9874
8861
8889
9875
8862
8890
9876
8863
8891
9877
8864
8892
9878
8865
8893
9879
8866
8894
9880
8867
8895
9881
8868
8896
9882
8869
8897
9883
8870
8898
9884
8871
8899
9885
8872
8900
9886
8873
8901
9887
8902
9888
8875
8903
9889
8876
8904
9890
8877
8905
9891
8878
8906
9892
8879
8907
9893
8880
8908
9894
8881
8909
9895
8882
8910
9896
8883
8911
9897
8884
8912
9898
8885
8913
9899
8886
8914
9900
8887
8915
9901
8888
8916
9902
8889
8917
9903
8890
8918
9904
8891
8919
9905
8892
8920
9906
8893
8921
9907
8894
8922
9908
8895
8923
9909
8896
8924
9910
8897
8925
9911
8898
8926
9912
8899
8927
9913
8900
8928
9914
8901
8929
9915
8902
8930
9916
8931
9917
8904
8932
9918
8905
8933
9919
8906
8934
9920
8907
8935
9921
8908
8936
9922
8909
8937
9923
8910
8938
9924
8911
8939
9925
8912
8940
9926
8913
8941
9927
8914
8942
9928
8915
8943
9929
8916
8944
9930
8917
8945
9931
8918
8946
9932
8919
8947
9933
8920
8948
9934
8921
8949
9935
8922
8950
9936
8923
8951
9937
8924
8952
9938
8925
8953
9939
8926
8954
9940
8927
8955
9941
8928
8956
9942
8929
8957
9943
8930
8958
9944
8931
8959
9945
8960
9946
8933
8961
9947
8934
8962
9948
8935
8963
9949
8936
8964
9950
8937
8965
9951
8938
8966
9952
8939
8967
9953
8940
8968
9954
8941
8969
9955
8942
8970
9956
8943
8971
9957
8944
8972
9958
8945
8973
9959
8946
8974
9960
8947
8975
9961
8948
8976
9962
8949
8977
9963
8950
8978
9964
8951
8979
9965
8952
8980
9966
8953
8981
9967
8954
8982
9968
8955
8983
9969
8956
8984
9970
8957
8985
9971
8958
8986
9972
8959
8987
9973
8960
8988
9974
8989
9975
8962
8990
9976
8963
8991
9977
8964
8992
9978
8965
8993
9979
8966
8994
9980
8967
8995
9981
8968
8996
9982
8969
8997
9983
8970
8998
9984
8971
8999
9985
8972
9000
9986
8973
9001
9987
8974
9002
9988
8975
9003
9989
8976
9004
9990
8977
9005
9991
8978
9006
9992
8979
9007
9993
8980
9008
9994
8981
9009
9995
8982
9010
9996
8983
9011
9997
8984
9012
9998
8985
9013
9999
8986
9014
10000
8987
9015
10001
8988
9016
10002
8989
9017
10003
9018
10004
8991
9019
10005
8992
9020
10006
8993
9021
10007
8994
9022
10008
8995
9023
10009
8996
9024
10010
8997
9025
10011
8998
9026
10012
8999
9027
10013
9000
9028
10014
9001
9029
10015
9002
9030
10016
9003
9031
10017
9004
9032
10018
9005
9033
10019
9006
9034
10020
9007
9035
10021
9008
9036
10022
9009
9037
10023
9010
9038
10024
9011
9039
10025
9012
9040
10026
9013
9041
10027
9014
9042
10028
9015
9043
10029
9016
9044
10030
9017
9045
10031
9018
9046
10032
9047
10033
9020
9048
10034
9021
9049
10035
9022
9050
10036
9023
9051
10037
9024
9052
10038
9025
9053
10039
9026
9054
10040
9027
9055
10041
9028
9056
10042
9029
9057
10043
9030
9058
10044
9031
9059
10045
9032
9060
10046
9033
9061
10047
9034
9062
10048
9035
9063
10049
9036
9064
10050
9037
9065
10051
9038
9066
10052
9039
9067
10053
9040
9068
10054
9041
9069
10055
9042
9070
10056
9043
9071
10057
9044
9072
10058
9045
9073
10059
9046
9074
10060
9047
9075
10061
9076
10062
9049
9077
10063
9050
9078
10064
9051
9079
10065
9052
9080
10066
9053
9081
10067
9054
9082
10068
9055
9083
10069
9056
9084
10070
9057
9085
10071
9058
9086
10072
9059
9087
10073
9060
9088
10074
9061
9089
10075
9062
9090
10076
9063
9091
10077
9064
9092
10078
9065
9093
10079
9066
9094
10080
9067
9095
10081
9068
9096
10082
9069
9097
10083
9070
9098
10084
9071
9099
10085
9072
9100
10086
9073
9101
10087
9074
9102
10088
9075
9103
10089
9076
9104
10090
9105
10091
9078
9106
10092
9079
9107
10093
9080
9108
10094
9081
9109
10095
9082
9110
10096
9083
9111
10097
9084
9112
10098
9085
9113
10099
9086
9114
10100
9087
9115
10101
9088
9116
10102
9089
9117
10103
9090
9118
10104
9091
9119
10105
9092
9120
10106
9093
9121
10107
9094
9122
10108
9095
9123
10109
9096
9124
10110
9097
9125
10111
9098
9126
10112
9099
9127
10113
9100
9128
10114
9101
9129
10115
9102
9130
10116
9103
9131
10117
9104
9132
10118
9105
9133
10119
9134
10120
9107
10121
9108
10122
9109
10123
9110
10124
9111
10125
9112
10126
9113
10127
9114
10128
9115
10129
9116
10130
9117
10131
9118
10132
9119
10133
9120
10134
9121
10135
9122
10136
9123
10137
9124
10138
9125
10139
9126
10140
9127
10141
9128
10142
9129
10143
9130
10144
9131
10145
9132
10146
9133
10147
9134
10148
10149
9136
9164
10150
9137
9165
10151
9138
9166
10152
9139
9167
10153
9140
9168
10154
9141
9169
10155
9142
9170
10156
9143
9171
10157
9144
9172
10158
9145
9173
10159
9146
9174
10160
9147
9175
10161
9148
9176
10162
9149
9177
10163
9150
9178
10164
9151
9179
10165
9152
9180
10166
9153
9181
10167
9154
9182
10168
9155
9183
10169
9156
9184
10170
9157
9185
10171
9158
9186
10172
9159
9187
10173
9160
9188
10174
9161
9189
10175
9162
9190
10176
9163
9191
10177
9192
10178
9165
9193
10179
9166
9194
10180
9167
9195
10181
9168
9196
10182
9169
9197
10183
9170
9198
10184
9171
9199
10185
9172
9200
10186
9173
9201
10187
9174
9202
10188
9175
9203
10189
9176
9204
10190
9177
9205
10191
9178
9206
10192
9179
9207
10193
9180
9208
10194
9181
9209
10195
9182
9210
10196
9183
9211
10197
9184
9212
10198
9185
9213
10199
9186
9214
10200
9187
9215
10201
9188
9216
10202
9189
9217
10203
9190
9218
10204
9191
9219
10205
9192
9220
10206
9221
10207
9194
9222
10208
9195
9223
10209
9196
9224
10210
9197
9225
10211
9198
9226
10212
9199
9227
10213
9200
9228
10214
9201
9229
10215
9202
9230
10216
9203
9231
10217
9204
9232
10218
9205
9233
10219
9206
9234
10220
9207
9235
10221
9208
9236
10222
9209
9237
10223
9210
9238
10224
9211
9239
10225
9212
9240
10226
9213
9241
10227
9214
9242
10228
9215
9243
10229
9216
9244
10230
9217
9245
10231
9218
9246
10232
9219
9247
10233
9220
9248
10234
9221
9249
10235
9250
10236
9223
9251
10237
9224
9252
10238
9225
9253
10239
9226
9254
10240
9227
9255
10241
9228
9256
10242
9229
9257
10243
9230
9258
10244
9231
9259
10245
9232
9260
10246
9233
9261
10247
9234
9262
10248
9235
9263
10249
9236
9264
10250
9237
9265
10251
9238
9266
10252
9239
9267
10253
9240
9268
10254
9241
9269
10255
9242
9270
10256
9243
9271
10257
9244
9272
10258
9245
9273
10259
9246
9274
10260
9247
9275
10261
9248
9276
10262
9249
9277
10263
9250
9278
10264
9279
10265
9252
9280
10266
9253
9281
10267
9254
9282
10268
9255
9283
10269
9256
9284
10270
9257
9285
10271
9258
9286
10272
9259
9287
10273
9260
9288
10274
9261
9289
10275
9262
9290
10276
9263
9291
10277
9264
9292
10278
9265
9293
10279
9266
9294
10280
9267
9295
10281
9268
9296
10282
9269
9297
10283
9270
9298
10284
9271
9299
10285
9272
9300
10286
9273
9301
10287
9274
9302
10288
9275
9303
10289
9276
9304
10290
9277
9305
10291
9278
9306
10292
9279
9307
10293
9308
10294
9281
9309
10295
9282
9310
10296
9283
9311
10297
9284
9312
10298
9285
9313
10299
9286
9314
10300
9287
9315
10301
9288
9316
10302
9289
9317
10303
9290
9318
10304
9291
9319
10305
9292
9320
10306
9293
9321
10307
9294
9322
10308
9295
9323
10309
9296
9324
10310
9297
9325
10311
9298
9326
10312
9299
9327
10313
9300
9328
10314
9301
9329
10315
9302
9330
10316
9303
9331
10317
9304
9332
10318
9305
9333
10319
9306
9334
10320
9307
9335
10321
9308
9336
10322
9337
10323
9310
9338
10324
9311
9339
10325
9312
9340
10326
9313
9341
10327
9314
9342
10328
9315
9343
10329
9316
9344
10330
9317
9345
10331
9318
9346
10332
9319
9347
10333
9320
9348
10334
9321
9349
10335
9322
9350
10336
9323
9351
10337
9324
9352
10338
9325
9353
10339
9326
9354
10340
9327
9355
10341
9328
9356
10342
9329
9357
10343
9330
9358
10344
9331
9359
10345
9332
9360
10346
9333
9361
10347
9334
9362
10348
9335
9363
10349
9336
9364
10350
9337
9365
10351
9366
10352
9339
9367
10353
9340
9368
10354
9341
9369
10355
9342
9370
10356
9343
9371
10357
9344
9372
10358
9345
9373
10359
9346
9374
10360
9347
9375
10361
9348
9376
10362
9349
9377
10363
9350
9378
10364
9351
9379
10365
9352
9380
10366
9353
9381
10367
9354
9382
10368
9355
9383
10369
9356
9384
10370
9357
9385
10371
9358
9386
10372
9359
9387
10373
9360
9388
10374
9361
9389
10375
9362
9390
10376
9363
9391
10377
9364
9392
10378
9365
9393
10379
9366
9394
10380
9395
10381
9368
9396
10382
9369
9397
10383
9370
9398
10384
9371
9399
10385
9372
9400
10386
9373
9401
10387
9374
9402
10388
9375
9403
10389
9376
9404
10390
9377
9405
10391
9378
9406
10392
9379
9407
10393
9380
9408
10394
9381
9409
10395
9382
9410
10396
9383
9411
10397
9384
9412
10398
9385
9413
10399
9386
9414
10400
9387
9415
10401
9388
9416
10402
9389
9417
10403
9390
9418
10404
9391
9419
10405
9392
9420
10406
9393
9421
10407
9394
9422
10408
9395
9423
10409
9424
10410
9397
9425
10411
9398
9426
10412
9399
9427
10413
9400
9428
10414
9401
9429
10415
9402
9430
10416
9403
9431
10417
9404
9432
10418
9405
9433
10419
9406
9434
10420
9407
9435
10421
9408
9436
10422
9409
9437
10423
9410
9438
10424
9411
9439
10425
9412
9440
10426
9413
9441
10427
9414
9442
10428
9415
9443
10429
9416
9444
10430
9417
9445
10431
9418
9446
10432
9419
9447
10433
9420
9448
10434
9421
9449
10435
9422
9450
10436
9423
9451
10437
9424
9452
10438
9453
10439
9426
9454
10440
9427
9455
10441
9428
9456
10442
9429
9457
10443
9430
9458
10444
9431
9459
10445
9432
9460
10446
9433
9461
10447
9434
9462
10448
9435
9463
10449
9436
9464
10450
9437
9465
10451
9438
9466
10452
9439
9467
10453
9440
9468
10454
9441
9469
10455
9442
9470
10456
9443
9471
10457
9444
9472
10458
9445
9473
10459
9446
9474
10460
9447
9475
10461
9448
9476
10462
9449
9477
10463
9450
9478
10464
9451
9479
10465
9452
9480
10466
9453
9481
10467
9482
10468
9455
9483
10469
9456
9484
10470
9457
9485
10471
9458
9486
10472
9459
9487
10473
9460
9488
10474
9461
9489
10475
9462
9490
10476
9463
9491
10477
9464
9492
10478
9465
9493
10479
9466
9494
10480
9467
9495
10481
9468
9496
10482
9469
9497
10483
9470
9498
10484
9471
9499
10485
9472
9500
10486
9473
9501
10487
9474
9502
10488
9475
9503
10489
9476
9504
10490
9477
9505
10491
9478
9506
10492
9479
9507
10493
9480
9508
10494
9481
9509
10495
9482
9510
10496
9511
10497
9484
9512
10498
9485
9513
10499
9486
9514
10500
9487
9515
10501
9488
9516
10502
9489
9517
10503
9490
9518
10504
9491
9519
10505
9492
9520
10506
9493
9521
10507
9494
9522
10508
9495
9523
10509
9496
9524
10510
9497
9525
10511
9498
9526
10512
9499
9527
10513
9500
9528
10514
9501
9529
10515
9502
9530
10516
9503
9531
10517
9504
9532
10518
9505
9533
10519
9506
9534
10520
9507
9535
10521
9508
9536
10522
9509
9537
10523
9510
9538
10524
9511
9539
10525
9540
10526
9513
9541
10527
9514
9542
10528
9515
9543
10529
9516
9544
10530
9517
9545
10531
9518
9546
10532
9519
9547
10533
9520
9548
10534
9521
9549
10535
9522
9550
10536
9523
9551
10537
9524
9552
10538
9525
9553
10539
9526
9554
10540
9527
9555
10541
9528
9556
10542
9529
9557
10543
9530
9558
10544
9531
9559
10545
9532
9560
10546
9533
9561
10547
9534
9562
10548
9535
9563
10549
9536
9564
10550
9537
9565
10551
9538
9566
10552
9539
9567
10553
9540
9568
10554
9569
10555
9542
9570
10556
9543
9571
10557
9544
9572
10558
9545
9573
10559
9546
9574
10560
9547
9575
10561
9548
9576
10562
9549
9577
10563
9550
9578
10564
9551
9579
10565
9552
9580
10566
9553
9581
10567
9554
9582
10568
9555
9583
10569
9556
9584
10570
9557
9585
10571
9558
9586
10572
9559
9587
10573
9560
9588
10574
9561
9589
10575
9562
9590
10576
9563
9591
10577
9564
9592
10578
9565
9593
10579
9566
9594
10580
9567
9595
10581
9568
9596
10582
9569
9597
10583
9598
10584
9571
9599
10585
9572
9600
10586
9573
9601
10587
9574
9602
10588
9575
9603
10589
9576
9604
10590
9577
9605
10591
9578
9606
10592
9579
9607
10593
9580
9608
10594
9581
9609
10595
9582
9610
10596
9583
9611
10597
9584
9612
10598
9585
9613
10599
9586
9614
10600
9587
9615
10601
9588
9616
10602
9589
9617
10603
9590
9618
10604
9591
9619
10605
9592
9620
10606
9593
9621
10607
9594
9622
10608
9595
9623
10609
9596
9624
10610
9597
9625
10611
9598
9626
10612
9627
10613
9600
9628
10614
9601
9629
10615
9602
9630
10616
9603
9631
10617
9604
9632
10618
9605
9633
10619
9606
9634
10620
9607
9635
10621
9608
9636
10622
9609
9637
10623
9610
9638
10624
9611
9639
10625
9612
9640
10626
9613
9641
10627
9614
9642
10628
9615
9643
10629
9616
9644
10630
9617
9645
10631
9618
9646
10632
9619
9647
10633
9620
9648
10634
9621
9649
10635
9622
9650
10636
9623
9651
10637
9624
9652
10638
9625
9653
10639
9626
9654
10640
9627
9655
10641
9656
10642
9629
9657
10643
9630
9658
10644
9631
9659
10645
9632
9660
10646
9633
9661
10647
9634
9662
10648
9635
9663
10649
9636
9664
10650
9637
9665
10651
9638
9666
10652
9639
9667
10653
9640
9668
10654
9641
9669
10655
9642
9670
10656
9643
9671
10657
9644
9672
10658
9645
9673
10659
9646
9674
10660
9647
9675
10661
9648
9676
10662
9649
9677
10663
9650
9678
10664
9651
9679
10665
9652
9680
10666
9653
9681
10667
9654
9682
10668
9655
9683
10669
9656
9684
10670
9685
10671
9658
9686
10672
9659
9687
10673
9660
9688
10674
9661
9689
10675
9662
9690
10676
9663
9691
10677
9664
9692
10678
9665
9693
10679
9666
9694
10680
9667
9695
10681
9668
9696
10682
9669
9697
10683
9670
9698
10684
9671
9699
10685
9672
9700
10686
9673
9701
10687
9674
9702
10688
9675
9703
10689
9676
9704
10690
9677
9705
10691
9678
9706
10692
9679
9707
10693
9680
9708
10694
9681
9709
10695
9682
9710
10696
9683
9711
10697
9684
9712
10698
9685
9713
10699
9714
10700
9687
9715
10701
9688
9716
10702
9689
9717
10703
9690
9718
10704
9691
9719
10705
9692
9720
10706
9693
9721
10707
9694
9722
10708
9695
9723
10709
9696
9724
10710
9697
9725
10711
9698
9726
10712
9699
9727
10713
9700
9728
10714
9701
9729
10715
9702
9730
10716
9703
9731
10717
9704
9732
10718
9705
9733
10719
9706
9734
10720
9707
9735
10721
9708
9736
10722
9709
9737
10723
9710
9738
10724
9711
9739
10725
9712
9740
10726
9713
9741
10727
9714
9742
10728
9743
10729
9716
9744
10730
9717
9745
10731
9718
9746
10732
9719
9747
10733
9720
9748
10734
9721
9749
10735
9722
9750
10736
9723
9751
10737
9724
9752
10738
9725
9753
10739
9726
9754
10740
9727
9755
10741
9728
9756
10742
9729
9757
10743
9730
9758
10744
9731
9759
10745
9732
9760
10746
9733
9761
10747
9734
9762
10748
9735
9763
10749
9736
9764
10750
9737
9765
10751
9738
9766
10752
9739
9767
10753
9740
9768
10754
9741
9769
10755
9742
9770
10756
9743
9771
10757
9772
10758
9745
9773
10759
9746
9774
10760
9747
9775
10761
9748
9776
10762
9749
9777
10763
9750
9778
10764
9751
9779
10765
9752
9780
10766
9753
9781
10767
9754
9782
10768
9755
9783
10769
9756
9784
10770
9757
9785
10771
9758
9786
10772
9759
9787
10773
9760
9788
10774
9761
9789
10775
9762
9790
10776
9763
9791
10777
9764
9792
10778
9765
9793
10779
9766
9794
10780
9767
9795
10781
9768
9796
10782
9769
9797
10783
9770
9798
10784
9771
9799
10785
9772
9800
10786
9801
10787
9774
9802
10788
9775
9803
10789
9776
9804
10790
9777
9805
10791
9778
9806
10792
9779
9807
10793
9780
9808
10794
9781
9809
10795
9782
9810
10796
9783
9811
10797
9784
9812
10798
9785
9813
10799
9786
9814
10800
9787
9815
10801
9788
9816
10802
9789
9817
10803
9790
9818
10804
9791
9819
10805
9792
9820
10806
9793
9821
10807
9794
9822
10808
9795
9823
10809
9796
9824
10810
9797
9825
10811
9798
9826
10812
9799
9827
10813
9800
9828
10814
9801
9829
10815
9830
10816
9803
9831
10817
9804
9832
10818
9805
9833
10819
9806
9834
10820
9807
9835
10821
9808
9836
10822
9809
9837
10823
9810
9838
10824
9811
9839
10825
9812
9840
10826
9813
9841
10827
9814
9842
10828
9815
9843
10829
9816
9844
10830
9817
9845
10831
9818
9846
10832
9819
9847
10833
9820
9848
10834
9821
9849
10835
9822
9850
10836
9823
9851
10837
9824
9852
10838
9825
9853
10839
9826
9854
10840
9827
9855
10841
9828
9856
10842
9829
9857
10843
9830
9858
10844
9859
10845
9832
9860
10846
9833
9861
10847
9834
9862
10848
9835
9863
10849
9836
9864
10850
9837
9865
10851
9838
9866
10852
9839
9867
10853
9840
9868
10854
9841
9869
10855
9842
9870
10856
9843
9871
10857
9844
9872
10858
9845
9873
10859
9846
9874
10860
9847
9875
10861
9848
9876
10862
9849
9877
10863
9850
9878
10864
9851
9879
10865
9852
9880
10866
9853
9881
10867
9854
9882
10868
9855
9883
10869
9856
9884
10870
9857
9885
10871
9858
9886
10872
9859
9887
10873
9888
10874
9861
9889
10875
9862
9890
10876
9863
9891
10877
9864
9892
10878
9865
9893
10879
9866
9894
10880
9867
9895
10881
9868
9896
10882
9869
9897
10883
9870
9898
10884
9871
9899
10885
9872
9900
10886
9873
9901
10887
9874
9902
10888
9875
9903
10889
9876
9904
10890
9877
9905
10891
9878
9906
10892
9879
9907
10893
9880
9908
10894
9881
9909
10895
9882
9910
10896
9883
9911
10897
9884
9912
10898
9885
9913
10899
9886
9914
10900
9887
9915
10901
9888
9916
10902
9917
10903
9890
9918
10904
9891
9919
10905
9892
9920
10906
9893
9921
10907
9894
9922
10908
9895
9923
10909
9896
9924
10910
9897
9925
10911
9898
9926
10912
9899
9927
10913
9900
9928
10914
9901
9929
10915
9902
9930
10916
9903
9931
10917
9904
9932
10918
9905
9933
10919
9906
9934
10920
9907
9935
10921
9908
9936
10922
9909
9937
10923
9910
9938
10924
9911
9939
10925
9912
9940
10926
9913
9941
10927
9914
9942
10928
9915
9943
10929
9916
9944
10930
9917
9945
10931
9946
10932
9919
9947
10933
9920
9948
10934
9921
9949
10935
9922
9950
10936
9923
9951
10937
9924
9952
10938
9925
9953
10939
9926
9954
10940
9927
9955
10941
9928
9956
10942
9929
9957
10943
9930
9958
10944
9931
9959
10945
9932
9960
10946
9933
9961
10947
9934
9962
10948
9935
9963
10949
9936
9964
10950
9937
9965
10951
9938
9966
10952
9939
9967
10953
9940
9968
10954
9941
9969
10955
9942
9970
10956
9943
9971
10957
9944
9972
10958
9945
9973
10959
9946
9974
10960
9975
10961
9948
9976
10962
9949
9977
10963
9950
9978
10964
9951
9979
10965
9952
9980
10966
9953
9981
10967
9954
9982
10968
9955
9983
10969
9956
9984
10970
9957
9985
10971
9958
9986
10972
9959
9987
10973
9960
9988
10974
9961
9989
10975
9962
9990
10976
9963
9991
10977
9964
9992
10978
9965
9993
10979
9966
9994
10980
9967
9995
10981
9968
9996
10982
9969
9997
10983
9970
9998
10984
9971
9999
10985
9972
10000
10986
9973
10001
10987
9974
10002
10988
9975
10003
10989
10004
10990
9977
10005
10991
9978
10006
10992
9979
10007
10993
9980
10008
10994
9981
10009
10995
9982
10010
10996
9983
10011
10997
9984
10012
10998
9985
10013
10999
9986
10014
11000
9987
10015
11001
9988
10016
11002
9989
10017
11003
9990
10018
11004
9991
10019
11005
9992
10020
11006
9993
10021
11007
9994
10022
11008
9995
10023
11009
9996
10024
11010
9997
10025
11011
9998
10026
11012
9999
10027
11013
10000
10028
11014
10001
10029
11015
10002
10030
11016
10003
10031
11017
10004
10032
11018
10033
11019
10006
10034
11020
10007
10035
11021
10008
10036
11022
10009
10037
11023
10010
10038
11024
10011
10039
11025
10012
10040
11026
10013
10041
11027
10014
10042
11028
10015
10043
11029
10016
10044
11030
10017
10045
11031
10018
10046
11032
10019
10047
11033
10020
10048
11034
10021
10049
11035
10022
10050
11036
10023
10051
11037
10024
10052
11038
10025
10053
11039
10026
10054
11040
10027
10055
11041
10028
10056
11042
10029
10057
11043
10030
10058
11044
10031
10059
11045
10032
10060
11046
10033
10061
11047
10062
11048
10035
10063
11049
10036
10064
11050
10037
10065
11051
10038
10066
11052
10039
10067
11053
10040
10068
11054
10041
10069
11055
10042
10070
11056
10043
10071
11057
10044
10072
11058
10045
10073
11059
10046
10074
11060
10047
10075
11061
10048
10076
11062
10049
10077
11063
10050
10078
11064
10051
10079
11065
10052
10080
11066
10053
10081
11067
10054
10082
11068
10055
10083
11069
10056
10084
11070
10057
10085
11071
10058
10086
11072
10059
10087
11073
10060
10088
11074
10061
10089
11075
10062
10090
11076
10091
11077
10064
10092
11078
10065
10093
11079
10066
10094
11080
10067
10095
11081
10068
10096
11082
10069
10097
11083
10070
10098
11084
10071
10099
11085
10072
10100
11086
10073
10101
11087
10074
10102
11088
10075
10103
11089
10076
10104
11090
10077
10105
11091
10078
10106
11092
10079
10107
11093
10080
10108
11094
10081
10109
11095
10082
10110
11096
10083
10111
11097
10084
10112
11098
10085
10113
11099
10086
10114
11100
10087
10115
11101
10088
10116
11102
10089
10117
11103
10090
10118
11104
10091
10119
11105
10120
11106
10093
10121
11107
10094
10122
11108
10095
10123
11109
10096
10124
11110
10097
10125
11111
10098
10126
11112
10099
10127
11113
10100
10128
11114
10101
10129
11115
10102
10130
11116
10103
10131
11117
10104
10132
11118
10105
10133
11119
10106
10134
11120
10107
10135
11121
10108
10136
11122
10109
10137
11123
10110
10138
11124
10111
10139
11125
10112
10140
11126
10113
10141
11127
10114
10142
11128
10115
10143
11129
10116
10144
11130
10117
10145
11131
10118
10146
11132
10119
10147
11133
10120
10148
11134
10149
11135
10122
11136
10123
11137
10124
11138
10125
11139
10126
11140
10127
11141
10128
11142
10129
11143
10130
11144
10131
11145
10132
11146
10133
11147
10134
11148
10135
11149
10136
11150
10137
11151
10138
11152
10139
11153
10140
11154
10141
11155
10142
11156
10143
11157
10144
11158
10145
11159
10146
11160
10147
11161
10148
11162
10149
11163
11164
10151
10179
11165
10152
10180
11166
10153
10181
11167
10154
10182
11168
10155
10183
11169
10156
10184
11170
10157
10185
11171
10158
10186
11172
10159
10187
11173
10160
10188
11174
10161
10189
11175
10162
10190
11176
10163
10191
11177
10164
10192
11178
10165
10193
11179
10166
10194
11180
10167
10195
11181
10168
10196
11182
10169
10197
11183
10170
10198
11184
10171
10199
11185
10172
10200
11186
10173
10201
11187
10174
10202
11188
10175
10203
11189
10176
10204
11190
10177
10205
11191
10178
10206
11192
10207
11193
10180
10208
11194
10181
10209
11195
10182
10210
11196
10183
10211
11197
10184
10212
11198
10185
10213
11199
10186
10214
11200
10187
10215
11201
10188
10216
11202
10189
10217
11203
10190
10218
11204
10191
10219
11205
10192
10220
11206
10193
10221
11207
10194
10222
11208
10195
10223
11209
10196
10224
11210
10197
10225
11211
10198
10226
11212
10199
10227
11213
10200
10228
11214
10201
10229
11215
10202
10230
11216
10203
10231
11217
10204
10232
11218
10205
10233
11219
10206
10234
11220
10207
10235
11221
10236
11222
10209
10237
11223
10210
10238
11224
10211
10239
11225
10212
10240
11226
10213
10241
11227
10214
10242
11228
10215
10243
11229
10216
10244
11230
10217
10245
11231
10218
10246
11232
10219
10247
11233
10220
10248
11234
10221
10249
11235
10222
10250
11236
10223
10251
11237
10224
10252
11238
10225
10253
11239
10226
10254
11240
10227
10255
11241
10228
10256
11242
10229
10257
11243
10230
10258
11244
10231
10259
11245
10232
10260
11246
10233
10261
11247
10234
10262
11248
10235
10263
11249
10236
10264
11250
10265
11251
10238
10266
11252
10239
10267
11253
10240
10268
11254
10241
10269
11255
10242
10270
11256
10243
10271
11257
10244
10272
11258
10245
10273
11259
10246
10274
11260
10247
10275
11261
10248
10276
11262
10249
10277
11263
10250
10278
11264
10251
10279
11265
10252
10280
11266
10253
10281
11267
10254
10282
11268
10255
10283
11269
10256
10284
11270
10257
10285
11271
10258
10286
11272
10259
10287
11273
10260
10288
11274
10261
10289
11275
10262
10290
11276
10263
10291
11277
10264
10292
11278
10265
10293
11279
10294
11280
10267
10295
11281
10268
10296
11282
10269
10297
11283
10270
10298
11284
10271
10299
11285
10272
10300
11286
10273
10301
11287
10274
10302
11288
10275
10303
11289
10276
10304
11290
10277
10305
11291
10278
10306
11292
10279
10307
11293
10280
10308
11294
10281
10309
11295
10282
10310
11296
10283
10311
11297
10284
10312
11298
10285
10313
11299
10286
10314
11300
10287
10315
11301
10288
10316
11302
10289
10317
11303
10290
10318
11304
10291
10319
11305
10292
10320
11306
10293
10321
11307
10294
10322
11308
10323
11309
10296
10324
11310
10297
10325
11311
10298
10326
11312
10299
10327
11313
10300
10328
11314
10301
10329
11315
10302
10330
11316
10303
10331
11317
10304
10332
11318
10305
10333
11319
10306
10334
11320
10307
10335
11321
10308
10336
11322
10309
10337
11323
10310
10338
11324
10311
10339
11325
10312
10340
11326
10313
10341
11327
10314
10342
11328
10315
10343
11329
10316
10344
11330
10317
10345
11331
10318
10346
11332
10319
10347
11333
10320
10348
11334
10321
10349
11335
10322
10350
11336
10323
10351
11337
10352
11338
10325
10353
11339
10326
10354
11340
10327
10355
11341
10328
10356
11342
10329
10357
11343
10330
10358
11344
10331
10359
11345
10332
10360
11346
10333
10361
11347
10334
10362
11348
10335
10363
11349
10336
10364
11350
10337
10365
11351
10338
10366
11352
10339
10367
11353
10340
10368
11354
10341
10369
11355
10342
10370
11356
10343
10371
11357
10344
10372
11358
10345
10373
11359
10346
10374
11360
10347
10375
11361
10348
10376
11362
10349
10377
11363
10350
10378
11364
10351
10379
11365
10352
10380
11366
10381
11367
10354
10382
11368
10355
10383
11369
10356
10384
11370
10357
10385
11371
10358
10386
11372
10359
10387
11373
10360
10388
11374
10361
10389
11375
10362
10390
11376
10363
10391
11377
10364
10392
11378
10365
10393
11379
10366
10394
11380
10367
10395
11381
10368
10396
11382
10369
10397
11383
10370
10398
11384
10371
10399
11385
10372
10400
11386
10373
10401
11387
10374
10402
11388
10375
10403
11389
10376
10404
11390
10377
10405
11391
10378
10406
11392
10379
10407
11393
10380
10408
11394
10381
10409
11395
10410
11396
10383
10411
11397
10384
10412
11398
10385
10413
11399
10386
10414
11400
10387
10415
11401
10388
10416
11402
10389
10417
11403
10390
10418
11404
10391
10419
11405
10392
10420
11406
10393
10421
11407
10394
10422
11408
10395
10423
11409
10396
10424
11410
10397
10425
11411
10398
10426
11412
10399
10427
11413
10400
10428
11414
10401
10429
11415
10402
10430
11416
10403
10431
11417
10404
10432
11418
10405
10433
11419
10406
10434
11420
10407
10435
11421
10408
10436
11422
10409
10437
11423
10410
10438
11424
10439
11425
10412
10440
11426
10413
10441
11427
10414
10442
11428
10415
10443
11429
10416
10444
11430
10417
10445
11431
10418
10446
11432
10419
10447
11433
10420
10448
11434
10421
10449
11435
10422
10450
11436
10423
10451
11437
10424
10452
11438
10425
10453
11439
10426
10454
11440
10427
10455
11441
10428
10456
11442
10429
10457
11443
10430
10458
11444
10431
10459
11445
10432
10460
11446
10433
10461
11447
10434
10462
11448
10435
10463
11449
10436
10464
11450
10437
10465
11451
10438
10466
11452
10439
10467
11453
10468
11454
10441
10469
11455
10442
10470
11456
10443
10471
11457
10444
10472
11458
10445
10473
11459
10446
10474
11460
10447
10475
11461
10448
10476
11462
10449
10477
11463
10450
10478
11464
10451
10479
11465
10452
10480
11466
10453
10481
11467
10454
10482
11468
10455
10483
11469
10456
10484
11470
10457
10485
11471
10458
10486
11472
10459
10487
11473
10460
10488
11474
10461
10489
11475
10462
10490
11476
10463
10491
11477
10464
10492
11478
10465
10493
11479
10466
10494
11480
10467
10495
11481
10468
10496
11482
10497
11483
10470
10498
11484
10471
10499
11485
10472
10500
11486
10473
10501
11487
10474
10502
11488
10475
10503
11489
10476
10504
11490
10477
10505
11491
10478
10506
11492
10479
10507
11493
10480
10508
11494
10481
10509
11495
10482
10510
11496
10483
10511
11497
10484
10512
11498
10485
10513
11499
10486
10514
11500
10487
10515
11501
10488
10516
11502
10489
10517
11503
10490
10518
11504
10491
10519
11505
10492
10520
11506
10493
10521
11507
10494
10522
11508
10495
10523
11509
10496
10524
11510
10497
10525
11511
10526
11512
10499
10527
11513
10500
10528
11514
10501
10529
11515
10502
10530
11516
10503
10531
11517
10504
10532
11518
10505
10533
11519
10506
10534
11520
10507
10535
11521
10508
10536
11522
10509
10537
11523
10510
10538
11524
10511
10539
11525
10512
10540
11526
10513
10541
11527
10514
10542
11528
10515
10543
11529
10516
10544
11530
10517
10545
11531
10518
10546
11532
10519
10547
11533
10520
10548
11534
10521
10549
11535
10522
10550
11536
10523
10551
11537
10524
10552
11538
10525
10553
11539
10526
10554
11540
10555
11541
10528
10556
11542
10529
10557
11543
10530
10558
11544
10531
10559
11545
10532
10560
11546
10533
10561
11547
10534
10562
11548
10535
10563
11549
10536
10564
11550
10537
10565
11551
10538
10566
11552
10539
10567
11553
10540
10568
11554
10541
10569
11555
10542
10570
11556
10543
10571
11557
10544
10572
11558
10545
10573
11559
10546
10574
11560
10547
10575
11561
10548
10576
11562
10549
10577
11563
10550
10578
11564
10551
10579
11565
10552
10580
11566
10553
10581
11567
10554
10582
11568
10555
10583
11569
10584
11570
10557
10585
11571
10558
10586
11572
10559
10587
11573
10560
10588
11574
10561
10589
11575
10562
10590
11576
10563
10591
11577
10564
10592
11578
10565
10593
11579
10566
10594
11580
10567
10595
11581
10568
10596
11582
10569
10597
11583
10570
10598
11584
10571
10599
11585
10572
10600
11586
10573
10601
11587
10574
10602
11588
10575
10603
11589
10576
10604
11590
10577
10605
11591
10578
10606
11592
10579
10607
11593
10580
10608
11594
10581
10609
11595
10582
10610
11596
10583
10611
11597
10584
10612
11598
10613
11599
10586
10614
11600
10587
10615
11601
10588
10616
11602
10589
10617
11603
10590
10618
11604
10591
10619
11605
10592
10620
11606
10593
10621
11607
10594
10622
11608
10595
10623
11609
10596
10624
11610
10597
10625
11611
10598
10626
11612
10599
10627
11613
10600
10628
11614
10601
10629
11615
10602
10630
11616
10603
10631
11617
10604
10632
11618
10605
10633
11619
10606
10634
11620
10607
10635
11621
10608
10636
11622
10609
10637
11623
10610
10638
11624
10611
10639
11625
10612
10640
11626
10613
10641
11627
10642
11628
10615
10643
11629
10616
10644
11630
10617
10645
11631
10618
10646
11632
10619
10647
11633
10620
10648
11634
10621
10649
11635
10622
10650
11636
10623
10651
11637
10624
10652
11638
10625
10653
11639
10626
10654
11640
10627
10655
11641
10628
10656
11642
10629
10657
11643
10630
10658
11644
10631
10659
11645
10632
10660
11646
10633
10661
11647
10634
10662
11648
10635
10663
11649
10636
10664
11650
10637
10665
11651
10638
10666
11652
10639
10667
11653
10640
10668
11654
10641
10669
11655
10642
10670
11656
10671
11657
10644
10672
11658
10645
10673
11659
10646
10674
11660
10647
10675
11661
10648
10676
11662
10649
10677
11663
10650
10678
11664
10651
10679
11665
10652
10680
11666
10653
10681
11667
10654
10682
11668
10655
10683
11669
10656
10684
11670
10657
10685
11671
10658
10686
11672
10659
10687
11673
10660
10688
11674
10661
10689
11675
10662
10690
11676
10663
10691
11677
10664
10692
11678
10665
10693
11679
10666
10694
11680
10667
10695
11681
10668
10696
11682
10669
10697
11683
10670
10698
11684
10671
10699
11685
10700
11686
10673
10701
11687
10674
10702
11688
10675
10703
11689
10676
10704
11690
10677
10705
11691
10678
10706
11692
10679
10707
11693
10680
10708
11694
10681
10709
11695
10682
10710
11696
10683
10711
11697
10684
10712
11698
10685
10713
11699
10686
10714
11700
10687
10715
11701
10688
10716
11702
10689
10717
11703
10690
10718
11704
10691
10719
11705
10692
10720
11706
10693
10721
11707
10694
10722
11708
10695
10723
11709
10696
10724
11710
10697
10725
11711
10698
10726
11712
10699
10727
11713
10700
10728
11714
10729
11715
10702
10730
11716
10703
10731
11717
10704
10732
11718
10705
10733
11719
10706
10734
11720
10707
10735
11721
10708
10736
11722
10709
10737
11723
10710
10738
11724
10711
10739
11725
10712
10740
11726
10713
10741
11727
10714
10742
11728
10715
10743
11729
10716
10744
11730
10717
10745
11731
10718
10746
11732
10719
10747
11733
10720
10748
11734
10721
10749
11735
10722
10750
11736
10723
10751
11737
10724
10752
11738
10725
10753
11739
10726
10754
11740
10727
10755
11741
10728
10756
11742
10729
10757
11743
10758
11744
10731
10759
11745
10732
10760
11746
10733
10761
11747
10734
10762
11748
10735
10763
11749
10736
10764
11750
10737
10765
11751
10738
10766
11752
10739
10767
11753
10740
10768
11754
10741
10769
11755
10742
10770
11756
10743
10771
11757
10744
10772
11758
10745
10773
11759
10746
10774
11760
10747
10775
11761
10748
10776
11762
10749
10777
11763
10750
10778
11764
10751
10779
11765
10752
10780
11766
10753
10781
11767
10754
10782
11768
10755
10783
11769
10756
10784
11770
10757
10785
11771
10758
10786
11772
10787
11773
10760
10788
11774
10761
10789
11775
10762
10790
11776
10763
10791
11777
10764
10792
11778
10765
10793
11779
10766
10794
11780
10767
10795
11781
10768
10796
11782
10769
10797
11783
10770
10798
11784
10771
10799
11785
10772
10800
11786
10773
10801
11787
10774
10802
11788
10775
10803
11789
10776
10804
11790
10777
10805
11791
10778
10806
11792
10779
10807
11793
10780
10808
11794
10781
10809
11795
10782
10810
11796
10783
10811
11797
10784
10812
11798
10785
10813
11799
10786
10814
11800
10787
10815
11801
10816
11802
10789
10817
11803
10790
10818
11804
10791
10819
11805
10792
10820
11806
10793
10821
11807
10794
10822
11808
10795
10823
11809
10796
10824
11810
10797
10825
11811
10798
10826
11812
10799
10827
11813
10800
10828
11814
10801
10829
11815
10802
10830
11816
10803
10831
11817
10804
10832
11818
10805
10833
11819
10806
10834
11820
10807
10835
11821
10808
10836
11822
10809
10837
11823
10810
10838
11824
10811
10839
11825
10812
10840
11826
10813
10841
11827
10814
10842
11828
10815
10843
11829
10816
10844
11830
10845
11831
10818
10846
11832
10819
10847
11833
10820
10848
11834
10821
10849
11835
10822
10850
11836
10823
10851
11837
10824
10852
11838
10825
10853
11839
10826
10854
11840
10827
10855
11841
10828
10856
11842
10829
10857
11843
10830
10858
11844
10831
10859
11845
10832
10860
11846
10833
10861
11847
10834
10862
11848
10835
10863
11849
10836
10864
11850
10837
10865
11851
10838
10866
11852
10839
10867
11853
10840
10868
11854
10841
10869
11855
10842
10870
11856
10843
10871
11857
10844
10872
11858
10845
10873
11859
10874
11860
10847
10875
11861
10848
10876
11862
10849
10877
11863
10850
10878
11864
10851
10879
11865
10852
10880
11866
10853
10881
11867
10854
10882
11868
10855
10883
11869
10856
10884
11870
10857
10885
11871
10858
10886
11872
10859
10887
11873
10860
10888
11874
10861
10889
11875
10862
10890
11876
10863
10891
11877
10864
10892
11878
10865
10893
11879
10866
10894
11880
10867
10895
11881
10868
10896
11882
10869
10897
11883
10870
10898
11884
10871
10899
11885
10872
10900
11886
10873
10901
11887
10874
10902
11888
10903
11889
10876
10904
11890
10877
10905
11891
10878
10906
11892
10879
10907
11893
10880
10908
11894
10881
10909
11895
10882
10910
11896
10883
10911
11897
10884
10912
11898
10885
10913
11899
10886
10914
11900
10887
10915
11901
10888
10916
11902
10889
10917
11903
10890
10918
11904
10891
10919
11905
10892
10920
11906
10893
10921
11907
10894
10922
11908
10895
10923
11909
10896
10924
11910
10897
10925
11911
10898
10926
11912
10899
10927
11913
10900
10928
11914
10901
10929
11915
10902
10930
11916
10903
10931
11917
10932
11918
10905
10933
11919
10906
10934
11920
10907
10935
11921
10908
10936
11922
10909
10937
11923
10910
10938
11924
10911
10939
11925
10912
10940
11926
10913
10941
11927
10914
10942
11928
10915
10943
11929
10916
10944
11930
10917
10945
11931
10918
10946
11932
10919
10947
11933
10920
10948
11934
10921
10949
11935
10922
10950
11936
10923
10951
11937
10924
10952
11938
10925
10953
11939
10926
10954
11940
10927
10955
11941
10928
10956
11942
10929
10957
11943
10930
10958
11944
10931
10959
11945
10932
10960
11946
10961
11947
10934
10962
11948
10935
10963
11949
10936
10964
11950
10937
10965
11951
10938
10966
11952
10939
10967
11953
10940
10968
11954
10941
10969
11955
10942
10970
11956
10943
10971
11957
10944
10972
11958
10945
10973
11959
10946
10974
11960
10947
10975
11961
10948
10976
11962
10949
10977
11963
10950
10978
11964
10951
10979
11965
10952
10980
11966
10953
10981
11967
10954
10982
11968
10955
10983
11969
10956
10984
11970
10957
10985
11971
10958
10986
11972
10959
10987
11973
10960
10988
11974
10961
10989
11975
10990
11976
10963
10991
11977
10964
10992
11978
10965
10993
11979
10966
10994
11980
10967
10995
11981
10968
10996
11982
10969
10997
11983
10970
10998
11984
10971
10999
11985
10972
11000
11986
10973
11001
11987
10974
11002
11988
10975
11003
11989
10976
11004
11990
10977
11005
11991
10978
11006
11992
10979
11007
11993
10980
11008
11994
10981
11009
11995
10982
11010
11996
10983
11011
11997
10984
11012
11998
10985
11013
11999
10986
11014
12000
10987
11015
12001
10988
11016
12002
10989
11017
12003
10990
11018
12004
11019
12005
10992
11020
12006
10993
11021
12007
10994
11022
12008
10995
11023
12009
10996
11024
12010
10997
11025
12011
10998
11026
12012
10999
11027
12013
11000
11028
12014
11001
11029
12015
11002
11030
12016
11003
11031
12017
11004
11032
12018
11005
11033
12019
11006
11034
12020
11007
11035
12021
11008
11036
12022
11009
11037
12023
11010
11038
12024
11011
11039
12025
11012
11040
12026
11013
11041
12027
11014
11042
12028
11015
11043
12029
11016
11044
12030
11017
11045
12031
11018
11046
12032
11019
11047
12033
11048
12034
11021
11049
12035
11022
11050
12036
11023
11051
12037
11024
11052
12038
11025
11053
12039
11026
11054
12040
11027
11055
12041
11028
11056
12042
11029
11057
12043
11030
11058
12044
11031
11059
12045
11032
11060
12046
11033
11061
12047
11034
11062
12048
11035
11063
12049
11036
11064
12050
11037
11065
12051
11038
11066
12052
11039
11067
12053
11040
11068
12054
11041
11069
12055
11042
11070
12056
11043
11071
12057
11044
11072
12058
11045
11073
12059
11046
11074
12060
11047
11075
12061
11048
11076
12062
11077
12063
11050
11078
12064
11051
11079
12065
11052
11080
12066
11053
11081
12067
11054
11082
12068
11055
11083
12069
11056
11084
12070
11057
11085
12071
11058
11086
12072
11059
11087
12073
11060
11088
12074
11061
11089
12075
11062
11090
12076
11063
11091
12077
11064
11092
12078
11065
11093
12079
11066
11094
12080
11067
11095
12081
11068
11096
12082
11069
11097
12083
11070
11098
12084
11071
11099
12085
11072
11100
12086
11073
11101
12087
11074
11102
12088
11075
11103
12089
11076
11104
12090
11077
11105
12091
11106
12092
11079
11107
12093
11080
11108
12094
11081
11109
12095
11082
11110
12096
11083
11111
12097
11084
11112
12098
11085
11113
12099
11086
11114
12100
11087
11115
12101
11088
11116
12102
11089
11117
12103
11090
11118
12104
11091
11119
12105
11092
11120
12106
11093
11121
12107
11094
11122
12108
11095
11123
12109
11096
11124
12110
11097
11125
12111
11098
11126
12112
11099
11127
12113
11100
11128
12114
11101
11129
12115
11102
11130
12116
11103
11131
12117
11104
11132
12118
11105
11133
12119
11106
11134
12120
11135
12121
11108
11136
12122
11109
11137
12123
11110
11138
12124
11111
11139
12125
11112
11140
12126
11113
11141
12127
11114
11142
12128
11115
11143
12129
11116
11144
12130
11117
11145
12131
11118
11146
12132
11119
11147
12133
11120
11148
12134
11121
11149
12135
11122
11150
12136
11123
11151
12137
11124
11152
12138
11125
11153
12139
11126
11154
12140
11127
11155
12141
11128
11156
12142
11129
11157
12143
11130
11158
12144
11131
11159
12145
11132
11160
12146
11133
11161
12147
11134
11162
12148
11135
11163
12149
11164
12150
11137
12151
11138
12152
11139
12153
11140
12154
11141
12155
11142
12156
11143
12157
11144
12158
11145
12159
11146
12160
11147
12161
11148
12162
11149
12163
11150
12164
11151
12165
11152
12166
11153
12167
11154
12168
11155
12169
11156
12170
11157
12171
11158
12172
11159
12173
11160
12174
11161
12175
11162
12176
11163
12177
11164
12178
12179
11166
11194
12180
11167
11195
12181
11168
11196
12182
11169
11197
12183
11170
11198
12184
11171
11199
12185
11172
11200
12186
11173
11201
12187
11174
11202
12188
11175
11203
12189
11176
11204
12190
11177
11205
12191
11178
11206
12192
11179
11207
12193
11180
11208
12194
11181
11209
12195
11182
11210
12196
11183
11211
12197
11184
11212
12198
11185
11213
12199
11186
11214
12200
11187
11215
12201
11188
11216
12202
11189
11217
12203
11190
11218
12204
11191
11219
12205
11192
11220
12206
11193
11221
12207
11222
12208
11195
11223
12209
11196
11224
12210
11197
11225
12211
11198
11226
12212
11199
11227
12213
11200
11228
12214
11201
11229
12215
11202
11230
12216
11203
11231
12217
11204
11232
12218
11205
11233
12219
11206
11234
12220
11207
11235
12221
11208
11236
12222
11209
11237
12223
11210
11238
12224
11211
11239
12225
11212
11240
12226
11213
11241
12227
11214
11242
12228
11215
11243
12229
11216
11244
12230
11217
11245
12231
11218
11246
12232
11219
11247
12233
11220
11248
12234
11221
11249
12235
11222
11250
12236
11251
12237
11224
11252
12238
11225
11253
12239
11226
11254
12240
11227
11255
12241
11228
11256
12242
11229
11257
12243
11230
11258
12244
11231
11259
12245
11232
11260
12246
11233
11261
12247
11234
11262
12248
11235
11263
12249
11236
11264
12250
11237
11265
12251
11238
11266
12252
11239
11267
12253
11240
11268
12254
11241
11269
12255
11242
11270
12256
11243
11271
12257
11244
11272
12258
11245
11273
12259
11246
11274
12260
11247
11275
12261
11248
11276
12262
11249
11277
12263
11250
11278
12264
11251
11279
12265
11280
12266
11253
11281
12267
11254
11282
12268
11255
11283
12269
11256
11284
12270
11257
11285
12271
11258
11286
12272
11259
11287
12273
11260
11288
12274
11261
11289
12275
11262
11290
12276
11263
11291
12277
11264
11292
12278
11265
11293
12279
11266
11294
12280
11267
11295
12281
11268
11296
12282
11269
11297
12283
11270
11298
12284
11271
11299
12285
11272
11300
12286
11273
11301
12287
11274
11302
12288
11275
11303
12289
11276
11304
12290
11277
11305
12291
11278
11306
12292
11279
11307
12293
11280
11308
12294
11309
12295
11282
11310
12296
11283
11311
12297
11284
11312
12298
11285
11313
12299
11286
11314
12300
11287
11315
12301
11288
11316
12302
11289
11317
12303
11290
11318
12304
11291
11319
12305
11292
11320
12306
11293
11321
12307
11294
11322
12308
11295
11323
12309
11296
11324
12310
11297
11325
12311
11298
11326
12312
11299
11327
12313
11300
11328
12314
11301
11329
12315
11302
11330
12316
11303
11331
12317
11304
11332
12318
11305
11333
12319
11306
11334
12320
11307
11335
12321
11308
11336
12322
11309
11337
12323
11338
12324
11311
11339
12325
11312
11340
12326
11313
11341
12327
11314
11342
12328
11315
11343
12329
11316
11344
12330
11317
11345
12331
11318
11346
12332
11319
11347
12333
11320
11348
12334
11321
11349
12335
11322
11350
12336
11323
11351
12337
11324
11352
12338
11325
11353
12339
11326
11354
12340
11327
11355
12341
11328
11356
12342
11329
11357
12343
11330
11358
12344
11331
11359
12345
11332
11360
12346
11333
11361
12347
11334
11362
12348
11335
11363
12349
11336
11364
12350
11337
11365
12351
11338
11366
12352
11367
12353
11340
11368
12354
11341
11369
12355
11342
11370
12356
11343
11371
12357
11344
11372
12358
11345
11373
12359
11346
11374
12360
11347
11375
12361
11348
11376
12362
11349
11377
12363
11350
11378
12364
11351
11379
12365
11352
11380
12366
11353
11381
12367
11354
11382
12368
11355
11383
12369
11356
11384
12370
11357
11385
12371
11358
11386
12372
11359
11387
12373
11360
11388
12374
11361
11389
12375
11362
11390
12376
11363
11391
12377
11364
11392
12378
11365
11393
12379
11366
11394
12380
11367
11395
12381
11396
12382
11369
11397
12383
11370
11398
12384
11371
11399
12385
11372
11400
12386
11373
11401
12387
11374
11402
12388
11375
11403
12389
11376
11404
12390
11377
11405
12391
11378
11406
12392
11379
11407
12393
11380
11408
12394
11381
11409
12395
11382
11410
12396
11383
11411
12397
11384
11412
12398
11385
11413
12399
11386
11414
12400
11387
11415
12401
11388
11416
12402
11389
11417
12403
11390
11418
12404
11391
11419
12405
11392
11420
12406
11393
11421
12407
11394
11422
12408
11395
11423
12409
11396
11424
12410
11425
12411
11398
11426
12412
11399
11427
12413
11400
11428
12414
11401
11429
12415
11402
11430
12416
11403
11431
12417
11404
11432
12418
11405
11433
12419
11406
11434
12420
11407
11435
12421
11408
11436
12422
11409
11437
12423
11410
11438
12424
11411
11439
12425
11412
11440
12426
11413
11441
12427
11414
11442
12428
11415
11443
12429
11416
11444
12430
11417
11445
12431
11418
11446
12432
11419
11447
12433
11420
11448
12434
11421
11449
12435
11422
11450
12436
11423
11451
12437
11424
11452
12438
11425
11453
12439
11454
12440
11427
11455
12441
11428
11456
12442
11429
11457
12443
11430
11458
12444
11431
11459
12445
11432
11460
12446
11433
11461
12447
11434
11462
12448
11435
11463
12449
11436
11464
12450
11437
11465
12451
11438
11466
12452
11439
11467
12453
11440
11468
12454
11441
11469
12455
11442
11470
12456
11443
11471
12457
11444
11472
12458
11445
11473
12459
11446
11474
12460
11447
11475
12461
11448
11476
12462
11449
11477
12463
11450
11478
12464
11451
11479
12465
11452
11480
12466
11453
11481
12467
11454
11482
12468
11483
12469
11456
11484
12470
11457
11485
12471
11458
11486
12472
11459
11487
12473
11460
11488
12474
11461
11489
12475
11462
11490
12476
11463
11491
12477
11464
11492
12478
11465
11493
12479
11466
11494
12480
11467
11495
12481
11468
11496
12482
11469
11497
12483
11470
11498
12484
11471
11499
12485
11472
11500
12486
11473
11501
12487
11474
11502
12488
11475
11503
12489
11476
11504
12490
11477
11505
12491
11478
11506
12492
11479
11507
12493
11480
11508
12494
11481
11509
12495
11482
11510
12496
11483
11511
12497
11512
12498
11485
11513
12499
11486
11514
12500
11487
11515
12501
11488
11516
12502
11489
11517
12503
11490
11518
12504
11491
11519
12505
11492
11520
12506
11493
11521
12507
11494
11522
12508
11495
11523
12509
11496
11524
12510
11497
11525
12511
11498
11526
12512
11499
11527
12513
11500
11528
12514
11501
11529
12515
11502
11530
12516
11503
11531
12517
11504
11532
12518
11505
11533
12519
11506
11534
12520
11507
11535
12521
11508
11536
12522
11509
11537
12523
11510
11538
12524
11511
11539
12525
11512
11540
12526
11541
12527
11514
11542
12528
11515
11543
12529
11516
11544
12530
11517
11545
12531
11518
11546
12532
11519
11547
12533
11520
11548
12534
11521
11549
12535
11522
11550
12536
11523
11551
12537
11524
11552
12538
11525
11553
12539
11526
11554
12540
11527
11555
12541
11528
11556
12542
11529
11557
12543
11530
11558
12544
11531
11559
12545
11532
11560
12546
11533
11561
12547
11534
11562
12548
11535
11563
12549
11536
11564
12550
11537
11565
12551
11538
11566
12552
11539
11567
12553
11540
11568
12554
11541
11569
12555
11570
12556
11543
11571
12557
11544
11572
12558
11545
11573
12559
11546
11574
12560
11547
11575
12561
11548
11576
12562
11549
11577
12563
11550
11578
12564
11551
11579
12565
11552
11580
12566
11553
11581
12567
11554
11582
12568
11555
11583
12569
11556
11584
12570
11557
11585
12571
11558
11586
12572
11559
11587
12573
11560
11588
12574
11561
11589
12575
11562
11590
12576
11563
11591
12577
11564
11592
12578
11565
11593
12579
11566
11594
12580
11567
11595
12581
11568
11596
12582
11569
11597
12583
11570
11598
12584
11599
12585
11572
11600
12586
11573
11601
12587
11574
11602
12588
11575
11603
12589
11576
11604
12590
11577
11605
12591
11578
11606
12592
11579
11607
12593
11580
11608
12594
11581
11609
12595
11582
11610
12596
11583
11611
12597
11584
11612
12598
11585
11613
12599
11586
11614
12600
11587
11615
12601
11588
11616
12602
11589
11617
12603
11590
11618
12604
11591
11619
12605
11592
11620
12606
11593
11621
12607
11594
11622
12608
11595
11623
12609
11596
11624
12610
11597
11625
12611
11598
11626
12612
11599
11627
12613
11628
12614
11601
11629
12615
11602
11630
12616
11603
11631
12617
11604
11632
12618
11605
11633
12619
11606
11634
12620
11607
11635
12621
11608
11636
12622
11609
11637
12623
11610
11638
12624
11611
11639
12625
11612
11640
12626
11613
11641
12627
11614
11642
12628
11615
11643
12629
11616
11644
12630
11617
11645
12631
11618
11646
12632
11619
11647
12633
11620
11648
12634
11621
11649
12635
11622
11650
12636
11623
11651
12637
11624
11652
12638
11625
11653
12639
11626
11654
12640
11627
11655
12641
11628
11656
12642
11657
12643
11630
11658
12644
11631
11659
12645
11632
11660
12646
11633
11661
12647
11634
11662
12648
11635
11663
12649
11636
11664
12650
11637
11665
12651
11638
11666
12652
11639
11667
12653
11640
11668
12654
11641
11669
12655
11642
11670
12656
11643
11671
12657
11644
11672
12658
11645
11673
12659
11646
11674
12660
11647
11675
12661
11648
11676
12662
11649
11677
12663
11650
11678
12664
11651
11679
12665
11652
11680
12666
11653
11681
12667
11654
11682
12668
11655
11683
12669
11656
11684
12670
11657
11685
12671
11686
12672
11659
11687
12673
11660
11688
12674
11661
11689
12675
11662
11690
12676
11663
11691
12677
11664
11692
12678
11665
11693
12679
11666
11694
12680
11667
11695
12681
11668
11696
12682
11669
11697
12683
11670
11698
12684
11671
11699
12685
11672
11700
12686
11673
11701
12687
11674
11702
12688
11675
11703
12689
11676
11704
12690
11677
11705
12691
11678
11706
12692
11679
11707
12693
11680
11708
12694
11681
11709
12695
11682
11710
12696
11683
11711
12697
11684
11712
12698
11685
11713
12699
11686
11714
12700
11715
12701
11688
11716
12702
11689
11717
12703
11690
11718
12704
11691
11719
12705
11692
11720
12706
11693
11721
12707
11694
11722
12708
11695
11723
12709
11696
11724
12710
11697
11725
12711
11698
11726
12712
11699
11727
12713
11700
11728
12714
11701
11729
12715
11702
11730
12716
11703
11731
12717
11704
11732
12718
11705
11733
12719
11706
11734
12720
11707
11735
12721
11708
11736
12722
11709
11737
12723
11710
11738
12724
11711
11739
12725
11712
11740
12726
11713
11741
12727
11714
11742
12728
11715
11743
12729
11744
12730
11717
11745
12731
11718
11746
12732
11719
11747
12733
11720
11748
12734
11721
11749
12735
11722
11750
12736
11723
11751
12737
11724
11752
12738
11725
11753
12739
11726
11754
12740
11727
11755
12741
11728
11756
12742
11729
11757
12743
11730
11758
12744
11731
11759
12745
11732
11760
12746
11733
11761
12747
11734
11762
12748
11735
11763
12749
11736
11764
12750
11737
11765
12751
11738
11766
12752
11739
11767
12753
11740
11768
12754
11741
11769
12755
11742
11770
12756
11743
11771
12757
11744
11772
12758
11773
12759
11746
11774
12760
11747
11775
12761
11748
11776
12762
11749
11777
12763
11750
11778
12764
11751
11779
12765
11752
11780
12766
11753
11781
12767
11754
11782
12768
11755
11783
12769
11756
11784
12770
11757
11785
12771
11758
11786
12772
11759
11787
12773
11760
11788
12774
11761
11789
12775
11762
11790
12776
11763
11791
12777
11764
11792
12778
11765
11793
12779
11766
11794
12780
11767
11795
12781
11768
11796
12782
11769
11797
12783
11770
11798
12784
11771
11799
12785
11772
11800
12786
11773
11801
12787
11802
12788
11775
11803
12789
11776
11804
12790
11777
11805
12791
11778
11806
12792
11779
11807
12793
11780
11808
12794
11781
11809
12795
11782
11810
12796
11783
11811
12797
11784
11812
12798
11785
11813
12799
11786
11814
12800
11787
11815
12801
11788
11816
12802
11789
11817
12803
11790
11818
12804
11791
11819
12805
11792
11820
12806
11793
11821
12807
11794
11822
12808
11795
11823
12809
11796
11824
12810
11797
11825
12811
11798
11826
12812
11799
11827
12813
11800
11828
12814
11801
11829
12815
11802
11830
12816
11831
12817
11804
11832
12818
11805
11833
12819
11806
11834
12820
11807
11835
12821
11808
11836
12822
11809
11837
12823
11810
11838
12824
11811
11839
12825
11812
11840
12826
11813
11841
12827
11814
11842
12828
11815
11843
12829
11816
11844
12830
11817
11845
12831
11818
11846
12832
11819
11847
12833
11820
11848
12834
11821
11849
12835
11822
11850
12836
11823
11851
12837
11824
11852
12838
11825
11853
12839
11826
11854
12840
11827
11855
12841
11828
11856
12842
11829
11857
12843
11830
11858
12844
11831
11859
12845
11860
12846
11833
11861
12847
11834
11862
12848
11835
11863
12849
11836
11864
12850
11837
11865
12851
11838
11866
12852
11839
11867
12853
11840
11868
12854
11841
11869
12855
11842
11870
12856
11843
11871
12857
11844
11872
12858
11845
11873
12859
11846
11874
12860
11847
11875
12861
11848
11876
12862
11849
11877
12863
11850
11878
12864
11851
11879
12865
11852
11880
12866
11853
11881
12867
11854
11882
12868
11855
11883
12869
11856
11884
12870
11857
11885
12871
11858
11886
12872
11859
11887
12873
11860
11888
12874
11889
12875
11862
11890
12876
11863
11891
12877
11864
11892
12878
11865
11893
12879
11866
11894
12880
11867
11895
12881
11868
11896
12882
11869
11897
12883
11870
11898
12884
11871
11899
12885
11872
11900
12886
11873
11901
12887
11874
11902
12888
11875
11903
12889
11876
11904
12890
11877
11905
12891
11878
11906
12892
11879
11907
12893
11880
11908
12894
11881
11909
12895
11882
11910
12896
11883
11911
12897
11884
11912
12898
11885
11913
12899
11886
11914
12900
11887
11915
12901
11888
11916
12902
11889
11917
12903
11918
12904
11891
11919
12905
11892
11920
12906
11893
11921
12907
11894
11922
12908
11895
11923
12909
11896
11924
12910
11897
11925
12911
11898
11926
12912
11899
11927
12913
11900
11928
12914
11901
11929
12915
11902
11930
12916
11903
11931
12917
11904
11932
12918
11905
11933
12919
11906
11934
12920
11907
11935
12921
11908
11936
12922
11909
11937
12923
11910
11938
12924
11911
11939
12925
11912
11940
12926
11913
11941
12927
11914
11942
12928
11915
11943
12929
11916
11944
12930
11917
11945
12931
11918
11946
12932
11947
12933
11920
11948
12934
11921
11949
12935
11922
11950
12936
11923
11951
12937
11924
11952
12938
11925
11953
12939
11926
11954
12940
11927
11955
12941
11928
11956
12942
11929
11957
12943
11930
11958
12944
11931
11959
12945
11932
11960
12946
11933
11961
12947
11934
11962
12948
11935
11963
12949
11936
11964
12950
11937
11965
12951
11938
11966
12952
11939
11967
12953
11940
11968
12954
11941
11969
12955
11942
11970
12956
11943
11971
12957
11944
11972
12958
11945
11973
12959
11946
11974
12960
11947
11975
12961
11976
12962
11949
11977
12963
11950
11978
12964
11951
11979
12965
11952
11980
12966
11953
11981
12967
11954
11982
12968
11955
11983
12969
11956
11984
12970
11957
11985
12971
11958
11986
12972
11959
11987
12973
11960
11988
12974
11961
11989
12975
11962
11990
12976
11963
11991
12977
11964
11992
12978
11965
11993
12979
11966
11994
12980
11967
11995
12981
11968
11996
12982
11969
11997
12983
11970
11998
12984
11971
11999
12985
11972
12000
12986
11973
12001
12987
11974
12002
12988
11975
12003
12989
11976
12004
12990
12005
12991
11978
12006
12992
11979
12007
12993
11980
12008
12994
11981
12009
12995
11982
12010
12996
11983
12011
12997
11984
12012
12998
11985
12013
12999
11986
12014
13000
11987
12015
13001
11988
12016
13002
11989
12017
13003
11990
12018
13004
11991
12019
13005
11992
12020
13006
11993
12021
13007
11994
12022
13008
11995
12023
13009
11996
12024
13010
11997
12025
13011
11998
12026
13012
11999
12027
13013
12000
12028
13014
12001
12029
13015
12002
12030
13016
12003
12031
13017
12004
12032
13018
12005
12033
13019
12034
13020
12007
12035
13021
12008
12036
13022
12009
12037
13023
12010
12038
13024
12011
12039
13025
12012
12040
13026
12013
12041
13027
12014
12042
13028
12015
12043
13029
12016
12044
13030
12017
12045
13031
12018
12046
13032
12019
12047
13033
12020
12048
13034
12021
12049
13035
12022
12050
13036
12023
12051
13037
12024
12052
13038
12025
12053
13039
12026
12054
13040
12027
12055
13041
12028
12056
13042
12029
12057
13043
12030
12058
13044
12031
12059
13045
12032
12060
13046
12033
12061
13047
12034
12062
13048
12063
13049
12036
12064
13050
12037
12065
13051
12038
12066
13052
12039
12067
13053
12040
12068
13054
12041
12069
13055
12042
12070
13056
12043
12071
13057
12044
12072
13058
12045
12073
13059
12046
12074
13060
12047
12075
13061
12048
12076
13062
12049
12077
13063
12050
12078
13064
12051
12079
13065
12052
12080
13066
12053
12081
13067
12054
12082
13068
12055
12083
13069
12056
12084
13070
12057
12085
13071
12058
12086
13072
12059
12087
13073
12060
12088
13074
12061
12089
13075
12062
12090
13076
12063
12091
13077
12092
13078
12065
12093
13079
12066
12094
13080
12067
12095
13081
12068
12096
13082
12069
12097
13083
12070
12098
13084
12071
12099
13085
12072
12100
13086
12073
12101
13087
12074
12102
13088
12075
12103
13089
12076
12104
13090
12077
12105
13091
12078
12106
13092
12079
12107
13093
12080
12108
13094
12081
12109
13095
12082
12110
13096
12083
12111
13097
12084
12112
13098
12085
12113
13099
12086
12114
13100
12087
12115
13101
12088
12116
13102
12089
12117
13103
12090
12118
13104
12091
12119
13105
12092
12120
13106
12121
13107
12094
12122
13108
12095
12123
13109
12096
12124
13110
12097
12125
13111
12098
12126
13112
12099
12127
13113
12100
12128
13114
12101
12129
13115
12102
12130
13116
12103
12131
13117
12104
12132
13118
12105
12133
13119
12106
12134
13120
12107
12135
13121
12108
12136
13122
12109
12137
13123
12110
12138
13124
12111
12139
13125
12112
12140
13126
12113
12141
13127
12114
12142
13128
12115
12143
13129
12116
12144
13130
12117
12145
13131
12118
12146
13132
12119
12147
13133
12120
12148
13134
12121
12149
13135
12150
13136
12123
12151
13137
12124
12152
13138
12125
12153
13139
12126
12154
13140
12127
12155
13141
12128
12156
13142
12129
12157
13143
12130
12158
13144
12131
12159
13145
12132
12160
13146
12133
12161
13147
12134
12162
13148
12135
12163
13149
12136
12164
13150
12137
12165
13151
12138
12166
13152
12139
12167
13153
12140
12168
13154
12141
12169
13155
12142
12170
13156
12143
12171
13157
12144
12172
13158
12145
12173
13159
12146
12174
13160
12147
12175
13161
12148
12176
13162
12149
12177
13163
12150
12178
13164
12179
13165
12152
13166
12153
13167
12154
13168
12155
13169
12156
13170
12157
13171
12158
13172
12159
13173
12160
13174
12161
13175
12162
13176
12163
13177
12164
13178
12165
13179
12166
13180
12167
13181
12168
13182
12169
13183
12170
13184
12171
13185
12172
13186
12173
13187
12174
13188
12175
13189
12176
13190
12177
13191
12178
13192
12179
13193
13194
12181
12209
13195
12182
12210
13196
12183
12211
13197
12184
12212
13198
12185
12213
13199
12186
12214
13200
12187
12215
13201
12188
12216
13202
12189
12217
13203
12190
12218
13204
12191
12219
13205
12192
12220
13206
12193
12221
13207
12194
12222
13208
12195
12223
13209
12196
12224
13210
12197
12225
13211
12198
12226
13212
12199
12227
13213
12200
12228
13214
12201
12229
13215
12202
12230
13216
12203
12231
13217
12204
12232
13218
12205
12233
13219
12206
12234
13220
12207
12235
13221
12208
12236
13222
12237
13223
12210
12238
13224
12211
12239
13225
12212
12240
13226
12213
12241
13227
12214
12242
13228
12215
12243
13229
12216
12244
13230
12217
12245
13231
12218
12246
13232
12219
12247
13233
12220
12248
13234
12221
12249
13235
12222
12250
13236
12223
12251
13237
12224
12252
13238
12225
12253
13239
12226
12254
13240
12227
12255
13241
12228
12256
13242
12229
12257
13243
12230
12258
13244
12231
12259
13245
12232
12260
13246
12233
12261
13247
12234
12262
13248
12235
12263
13249
12236
12264
13250
12237
12265
13251
12266
13252
12239
12267
13253
12240
12268
13254
12241
12269
13255
12242
12270
13256
12243
12271
13257
12244
12272
13258
12245
12273
13259
12246
12274
13260
12247
12275
13261
12248
12276
13262
12249
12277
13263
12250
12278
13264
12251
12279
13265
12252
12280
13266
12253
12281
13267
12254
12282
13268
12255
12283
13269
12256
12284
13270
12257
12285
13271
12258
12286
13272
12259
12287
13273
12260
12288
13274
12261
12289
13275
12262
12290
13276
12263
12291
13277
12264
12292
13278
12265
12293
13279
12266
12294
13280
12295
13281
12268
12296
13282
12269
12297
13283
12270
12298
13284
12271
12299
13285
12272
12300
13286
12273
12301
13287
12274
12302
13288
12275
12303
13289
12276
12304
13290
12277
12305
13291
12278
12306
13292
12279
12307
13293
12280
12308
13294
12281
12309
13295
12282
12310
13296
12283
12311
13297
12284
12312
13298
12285
12313
13299
12286
12314
13300
12287
12315
13301
12288
12316
13302
12289
12317
13303
12290
12318
13304
12291
12319
13305
12292
12320
13306
12293
12321
13307
12294
12322
13308
12295
12323
13309
12324
13310
12297
12325
13311
12298
12326
13312
12299
12327
13313
12300
12328
13314
12301
12329
13315
12302
12330
13316
12303
12331
13317
12304
12332
13318
12305
12333
13319
12306
12334
13320
12307
12335
13321
12308
12336
13322
12309
12337
13323
12310
12338
13324
12311
12339
13325
12312
12340
13326
12313
12341
13327
12314
12342
13328
12315
12343
13329
12316
12344
13330
12317
12345
13331
12318
12346
13332
12319
12347
13333
12320
12348
13334
12321
12349
13335
12322
12350
13336
12323
12351
13337
12324
12352
13338
12353
13339
12326
12354
13340
12327
12355
13341
12328
12356
13342
12329
12357
13343
12330
12358
13344
12331
12359
13345
12332
12360
13346
12333
12361
13347
12334
12362
13348
12335
12363
13349
12336
12364
13350
12337
12365
13351
12338
12366
13352
12339
12367
13353
12340
12368
13354
12341
12369
13355
12342
12370
13356
12343
12371
13357
12344
12372
13358
12345
12373
13359
12346
12374
13360
12347
12375
13361
12348
12376
13362
12349
12377
13363
12350
12378
13364
12351
12379
13365
12352
12380
13366
12353
12381
13367
12382
13368
12355
12383
13369
12356
12384
13370
12357
12385
13371
12358
12386
13372
12359
12387
13373
12360
12388
13374
12361
12389
13375
12362
12390
13376
12363
12391
13377
12364
12392
13378
12365
12393
13379
12366
12394
13380
12367
12395
13381
12368
12396
13382
12369
12397
13383
12370
12398
13384
12371
12399
13385
12372
12400
13386
12373
12401
13387
12374
12402
13388
12375
12403
13389
12376
12404
13390
12377
12405
13391
12378
12406
13392
12379
12407
13393
12380
12408
13394
12381
12409
13395
12382
12410
13396
12411
13397
12384
12412
13398
12385
12413
13399
12386
12414
13400
12387
12415
13401
12388
12416
13402
12389
12417
13403
12390
12418
13404
12391
12419
13405
12392
12420
13406
12393
12421
13407
12394
12422
13408
12395
12423
13409
12396
12424
13410
12397
12425
13411
12398
12426
13412
12399
12427
13413
12400
12428
13414
12401
12429
13415
12402
12430
13416
12403
12431
13417
12404
12432
13418
12405
12433
13419
12406
12434
13420
12407
12435
13421
12408
12436
13422
12409
12437
13423
12410
12438
13424
12411
12439
13425
12440
13426
12413
12441
13427
12414
12442
13428
12415
12443
13429
12416
12444
13430
12417
12445
13431
12418
12446
13432
12419
12447
13433
12420
12448
13434
12421
12449
13435
12422
12450
13436
12423
12451
13437
12424
12452
13438
12425
12453
13439
12426
12454
13440
12427
12455
13441
12428
12456
13442
12429
12457
13443
12430
12458
13444
12431
12459
13445
12432
12460
13446
12433
12461
13447
12434
12462
13448
12435
12463
13449
12436
12464
13450
12437
12465
13451
12438
12466
13452
12439
12467
13453
12440
12468
13454
12469
13455
12442
12470
13456
12443
12471
13457
12444
12472
13458
12445
12473
13459
12446
12474
13460
12447
12475
13461
12448
12476
13462
12449
12477
13463
12450
12478
13464
12451
12479
13465
12452
12480
13466
12453
12481
13467
12454
12482
13468
12455
12483
13469
12456
12484
13470
12457
12485
13471
12458
12486
13472
12459
12487
13473
12460
12488
13474
12461
12489
13475
12462
12490
13476
12463
12491
13477
12464
12492
13478
12465
12493
13479
12466
12494
13480
12467
12495
13481
12468
12496
13482
12469
12497
13483
12498
13484
12471
12499
13485
12472
12500
13486
12473
12501
13487
12474
12502
13488
12475
12503
13489
12476
12504
13490
12477
12505
13491
12478
12506
13492
12479
12507
13493
12480
12508
13494
12481
12509
13495
12482
12510
13496
12483
12511
13497
12484
12512
13498
12485
12513
13499
12486
12514
13500
12487
12515
13501
12488
12516
13502
12489
12517
13503
12490
12518
13504
12491
12519
13505
12492
12520
13506
12493
12521
13507
12494
12522
13508
12495
12523
13509
12496
12524
13510
12497
12525
13511
12498
12526
13512
12527
13513
12500
12528
13514
12501
12529
13515
12502
12530
13516
12503
12531
13517
12504
12532
13518
12505
12533
13519
12506
12534
13520
12507
12535
13521
12508
12536
13522
12509
12537
13523
12510
12538
13524
12511
12539
13525
12512
12540
13526
12513
12541
13527
12514
12542
13528
12515
12543
13529
12516
12544
13530
12517
12545
13531
12518
12546
13532
12519
12547
13533
12520
12548
13534
12521
12549
13535
12522
12550
13536
12523
12551
13537
12524
12552
13538
12525
12553
13539
12526
12554
13540
12527
12555
13541
12556
13542
12529
12557
13543
12530
12558
13544
12531
12559
13545
12532
12560
13546
12533
12561
13547
12534
12562
13548
12535
12563
13549
12536
12564
13550
12537
12565
13551
12538
12566
13552
12539
12567
13553
12540
12568
13554
12541
12569
13555
12542
12570
13556
12543
12571
13557
12544
12572
13558
12545
12573
13559
12546
12574
13560
12547
12575
13561
12548
12576
13562
12549
12577
13563
12550
12578
13564
12551
12579
13565
12552
12580
13566
12553
12581
13567
12554
12582
13568
12555
12583
13569
12556
12584
13570
12585
13571
12558
12586
13572
12559
12587
13573
12560
12588
13574
12561
12589
13575
12562
12590
13576
12563
12591
13577
12564
12592
13578
12565
12593
13579
12566
12594
13580
12567
12595
13581
12568
12596
13582
12569
12597
13583
12570
12598
13584
12571
12599
13585
12572
12600
13586
12573
12601
13587
12574
12602
13588
12575
12603
13589
12576
12604
13590
12577
12605
13591
12578
12606
13592
12579
12607
13593
12580
12608
13594
12581
12609
13595
12582
12610
13596
12583
12611
13597
12584
12612
13598
12585
12613
13599
12614
13600
12587
12615
13601
12588
12616
13602
12589
12617
13603
12590
12618
13604
12591
12619
13605
12592
12620
13606
12593
12621
13607
12594
12622
13608
12595
12623
13609
12596
12624
13610
12597
12625
13611
12598
12626
13612
12599
12627
13613
12600
12628
13614
12601
12629
13615
12602
12630
13616
12603
12631
13617
12604
12632
13618
12605
12633
13619
12606
12634
13620
12607
12635
13621
12608
12636
13622
12609
12637
13623
12610
12638
13624
12611
12639
13625
12612
12640
13626
12613
12641
13627
12614
12642
13628
12643
13629
12616
12644
13630
12617
12645
13631
12618
12646
13632
12619
12647
13633
12620
12648
13634
12621
12649
13635
12622
12650
13636
12623
12651
13637
12624
12652
13638
12625
12653
13639
12626
12654
13640
12627
12655
13641
12628
12656
13642
12629
12657
13643
12630
12658
13644
12631
12659
13645
12632
12660
13646
12633
12661
13647
12634
12662
13648
12635
12663
13649
12636
12664
13650
12637
12665
13651
12638
12666
13652
12639
12667
13653
12640
12668
13654
12641
12669
13655
12642
12670
13656
12643
12671
13657
12672
13658
12645
12673
13659
12646
12674
13660
12647
12675
13661
12648
12676
13662
12649
12677
13663
12650
12678
13664
12651
12679
13665
12652
12680
13666
12653
12681
13667
12654
12682
13668
12655
12683
13669
12656
12684
13670
12657
12685
13671
12658
12686
13672
12659
12687
13673
12660
12688
13674
12661
12689
13675
12662
12690
13676
12663
12691
13677
12664
12692
13678
12665
12693
13679
12666
12694
13680
12667
12695
13681
12668
12696
13682
12669
12697
13683
12670
12698
13684
12671
12699
13685
12672
12700
13686
12701
13687
12674
12702
13688
12675
12703
13689
12676
12704
13690
12677
12705
13691
12678
12706
13692
12679
12707
13693
12680
12708
13694
12681
12709
13695
12682
12710
13696
12683
12711
13697
12684
12712
13698
12685
12713
13699
12686
12714
13700
12687
12715
13701
12688
12716
13702
12689
12717
13703
12690
12718
13704
12691
12719
13705
12692
12720
13706
12693
12721
13707
12694
12722
13708
12695
12723
13709
12696
12724
13710
12697
12725
13711
12698
12726
13712
12699
12727
13713
12700
12728
13714
12701
12729
13715
12730
13716
12703
12731
13717
12704
12732
13718
12705
12733
13719
12706
12734
13720
12707
12735
13721
12708
12736
13722
12709
12737
13723
12710
12738
13724
12711
12739
13725
12712
12740
13726
12713
12741
13727
12714
12742
13728
12715
12743
13729
12716
12744
13730
12717
12745
13731
12718
12746
13732
12719
12747
13733
12720
12748
13734
12721
12749
13735
12722
12750
13736
12723
12751
13737
12724
12752
13738
12725
12753
13739
12726
12754
13740
12727
12755
13741
12728
12756
13742
12729
12757
13743
12730
12758
13744
12759
13745
12732
12760
13746
12733
12761
13747
12734
12762
13748
12735
12763
13749
12736
12764
13750
12737
12765
13751
12738
12766
13752
12739
12767
13753
12740
12768
13754
12741
12769
13755
12742
12770
13756
12743
12771
13757
12744
12772
13758
12745
12773
13759
12746
12774
13760
12747
12775
13761
12748
12776
13762
12749
12777
13763
12750
12778
13764
12751
12779
13765
12752
12780
13766
12753
12781
13767
12754
12782
13768
12755
12783
13769
12756
12784
13770
12757
12785
13771
12758
12786
13772
12759
12787
13773
12788
13774
12761
12789
13775
12762
12790
13776
12763
12791
13777
12764
12792
13778
12765
12793
13779
12766
12794
13780
12767
12795
13781
12768
12796
13782
12769
12797
13783
12770
12798
13784
12771
12799
13785
12772
12800
13786
12773
12801
13787
12774
12802
13788
12775
12803
13789
12776
12804
13790
12777
12805
13791
12778
12806
13792
12779
12807
13793
12780
12808
13794
12781
12809
13795
12782
12810
13796
12783
12811
13797
12784
12812
13798
12785
12813
13799
12786
12814
13800
12787
12815
13801
12788
12816
13802
12817
13803
12790
12818
13804
12791
12819
13805
12792
12820
13806
12793
12821
13807
12794
12822
13808
12795
12823
13809
12796
12824
13810
12797
12825
13811
12798
12826
13812
12799
12827
13813
12800
12828
13814
12801
12829
13815
12802
12830
13816
12803
12831
13817
12804
12832
13818
12805
12833
13819
12806
12834
13820
12807
12835
13821
12808
12836
13822
12809
12837
13823
12810
12838
13824
12811
12839
13825
12812
12840
13826
12813
12841
13827
12814
12842
13828
12815
12843
13829
12816
12844
13830
12817
12845
13831
12846
13832
12819
12847
13833
12820
12848
13834
12821
12849
13835
12822
12850
13836
12823
12851
13837
12824
12852
13838
12825
12853
13839
12826
12854
13840
12827
12855
13841
12828
12856
13842
12829
12857
13843
12830
12858
13844
12831
12859
13845
12832
12860
13846
12833
12861
13847
12834
12862
13848
12835
12863
13849
12836
12864
13850
12837
12865
13851
12838
12866
13852
12839
12867
13853
12840
12868
13854
12841
12869
13855
12842
12870
13856
12843
12871
13857
12844
12872
13858
12845
12873
13859
12846
12874
13860
12875
13861
12848
12876
13862
12849
12877
13863
12850
12878
13864
12851
12879
13865
12852
12880
13866
12853
12881
13867
12854
12882
13868
12855
12883
13869
12856
12884
13870
12857
12885
13871
12858
12886
13872
12859
12887
13873
12860
12888
13874
12861
12889
13875
12862
12890
13876
12863
12891
13877
12864
12892
13878
12865
12893
13879
12866
12894
13880
12867
12895
13881
12868
12896
13882
12869
12897
13883
12870
12898
13884
12871
12899
13885
12872
12900
13886
12873
12901
13887
12874
12902
13888
12875
12903
13889
12904
13890
12877
12905
13891
12878
12906
13892
12879
12907
13893
12880
12908
13894
12881
12909
13895
12882
12910
13896
12883
12911
13897
12884
12912
13898
12885
12913
13899
12886
12914
13900
12887
12915
13901
12888
12916
13902
12889
12917
13903
12890
12918
13904
12891
12919
13905
12892
12920
13906
12893
12921
13907
12894
12922
13908
12895
12923
13909
12896
12924
13910
12897
12925
13911
12898
12926
13912
12899
12927
13913
12900
12928
13914
12901
12929
13915
12902
12930
13916
12903
12931
13917
12904
12932
13918
12933
13919
12906
12934
13920
12907
12935
13921
12908
12936
13922
12909
12937
13923
12910
12938
13924
12911
12939
13925
12912
12940
13926
12913
12941
13927
12914
12942
13928
12915
12943
13929
12916
12944
13930
12917
12945
13931
12918
12946
13932
12919
12947
13933
12920
12948
13934
12921
12949
13935
12922
12950
13936
12923
12951
13937
12924
12952
13938
12925
12953
13939
12926
12954
13940
12927
12955
13941
12928
12956
13942
12929
12957
13943
12930
12958
13944
12931
12959
13945
12932
12960
13946
12933
12961
13947
12962
13948
12935
12963
13949
12936
12964
13950
12937
12965
13951
12938
12966
13952
12939
12967
13953
12940
12968
13954
12941
12969
13955
12942
12970
13956
12943
12971
13957
12944
12972
13958
12945
12973
13959
12946
12974
13960
12947
12975
13961
12948
12976
13962
12949
12977
13963
12950
12978
13964
12951
12979
13965
12952
12980
13966
12953
12981
13967
12954
12982
13968
12955
12983
13969
12956
12984
13970
12957
12985
13971
12958
12986
13972
12959
12987
13973
12960
12988
13974
12961
12989
13975
12962
12990
13976
12991
13977
12964
12992
13978
12965
12993
13979
12966
12994
13980
12967
12995
13981
12968
12996
13982
12969
12997
13983
12970
12998
13984
12971
12999
13985
12972
13000
13986
12973
13001
13987
12974
13002
13988
12975
13003
13989
12976
13004
13990
12977
13005
13991
12978
13006
13992
12979
13007
13993
12980
13008
13994
12981
13009
13995
12982
13010
13996
12983
13011
13997
12984
13012
13998
12985
13013
13999
12986
13014
14000
12987
13015
14001
12988
13016
14002
12989
13017
14003
12990
13018
14004
12991
13019
14005
13020
14006
12993
13021
14007
12994
13022
14008
12995
13023
14009
12996
13024
14010
12997
13025
14011
12998
13026
14012
12999
13027
14013
13000
13028
14014
13001
13029
14015
13002
13030
14016
13003
13031
14017
13004
13032
14018
13005
13033
14019
13006
13034
14020
13007
13035
14021
13008
13036
14022
13009
13037
14023
13010
13038
14024
13011
13039
14025
13012
13040
14026
13013
13041
14027
13014
13042
14028
13015
13043
14029
13016
13044
14030
13017
13045
14031
13018
13046
14032
13019
13047
14033
13020
13048
14034
13049
14035
13022
13050
14036
13023
13051
14037
13024
13052
14038
13025
13053
14039
13026
13054
14040
13027
13055
14041
13028
13056
14042
13029
13057
14043
13030
13058
14044
13031
13059
14045
13032
13060
14046
13033
13061
14047
13034
13062
14048
13035
13063
14049
13036
13064
14050
13037
13065
14051
13038
13066
14052
13039
13067
14053
13040
13068
14054
13041
13069
14055
13042
13070
14056
13043
13071
14057
13044
13072
14058
13045
13073
14059
13046
13074
14060
13047
13075
14061
13048
13076
14062
13049
13077
14063
13078
14064
13051
13079
14065
13052
13080
14066
13053
13081
14067
13054
13082
14068
13055
13083
14069
13056
13084
14070
13057
13085
14071
13058
13086
14072
13059
13087
14073
13060
13088
14074
13061
13089
14075
13062
13090
14076
13063
13091
14077
13064
13092
14078
13065
13093
14079
13066
13094
14080
13067
13095
14081
13068
13096
14082
13069
13097
14083
13070
13098
14084
13071
13099
14085
13072
13100
14086
13073
13101
14087
13074
13102
14088
13075
13103
14089
13076
13104
14090
13077
13105
14091
13078
13106
14092
13107
14093
13080
13108
14094
13081
13109
14095
13082
13110
14096
13083
13111
14097
13084
13112
14098
13085
13113
14099
13086
13114
14100
13087
13115
14101
13088
13116
14102
13089
13117
14103
13090
13118
14104
13091
13119
14105
13092
13120
14106
13093
13121
14107
13094
13122
14108
13095
13123
14109
13096
13124
14110
13097
13125
14111
13098
13126
14112
13099
13127
14113
13100
13128
14114
13101
13129
14115
13102
13130
14116
13103
13131
14117
13104
13132
14118
13105
13133
14119
13106
13134
14120
13107
13135
14121
13136
14122
13109
13137
14123
13110
13138
14124
13111
13139
14125
13112
13140
14126
13113
13141
14127
13114
13142
14128
13115
13143
14129
13116
13144
14130
13117
13145
14131
13118
13146
14132
13119
13147
14133
13120
13148
14134
13121
13149
14135
13122
13150
14136
13123
13151
14137
13124
13152
14138
13125
13153
14139
13126
13154
14140
13127
13155
14141
13128
13156
14142
13129
13157
14143
13130
13158
14144
13131
13159
14145
13132
13160
14146
13133
13161
14147
13134
13162
14148
13135
13163
14149
13136
13164
14150
13165
14151
13138
13166
14152
13139
13167
14153
13140
13168
14154
13141
13169
14155
13142
13170
14156
13143
13171
14157
13144
13172
14158
13145
13173
14159
13146
13174
14160
13147
13175
14161
13148
13176
14162
13149
13177
14163
13150
13178
14164
13151
13179
14165
13152
13180
14166
13153
13181
14167
13154
13182
14168
13155
13183
14169
13156
13184
14170
13157
13185
14171
13158
13186
14172
13159
13187
14173
13160
13188
14174
13161
13189
14175
13162
13190
14176
13163
13191
14177
13164
13192
14178
13165
13193
14179
13194
14180
13167
14181
13168
14182
13169
14183
13170
14184
13171
14185
13172
14186
13173
14187
13174
14188
13175
14189
13176
14190
13177
14191
13178
14192
13179
14193
13180
14194
13181
14195
13182
14196
13183
14197
13184
14198
13185
14199
13186
14200
13187
14201
13188
14202
13189
14203
13190
14204
13191
14205
13192
14206
13193
14207
13194
14208
14209
13196
13224
14210
13197
13225
14211
13198
13226
14212
13199
13227
14213
13200
13228
14214
13201
13229
14215
13202
13230
14216
13203
13231
14217
13204
13232
14218
13205
13233
14219
13206
13234
14220
13207
13235
14221
13208
13236
14222
13209
13237
14223
13210
13238
14224
13211
13239
14225
13212
13240
14226
13213
13241
14227
13214
13242
14228
13215
13243
14229
13216
13244
14230
13217
13245
14231
13218
13246
14232
13219
13247
14233
13220
13248
14234
13221
13249
14235
13222
13250
14236
13223
13251
14237
13252
14238
13225
13253
14239
13226
13254
14240
13227
13255
14241
13228
13256
14242
13229
13257
14243
13230
13258
14244
13231
13259
14245
13232
13260
14246
13233
13261
14247
13234
13262
14248
13235
13263
14249
13236
13264
14250
13237
13265
14251
13238
13266
14252
13239
13267
14253
13240
13268
14254
13241
13269
14255
13242
13270
14256
13243
13271
14257
13244
13272
14258
13245
13273
14259
13246
13274
14260
13247
13275
14261
13248
13276
14262
13249
13277
14263
13250
13278
14264
13251
13279
14265
13252
13280
14266
13281
14267
13254
13282
14268
13255
13283
14269
13256
13284
14270
13257
13285
14271
13258
13286
14272
13259
13287
14273
13260
13288
14274
13261
13289
14275
13262
13290
14276
13263
13291
14277
13264
13292
14278
13265
13293
14279
13266
13294
14280
13267
13295
14281
13268
13296
14282
13269
13297
14283
13270
13298
14284
13271
13299
14285
13272
13300
14286
13273
13301
14287
13274
13302
14288
13275
13303
14289
13276
13304
14290
13277
13305
14291
13278
13306
14292
13279
13307
14293
13280
13308
14294
13281
13309
14295
13310
14296
13283
13311
14297
13284
13312
14298
13285
13313
14299
13286
13314
14300
13287
13315
14301
13288
13316
14302
13289
13317
14303
13290
13318
14304
13291
13319
14305
13292
13320
14306
13293
13321
14307
13294
13322
14308
13295
13323
14309
13296
13324
14310
13297
13325
14311
13298
13326
14312
13299
13327
14313
13300
13328
14314
13301
13329
14315
13302
13330
14316
13303
13331
14317
13304
13332
14318
13305
13333
14319
13306
13334
14320
13307
13335
14321
13308
13336
14322
13309
13337
14323
13310
13338
14324
13339
14325
13312
13340
14326
13313
13341
14327
13314
13342
14328
13315
13343
14329
13316
13344
14330
13317
13345
14331
13318
13346
14332
13319
13347
14333
13320
13348
14334
13321
13349
14335
13322
13350
14336
13323
13351
14337
13324
13352
14338
13325
13353
14339
13326
13354
14340
13327
13355
14341
13328
13356
14342
13329
13357
14343
13330
13358
14344
13331
13359
14345
13332
13360
14346
13333
13361
14347
13334
13362
14348
13335
13363
14349
13336
13364
14350
13337
13365
14351
13338
13366
14352
13339
13367
14353
13368
14354
13341
13369
14355
13342
13370
14356
13343
13371
14357
13344
13372
14358
13345
13373
14359
13346
13374
14360
13347
13375
14361
13348
13376
14362
13349
13377
14363
13350
13378
14364
13351
13379
14365
13352
13380
14366
13353
13381
14367
13354
13382
14368
13355
13383
14369
13356
13384
14370
13357
13385
14371
13358
13386
14372
13359
13387
14373
13360
13388
14374
13361
13389
14375
13362
13390
14376
13363
13391
14377
13364
13392
14378
13365
13393
14379
13366
13394
14380
13367
13395
14381
13368
13396
14382
13397
14383
13370
13398
14384
13371
13399
14385
13372
13400
14386
13373
13401
14387
13374
13402
14388
13375
13403
14389
13376
13404
14390
13377
13405
14391
13378
13406
14392
13379
13407
14393
13380
13408
14394
13381
13409
14395
13382
13410
14396
13383
13411
14397
13384
13412
14398
13385
13413
14399
13386
13414
14400
13387
13415
14401
13388
13416
14402
13389
13417
14403
13390
13418
14404
13391
13419
14405
13392
13420
14406
13393
13421
14407
13394
13422
14408
13395
13423
14409
13396
13424
14410
13397
13425
14411
13426
14412
13399
13427
14413
13400
13428
14414
13401
13429
14415
13402
13430
14416
13403
13431
14417
13404
13432
14418
13405
13433
14419
13406
13434
14420
13407
13435
14421
13408
13436
14422
13409
13437
14423
13410
13438
14424
13411
13439
14425
13412
13440
14426
13413
13441
14427
13414
13442
14428
13415
13443
14429
13416
13444
14430
13417
13445
14431
13418
13446
14432
13419
13447
14433
13420
13448
14434
13421
13449
14435
13422
13450
14436
13423
13451
14437
13424
13452
14438
13425
13453
14439
13426
13454
14440
13455
14441
13428
13456
14442
13429
13457
14443
13430
13458
14444
13431
13459
14445
13432
13460
14446
13433
13461
14447
13434
13462
14448
13435
13463
14449
13436
13464
14450
13437
13465
14451
13438
13466
14452
13439
13467
14453
13440
13468
14454
13441
13469
14455
13442
13470
14456
13443
13471
14457
13444
13472
14458
13445
13473
14459
13446
13474
14460
13447
13475
14461
13448
13476
14462
13449
13477
14463
13450
13478
14464
13451
13479
14465
13452
13480
14466
13453
13481
14467
13454
13482
14468
13455
13483
14469
13484
14470
13457
13485
14471
13458
13486
14472
13459
13487
14473
13460
13488
14474
13461
13489
14475
13462
13490
14476
13463
13491
14477
13464
13492
14478
13465
13493
14479
13466
13494
14480
13467
13495
14481
13468
13496
14482
13469
13497
14483
13470
13498
14484
13471
13499
14485
13472
13500
14486
13473
13501
14487
13474
13502
14488
13475
13503
14489
13476
13504
14490
13477
13505
14491
13478
13506
14492
13479
13507
14493
13480
13508
14494
13481
13509
14495
13482
13510
14496
13483
13511
14497
13484
13512
14498
13513
14499
13486
13514
14500
13487
13515
14501
13488
13516
14502
13489
13517
14503
13490
13518
14504
13491
13519
14505
13492
13520
14506
13493
13521
14507
13494
13522
14508
13495
13523
14509
13496
13524
14510
13497
13525
14511
13498
13526
14512
13499
13527
14513
13500
13528
14514
13501
13529
14515
13502
13530
14516
13503
13531
14517
13504
13532
14518
13505
13533
14519
13506
13534
14520
13507
13535
14521
13508
13536
14522
13509
13537
14523
13510
13538
14524
13511
13539
14525
13512
13540
14526
13513
13541
14527
13542
14528
13515
13543
14529
13516
13544
14530
13517
13545
14531
13518
13546
14532
13519
13547
14533
13520
13548
14534
13521
13549
14535
13522
13550
14536
13523
13551
14537
13524
13552
14538
13525
13553
14539
13526
13554
14540
13527
13555
14541
13528
13556
14542
13529
13557
14543
13530
13558
14544
13531
13559
14545
13532
13560
14546
13533
13561
14547
13534
13562
14548
13535
13563
14549
13536
13564
14550
13537
13565
14551
13538
13566
14552
13539
13567
14553
13540
13568
14554
13541
13569
14555
13542
13570
14556
13571
14557
13544
13572
14558
13545
13573
14559
13546
13574
14560
13547
13575
14561
13548
13576
14562
13549
13577
14563
13550
13578
14564
13551
13579
14565
13552
13580
14566
13553
13581
14567
13554
13582
14568
13555
13583
14569
13556
13584
14570
13557
13585
14571
13558
13586
14572
13559
13587
14573
13560
13588
14574
13561
13589
14575
13562
13590
14576
13563
13591
14577
13564
13592
14578
13565
13593
14579
13566
13594
14580
13567
13595
14581
13568
13596
14582
13569
13597
14583
13570
13598
14584
13571
13599
14585
13600
14586
13573
13601
14587
13574
13602
14588
13575
13603
14589
13576
13604
14590
13577
13605
14591
13578
13606
14592
13579
13607
14593
13580
13608
14594
13581
13609
14595
13582
13610
14596
13583
13611
14597
13584
13612
14598
13585
13613
14599
13586
13614
14600
13587
13615
14601
13588
13616
14602
13589
13617
14603
13590
13618
14604
13591
13619
14605
13592
13620
14606
13593
13621
14607
13594
13622
14608
13595
13623
14609
13596
13624
14610
13597
13625
14611
13598
13626
14612
13599
13627
14613
13600
13628
14614
13629
14615
13602
13630
14616
13603
13631
14617
13604
13632
14618
13605
13633
14619
13606
13634
14620
13607
13635
14621
13608
13636
14622
13609
13637
14623
13610
13638
14624
13611
13639
14625
13612
13640
14626
13613
13641
14627
13614
13642
14628
13615
13643
14629
13616
13644
14630
13617
13645
14631
13618
13646
14632
13619
13647
14633
13620
13648
14634
13621
13649
14635
13622
13650
14636
13623
13651
14637
13624
13652
14638
13625
13653
14639
13626
13654
14640
13627
13655
14641
13628
13656
14642
13629
13657
14643
13658
14644
13631
13659
14645
13632
13660
14646
13633
13661
14647
13634
13662
14648
13635
13663
14649
13636
13664
14650
13637
13665
14651
13638
13666
14652
13639
13667
14653
13640
13668
14654
13641
13669
14655
13642
13670
14656
13643
13671
14657
13644
13672
14658
13645
13673
14659
13646
13674
14660
13647
13675
14661
13648
13676
14662
13649
13677
14663
13650
13678
14664
13651
13679
14665
13652
13680
14666
13653
13681
14667
13654
13682
14668
13655
13683
14669
13656
13684
14670
13657
13685
14671
13658
13686
14672
13687
14673
13660
13688
14674
13661
13689
14675
13662
13690
14676
13663
13691
14677
13664
13692
14678
13665
13693
14679
13666
13694
14680
13667
13695
14681
13668
13696
14682
13669
13697
14683
13670
13698
14684
13671
13699
14685
13672
13700
14686
13673
13701
14687
13674
13702
14688
13675
13703
14689
13676
13704
14690
13677
13705
14691
13678
13706
14692
13679
13707
14693
13680
13708
14694
13681
13709
14695
13682
13710
14696
13683
13711
14697
13684
13712
14698
13685
13713
14699
13686
13714
14700
13687
13715
14701
13716
14702
13689
13717
14703
13690
13718
14704
13691
13719
14705
13692
13720
14706
13693
13721
14707
13694
13722
14708
13695
13723
14709
13696
13724
14710
13697
13725
14711
13698
13726
14712
13699
13727
14713
13700
13728
14714
13701
13729
14715
13702
13730
14716
13703
13731
14717
13704
13732
14718
13705
13733
14719
13706
13734
14720
13707
13735
14721
13708
13736
14722
13709
13737
14723
13710
13738
14724
13711
13739
14725
13712
13740
14726
13713
13741
14727
13714
13742
14728
13715
13743
14729
13716
13744
14730
13745
14731
13718
13746
14732
13719
13747
14733
13720
13748
14734
13721
13749
14735
13722
13750
14736
13723
13751
14737
13724
13752
14738
13725
13753
14739
13726
13754
14740
13727
13755
14741
13728
13756
14742
13729
13757
14743
13730
13758
14744
13731
13759
14745
13732
13760
14746
13733
13761
14747
13734
13762
14748
13735
13763
14749
13736
13764
14750
13737
13765
14751
13738
13766
14752
13739
13767
14753
13740
13768
14754
13741
13769
14755
13742
13770
14756
13743
13771
14757
13744
13772
14758
13745
13773
14759
13774
14760
13747
13775
14761
13748
13776
14762
13749
13777
14763
13750
13778
14764
13751
13779
14765
13752
13780
14766
13753
13781
14767
13754
13782
14768
13755
13783
14769
13756
13784
14770
13757
13785
14771
13758
13786
14772
13759
13787
14773
13760
13788
14774
13761
13789
14775
13762
13790
14776
13763
13791
14777
13764
13792
14778
13765
13793
14779
13766
13794
14780
13767
13795
14781
13768
13796
14782
13769
13797
14783
13770
13798
14784
13771
13799
14785
13772
13800
14786
13773
13801
14787
13774
13802
14788
13803
14789
13776
13804
14790
13777
13805
14791
13778
13806
14792
13779
13807
14793
13780
13808
14794
13781
13809
14795
13782
13810
14796
13783
13811
14797
13784
13812
14798
13785
13813
14799
13786
13814
14800
13787
13815
14801
13788
13816
14802
13789
13817
14803
13790
13818
14804
13791
13819
14805
13792
13820
14806
13793
13821
14807
13794
13822
14808
13795
13823
14809
13796
13824
14810
13797
13825
14811
13798
13826
14812
13799
13827
14813
13800
13828
14814
13801
13829
14815
13802
13830
14816
13803
13831
14817
13832
14818
13805
13833
14819
13806
13834
14820
13807
13835
14821
13808
13836
14822
13809
13837
14823
13810
13838
14824
13811
13839
14825
13812
13840
14826
13813
13841
14827
13814
13842
14828
13815
13843
14829
13816
13844
14830
13817
13845
14831
13818
13846
14832
13819
13847
14833
13820
13848
14834
13821
13849
14835
13822
13850
14836
13823
13851
14837
13824
13852
14838
13825
13853
14839
13826
13854
14840
13827
13855
14841
13828
13856
14842
13829
13857
14843
13830
13858
14844
13831
13859
14845
13832
13860
14846
13861
14847
13834
13862
14848
13835
13863
14849
13836
13864
14850
13837
13865
14851
13838
13866
14852
13839
13867
14853
13840
13868
14854
13841
13869
14855
13842
13870
14856
13843
13871
14857
13844
13872
14858
13845
13873
14859
13846
13874
14860
13847
13875
14861
13848
13876
14862
13849
13877
14863
13850
13878
14864
13851
13879
14865
13852
13880
14866
13853
13881
14867
13854
13882
14868
13855
13883
14869
13856
13884
14870
13857
13885
14871
13858
13886
14872
13859
13887
14873
13860
13888
14874
13861
13889
14875
13890
14876
13863
13891
14877
13864
13892
14878
13865
13893
14879
13866
13894
14880
13867
13895
14881
13868
13896
14882
13869
13897
14883
13870
13898
14884
13871
13899
14885
13872
13900
14886
13873
13901
14887
13874
13902
14888
13875
13903
14889
13876
13904
14890
13877
13905
14891
13878
13906
14892
13879
13907
14893
13880
13908
14894
13881
13909
14895
13882
13910
14896
13883
13911
14897
13884
13912
14898
13885
13913
14899
13886
13914
14900
13887
13915
14901
13888
13916
14902
13889
13917
14903
13890
13918
14904
13919
14905
13892
13920
14906
13893
13921
14907
13894
13922
14908
13895
13923
14909
13896
13924
14910
13897
13925
14911
13898
13926
14912
13899
13927
14913
13900
13928
14914
13901
13929
14915
13902
13930
14916
13903
13931
14917
13904
13932
14918
13905
13933
14919
13906
13934
14920
13907
13935
14921
13908
13936
14922
13909
13937
14923
13910
13938
14924
13911
13939
14925
13912
13940
14926
13913
13941
14927
13914
13942
14928
13915
13943
14929
13916
13944
14930
13917
13945
14931
13918
13946
14932
13919
13947
14933
13948
14934
13921
13949
14935
13922
13950
14936
13923
13951
14937
13924
13952
14938
13925
13953
14939
13926
13954
14940
13927
13955
14941
13928
13956
14942
13929
13957
14943
13930
13958
14944
13931
13959
14945
13932
13960
14946
13933
13961
14947
13934
13962
14948
13935
13963
14949
13936
13964
14950
13937
13965
14951
13938
13966
14952
13939
13967
14953
13940
13968
14954
13941
13969
14955
13942
13970
14956
13943
13971
14957
13944
13972
14958
13945
13973
14959
13946
13974
14960
13947
13975
14961
13948
13976
14962
13977
14963
13950
13978
14964
13951
13979
14965
13952
13980
14966
13953
13981
14967
13954
13982
14968
13955
13983
14969
13956
13984
14970
13957
13985
14971
13958
13986
14972
13959
13987
14973
13960
13988
14974
13961
13989
14975
13962
13990
14976
13963
13991
14977
13964
13992
14978
13965
13993
14979
13966
13994
14980
13967
13995
14981
13968
13996
14982
13969
13997
14983
13970
13998
14984
13971
13999
14985
13972
14000
14986
13973
14001
14987
13974
14002
14988
13975
14003
14989
13976
14004
14990
13977
14005
14991
14006
14992
13979
14007
14993
13980
14008
14994
13981
14009
14995
13982
14010
14996
13983
14011
14997
13984
14012
14998
13985
14013
14999
13986
14014
15000
13987
14015
15001
13988
14016
15002
13989
14017
15003
13990
14018
15004
13991
14019
15005
13992
14020
15006
13993
14021
15007
13994
14022
15008
13995
14023
15009
13996
14024
15010
13997
14025
15011
13998
14026
15012
13999
14027
15013
14000
14028
15014
14001
14029
15015
14002
14030
15016
14003
14031
15017
14004
14032
15018
14005
14033
15019
14006
14034
15020
14035
15021
14008
14036
15022
14009
14037
15023
14010
14038
15024
14011
14039
15025
14012
14040
15026
14013
14041
15027
14014
14042
15028
14015
14043
15029
14016
14044
15030
14017
14045
15031
14018
14046
15032
14019
14047
15033
14020
14048
15034
14021
14049
15035
14022
14050
15036
14023
14051
15037
14024
14052
15038
14025
14053
15039
14026
14054
15040
14027
14055
15041
14028
14056
15042
14029
14057
15043
14030
14058
15044
14031
14059
15045
14032
14060
15046
14033
14061
15047
14034
14062
15048
14035
14063
15049
14064
15050
14037
14065
15051
14038
14066
15052
14039
14067
15053
14040
14068
15054
14041
14069
15055
14042
14070
15056
14043
14071
15057
14044
14072
15058
14045
14073
15059
14046
14074
15060
14047
14075
15061
14048
14076
15062
14049
14077
15063
14050
14078
15064
14051
14079
15065
14052
14080
15066
14053
14081
15067
14054
14082
15068
14055
14083
15069
14056
14084
15070
14057
14085
15071
14058
14086
15072
14059
14087
15073
14060
14088
15074
14061
14089
15075
14062
14090
15076
14063
14091
15077
14064
14092
15078
14093
15079
14066
14094
15080
14067
14095
15081
14068
14096
15082
14069
14097
15083
14070
14098
15084
14071
14099
15085
14072
14100
15086
14073
14101
15087
14074
14102
15088
14075
14103
15089
14076
14104
15090
14077
14105
15091
14078
14106
15092
14079
14107
15093
14080
14108
15094
14081
14109
15095
14082
14110
15096
14083
14111
15097
14084
14112
15098
14085
14113
15099
14086
14114
15100
14087
14115
15101
14088
14116
15102
14089
14117
15103
14090
14118
15104
14091
14119
15105
14092
14120
15106
14093
14121
15107
14122
15108
14095
14123
15109
14096
14124
15110
14097
14125
15111
14098
14126
15112
14099
14127
15113
14100
14128
15114
14101
14129
15115
14102
14130
15116
14103
14131
15117
14104
14132
15118
14105
14133
15119
14106
14134
15120
14107
14135
15121
14108
14136
15122
14109
14137
15123
14110
14138
15124
14111
14139
15125
14112
14140
15126
14113
14141
15127
14114
14142
15128
14115
14143
15129
14116
14144
15130
14117
14145
15131
14118
14146
15132
14119
14147
15133
14120
14148
15134
14121
14149
15135
14122
14150
15136
14151
15137
14124
14152
15138
14125
14153
15139
14126
14154
15140
14127
14155
15141
14128
14156
15142
14129
14157
15143
14130
14158
15144
14131
14159
15145
14132
14160
15146
14133
14161
15147
14134
14162
15148
14135
14163
15149
14136
14164
15150
14137
14165
15151
14138
14166
15152
14139
14167
15153
14140
14168
15154
14141
14169
15155
14142
14170
15156
14143
14171
15157
14144
14172
15158
14145
14173
15159
14146
14174
15160
14147
14175
15161
14148
14176
15162
14149
14177
15163
14150
14178
15164
14151
14179
15165
14180
15166
14153
14181
15167
14154
14182
15168
14155
14183
15169
14156
14184
15170
14157
14185
15171
14158
14186
15172
14159
14187
15173
14160
14188
15174
14161
14189
15175
14162
14190
15176
14163
14191
15177
14164
14192
15178
14165
14193
15179
14166
14194
15180
14167
14195
15181
14168
14196
15182
14169
14197
15183
14170
14198
15184
14171
14199
15185
14172
14200
15186
14173
14201
15187
14174
14202
15188
14175
14203
15189
14176
14204
15190
14177
14205
15191
14178
14206
15192
14179
14207
15193
14180
14208
15194
14209
15195
14182
15196
14183
15197
14184
15198
14185
15199
14186
15200
14187
15201
14188
15202
14189
15203
14190
15204
14191
15205
14192
15206
14193
15207
14194
15208
14195
15209
14196
15210
14197
15211
14198
15212
14199
15213
14200
15214
14201
15215
14202
15216
14203
15217
14204
15218
14205
15219
14206
15220
14207
15221
14208
15222
14209
15223
15224
14211
14239
15225
14212
14240
15226
14213
14241
15227
14214
14242
15228
14215
14243
15229
14216
14244
15230
14217
14245
15231
14218
14246
15232
14219
14247
15233
14220
14248
15234
14221
14249
15235
14222
14250
15236
14223
14251
15237
14224
14252
15238
14225
14253
15239
14226
14254
15240
14227
14255
15241
14228
14256
15242
14229
14257
15243
14230
14258
15244
14231
14259
15245
14232
14260
15246
14233
14261
15247
14234
14262
15248
14235
14263
15249
14236
14264
15250
14237
14265
15251
14238
14266
15252
14267
15253
14240
14268
15254
14241
14269
15255
14242
14270
15256
14243
14271
15257
14244
14272
15258
14245
14273
15259
14246
14274
15260
14247
14275
15261
14248
14276
15262
14249
14277
15263
14250
14278
15264
14251
14279
15265
14252
14280
15266
14253
14281
15267
14254
14282
15268
14255
14283
15269
14256
14284
15270
14257
14285
15271
14258
14286
15272
14259
14287
15273
14260
14288
15274
14261
14289
15275
14262
14290
15276
14263
14291
15277
14264
14292
15278
14265
14293
15279
14266
14294
15280
14267
14295
15281
14296
15282
14269
14297
15283
14270
14298
15284
14271
14299
15285
14272
14300
15286
14273
14301
15287
14274
14302
15288
14275
14303
15289
14276
14304
15290
14277
14305
15291
14278
14306
15292
14279
14307
15293
14280
14308
15294
14281
14309
15295
14282
14310
15296
14283
14311
15297
14284
14312
15298
14285
14313
15299
14286
14314
15300
14287
14315
15301
14288
14316
15302
14289
14317
15303
14290
14318
15304
14291
14319
15305
14292
14320
15306
14293
14321
15307
14294
14322
15308
14295
14323
15309
14296
14324
15310
14325
15311
14298
14326
15312
14299
14327
15313
14300
14328
15314
14301
14329
15315
14302
14330
15316
14303
14331
15317
14304
14332
15318
14305
14333
15319
14306
14334
15320
14307
14335
15321
14308
14336
15322
14309
14337
15323
14310
14338
15324
14311
14339
15325
14312
14340
15326
14313
14341
15327
14314
14342
15328
14315
14343
15329
14316
14344
15330
14317
14345
15331
14318
14346
15332
14319
14347
15333
14320
14348
15334
14321
14349
15335
14322
14350
15336
14323
14351
15337
14324
14352
15338
14325
14353
15339
14354
15340
14327
14355
15341
14328
14356
15342
14329
14357
15343
14330
14358
15344
14331
14359
15345
14332
14360
15346
14333
14361
15347
14334
14362
15348
14335
14363
15349
14336
14364
15350
14337
14365
15351
14338
14366
15352
14339
14367
15353
14340
14368
15354
14341
14369
15355
14342
14370
15356
14343
14371
15357
14344
14372
15358
14345
14373
15359
14346
14374
15360
14347
14375
15361
14348
14376
15362
14349
14377
15363
14350
14378
15364
14351
14379
15365
14352
14380
15366
14353
14381
15367
14354
14382
15368
14383
15369
14356
14384
15370
14357
14385
15371
14358
14386
15372
14359
14387
15373
14360
14388
15374
14361
14389
15375
14362
14390
15376
14363
14391
15377
14364
14392
15378
14365
14393
15379
14366
14394
15380
14367
14395
15381
14368
14396
15382
14369
14397
15383
14370
14398
15384
14371
14399
15385
14372
14400
15386
14373
14401
15387
14374
14402
15388
14375
14403
15389
14376
14404
15390
14377
14405
15391
14378
14406
15392
14379
14407
15393
14380
14408
15394
14381
14409
15395
14382
14410
15396
14383
14411
15397
14412
15398
14385
14413
15399
14386
14414
15400
14387
14415
15401
14388
14416
15402
14389
14417
15403
14390
14418
15404
14391
14419
15405
14392
14420
15406
14393
14421
15407
14394
14422
15408
14395
14423
15409
14396
14424
15410
14397
14425
15411
14398
14426
15412
14399
14427
15413
14400
14428
15414
14401
14429
15415
14402
14430
15416
14403
14431
15417
14404
14432
15418
14405
14433
15419
14406
14434
15420
14407
14435
15421
14408
14436
15422
14409
14437
15423
14410
14438
15424
14411
14439
15425
14412
14440
15426
14441
15427
14414
14442
15428
14415
14443
15429
14416
14444
15430
14417
14445
15431
14418
14446
15432
14419
14447
15433
14420
14448
15434
14421
14449
15435
14422
14450
15436
14423
14451
15437
14424
14452
15438
14425
14453
15439
14426
14454
15440
14427
14455
15441
14428
14456
15442
14429
14457
15443
14430
14458
15444
14431
14459
15445
14432
14460
15446
14433
14461
15447
14434
14462
15448
14435
14463
15449
14436
14464
15450
14437
14465
15451
14438
14466
15452
14439
14467
15453
14440
14468
15454
14441
14469
15455
14470
15456
14443
14471
15457
14444
14472
15458
14445
14473
15459
14446
14474
15460
14447
14475
15461
14448
14476
15462
14449
14477
15463
14450
14478
15464
14451
14479
15465
14452
14480
15466
14453
14481
15467
14454
14482
15468
14455
14483
15469
14456
14484
15470
14457
14485
15471
14458
14486
15472
14459
14487
15473
14460
14488
15474
14461
14489
15475
14462
14490
15476
14463
14491
15477
14464
14492
15478
14465
14493
15479
14466
14494
15480
14467
14495
15481
14468
14496
15482
14469
14497
15483
14470
14498
15484
14499
15485
14472
14500
15486
14473
14501
15487
14474
14502
15488
14475
14503
15489
14476
14504
15490
14477
14505
15491
14478
14506
15492
14479
14507
15493
14480
14508
15494
14481
14509
15495
14482
14510
15496
14483
14511
15497
14484
14512
15498
14485
14513
15499
14486
14514
15500
14487
14515
15501
14488
14516
15502
14489
14517
15503
14490
14518
15504
14491
14519
15505
14492
14520
15506
14493
14521
15507
14494
14522
15508
14495
14523
15509
14496
14524
15510
14497
14525
15511
14498
14526
15512
14499
14527
15513
14528
15514
14501
14529
15515
14502
14530
15516
14503
14531
15517
14504
14532
15518
14505
14533
15519
14506
14534
15520
14507
14535
15521
14508
14536
15522
14509
14537
15523
14510
14538
15524
14511
14539
15525
14512
14540
15526
14513
14541
15527
14514
14542
15528
14515
14543
15529
14516
14544
15530
14517
14545
15531
14518
14546
15532
14519
14547
15533
14520
14548
15534
14521
14549
15535
14522
14550
15536
14523
14551
15537
14524
14552
15538
14525
14553
15539
14526
14554
15540
14527
14555
15541
14528
14556
15542
14557
15543
14530
14558
15544
14531
14559
15545
14532
14560
15546
14533
14561
15547
14534
14562
15548
14535
14563
15549
14536
14564
15550
14537
14565
15551
14538
14566
15552
14539
14567
15553
14540
14568
15554
14541
14569
15555
14542
14570
15556
14543
14571
15557
14544
14572
15558
14545
14573
15559
14546
14574
15560
14547
14575
15561
14548
14576
15562
14549
14577
15563
14550
14578
15564
14551
14579
15565
14552
14580
15566
14553
14581
15567
14554
14582
15568
14555
14583
15569
14556
14584
15570
14557
14585
15571
14586
15572
14559
14587
15573
14560
14588
15574
14561
14589
15575
14562
14590
15576
14563
14591
15577
14564
14592
15578
14565
14593
15579
14566
14594
15580
14567
14595
15581
14568
14596
15582
14569
14597
15583
14570
14598
15584
14571
14599
15585
14572
14600
15586
14573
14601
15587
14574
14602
15588
14575
14603
15589
14576
14604
15590
14577
14605
15591
14578
14606
15592
14579
14607
15593
14580
14608
15594
14581
14609
15595
14582
14610
15596
14583
14611
15597
14584
14612
15598
14585
14613
15599
14586
14614
15600
14615
15601
14588
14616
15602
14589
14617
15603
14590
14618
15604
14591
14619
15605
14592
14620
15606
14593
14621
15607
14594
14622
15608
14595
14623
15609
14596
14624
15610
14597
14625
15611
14598
14626
15612
14599
14627
15613
14600
14628
15614
14601
14629
15615
14602
14630
15616
14603
14631
15617
14604
14632
15618
14605
14633
15619
14606
14634
15620
14607
14635
15621
14608
14636
15622
14609
14637
15623
14610
14638
15624
14611
14639
15625
14612
14640
15626
14613
14641
15627
14614
14642
15628
14615
14643
15629
14644
15630
14617
14645
15631
14618
14646
15632
14619
14647
15633
14620
14648
15634
14621
14649
15635
14622
14650
15636
14623
14651
15637
14624
14652
15638
14625
14653
15639
14626
14654
15640
14627
14655
15641
14628
14656
15642
14629
14657
15643
14630
14658
15644
14631
14659
15645
14632
14660
15646
14633
14661
15647
14634
14662
15648
14635
14663
15649
14636
14664
15650
14637
14665
15651
14638
14666
15652
14639
14667
15653
14640
14668
15654
14641
14669
15655
14642
14670
15656
14643
14671
15657
14644
14672
15658
14673
15659
14646
14674
15660
14647
14675
15661
14648
14676
15662
14649
14677
15663
14650
14678
15664
14651
14679
15665
14652
14680
15666
14653
14681
15667
14654
14682
15668
14655
14683
15669
14656
14684
15670
14657
14685
15671
14658
14686
15672
14659
14687
15673
14660
14688
15674
14661
14689
15675
14662
14690
15676
14663
14691
15677
14664
14692
15678
14665
14693
15679
14666
14694
15680
14667
14695
15681
14668
14696
15682
14669
14697
15683
14670
14698
15684
14671
14699
15685
14672
14700
15686
14673
14701
15687
14702
15688
14675
14703
15689
14676
14704
15690
14677
14705
15691
14678
14706
15692
14679
14707
15693
14680
14708
15694
14681
14709
15695
14682
14710
15696
14683
14711
15697
14684
14712
15698
14685
14713
15699
14686
14714
15700
14687
14715
15701
14688
14716
15702
14689
14717
15703
14690
14718
15704
14691
14719
15705
14692
14720
15706
14693
14721
15707
14694
14722
15708
14695
14723
15709
14696
14724
15710
14697
14725
15711
14698
14726
15712
14699
14727
15713
14700
14728
15714
14701
14729
15715
14702
14730
15716
14731
15717
14704
14732
15718
14705
14733
15719
14706
14734
15720
14707
14735
15721
14708
14736
15722
14709
14737
15723
14710
14738
15724
14711
14739
15725
14712
14740
15726
14713
14741
15727
14714
14742
15728
14715
14743
15729
14716
14744
15730
14717
14745
15731
14718
14746
15732
14719
14747
15733
14720
14748
15734
14721
14749
15735
14722
14750
15736
14723
14751
15737
14724
14752
15738
14725
14753
15739
14726
14754
15740
14727
14755
15741
14728
14756
15742
14729
14757
15743
14730
14758
15744
14731
14759
15745
14760
15746
14733
14761
15747
14734
14762
15748
14735
14763
15749
14736
14764
15750
14737
14765
15751
14738
14766
15752
14739
14767
15753
14740
14768
15754
14741
14769
15755
14742
14770
15756
14743
14771
15757
14744
14772
15758
14745
14773
15759
14746
14774
15760
14747
14775
15761
14748
14776
15762
14749
14777
15763
14750
14778
15764
14751
14779
15765
14752
14780
15766
14753
14781
15767
14754
14782
15768
14755
14783
15769
14756
14784
15770
14757
14785
15771
14758
14786
15772
14759
14787
15773
14760
14788
15774
14789
15775
14762
14790
15776
14763
14791
15777
14764
14792
15778
14765
14793
15779
14766
14794
15780
14767
14795
15781
14768
14796
15782
14769
14797
15783
14770
14798
15784
14771
14799
15785
14772
14800
15786
14773
14801
15787
14774
14802
15788
14775
14803
15789
14776
14804
15790
14777
14805
15791
14778
14806
15792
14779
14807
15793
14780
14808
15794
14781
14809
15795
14782
14810
15796
14783
14811
15797
14784
14812
15798
14785
14813
15799
14786
14814
15800
14787
14815
15801
14788
14816
15802
14789
14817
15803
14818
15804
14791
14819
15805
14792
14820
15806
14793
14821
15807
14794
14822
15808
14795
14823
15809
14796
14824
15810
14797
14825
15811
14798
14826
15812
14799
14827
15813
14800
14828
15814
14801
14829
15815
14802
14830
15816
14803
14831
15817
14804
14832
15818
14805
14833
15819
14806
14834
15820
14807
14835
15821
14808
14836
15822
14809
14837
15823
14810
14838
15824
14811
14839
15825
14812
14840
15826
14813
14841
15827
14814
14842
15828
14815
14843
15829
14816
14844
15830
14817
14845
15831
14818
14846
15832
14847
15833
14820
14848
15834
14821
14849
15835
14822
14850
15836
14823
14851
15837
14824
14852
15838
14825
14853
15839
14826
14854
15840
14827
14855
15841
14828
14856
15842
14829
14857
15843
14830
14858
15844
14831
14859
15845
14832
14860
15846
14833
14861
15847
14834
14862
15848
14835
14863
15849
14836
14864
15850
14837
14865
15851
14838
14866
15852
14839
14867
15853
14840
14868
15854
14841
14869
15855
14842
14870
15856
14843
14871
15857
14844
14872
15858
14845
14873
15859
14846
14874
15860
14847
14875
15861
14876
15862
14849
14877
15863
14850
14878
15864
14851
14879
15865
14852
14880
15866
14853
14881
15867
14854
14882
15868
14855
14883
15869
14856
14884
15870
14857
14885
15871
14858
14886
15872
14859
14887
15873
14860
14888
15874
14861
14889
15875
14862
14890
15876
14863
14891
15877
14864
14892
15878
14865
14893
15879
14866
14894
15880
14867
14895
15881
14868
14896
15882
14869
14897
15883
14870
14898
15884
14871
14899
15885
14872
14900
15886
14873
14901
15887
14874
14902
15888
14875
14903
15889
14876
14904
15890
14905
15891
14878
14906
15892
14879
14907
15893
14880
14908
15894
14881
14909
15895
14882
14910
15896
14883
14911
15897
14884
14912
15898
14885
14913
15899
14886
14914
15900
14887
14915
15901
14888
14916
15902
14889
14917
15903
14890
14918
15904
14891
14919
15905
14892
14920
15906
14893
14921
15907
14894
14922
15908
14895
14923
15909
14896
14924
15910
14897
14925
15911
14898
14926
15912
14899
14927
15913
14900
14928
15914
14901
14929
15915
14902
14930
15916
14903
14931
15917
14904
14932
15918
14905
14933
15919
14934
15920
14907
14935
15921
14908
14936
15922
14909
14937
15923
14910
14938
15924
14911
14939
15925
14912
14940
15926
14913
14941
15927
14914
14942
15928
14915
14943
15929
14916
14944
15930
14917
14945
15931
14918
14946
15932
14919
14947
15933
14920
14948
15934
14921
14949
15935
14922
14950
15936
14923
14951
15937
14924
14952
15938
14925
14953
15939
14926
14954
15940
14927
14955
15941
14928
14956
15942
14929
14957
15943
14930
14958
15944
14931
14959
15945
14932
14960
15946
14933
14961
15947
14934
14962
15948
14963
15949
14936
14964
15950
14937
14965
15951
14938
14966
15952
14939
14967
15953
14940
14968
15954
14941
14969
15955
14942
14970
15956
14943
14971
15957
14944
14972
15958
14945
14973
15959
14946
14974
15960
14947
14975
15961
14948
14976
15962
14949
14977
15963
14950
14978
15964
14951
14979
15965
14952
14980
15966
14953
14981
15967
14954
14982
15968
14955
14983
15969
14956
14984
15970
14957
14985
15971
14958
14986
15972
14959
14987
15973
14960
14988
15974
14961
14989
15975
14962
14990
15976
14963
14991
15977
14992
15978
14965
14993
15979
14966
14994
15980
14967
14995
15981
14968
14996
15982
14969
14997
15983
14970
14998
15984
14971
14999
15985
14972
15000
15986
14973
15001
15987
14974
15002
15988
14975
15003
15989
14976
15004
15990
14977
15005
15991
14978
15006
15992
14979
15007
15993
14980
15008
15994
14981
15009
15995
14982
15010
15996
14983
15011
15997
14984
15012
15998
14985
15013
15999
14986
15014
16000
14987
15015
16001
14988
15016
16002
14989
15017
16003
14990
15018
16004
14991
15019
16005
14992
15020
16006
15021
16007
14994
15022
16008
14995
15023
16009
14996
15024
16010
14997
15025
16011
14998
15026
16012
14999
15027
16013
15000
15028
16014
15001
15029
16015
15002
15030
16016
15003
15031
16017
15004
15032
16018
15005
15033
16019
15006
15034
16020
15007
15035
16021
15008
15036
16022
15009
15037
16023
15010
15038
16024
15011
15039
16025
15012
15040
16026
15013
15041
16027
15014
15042
16028
15015
15043
16029
15016
15044
16030
15017
15045
16031
15018
15046
16032
15019
15047
16033
15020
15048
16034
15021
15049
16035
15050
16036
15023
15051
16037
15024
15052
16038
15025
15053
16039
15026
15054
16040
15027
15055
16041
15028
15056
16042
15029
15057
16043
15030
15058
16044
15031
15059
16045
15032
15060
16046
15033
15061
16047
15034
15062
16048
15035
15063
16049
15036
15064
16050
15037
15065
16051
15038
15066
16052
15039
15067
16053
15040
15068
16054
15041
15069
16055
15042
15070
16056
15043
15071
16057
15044
15072
16058
15045
15073
16059
15046
15074
16060
15047
15075
16061
15048
15076
16062
15049
15077
16063
15050
15078
16064
15079
16065
15052
15080
16066
15053
15081
16067
15054
15082
16068
15055
15083
16069
15056
15084
16070
15057
15085
16071
15058
15086
16072
15059
15087
16073
15060
15088
16074
15061
15089
16075
15062
15090
16076
15063
15091
16077
15064
15092
16078
15065
15093
16079
15066
15094
16080
15067
15095
16081
15068
15096
16082
15069
15097
16083
15070
15098
16084
15071
15099
16085
15072
15100
16086
15073
15101
16087
15074
15102
16088
15075
15103
16089
15076
15104
16090
15077
15105
16091
15078
15106
16092
15079
15107
16093
15108
16094
15081
15109
16095
15082
15110
16096
15083
15111
16097
15084
15112
16098
15085
15113
16099
15086
15114
16100
15087
15115
16101
15088
15116
16102
15089
15117
16103
15090
15118
16104
15091
15119
16105
15092
15120
16106
15093
15121
16107
15094
15122
16108
15095
15123
16109
15096
15124
16110
15097
15125
16111
15098
15126
16112
15099
15127
16113
15100
15128
16114
15101
15129
16115
15102
15130
16116
15103
15131
16117
15104
15132
16118
15105
15133
16119
15106
15134
16120
15107
15135
16121
15108
15136
16122
15137
16123
15110
15138
16124
15111
15139
16125
15112
15140
16126
15113
15141
16127
15114
15142
16128
15115
15143
16129
15116
15144
16130
15117
15145
16131
15118
15146
16132
15119
15147
16133
15120
15148
16134
15121
15149
16135
15122
15150
16136
15123
15151
16137
15124
15152
16138
15125
15153
16139
15126
15154
16140
15127
15155
16141
15128
15156
16142
15129
15157
16143
15130
15158
16144
15131
15159
16145
15132
15160
16146
15133
15161
16147
15134
15162
16148
15135
15163
16149
15136
15164
16150
15137
15165
16151
15166
16152
15139
15167
16153
15140
15168
16154
15141
15169
16155
15142
15170
16156
15143
15171
16157
15144
15172
16158
15145
15173
16159
15146
15174
16160
15147
15175
16161
15148
15176
16162
15149
15177
16163
15150
15178
16164
15151
15179
16165
15152
15180
16166
15153
15181
16167
15154
15182
16168
15155
15183
16169
15156
15184
16170
15157
15185
16171
15158
15186
16172
15159
15187
16173
15160
15188
16174
15161
15189
16175
15162
15190
16176
15163
15191
16177
15164
15192
16178
15165
15193
16179
15166
15194
16180
15195
16181
15168
15196
16182
15169
15197
16183
15170
15198
16184
15171
15199
16185
15172
15200
16186
15173
15201
16187
15174
15202
16188
15175
15203
16189
15176
15204
16190
15177
15205
16191
15178
15206
16192
15179
15207
16193
15180
15208
16194
15181
15209
16195
15182
15210
16196
15183
15211
16197
15184
15212
16198
15185
15213
16199
15186
15214
16200
15187
15215
16201
15188
15216
16202
15189
15217
16203
15190
15218
16204
15191
15219
16205
15192
15220
16206
15193
15221
16207
15194
15222
16208
15195
15223
16209
15224
16210
15197
16211
15198
16212
15199
16213
15200
16214
15201
16215
15202
16216
15203
16217
15204
16218
15205
16219
15206
16220
15207
16221
15208
16222
15209
16223
15210
16224
15211
16225
15212
16226
15213
16227
15214
16228
15215
16229
15216
16230
15217
16231
15218
16232
15219
16233
15220
16234
15221
16235
15222
16236
15223
16237
15224
16238
16239
15226
15254
16240
15227
15255
16241
15228
15256
16242
15229
15257
16243
15230
15258
16244
15231
15259
16245
15232
15260
16246
15233
15261
16247
15234
15262
16248
15235
15263
16249
15236
15264
16250
15237
15265
16251
15238
15266
16252
15239
15267
16253
15240
15268
16254
15241
15269
16255
15242
15270
16256
15243
15271
16257
15244
15272
16258
15245
15273
16259
15246
15274
16260
15247
15275
16261
15248
15276
16262
15249
15277
16263
15250
15278
16264
15251
15279
16265
15252
15280
16266
15253
15281
16267
15282
16268
15255
15283
16269
15256
15284
16270
15257
15285
16271
15258
15286
16272
15259
15287
16273
15260
15288
16274
15261
15289
16275
15262
15290
16276
15263
15291
16277
15264
15292
16278
15265
15293
16279
15266
15294
16280
15267
15295
16281
15268
15296
16282
15269
15297
16283
15270
15298
16284
15271
15299
16285
15272
15300
16286
15273
15301
16287
15274
15302
16288
15275
15303
16289
15276
15304
16290
15277
15305
16291
15278
15306
16292
15279
15307
16293
15280
15308
16294
15281
15309
16295
15282
15310
16296
15311
16297
15284
15312
16298
15285
15313
16299
15286
15314
16300
15287
15315
16301
15288
15316
16302
15289
15317
16303
15290
15318
16304
15291
15319
16305
15292
15320
16306
15293
15321
16307
15294
15322
16308
15295
15323
16309
15296
15324
16310
15297
15325
16311
15298
15326
16312
15299
15327
16313
15300
15328
16314
15301
15329
16315
15302
15330
16316
15303
15331
16317
15304
15332
16318
15305
15333
16319
15306
15334
16320
15307
15335
16321
15308
15336
16322
15309
15337
16323
15310
15338
16324
15311
15339
16325
15340
16326
15313
15341
16327
15314
15342
16328
15315
15343
16329
15316
15344
16330
15317
15345
16331
15318
15346
16332
15319
15347
16333
15320
15348
16334
15321
15349
16335
15322
15350
16336
15323
15351
16337
15324
15352
16338
15325
15353
16339
15326
15354
16340
15327
15355
16341
15328
15356
16342
15329
15357
16343
15330
15358
16344
15331
15359
16345
15332
15360
16346
15333
15361
16347
15334
15362
16348
15335
15363
16349
15336
15364
16350
15337
15365
16351
15338
15366
16352
15339
15367
16353
15340
15368
16354
15369
16355
15342
15370
16356
15343
15371
16357
15344
15372
16358
15345
15373
16359
15346
15374
16360
15347
15375
16361
15348
15376
16362
15349
15377
16363
15350
15378
16364
15351
15379
16365
15352
15380
16366
15353
15381
16367
15354
15382
16368
15355
15383
16369
15356
15384
16370
15357
15385
16371
15358
15386
16372
15359
15387
16373
15360
15388
16374
15361
15389
16375
15362
15390
16376
15363
15391
16377
15364
15392
16378
15365
15393
16379
15366
15394
16380
15367
15395
16381
15368
15396
16382
15369
15397
16383
15398
16384
15371
15399
16385
15372
15400
16386
15373
15401
16387
15374
15402
16388
15375
15403
16389
15376
15404
16390
15377
15405
16391
15378
15406
16392
15379
15407
16393
15380
15408
16394
15381
15409
16395
15382
15410
16396
15383
15411
16397
15384
15412
16398
15385
15413
16399
15386
15414
16400
15387
15415
16401
15388
15416
16402
15389
15417
16403
15390
15418
16404
15391
15419
16405
15392
15420
16406
15393
15421
16407
15394
15422
16408
15395
15423
16409
15396
15424
16410
15397
15425
16411
15398
15426
16412
15427
16413
15400
15428
16414
15401
15429
16415
15402
15430
16416
15403
15431
16417
15404
15432
16418
15405
15433
16419
15406
15434
16420
15407
15435
16421
15408
15436
16422
15409
15437
16423
15410
15438
16424
15411
15439
16425
15412
15440
16426
15413
15441
16427
15414
15442
16428
15415
15443
16429
15416
15444
16430
15417
15445
16431
15418
15446
16432
15419
15447
16433
15420
15448
16434
15421
15449
16435
15422
15450
16436
15423
15451
16437
15424
15452
16438
15425
15453
16439
15426
15454
16440
15427
15455
16441
15456
16442
15429
15457
16443
15430
15458
16444
15431
15459
16445
15432
15460
16446
15433
15461
16447
15434
15462
16448
15435
15463
16449
15436
15464
16450
15437
15465
16451
15438
15466
16452
15439
15467
16453
15440
15468
16454
15441
15469
16455
15442
15470
16456
15443
15471
16457
15444
15472
16458
15445
15473
16459
15446
15474
16460
15447
15475
16461
15448
15476
16462
15449
15477
16463
15450
15478
16464
15451
15479
16465
15452
15480
16466
15453
15481
16467
15454
15482
16468
15455
15483
16469
15456
15484
16470
15485
16471
15458
15486
16472
15459
15487
16473
15460
15488
16474
15461
15489
16475
15462
15490
16476
15463
15491
16477
15464
15492
16478
15465
15493
16479
15466
15494
16480
15467
15495
16481
15468
15496
16482
15469
15497
16483
15470
15498
16484
15471
15499
16485
15472
15500
16486
15473
15501
16487
15474
15502
16488
15475
15503
16489
15476
15504
16490
15477
15505
16491
15478
15506
16492
15479
15507
16493
15480
15508
16494
15481
15509
16495
15482
15510
16496
15483
15511
16497
15484
15512
16498
15485
15513
16499
15514
16500
15487
15515
16501
15488
15516
16502
15489
15517
16503
15490
15518
16504
15491
15519
16505
15492
15520
16506
15493
15521
16507
15494
15522
16508
15495
15523
16509
15496
15524
16510
15497
15525
16511
15498
15526
16512
15499
15527
16513
15500
15528
16514
15501
15529
16515
15502
15530
16516
15503
15531
16517
15504
15532
16518
15505
15533
16519
15506
15534
16520
15507
15535
16521
15508
15536
16522
15509
15537
16523
15510
15538
16524
15511
15539
16525
15512
15540
16526
15513
15541
16527
15514
15542
16528
15543
16529
15516
15544
16530
15517
15545
16531
15518
15546
16532
15519
15547
16533
15520
15548
16534
15521
15549
16535
15522
15550
16536
15523
15551
16537
15524
15552
16538
15525
15553
16539
15526
15554
16540
15527
15555
16541
15528
15556
16542
15529
15557
16543
15530
15558
16544
15531
15559
16545
15532
15560
16546
15533
15561
16547
15534
15562
16548
15535
15563
16549
15536
15564
16550
15537
15565
16551
15538
15566
16552
15539
15567
16553
15540
15568
16554
15541
15569
16555
15542
15570
16556
15543
15571
16557
15572
16558
15545
15573
16559
15546
15574
16560
15547
15575
16561
15548
15576
16562
15549
15577
16563
15550
15578
16564
15551
15579
16565
15552
15580
16566
15553
15581
16567
15554
15582
16568
15555
15583
16569
15556
15584
16570
15557
15585
16571
15558
15586
16572
15559
15587
16573
15560
15588
16574
15561
15589
16575
15562
15590
16576
15563
15591
16577
15564
15592
16578
15565
15593
16579
15566
15594
16580
15567
15595
16581
15568
15596
16582
15569
15597
16583
15570
15598
16584
15571
15599
16585
15572
15600
16586
15601
16587
15574
15602
16588
15575
15603
16589
15576
15604
16590
15577
15605
16591
15578
15606
16592
15579
15607
16593
15580
15608
16594
15581
15609
16595
15582
15610
16596
15583
15611
16597
15584
15612
16598
15585
15613
16599
15586
15614
16600
15587
15615
16601
15588
15616
16602
15589
15617
16603
15590
15618
16604
15591
15619
16605
15592
15620
16606
15593
15621
16607
15594
15622
16608
15595
15623
16609
15596
15624
16610
15597
15625
16611
15598
15626
16612
15599
15627
16613
15600
15628
16614
15601
15629
16615
15630
16616
15603
15631
16617
15604
15632
16618
15605
15633
16619
15606
15634
16620
15607
15635
16621
15608
15636
16622
15609
15637
16623
15610
15638
16624
15611
15639
16625
15612
15640
16626
15613
15641
16627
15614
15642
16628
15615
15643
16629
15616
15644
16630
15617
15645
16631
15618
15646
16632
15619
15647
16633
15620
15648
16634
15621
15649
16635
15622
15650
16636
15623
15651
16637
15624
15652
16638
15625
15653
16639
15626
15654
16640
15627
15655
16641
15628
15656
16642
15629
15657
16643
15630
15658
16644
15659
16645
15632
15660
16646
15633
15661
16647
15634
15662
16648
15635
15663
16649
15636
15664
16650
15637
15665
16651
15638
15666
16652
15639
15667
16653
15640
15668
16654
15641
15669
16655
15642
15670
16656
15643
15671
16657
15644
15672
16658
15645
15673
16659
15646
15674
16660
15647
15675
16661
15648
15676
16662
15649
15677
16663
15650
15678
16664
15651
15679
16665
15652
15680
16666
15653
15681
16667
15654
15682
16668
15655
15683
16669
15656
15684
16670
15657
15685
16671
15658
15686
16672
15659
15687
16673
15688
16674
15661
15689
16675
15662
15690
16676
15663
15691
16677
15664
15692
16678
15665
15693
16679
15666
15694
16680
15667
15695
16681
15668
15696
16682
15669
15697
16683
15670
15698
16684
15671
15699
16685
15672
15700
16686
15673
15701
16687
15674
15702
16688
15675
15703
16689
15676
15704
16690
15677
15705
16691
15678
15706
16692
15679
15707
16693
15680
15708
16694
15681
15709
16695
15682
15710
16696
15683
15711
16697
15684
15712
16698
15685
15713
16699
15686
15714
16700
15687
15715
16701
15688
15716
16702
15717
16703
15690
15718
16704
15691
15719
16705
15692
15720
16706
15693
15721
16707
15694
15722
16708
15695
15723
16709
15696
15724
16710
15697
15725
16711
15698
15726
16712
15699
15727
16713
15700
15728
16714
15701
15729
16715
15702
15730
16716
15703
15731
16717
15704
15732
16718
15705
15733
16719
15706
15734
16720
15707
15735
16721
15708
15736
16722
15709
15737
16723
15710
15738
16724
15711
15739
16725
15712
15740
16726
15713
15741
16727
15714
15742
16728
15715
15743
16729
15716
15744
16730
15717
15745
16731
15746
16732
15719
15747
16733
15720
15748
16734
15721
15749
16735
15722
15750
16736
15723
15751
16737
15724
15752
16738
15725
15753
16739
15726
15754
16740
15727
15755
16741
15728
15756
16742
15729
15757
16743
15730
15758
16744
15731
15759
16745
15732
15760
16746
15733
15761
16747
15734
15762
16748
15735
15763
16749
15736
15764
16750
15737
15765
16751
15738
15766
16752
15739
15767
16753
15740
15768
16754
15741
15769
16755
15742
15770
16756
15743
15771
16757
15744
15772
16758
15745
15773
16759
15746
15774
16760
15775
16761
15748
15776
16762
15749
15777
16763
15750
15778
16764
15751
15779
16765
15752
15780
16766
15753
15781
16767
15754
15782
16768
15755
15783
16769
15756
15784
16770
15757
15785
16771
15758
15786
16772
15759
15787
16773
15760
15788
16774
15761
15789
16775
15762
15790
16776
15763
15791
16777
15764
15792
16778
15765
15793
16779
15766
15794
16780
15767
15795
16781
15768
15796
16782
15769
15797
16783
15770
15798
16784
15771
15799
16785
15772
15800
16786
15773
15801
16787
15774
15802
16788
15775
15803
16789
15804
16790
15777
15805
16791
15778
15806
16792
15779
15807
16793
15780
15808
16794
15781
15809
16795
15782
15810
16796
15783
15811
16797
15784
15812
16798
15785
15813
16799
15786
15814
16800
15787
15815
16801
15788
15816
16802
15789
15817
16803
15790
15818
16804
15791
15819
16805
15792
15820
16806
15793
15821
16807
15794
15822
16808
15795
15823
16809
15796
15824
16810
15797
15825
16811
15798
15826
16812
15799
15827
16813
15800
15828
16814
15801
15829
16815
15802
15830
16816
15803
15831
16817
15804
15832
16818
15833
16819
15806
15834
16820
15807
15835
16821
15808
15836
16822
15809
15837
16823
15810
15838
16824
15811
15839
16825
15812
15840
16826
15813
15841
16827
15814
15842
16828
15815
15843
16829
15816
15844
16830
15817
15845
16831
15818
15846
16832
15819
15847
16833
15820
15848
16834
15821
15849
16835
15822
15850
16836
15823
15851
16837
15824
15852
16838
15825
15853
16839
15826
15854
16840
15827
15855
16841
15828
15856
16842
15829
15857
16843
15830
15858
16844
15831
15859
16845
15832
15860
16846
15833
15861
16847
15862
16848
15835
15863
16849
15836
15864
16850
15837
15865
16851
15838
15866
16852
15839
15867
16853
15840
15868
16854
15841
15869
16855
15842
15870
16856
15843
15871
16857
15844
15872
16858
15845
15873
16859
15846
15874
16860
15847
15875
16861
15848
15876
16862
15849
15877
16863
15850
15878
16864
15851
15879
16865
15852
15880
16866
15853
15881
16867
15854
15882
16868
15855
15883
16869
15856
15884
16870
15857
15885
16871
15858
15886
16872
15859
15887
16873
15860
15888
16874
15861
15889
16875
15862
15890
16876
15891
16877
15864
15892
16878
15865
15893
16879
15866
15894
16880
15867
15895
16881
15868
15896
16882
15869
15897
16883
15870
15898
16884
15871
15899
16885
15872
15900
16886
15873
15901
16887
15874
15902
16888
15875
15903
16889
15876
15904
16890
15877
15905
16891
15878
15906
16892
15879
15907
16893
15880
15908
16894
15881
15909
16895
15882
15910
16896
15883
15911
16897
15884
15912
16898
15885
15913
16899
15886
15914
16900
15887
15915
16901
15888
15916
16902
15889
15917
16903
15890
15918
16904
15891
15919
16905
15920
16906
15893
15921
16907
15894
15922
16908
15895
15923
16909
15896
15924
16910
15897
15925
16911
15898
15926
16912
15899
15927
16913
15900
15928
16914
15901
15929
16915
15902
15930
16916
15903
15931
16917
15904
15932
16918
15905
15933
16919
15906
15934
16920
15907
15935
16921
15908
15936
16922
15909
15937
16923
15910
15938
16924
15911
15939
16925
15912
15940
16926
15913
15941
16927
15914
15942
16928
15915
15943
16929
15916
15944
16930
15917
15945
16931
15918
15946
16932
15919
15947
16933
15920
15948
16934
15949
16935
15922
15950
16936
15923
15951
16937
15924
15952
16938
15925
15953
16939
15926
15954
16940
15927
15955
16941
15928
15956
16942
15929
15957
16943
15930
15958
16944
15931
15959
16945
15932
15960
16946
15933
15961
16947
15934
15962
16948
15935
15963
16949
15936
15964
16950
15937
15965
16951
15938
15966
16952
15939
15967
16953
15940
15968
16954
15941
15969
16955
15942
15970
16956
15943
15971
16957
15944
15972
16958
15945
15973
16959
15946
15974
16960
15947
15975
16961
15948
15976
16962
15949
15977
16963
15978
16964
15951
15979
16965
15952
15980
16966
15953
15981
16967
15954
15982
16968
15955
15983
16969
15956
15984
16970
15957
15985
16971
15958
15986
16972
15959
15987
16973
15960
15988
16974
15961
15989
16975
15962
15990
16976
15963
15991
16977
15964
15992
16978
15965
15993
16979
15966
15994
16980
15967
15995
16981
15968
15996
16982
15969
15997
16983
15970
15998
16984
15971
15999
16985
15972
16000
16986
15973
16001
16987
15974
16002
16988
15975
16003
16989
15976
16004
16990
15977
16005
16991
15978
16006
16992
16007
16993
15980
16008
16994
15981
16009
16995
15982
16010
16996
15983
16011
16997
15984
16012
16998
15985
16013
16999
15986
16014
17000
15987
16015
17001
15988
16016
17002
15989
16017
17003
15990
16018
17004
15991
16019
17005
15992
16020
17006
15993
16021
17007
15994
16022
17008
15995
16023
17009
15996
16024
17010
15997
16025
17011
15998
16026
17012
15999
16027
17013
16000
16028
17014
16001
16029
17015
16002
16030
17016
16003
16031
17017
16004
16032
17018
16005
16033
17019
16006
16034
17020
16007
16035
17021
16036
17022
16009
16037
17023
16010
16038
17024
16011
16039
17025
16012
16040
17026
16013
16041
17027
16014
16042
17028
16015
16043
17029
16016
16044
17030
16017
16045
17031
16018
16046
17032
16019
16047
17033
16020
16048
17034
16021
16049
17035
16022
16050
17036
16023
16051
17037
16024
16052
17038
16025
16053
17039
16026
16054
17040
16027
16055
17041
16028
16056
17042
16029
16057
17043
16030
16058
17044
16031
16059
17045
16032
16060
17046
16033
16061
17047
16034
16062
17048
16035
16063
17049
16036
16064
17050
16065
17051
16038
16066
17052
16039
16067
17053
16040
16068
17054
16041
16069
17055
16042
16070
17056
16043
16071
17057
16044
16072
17058
16045
16073
17059
16046
16074
17060
16047
16075
17061
16048
16076
17062
16049
16077
17063
16050
16078
17064
16051
16079
17065
16052
16080
17066
16053
16081
17067
16054
16082
17068
16055
16083
17069
16056
16084
17070
16057
16085
17071
16058
16086
17072
16059
16087
17073
16060
16088
17074
16061
16089
17075
16062
16090
17076
16063
16091
17077
16064
16092
17078
16065
16093
17079
16094
17080
16067
16095
17081
16068
16096
17082
16069
16097
17083
16070
16098
17084
16071
16099
17085
16072
16100
17086
16073
16101
17087
16074
16102
17088
16075
16103
17089
16076
16104
17090
16077
16105
17091
16078
16106
17092
16079
16107
17093
16080
16108
17094
16081
16109
17095
16082
16110
17096
16083
16111
17097
16084
16112
17098
16085
16113
17099
16086
16114
17100
16087
16115
17101
16088
16116
17102
16089
16117
17103
16090
16118
17104
16091
16119
17105
16092
16120
17106
16093
16121
17107
16094
16122
17108
16123
17109
16096
16124
17110
16097
16125
17111
16098
16126
17112
16099
16127
17113
16100
16128
17114
16101
16129
17115
16102
16130
17116
16103
16131
17117
16104
16132
17118
16105
16133
17119
16106
16134
17120
16107
16135
17121
16108
16136
17122
16109
16137
17123
16110
16138
17124
16111
16139
17125
16112
16140
17126
16113
16141
17127
16114
16142
17128
16115
16143
17129
16116
16144
17130
16117
16145
17131
16118
16146
17132
16119
16147
17133
16120
16148
17134
16121
16149
17135
16122
16150
17136
16123
16151
17137
16152
17138
16125
16153
17139
16126
16154
17140
16127
16155
17141
16128
16156
17142
16129
16157
17143
16130
16158
17144
16131
16159
17145
16132
16160
17146
16133
16161
17147
16134
16162
17148
16135
16163
17149
16136
16164
17150
16137
16165
17151
16138
16166
17152
16139
16167
17153
16140
16168
17154
16141
16169
17155
16142
16170
17156
16143
16171
17157
16144
16172
17158
16145
16173
17159
16146
16174
17160
16147
16175
17161
16148
16176
17162
16149
16177
17163
16150
16178
17164
16151
16179
17165
16152
16180
17166
16181
17167
16154
16182
17168
16155
16183
17169
16156
16184
17170
16157
16185
17171
16158
16186
17172
16159
16187
17173
16160
16188
17174
16161
16189
17175
16162
16190
17176
16163
16191
17177
16164
16192
17178
16165
16193
17179
16166
16194
17180
16167
16195
17181
16168
16196
17182
16169
16197
17183
16170
16198
17184
16171
16199
17185
16172
16200
17186
16173
16201
17187
16174
16202
17188
16175
16203
17189
16176
16204
17190
16177
16205
17191
16178
16206
17192
16179
16207
17193
16180
16208
17194
16181
16209
17195
16210
17196
16183
16211
17197
16184
16212
17198
16185
16213
17199
16186
16214
17200
16187
16215
17201
16188
16216
17202
16189
16217
17203
16190
16218
17204
16191
16219
17205
16192
16220
17206
16193
16221
17207
16194
16222
17208
16195
16223
17209
16196
16224
17210
16197
16225
17211
16198
16226
17212
16199
16227
17213
16200
16228
17214
16201
16229
17215
16202
16230
17216
16203
16231
17217
16204
16232
17218
16205
16233
17219
16206
16234
17220
16207
16235
17221
16208
16236
17222
16209
16237
17223
16210
16238
17224
16239
17225
16212
17226
16213
17227
16214
17228
16215
17229
16216
17230
16217
17231
16218
17232
16219
17233
16220
17234
16221
17235
16222
17236
16223
17237
16224
17238
16225
17239
16226
17240
16227
17241
16228
17242
16229
17243
16230
17244
16231
17245
16232
17246
16233
17247
16234
17248
16235
17249
16236
17250
16237
17251
16238
17252
16239
17253
17254
16241
16269
17255
16242
16270
17256
16243
16271
17257
16244
16272
17258
16245
16273
17259
16246
16274
17260
16247
16275
17261
16248
16276
17262
16249
16277
17263
16250
16278
17264
16251
16279
17265
16252
16280
17266
16253
16281
17267
16254
16282
17268
16255
16283
17269
16256
16284
17270
16257
16285
17271
16258
16286
17272
16259
16287
17273
16260
16288
17274
16261
16289
17275
16262
16290
17276
16263
16291
17277
16264
16292
17278
16265
16293
17279
16266
16294
17280
16267
16295
17281
16268
16296
17282
16297
17283
16270
16298
17284
16271
16299
17285
16272
16300
17286
16273
16301
17287
16274
16302
17288
16275
16303
17289
16276
16304
17290
16277
16305
17291
16278
16306
17292
16279
16307
17293
16280
16308
17294
16281
16309
17295
16282
16310
17296
16283
16311
17297
16284
16312
17298
16285
16313
17299
16286
16314
17300
16287
16315
17301
16288
16316
17302
16289
16317
17303
16290
16318
17304
16291
16319
17305
16292
16320
17306
16293
16321
17307
16294
16322
17308
16295
16323
17309
16296
16324
17310
16297
16325
17311
16326
17312
16299
16327
17313
16300
16328
17314
16301
16329
17315
16302
16330
17316
16303
16331
17317
16304
16332
17318
16305
16333
17319
16306
16334
17320
16307
16335
17321
16308
16336
17322
16309
16337
17323
16310
16338
17324
16311
16339
17325
16312
16340
17326
16313
16341
17327
16314
16342
17328
16315
16343
17329
16316
16344
17330
16317
16345
17331
16318
16346
17332
16319
16347
17333
16320
16348
17334
16321
16349
17335
16322
16350
17336
16323
16351
17337
16324
16352
17338
16325
16353
17339
16326
16354
17340
16355
17341
16328
16356
17342
16329
16357
17343
16330
16358
17344
16331
16359
17345
16332
16360
17346
16333
16361
17347
16334
16362
17348
16335
16363
17349
16336
16364
17350
16337
16365
17351
16338
16366
17352
16339
16367
17353
16340
16368
17354
16341
16369
17355
16342
16370
17356
16343
16371
17357
16344
16372
17358
16345
16373
17359
16346
16374
17360
16347
16375
17361
16348
16376
17362
16349
16377
17363
16350
16378
17364
16351
16379
17365
16352
16380
17366
16353
16381
17367
16354
16382
17368
16355
16383
17369
16384
17370
16357
16385
17371
16358
16386
17372
16359
16387
17373
16360
16388
17374
16361
16389
17375
16362
16390
17376
16363
16391
17377
16364
16392
17378
16365
16393
17379
16366
16394
17380
16367
16395
17381
16368
16396
17382
16369
16397
17383
16370
16398
17384
16371
16399
17385
16372
16400
17386
16373
16401
17387
16374
16402
17388
16375
16403
17389
16376
16404
17390
16377
16405
17391
16378
16406
17392
16379
16407
17393
16380
16408
17394
16381
16409
17395
16382
16410
17396
16383
16411
17397
16384
16412
17398
16413
17399
16386
16414
17400
16387
16415
17401
16388
16416
17402
16389
16417
17403
16390
16418
17404
16391
16419
17405
16392
16420
17406
16393
16421
17407
16394
16422
17408
16395
16423
17409
16396
16424
17410
16397
16425
17411
16398
16426
17412
16399
16427
17413
16400
16428
17414
16401
16429
17415
16402
16430
17416
16403
16431
17417
16404
16432
17418
16405
16433
17419
16406
16434
17420
16407
16435
17421
16408
16436
17422
16409
16437
17423
16410
16438
17424
16411
16439
17425
16412
16440
17426
16413
16441
17427
16442
17428
16415
16443
17429
16416
16444
17430
16417
16445
17431
16418
16446
17432
16419
16447
17433
16420
16448
17434
16421
16449
17435
16422
16450
17436
16423
16451
17437
16424
16452
17438
16425
16453
17439
16426
16454
17440
16427
16455
17441
16428
16456
17442
16429
16457
17443
16430
16458
17444
16431
16459
17445
16432
16460
17446
16433
16461
17447
16434
16462
17448
16435
16463
17449
16436
16464
17450
16437
16465
17451
16438
16466
17452
16439
16467
17453
16440
16468
17454
16441
16469
17455
16442
16470
17456
16471
17457
16444
16472
17458
16445
16473
17459
16446
16474
17460
16447
16475
17461
16448
16476
17462
16449
16477
17463
16450
16478
17464
16451
16479
17465
16452
16480
17466
16453
16481
17467
16454
16482
17468
16455
16483
17469
16456
16484
17470
16457
16485
17471
16458
16486
17472
16459
16487
17473
16460
16488
17474
16461
16489
17475
16462
16490
17476
16463
16491
17477
16464
16492
17478
16465
16493
17479
16466
16494
17480
16467
16495
17481
16468
16496
17482
16469
16497
17483
16470
16498
17484
16471
16499
17485
16500
17486
16473
16501
17487
16474
16502
17488
16475
16503
17489
16476
16504
17490
16477
16505
17491
16478
16506
17492
16479
16507
17493
16480
16508
17494
16481
16509
17495
16482
16510
17496
16483
16511
17497
16484
16512
17498
16485
16513
17499
16486
16514
17500
16487
16515
17501
16488
16516
17502
16489
16517
17503
16490
16518
17504
16491
16519
17505
16492
16520
17506
16493
16521
17507
16494
16522
17508
16495
16523
17509
16496
16524
17510
16497
16525
17511
16498
16526
17512
16499
16527
17513
16500
16528
17514
16529
17515
16502
16530
17516
16503
16531
17517
16504
16532
17518
16505
16533
17519
16506
16534
17520
16507
16535
17521
16508
16536
17522
16509
16537
17523
16510
16538
17524
16511
16539
17525
16512
16540
17526
16513
16541
17527
16514
16542
17528
16515
16543
17529
16516
16544
17530
16517
16545
17531
16518
16546
17532
16519
16547
17533
16520
16548
17534
16521
16549
17535
16522
16550
17536
16523
16551
17537
16524
16552
17538
16525
16553
17539
16526
16554
17540
16527
16555
17541
16528
16556
17542
16529
16557
17543
16558
17544
16531
16559
17545
16532
16560
17546
16533
16561
17547
16534
16562
17548
16535
16563
17549
16536
16564
17550
16537
16565
17551
16538
16566
17552
16539
16567
17553
16540
16568
17554
16541
16569
17555
16542
16570
17556
16543
16571
17557
16544
16572
17558
16545
16573
17559
16546
16574
17560
16547
16575
17561
16548
16576
17562
16549
16577
17563
16550
16578
17564
16551
16579
17565
16552
16580
17566
16553
16581
17567
16554
16582
17568
16555
16583
17569
16556
16584
17570
16557
16585
17571
16558
16586
17572
16587
17573
16560
16588
17574
16561
16589
17575
16562
16590
17576
16563
16591
17577
16564
16592
17578
16565
16593
17579
16566
16594
17580
16567
16595
17581
16568
16596
17582
16569
16597
17583
16570
16598
17584
16571
16599
17585
16572
16600
17586
16573
16601
17587
16574
16602
17588
16575
16603
17589
16576
16604
17590
16577
16605
17591
16578
16606
17592
16579
16607
17593
16580
16608
17594
16581
16609
17595
16582
16610
17596
16583
16611
17597
16584
16612
17598
16585
16613
17599
16586
16614
17600
16587
16615
17601
16616
17602
16589
16617
17603
16590
16618
17604
16591
16619
17605
16592
16620
17606
16593
16621
17607
16594
16622
17608
16595
16623
17609
16596
16624
17610
16597
16625
17611
16598
16626
17612
16599
16627
17613
16600
16628
17614
16601
16629
17615
16602
16630
17616
16603
16631
17617
16604
16632
17618
16605
16633
17619
16606
16634
17620
16607
16635
17621
16608
16636
17622
16609
16637
17623
16610
16638
17624
16611
16639
17625
16612
16640
17626
16613
16641
17627
16614
16642
17628
16615
16643
17629
16616
16644
17630
16645
17631
16618
16646
17632
16619
16647
17633
16620
16648
17634
16621
16649
17635
16622
16650
17636
16623
16651
17637
16624
16652
17638
16625
16653
17639
16626
16654
17640
16627
16655
17641
16628
16656
17642
16629
16657
17643
16630
16658
17644
16631
16659
17645
16632
16660
17646
16633
16661
17647
16634
16662
17648
16635
16663
17649
16636
16664
17650
16637
16665
17651
16638
16666
17652
16639
16667
17653
16640
16668
17654
16641
16669
17655
16642
16670
17656
16643
16671
17657
16644
16672
17658
16645
16673
17659
16674
17660
16647
16675
17661
16648
16676
17662
16649
16677
17663
16650
16678
17664
16651
16679
17665
16652
16680
17666
16653
16681
17667
16654
16682
17668
16655
16683
17669
16656
16684
17670
16657
16685
17671
16658
16686
17672
16659
16687
17673
16660
16688
17674
16661
16689
17675
16662
16690
17676
16663
16691
17677
16664
16692
17678
16665
16693
17679
16666
16694
17680
16667
16695
17681
16668
16696
17682
16669
16697
17683
16670
16698
17684
16671
16699
17685
16672
16700
17686
16673
16701
17687
16674
16702
17688
16703
17689
16676
16704
17690
16677
16705
17691
16678
16706
17692
16679
16707
17693
16680
16708
17694
16681
16709
17695
16682
16710
17696
16683
16711
17697
16684
16712
17698
16685
16713
17699
16686
16714
17700
16687
16715
17701
16688
16716
17702
16689
16717
17703
16690
16718
17704
16691
16719
17705
16692
16720
17706
16693
16721
17707
16694
16722
17708
16695
16723
17709
16696
16724
17710
16697
16725
17711
16698
16726
17712
16699
16727
17713
16700
16728
17714
16701
16729
17715
16702
16730
17716
16703
16731
17717
16732
17718
16705
16733
17719
16706
16734
17720
16707
16735
17721
16708
16736
17722
16709
16737
17723
16710
16738
17724
16711
16739
17725
16712
16740
17726
16713
16741
17727
16714
16742
17728
16715
16743
17729
16716
16744
17730
16717
16745
17731
16718
16746
17732
16719
16747
17733
16720
16748
17734
16721
16749
17735
16722
16750
17736
16723
16751
17737
16724
16752
17738
16725
16753
17739
16726
16754
17740
16727
16755
17741
16728
16756
17742
16729
16757
17743
16730
16758
17744
16731
16759
17745
16732
16760
17746
16761
17747
16734
16762
17748
16735
16763
17749
16736
16764
17750
16737
16765
17751
16738
16766
17752
16739
16767
17753
16740
16768
17754
16741
16769
17755
16742
16770
17756
16743
16771
17757
16744
16772
17758
16745
16773
17759
16746
16774
17760
16747
16775
17761
16748
16776
17762
16749
16777
17763
16750
16778
17764
16751
16779
17765
16752
16780
17766
16753
16781
17767
16754
16782
17768
16755
16783
17769
16756
16784
17770
16757
16785
17771
16758
16786
17772
16759
16787
17773
16760
16788
17774
16761
16789
17775
16790
17776
16763
16791
17777
16764
16792
17778
16765
16793
17779
16766
16794
17780
16767
16795
17781
16768
16796
17782
16769
16797
17783
16770
16798
17784
16771
16799
17785
16772
16800
17786
16773
16801
17787
16774
16802
17788
16775
16803
17789
16776
16804
17790
16777
16805
17791
16778
16806
17792
16779
16807
17793
16780
16808
17794
16781
16809
17795
16782
16810
17796
16783
16811
17797
16784
16812
17798
16785
16813
17799
16786
16814
17800
16787
16815
17801
16788
16816
17802
16789
16817
17803
16790
16818
17804
16819
17805
16792
16820
17806
16793
16821
17807
16794
16822
17808
16795
16823
17809
16796
16824
17810
16797
16825
17811
16798
16826
17812
16799
16827
17813
16800
16828
17814
16801
16829
17815
16802
16830
17816
16803
16831
17817
16804
16832
17818
16805
16833
17819
16806
16834
17820
16807
16835
17821
16808
16836
17822
16809
16837
17823
16810
16838
17824
16811
16839
17825
16812
16840
17826
16813
16841
17827
16814
16842
17828
16815
16843
17829
16816
16844
17830
16817
16845
17831
16818
16846
17832
16819
16847
17833
16848
17834
16821
16849
17835
16822
16850
17836
16823
16851
17837
16824
16852
17838
16825
16853
17839
16826
16854
17840
16827
16855
17841
16828
16856
17842
16829
16857
17843
16830
16858
17844
16831
16859
17845
16832
16860
17846
16833
16861
17847
16834
16862
17848
16835
16863
17849
16836
16864
17850
16837
16865
17851
16838
16866
17852
16839
16867
17853
16840
16868
17854
16841
16869
17855
16842
16870
17856
16843
16871
17857
16844
16872
17858
16845
16873
17859
16846
16874
17860
16847
16875
17861
16848
16876
17862
16877
17863
16850
16878
17864
16851
16879
17865
16852
16880
17866
16853
16881
17867
16854
16882
17868
16855
16883
17869
16856
16884
17870
16857
16885
17871
16858
16886
17872
16859
16887
17873
16860
16888
17874
16861
16889
17875
16862
16890
17876
16863
16891
17877
16864
16892
17878
16865
16893
17879
16866
16894
17880
16867
16895
17881
16868
16896
17882
16869
16897
17883
16870
16898
17884
16871
16899
17885
16872
16900
17886
16873
16901
17887
16874
16902
17888
16875
16903
17889
16876
16904
17890
16877
16905
17891
16906
17892
16879
16907
17893
16880
16908
17894
16881
16909
17895
16882
16910
17896
16883
16911
17897
16884
16912
17898
16885
16913
17899
16886
16914
17900
16887
16915
17901
16888
16916
17902
16889
16917
17903
16890
16918
17904
16891
16919
17905
16892
16920
17906
16893
16921
17907
16894
16922
17908
16895
16923
17909
16896
16924
17910
16897
16925
17911
16898
16926
17912
16899
16927
17913
16900
16928
17914
16901
16929
17915
16902
16930
17916
16903
16931
17917
16904
16932
17918
16905
16933
17919
16906
16934
17920
16935
17921
16908
16936
17922
16909
16937
17923
16910
16938
17924
16911
16939
17925
16912
16940
17926
16913
16941
17927
16914
16942
17928
16915
16943
17929
16916
16944
17930
16917
16945
17931
16918
16946
17932
16919
16947
17933
16920
16948
17934
16921
16949
17935
16922
16950
17936
16923
16951
17937
16924
16952
17938
16925
16953
17939
16926
16954
17940
16927
16955
17941
16928
16956
17942
16929
16957
17943
16930
16958
17944
16931
16959
17945
16932
16960
17946
16933
16961
17947
16934
16962
17948
16935
16963
17949
16964
17950
16937
16965
17951
16938
16966
17952
16939
16967
17953
16940
16968
17954
16941
16969
17955
16942
16970
17956
16943
16971
17957
16944
16972
17958
16945
16973
17959
16946
16974
17960
16947
16975
17961
16948
16976
17962
16949
16977
17963
16950
16978
17964
16951
16979
17965
16952
16980
17966
16953
16981
17967
16954
16982
17968
16955
16983
17969
16956
16984
17970
16957
16985
17971
16958
16986
17972
16959
16987
17973
16960
16988
17974
16961
16989
17975
16962
16990
17976
16963
16991
17977
16964
16992
17978
16993
17979
16966
16994
17980
16967
16995
17981
16968
16996
17982
16969
16997
17983
16970
16998
17984
16971
16999
17985
16972
17000
17986
16973
17001
17987
16974
17002
17988
16975
17003
17989
16976
17004
17990
16977
17005
17991
16978
17006
17992
16979
17007
17993
16980
17008
17994
16981
17009
17995
16982
17010
17996
16983
17011
17997
16984
17012
17998
16985
17013
17999
16986
17014
18000
16987
17015
18001
16988
17016
18002
16989
17017
18003
16990
17018
18004
16991
17019
18005
16992
17020
18006
16993
17021
18007
17022
18008
16995
17023
18009
16996
17024
18010
16997
17025
18011
16998
17026
18012
16999
17027
18013
17000
17028
18014
17001
17029
18015
17002
17030
18016
17003
17031
18017
17004
17032
18018
17005
17033
18019
17006
17034
18020
17007
17035
18021
17008
17036
18022
17009
17037
18023
17010
17038
18024
17011
17039
18025
17012
17040
18026
17013
17041
18027
17014
17042
18028
17015
17043
18029
17016
17044
18030
17017
17045
18031
17018
17046
18032
17019
17047
18033
17020
17048
18034
17021
17049
18035
17022
17050
18036
17051
18037
17024
17052
18038
17025
17053
18039
17026
17054
18040
17027
17055
18041
17028
17056
18042
17029
17057
18043
17030
17058
18044
17031
17059
18045
17032
17060
18046
17033
17061
18047
17034
17062
18048
17035
17063
18049
17036
17064
18050
17037
17065
18051
17038
17066
18052
17039
17067
18053
17040
17068
18054
17041
17069
18055
17042
17070
18056
17043
17071
18057
17044
17072
18058
17045
17073
18059
17046
17074
18060
17047
17075
18061
17048
17076
18062
17049
17077
18063
17050
17078
18064
17051
17079
18065
17080
18066
17053
17081
18067
17054
17082
18068
17055
17083
18069
17056
17084
18070
17057
17085
18071
17058
17086
18072
17059
17087
18073
17060
17088
18074
17061
17089
18075
17062
17090
18076
17063
17091
18077
17064
17092
18078
17065
17093
18079
17066
17094
18080
17067
17095
18081
17068
17096
18082
17069
17097
18083
17070
17098
18084
17071
17099
18085
17072
17100
18086
17073
17101
18087
17074
17102
18088
17075
17103
18089
17076
17104
18090
17077
17105
18091
17078
17106
18092
17079
17107
18093
17080
17108
18094
17109
18095
17082
17110
18096
17083
17111
18097
17084
17112
18098
17085
17113
18099
17086
17114
18100
17087
17115
18101
17088
17116
18102
17089
17117
18103
17090
17118
18104
17091
17119
18105
17092
17120
18106
17093
17121
18107
17094
17122
18108
17095
17123
18109
17096
17124
18110
17097
17125
18111
17098
17126
18112
17099
17127
18113
17100
17128
18114
17101
17129
18115
17102
17130
18116
17103
17131
18117
17104
17132
18118
17105
17133
18119
17106
17134
18120
17107
17135
18121
17108
17136
18122
17109
17137
18123
17138
18124
17111
17139
18125
17112
17140
18126
17113
17141
18127
17114
17142
18128
17115
17143
18129
17116
17144
18130
17117
17145
18131
17118
17146
18132
17119
17147
18133
17120
17148
18134
17121
17149
18135
17122
17150
18136
17123
17151
18137
17124
17152
18138
17125
17153
18139
17126
17154
18140
17127
17155
18141
17128
17156
18142
17129
17157
18143
17130
17158
18144
17131
17159
18145
17132
17160
18146
17133
17161
18147
17134
17162
18148
17135
17163
18149
17136
17164
18150
17137
17165
18151
17138
17166
18152
17167
18153
17140
17168
18154
17141
17169
18155
17142
17170
18156
17143
17171
18157
17144
17172
18158
17145
17173
18159
17146
17174
18160
17147
17175
18161
17148
17176
18162
17149
17177
18163
17150
17178
18164
17151
17179
18165
17152
17180
18166
17153
17181
18167
17154
17182
18168
17155
17183
18169
17156
17184
18170
17157
17185
18171
17158
17186
18172
17159
17187
18173
17160
17188
18174
17161
17189
18175
17162
17190
18176
17163
17191
18177
17164
17192
18178
17165
17193
18179
17166
17194
18180
17167
17195
18181
17196
18182
17169
17197
18183
17170
17198
18184
17171
17199
18185
17172
17200
18186
17173
17201
18187
17174
17202
18188
17175
17203
18189
17176
17204
18190
17177
17205
18191
17178
17206
18192
17179
17207
18193
17180
17208
18194
17181
17209
18195
17182
17210
18196
17183
17211
18197
17184
17212
18198
17185
17213
18199
17186
17214
18200
17187
17215
18201
17188
17216
18202
17189
17217
18203
17190
17218
18204
17191
17219
18205
17192
17220
18206
17193
17221
18207
17194
17222
18208
17195
17223
18209
17196
17224
18210
17225
18211
17198
17226
18212
17199
17227
18213
17200
17228
18214
17201
17229
18215
17202
17230
18216
17203
17231
18217
17204
17232
18218
17205
17233
18219
17206
17234
18220
17207
17235
18221
17208
17236
18222
17209
17237
18223
17210
17238
18224
17211
17239
18225
17212
17240
18226
17213
17241
18227
17214
17242
18228
17215
17243
18229
17216
17244
18230
17217
17245
18231
17218
17246
18232
17219
17247
18233
17220
17248
18234
17221
17249
18235
17222
17250
18236
17223
17251
18237
17224
17252
18238
17225
17253
18239
17254
18240
17227
18241
17228
18242
17229
18243
17230
18244
17231
18245
17232
18246
17233
18247
17234
18248
17235
18249
17236
18250
17237
18251
17238
18252
17239
18253
17240
18254
17241
18255
17242
18256
17243
18257
17244
18258
17245
18259
17246
18260
17247
18261
17248
18262
17249
18263
17250
18264
17251
18265
17252
18266
17253
18267
17254
18268
18269
17256
17284
18270
17257
17285
18271
17258
17286
18272
17259
17287
18273
17260
17288
18274
17261
17289
18275
17262
17290
18276
17263
17291
18277
17264
17292
18278
17265
17293
18279
17266
17294
18280
17267
17295
18281
17268
17296
18282
17269
17297
18283
17270
17298
18284
17271
17299
18285
17272
17300
18286
17273
17301
18287
17274
17302
18288
17275
17303
18289
17276
17304
18290
17277
17305
18291
17278
17306
18292
17279
17307
18293
17280
17308
18294
17281
17309
18295
17282
17310
18296
17283
17311
18297
17312
18298
17285
17313
18299
17286
17314
18300
17287
17315
18301
17288
17316
18302
17289
17317
18303
17290
17318
18304
17291
17319
18305
17292
17320
18306
17293
17321
18307
17294
17322
18308
17295
17323
18309
17296
17324
18310
17297
17325
18311
17298
17326
18312
17299
17327
18313
17300
17328
18314
17301
17329
18315
17302
17330
18316
17303
17331
18317
17304
17332
18318
17305
17333
18319
17306
17334
18320
17307
17335
18321
17308
17336
18322
17309
17337
18323
17310
17338
18324
17311
17339
18325
17312
17340
18326
17341
18327
17314
17342
18328
17315
17343
18329
17316
17344
18330
17317
17345
18331
17318
17346
18332
17319
17347
18333
17320
17348
18334
17321
17349
18335
17322
17350
18336
17323
17351
18337
17324
17352
18338
17325
17353
18339
17326
17354
18340
17327
17355
18341
17328
17356
18342
17329
17357
18343
17330
17358
18344
17331
17359
18345
17332
17360
18346
17333
17361
18347
17334
17362
18348
17335
17363
18349
17336
17364
18350
17337
17365
18351
17338
17366
18352
17339
17367
18353
17340
17368
18354
17341
17369
18355
17370
18356
17343
17371
18357
17344
17372
18358
17345
17373
18359
17346
17374
18360
17347
17375
18361
17348
17376
18362
17349
17377
18363
17350
17378
18364
17351
17379
18365
17352
17380
18366
17353
17381
18367
17354
17382
18368
17355
17383
18369
17356
17384
18370
17357
17385
18371
17358
17386
18372
17359
17387
18373
17360
17388
18374
17361
17389
18375
17362
17390
18376
17363
17391
18377
17364
17392
18378
17365
17393
18379
17366
17394
18380
17367
17395
18381
17368
17396
18382
17369
17397
18383
17370
17398
18384
17399
18385
17372
17400
18386
17373
17401
18387
17374
17402
18388
17375
17403
18389
17376
17404
18390
17377
17405
18391
17378
17406
18392
17379
17407
18393
17380
17408
18394
17381
17409
18395
17382
17410
18396
17383
17411
18397
17384
17412
18398
17385
17413
18399
17386
17414
18400
17387
17415
18401
17388
17416
18402
17389
17417
18403
17390
17418
18404
17391
17419
18405
17392
17420
18406
17393
17421
18407
17394
17422
18408
17395
17423
18409
17396
17424
18410
17397
17425
18411
17398
17426
18412
17399
17427
18413
17428
18414
17401
17429
18415
17402
17430
18416
17403
17431
18417
17404
17432
18418
17405
17433
18419
17406
17434
18420
17407
17435
18421
17408
17436
18422
17409
17437
18423
17410
17438
18424
17411
17439
18425
17412
17440
18426
17413
17441
18427
17414
17442
18428
17415
17443
18429
17416
17444
18430
17417
17445
18431
17418
17446
18432
17419
17447
18433
17420
17448
18434
17421
17449
18435
17422
17450
18436
17423
17451
18437
17424
17452
18438
17425
17453
18439
17426
17454
18440
17427
17455
18441
17428
17456
18442
17457
18443
17430
17458
18444
17431
17459
18445
17432
17460
18446
17433
17461
18447
17434
17462
18448
17435
17463
18449
17436
17464
18450
17437
17465
18451
17438
17466
18452
17439
17467
18453
17440
17468
18454
17441
17469
18455
17442
17470
18456
17443
17471
18457
17444
17472
18458
17445
17473
18459
17446
17474
18460
17447
17475
18461
17448
17476
18462
17449
17477
18463
17450
17478
18464
17451
17479
18465
17452
17480
18466
17453
17481
18467
17454
17482
18468
17455
17483
18469
17456
17484
18470
17457
17485
18471
17486
18472
17459
17487
18473
17460
17488
18474
17461
17489
18475
17462
17490
18476
17463
17491
18477
17464
17492
18478
17465
17493
18479
17466
17494
18480
17467
17495
18481
17468
17496
18482
17469
17497
18483
17470
17498
18484
17471
17499
18485
17472
17500
18486
17473
17501
18487
17474
17502
18488
17475
17503
18489
17476
17504
18490
17477
17505
18491
17478
17506
18492
17479
17507
18493
17480
17508
18494
17481
17509
18495
17482
17510
18496
17483
17511
18497
17484
17512
18498
17485
17513
18499
17486
17514
18500
17515
18501
17488
17516
18502
17489
17517
18503
17490
17518
18504
17491
17519
18505
17492
17520
18506
17493
17521
18507
17494
17522
18508
17495
17523
18509
17496
17524
18510
17497
17525
18511
17498
17526
18512
17499
17527
18513
17500
17528
18514
17501
17529
18515
17502
17530
18516
17503
17531
18517
17504
17532
18518
17505
17533
18519
17506
17534
18520
17507
17535
18521
17508
17536
18522
17509
17537
18523
17510
17538
18524
17511
17539
18525
17512
17540
18526
17513
17541
18527
17514
17542
18528
17515
17543
18529
17544
18530
17517
17545
18531
17518
17546
18532
17519
17547
18533
17520
17548
18534
17521
17549
18535
17522
17550
18536
17523
17551
18537
17524
17552
18538
17525
17553
18539
17526
17554
18540
17527
17555
18541
17528
17556
18542
17529
17557
18543
17530
17558
18544
17531
17559
18545
17532
17560
18546
17533
17561
18547
17534
17562
18548
17535
17563
18549
17536
17564
18550
17537
17565
18551
17538
17566
18552
17539
17567
18553
17540
17568
18554
17541
17569
18555
17542
17570
18556
17543
17571
18557
17544
17572
18558
17573
18559
17546
17574
18560
17547
17575
18561
17548
17576
18562
17549
17577
18563
17550
17578
18564
17551
17579
18565
17552
17580
18566
17553
17581
18567
17554
17582
18568
17555
17583
18569
17556
17584
18570
17557
17585
18571
17558
17586
18572
17559
17587
18573
17560
17588
18574
17561
17589
18575
17562
17590
18576
17563
17591
18577
17564
17592
18578
17565
17593
18579
17566
17594
18580
17567
17595
18581
17568
17596
18582
17569
17597
18583
17570
17598
18584
17571
17599
18585
17572
17600
18586
17573
17601
18587
17602
18588
17575
17603
18589
17576
17604
18590
17577
17605
18591
17578
17606
18592
17579
17607
18593
17580
17608
18594
17581
17609
18595
17582
17610
18596
17583
17611
18597
17584
17612
18598
17585
17613
18599
17586
17614
18600
17587
17615
18601
17588
17616
18602
17589
17617
18603
17590
17618
18604
17591
17619
18605
17592
17620
18606
17593
17621
18607
17594
17622
18608
17595
17623
18609
17596
17624
18610
17597
17625
18611
17598
17626
18612
17599
17627
18613
17600
17628
18614
17601
17629
18615
17602
17630
18616
17631
18617
17604
17632
18618
17605
17633
18619
17606
17634
18620
17607
17635
18621
17608
17636
18622
17609
17637
18623
17610
17638
18624
17611
17639
18625
17612
17640
18626
17613
17641
18627
17614
17642
18628
17615
17643
18629
17616
17644
18630
17617
17645
18631
17618
17646
18632
17619
17647
18633
17620
17648
18634
17621
17649
18635
17622
17650
18636
17623
17651
18637
17624
17652
18638
17625
17653
18639
17626
17654
18640
17627
17655
18641
17628
17656
18642
17629
17657
18643
17630
17658
18644
17631
17659
18645
17660
18646
17633
17661
18647
17634
17662
18648
17635
17663
18649
17636
17664
18650
17637
17665
18651
17638
17666
18652
17639
17667
18653
17640
17668
18654
17641
17669
18655
17642
17670
18656
17643
17671
18657
17644
17672
18658
17645
17673
18659
17646
17674
18660
17647
17675
18661
17648
17676
18662
17649
17677
18663
17650
17678
18664
17651
17679
18665
17652
17680
18666
17653
17681
18667
17654
17682
18668
17655
17683
18669
17656
17684
18670
17657
17685
18671
17658
17686
18672
17659
17687
18673
17660
17688
18674
17689
18675
17662
17690
18676
17663
17691
18677
17664
17692
18678
17665
17693
18679
17666
17694
18680
17667
17695
18681
17668
17696
18682
17669
17697
18683
17670
17698
18684
17671
17699
18685
17672
17700
18686
17673
17701
18687
17674
17702
18688
17675
17703
18689
17676
17704
18690
17677
17705
18691
17678
17706
18692
17679
17707
18693
17680
17708
18694
17681
17709
18695
17682
17710
18696
17683
17711
18697
17684
17712
18698
17685
17713
18699
17686
17714
18700
17687
17715
18701
17688
17716
18702
17689
17717
18703
17718
18704
17691
17719
18705
17692
17720
18706
17693
17721
18707
17694
17722
18708
17695
17723
18709
17696
17724
18710
17697
17725
18711
17698
17726
18712
17699
17727
18713
17700
17728
18714
17701
17729
18715
17702
17730
18716
17703
17731
18717
17704
17732
18718
17705
17733
18719
17706
17734
18720
17707
17735
18721
17708
17736
18722
17709
17737
18723
17710
17738
18724
17711
17739
18725
17712
17740
18726
17713
17741
18727
17714
17742
18728
17715
17743
18729
17716
17744
18730
17717
17745
18731
17718
17746
18732
17747
18733
17720
17748
18734
17721
17749
18735
17722
17750
18736
17723
17751
18737
17724
17752
18738
17725
17753
18739
17726
17754
18740
17727
17755
18741
17728
17756
18742
17729
17757
18743
17730
17758
18744
17731
17759
18745
17732
17760
18746
17733
17761
18747
17734
17762
18748
17735
17763
18749
17736
17764
18750
17737
17765
18751
17738
17766
18752
17739
17767
18753
17740
17768
18754
17741
17769
18755
17742
17770
18756
17743
17771
18757
17744
17772
18758
17745
17773
18759
17746
17774
18760
17747
17775
18761
17776
18762
17749
17777
18763
17750
17778
18764
17751
17779
18765
17752
17780
18766
17753
17781
18767
17754
17782
18768
17755
17783
18769
17756
17784
18770
17757
17785
18771
17758
17786
18772
17759
17787
18773
17760
17788
18774
17761
17789
18775
17762
17790
18776
17763
17791
18777
17764
17792
18778
17765
17793
18779
17766
17794
18780
17767
17795
18781
17768
17796
18782
17769
17797
18783
17770
17798
18784
17771
17799
18785
17772
17800
18786
17773
17801
18787
17774
17802
18788
17775
17803
18789
17776
17804
18790
17805
18791
17778
17806
18792
17779
17807
18793
17780
17808
18794
17781
17809
18795
17782
17810
18796
17783
17811
18797
17784
17812
18798
17785
17813
18799
17786
17814
18800
17787
17815
18801
17788
17816
18802
17789
17817
18803
17790
17818
18804
17791
17819
18805
17792
17820
18806
17793
17821
18807
17794
17822
18808
17795
17823
18809
17796
17824
18810
17797
17825
18811
17798
17826
18812
17799
17827
18813
17800
17828
18814
17801
17829
18815
17802
17830
18816
17803
17831
18817
17804
17832
18818
17805
17833
18819
17834
18820
17807
17835
18821
17808
17836
18822
17809
17837
18823
17810
17838
18824
17811
17839
18825
17812
17840
18826
17813
17841
18827
17814
17842
18828
17815
17843
18829
17816
17844
18830
17817
17845
18831
17818
17846
18832
17819
17847
18833
17820
17848
18834
17821
17849
18835
17822
17850
18836
17823
17851
18837
17824
17852
18838
17825
17853
18839
17826
17854
18840
17827
17855
18841
17828
17856
18842
17829
17857
18843
17830
17858
18844
17831
17859
18845
17832
17860
18846
17833
17861
18847
17834
17862
18848
17863
18849
17836
17864
18850
17837
17865
18851
17838
17866
18852
17839
17867
18853
17840
17868
18854
17841
17869
18855
17842
17870
18856
17843
17871
18857
17844
17872
18858
17845
17873
18859
17846
17874
18860
17847
17875
18861
17848
17876
18862
17849
17877
18863
17850
17878
18864
17851
17879
18865
17852
17880
18866
17853
17881
18867
17854
17882
18868
17855
17883
18869
17856
17884
18870
17857
17885
18871
17858
17886
18872
17859
17887
18873
17860
17888
18874
17861
17889
18875
17862
17890
18876
17863
17891
18877
17892
18878
17865
17893
18879
17866
17894
18880
17867
17895
18881
17868
17896
18882
17869
17897
18883
17870
17898
18884
17871
17899
18885
17872
17900
18886
17873
17901
18887
17874
17902
18888
17875
17903
18889
17876
17904
18890
17877
17905
18891
17878
17906
18892
17879
17907
18893
17880
17908
18894
17881
17909
18895
17882
17910
18896
17883
17911
18897
17884
17912
18898
17885
17913
18899
17886
17914
18900
17887
17915
18901
17888
17916
18902
17889
17917
18903
17890
17918
18904
17891
17919
18905
17892
17920
18906
17921
18907
17894
17922
18908
17895
17923
18909
17896
17924
18910
17897
17925
18911
17898
17926
18912
17899
17927
18913
17900
17928
18914
17901
17929
18915
17902
17930
18916
17903
17931
18917
17904
17932
18918
17905
17933
18919
17906
17934
18920
17907
17935
18921
17908
17936
18922
17909
17937
18923
17910
17938
18924
17911
17939
18925
17912
17940
18926
17913
17941
18927
17914
17942
18928
17915
17943
18929
17916
17944
18930
17917
17945
18931
17918
17946
18932
17919
17947
18933
17920
17948
18934
17921
17949
18935
17950
18936
17923
17951
18937
17924
17952
18938
17925
17953
18939
17926
17954
18940
17927
17955
18941
17928
17956
18942
17929
17957
18943
17930
17958
18944
17931
17959
18945
17932
17960
18946
17933
17961
18947
17934
17962
18948
17935
17963
18949
17936
17964
18950
17937
17965
18951
17938
17966
18952
17939
17967
18953
17940
17968
18954
17941
17969
18955
17942
17970
18956
17943
17971
18957
17944
17972
18958
17945
17973
18959
17946
17974
18960
17947
17975
18961
17948
17976
18962
17949
17977
18963
17950
17978
18964
17979
18965
17952
17980
18966
17953
17981
18967
17954
17982
18968
17955
17983
18969
17956
17984
18970
17957
17985
18971
17958
17986
18972
17959
17987
18973
17960
17988
18974
17961
17989
18975
17962
17990
18976
17963
17991
18977
17964
17992
18978
17965
17993
18979
17966
17994
18980
17967
17995
18981
17968
17996
18982
17969
17997
18983
17970
17998
18984
17971
17999
18985
17972
18000
18986
17973
18001
18987
17974
18002
18988
17975
18003
18989
17976
18004
18990
17977
18005
18991
17978
18006
18992
17979
18007
18993
18008
18994
17981
18009
18995
17982
18010
18996
17983
18011
18997
17984
18012
18998
17985
18013
18999
17986
18014
19000
17987
18015
19001
17988
18016
19002
17989
18017
19003
17990
18018
19004
17991
18019
19005
17992
18020
19006
17993
18021
19007
17994
18022
19008
17995
18023
19009
17996
18024
19010
17997
18025
19011
17998
18026
19012
17999
18027
19013
18000
18028
19014
18001
18029
19015
18002
18030
19016
18003
18031
19017
18004
18032
19018
18005
18033
19019
18006
18034
19020
18007
18035
19021
18008
18036
19022
18037
19023
18010
18038
19024
18011
18039
19025
18012
18040
19026
18013
18041
19027
18014
18042
19028
18015
18043
19029
18016
18044
19030
18017
18045
19031
18018
18046
19032
18019
18047
19033
18020
18048
19034
18021
18049
19035
18022
18050
19036
18023
18051
19037
18024
18052
19038
18025
18053
19039
18026
18054
19040
18027
18055
19041
18028
18056
19042
18029
18057
19043
18030
18058
19044
18031
18059
19045
18032
18060
19046
18033
18061
19047
18034
18062
19048
18035
18063
19049
18036
18064
19050
18037
18065
19051
18066
19052
18039
18067
19053
18040
18068
19054
18041
18069
19055
18042
18070
19056
18043
18071
19057
18044
18072
19058
18045
18073
19059
18046
18074
19060
18047
18075
19061
18048
18076
19062
18049
18077
19063
18050
18078
19064
18051
18079
19065
18052
18080
19066
18053
18081
19067
18054
18082
19068
18055
18083
19069
18056
18084
19070
18057
18085
19071
18058
18086
19072
18059
18087
19073
18060
18088
19074
18061
18089
19075
18062
18090
19076
18063
18091
19077
18064
18092
19078
18065
18093
19079
18066
18094
19080
18095
19081
18068
18096
19082
18069
18097
19083
18070
18098
19084
18071
18099
19085
18072
18100
19086
18073
18101
19087
18074
18102
19088
18075
18103
19089
18076
18104
19090
18077
18105
19091
18078
18106
19092
18079
18107
19093
18080
18108
19094
18081
18109
19095
18082
18110
19096
18083
18111
19097
18084
18112
19098
18085
18113
19099
18086
18114
19100
18087
18115
19101
18088
18116
19102
18089
18117
19103
18090
18118
19104
18091
18119
19105
18092
18120
19106
18093
18121
19107
18094
18122
19108
18095
18123
19109
18124
19110
18097
18125
19111
18098
18126
19112
18099
18127
19113
18100
18128
19114
18101
18129
19115
18102
18130
19116
18103
18131
19117
18104
18132
19118
18105
18133
19119
18106
18134
19120
18107
18135
19121
18108
18136
19122
18109
18137
19123
18110
18138
19124
18111
18139
19125
18112
18140
19126
18113
18141
19127
18114
18142
19128
18115
18143
19129
18116
18144
19130
18117
18145
19131
18118
18146
19132
18119
18147
19133
18120
18148
19134
18121
18149
19135
18122
18150
19136
18123
18151
19137
18124
18152
19138
18153
19139
18126
18154
19140
18127
18155
19141
18128
18156
19142
18129
18157
19143
18130
18158
19144
18131
18159
19145
18132
18160
19146
18133
18161
19147
18134
18162
19148
18135
18163
19149
18136
18164
19150
18137
18165
19151
18138
18166
19152
18139
18167
19153
18140
18168
19154
18141
18169
19155
18142
18170
19156
18143
18171
19157
18144
18172
19158
18145
18173
19159
18146
18174
19160
18147
18175
19161
18148
18176
19162
18149
18177
19163
18150
18178
19164
18151
18179
19165
18152
18180
19166
18153
18181
19167
18182
19168
18155
18183
19169
18156
18184
19170
18157
18185
19171
18158
18186
19172
18159
18187
19173
18160
18188
19174
18161
18189
19175
18162
18190
19176
18163
18191
19177
18164
18192
19178
18165
18193
19179
18166
18194
19180
18167
18195
19181
18168
18196
19182
18169
18197
19183
18170
18198
19184
18171
18199
19185
18172
18200
19186
18173
18201
19187
18174
18202
19188
18175
18203
19189
18176
18204
19190
18177
18205
19191
18178
18206
19192
18179
18207
19193
18180
18208
19194
18181
18209
19195
18182
18210
19196
18211
19197
18184
18212
19198
18185
18213
19199
18186
18214
19200
18187
18215
19201
18188
18216
19202
18189
18217
19203
18190
18218
19204
18191
18219
19205
18192
18220
19206
18193
18221
19207
18194
18222
19208
18195
18223
19209
18196
18224
19210
18197
18225
19211
18198
18226
19212
18199
18227
19213
18200
18228
19214
18201
18229
19215
18202
18230
19216
18203
18231
19217
18204
18232
19218
18205
18233
19219
18206
18234
19220
18207
18235
19221
18208
18236
19222
18209
18237
19223
18210
18238
19224
18211
18239
19225
18240
19226
18213
18241
19227
18214
18242
19228
18215
18243
19229
18216
18244
19230
18217
18245
19231
18218
18246
19232
18219
18247
19233
18220
18248
19234
18221
18249
19235
18222
18250
19236
18223
18251
19237
18224
18252
19238
18225
18253
19239
18226
18254
19240
18227
18255
19241
18228
18256
19242
18229
18257
19243
18230
18258
19244
18231
18259
19245
18232
18260
19246
18233
18261
19247
18234
18262
19248
18235
18263
19249
18236
18264
19250
18237
18265
19251
18238
18266
19252
18239
18267
19253
18240
18268
19254
18269
19255
18242
19256
18243
19257
18244
19258
18245
19259
18246
19260
18247
19261
18248
19262
18249
19263
18250
19264
18251
19265
18252
19266
18253
19267
18254
19268
18255
19269
18256
19270
18257
19271
18258
19272
18259
19273
18260
19274
18261
19275
18262
19276
18263
19277
18264
19278
18265
19279
18266
19280
18267
19281
18268
19282
18269
19283
19284
18271
18299
18272
18300
18273
18301
18274
18302
18275
18303
18276
18304
18277
18305
18278
18306
18279
18307
18280
18308
18281
18309
18282
18310
18283
18311
18284
18312
18285
18313
18286
18314
18287
18315
18288
18316
18289
18317
18290
18318
18291
18319
18292
18320
18293
18321
18294
18322
18295
18323
18296
18324
18297
18325
18298
18326
18327
18300
18328
18301
18329
18302
18330
18303
18331
18304
18332
18305
18333
18306
18334
18307
18335
18308
18336
18309
18337
18310
18338
18311
18339
18312
18340
18313
18341
18314
18342
18315
18343
18316
18344
18317
18345
18318
18346
18319
18347
18320
18348
18321
18349
18322
18350
18323
18351
18324
18352
18325
18353
18326
18354
18327
18355
18356
18329
18357
18330
18358
18331
18359
18332
18360
18333
18361
18334
18362
18335
18363
18336
18364
18337
18365
18338
18366
18339
18367
18340
18368
18341
18369
18342
18370
18343
18371
18344
18372
18345
18373
18346
18374
18347
18375
18348
18376
18349
18377
18350
18378
18351
18379
18352
18380
18353
18381
18354
18382
18355
18383
18356
18384
18385
18358
18386
18359
18387
18360
18388
18361
18389
18362
18390
18363
18391
18364
18392
18365
18393
18366
18394
18367
18395
18368
18396
18369
18397
18370
18398
18371
18399
18372
18400
18373
18401
18374
18402
18375
18403
18376
18404
18377
18405
18378
18406
18379
18407
18380
18408
18381
18409
18382
18410
18383
18411
18384
18412
18385
18413
18414
18387
18415
18388
18416
18389
18417
18390
18418
18391
18419
18392
18420
18393
18421
18394
18422
18395
18423
18396
18424
18397
18425
18398
18426
18399
18427
18400
18428
18401
18429
18402
18430
18403
18431
18404
18432
18405
18433
18406
18434
18407
18435
18408
18436
18409
18437
18410
18438
18411
18439
18412
18440
18413
18441
18414
18442
18443
18416
18444
18417
18445
18418
18446
18419
18447
18420
18448
18421
18449
18422
18450
18423
18451
18424
18452
18425
18453
18426
18454
18427
18455
18428
18456
18429
18457
18430
18458
18431
18459
18432
18460
18433
18461
18434
18462
18435
18463
18436
18464
18437
18465
18438
18466
18439
18467
18440
18468
18441
18469
18442
18470
18443
18471
18472
18445
18473
18446
18474
18447
18475
18448
18476
18449
18477
18450
18478
18451
18479
18452
18480
18453
18481
18454
18482
18455
18483
18456
18484
18457
18485
18458
18486
18459
18487
18460
18488
18461
18489
18462
18490
18463
18491
18464
18492
18465
18493
18466
18494
18467
18495
18468
18496
18469
18497
18470
18498
18471
18499
18472
18500
18501
18474
18502
18475
18503
18476
18504
18477
18505
18478
18506
18479
18507
18480
18508
18481
18509
18482
18510
18483
18511
18484
18512
18485
18513
18486
18514
18487
18515
18488
18516
18489
18517
18490
18518
18491
18519
18492
18520
18493
18521
18494
18522
18495
18523
18496
18524
18497
18525
18498
18526
18499
18527
18500
18528
18501
18529
18530
18503
18531
18504
18532
18505
18533
18506
18534
18507
18535
18508
18536
18509
18537
18510
18538
18511
18539
18512
18540
18513
18541
18514
18542
18515
18543
18516
18544
18517
18545
18518
18546
18519
18547
18520
18548
18521
18549
18522
18550
18523
18551
18524
18552
18525
18553
18526
18554
18527
18555
18528
18556
18529
18557
18530
18558
18559
18532
18560
18533
18561
18534
18562
18535
18563
18536
18564
18537
18565
18538
18566
18539
18567
18540
18568
18541
18569
18542
18570
18543
18571
18544
18572
18545
18573
18546
18574
18547
18575
18548
18576
18549
18577
18550
18578
18551
18579
18552
18580
18553
18581
18554
18582
18555
18583
18556
18584
18557
18585
18558
18586
18559
18587
18588
18561
18589
18562
18590
18563
18591
18564
18592
18565
18593
18566
18594
18567
18595
18568
18596
18569
18597
18570
18598
18571
18599
18572
18600
18573
18601
18574
18602
18575
18603
18576
18604
18577
18605
18578
18606
18579
18607
18580
18608
18581
18609
18582
18610
18583
18611
18584
18612
18585
18613
18586
18614
18587
18615
18588
18616
18617
18590
18618
18591
18619
18592
18620
18593
18621
18594
18622
18595
18623
18596
18624
18597
18625
18598
18626
18599
18627
18600
18628
18601
18629
18602
18630
18603
18631
18604
18632
18605
18633
18606
18634
18607
18635
18608
18636
18609
18637
18610
18638
18611
18639
18612
18640
18613
18641
18614
18642
18615
18643
18616
18644
18617
18645
18646
18619
18647
18620
18648
18621
18649
18622
18650
18623
18651
18624
18652
18625
18653
18626
18654
18627
18655
18628
18656
18629
18657
18630
18658
18631
18659
18632
18660
18633
18661
18634
18662
18635
18663
18636
18664
18637
18665
18638
18666
18639
18667
18640
18668
18641
18669
18642
18670
18643
18671
18644
18672
18645
18673
18646
18674
18675
18648
18676
18649
18677
18650
18678
18651
18679
18652
18680
18653
18681
18654
18682
18655
18683
18656
18684
18657
18685
18658
18686
18659
18687
18660
18688
18661
18689
18662
18690
18663
18691
18664
18692
18665
18693
18666
18694
18667
18695
18668
18696
18669
18697
18670
18698
18671
18699
18672
18700
18673
18701
18674
18702
18675
18703
18704
18677
18705
18678
18706
18679
18707
18680
18708
18681
18709
18682
18710
18683
18711
18684
18712
18685
18713
18686
18714
18687
18715
18688
18716
18689
18717
18690
18718
18691
18719
18692
18720
18693
18721
18694
18722
18695
18723
18696
18724
18697
18725
18698
18726
18699
18727
18700
18728
18701
18729
18702
18730
18703
18731
18704
18732
18733
18706
18734
18707
18735
18708
18736
18709
18737
18710
18738
18711
18739
18712
18740
18713
18741
18714
18742
18715
18743
18716
18744
18717
18745
18718
18746
18719
18747
18720
18748
18721
18749
18722
18750
18723
18751
18724
18752
18725
18753
18726
18754
18727
18755
18728
18756
18729
18757
18730
18758
18731
18759
18732
18760
18733
18761
18762
18735
18763
18736
18764
18737
18765
18738
18766
18739
18767
18740
18768
18741
18769
18742
18770
18743
18771
18744
18772
18745
18773
18746
18774
18747
18775
18748
18776
18749
18777
18750
18778
18751
18779
18752
18780
18753
18781
18754
18782
18755
18783
18756
18784
18757
18785
18758
18786
18759
18787
18760
18788
18761
18789
18762
18790
18791
18764
18792
18765
18793
18766
18794
18767
18795
18768
18796
18769
18797
18770
18798
18771
18799
18772
18800
18773
18801
18774
18802
18775
18803
18776
18804
18777
18805
18778
18806
18779
18807
18780
18808
18781
18809
18782
18810
18783
18811
18784
18812
18785
18813
18786
18814
18787
18815
18788
18816
18789
18817
18790
18818
18791
18819
18820
18793
18821
18794
18822
18795
18823
18796
18824
18797
18825
18798
18826
18799
18827
18800
18828
18801
18829
18802
18830
18803
18831
18804
18832
18805
18833
18806
18834
18807
18835
18808
18836
18809
18837
18810
18838
18811
18839
18812
18840
18813
18841
18814
18842
18815
18843
18816
18844
18817
18845
18818
18846
18819
18847
18820
18848
18849
18822
18850
18823
18851
18824
18852
18825
18853
18826
18854
18827
18855
18828
18856
18829
18857
18830
18858
18831
18859
18832
18860
18833
18861
18834
18862
18835
18863
18836
18864
18837
18865
18838
18866
18839
18867
18840
18868
18841
18869
18842
18870
18843
18871
18844
18872
18845
18873
18846
18874
18847
18875
18848
18876
18849
18877
18878
18851
18879
18852
18880
18853
18881
18854
18882
18855
18883
18856
18884
18857
18885
18858
18886
18859
18887
18860
18888
18861
18889
18862
18890
18863
18891
18864
18892
18865
18893
18866
18894
18867
18895
18868
18896
18869
18897
18870
18898
18871
18899
18872
18900
18873
18901
18874
18902
18875
18903
18876
18904
18877
18905
18878
18906
18907
18880
18908
18881
18909
18882
18910
18883
18911
18884
18912
18885
18913
18886
18914
18887
18915
18888
18916
18889
18917
18890
18918
18891
18919
18892
18920
18893
18921
18894
18922
18895
18923
18896
18924
18897
18925
18898
18926
18899
18927
18900
18928
18901
18929
18902
18930
18903
18931
18904
18932
18905
18933
18906
18934
18907
18935
18936
18909
18937
18910
18938
18911
18939
18912
18940
18913
18941
18914
18942
18915
18943
18916
18944
18917
18945
18918
18946
18919
18947
18920
18948
18921
18949
18922
18950
18923
18951
18924
18952
18925
18953
18926
18954
18927
18955
18928
18956
18929
18957
18930
18958
18931
18959
18932
18960
18933
18961
18934
18962
18935
18963
18936
18964
18965
18938
18966
18939
18967
18940
18968
18941
18969
18942
18970
18943
18971
18944
18972
18945
18973
18946
18974
18947
18975
18948
18976
18949
18977
18950
18978
18951
18979
18952
18980
18953
18981
18954
18982
18955
18983
18956
18984
18957
18985
18958
18986
18959
18987
18960
18988
18961
18989
18962
18990
18963
18991
18964
18992
18965
18993
18994
18967
18995
18968
18996
18969
18997
18970
18998
18971
18999
18972
19000
18973
19001
18974
19002
18975
19003
18976
19004
18977
19005
18978
19006
18979
19007
18980
19008
18981
19009
18982
19010
18983
19011
18984
19012
18985
19013
18986
19014
18987
19015
18988
19016
18989
19017
18990
19018
18991
19019
18992
19020
18993
19021
18994
19022
19023
18996
19024
18997
19025
18998
19026
18999
19027
19000
19028
19001
19029
19002
19030
19003
19031
19004
19032
19005
19033
19006
19034
19007
19035
19008
19036
19009
19037
19010
19038
19011
19039
19012
19040
19013
19041
19014
19042
19015
19043
19016
19044
19017
19045
19018
19046
19019
19047
19020
19048
19021
19049
19022
19050
19023
19051
19052
19025
19053
19026
19054
19027
19055
19028
19056
19029
19057
19030
19058
19031
19059
19032
19060
19033
19061
19034
19062
19035
19063
19036
19064
19037
19065
19038
19066
19039
19067
19040
19068
19041
19069
19042
19070
19043
19071
19044
19072
19045
19073
19046
19074
19047
19075
19048
19076
19049
19077
19050
19078
19051
19079
19052
19080
19081
19054
19082
19055
19083
19056
19084
19057
19085
19058
19086
19059
19087
19060
19088
19061
19089
19062
19090
19063
19091
19064
19092
19065
19093
19066
19094
19067
19095
19068
19096
19069
19097
19070
19098
19071
19099
19072
19100
19073
19101
19074
19102
19075
19103
19076
19104
19077
19105
19078
19106
19079
19107
19080
19108
19081
19109
19110
19083
19111
19084
19112
19085
19113
19086
19114
19087
19115
19088
19116
19089
19117
19090
19118
19091
19119
19092
19120
19093
19121
19094
19122
19095
19123
19096
19124
19097
19125
19098
19126
19099
19127
19100
19128
19101
19129
19102
19130
19103
19131
19104
19132
19105
19133
19106
19134
19107
19135
19108
19136
19109
19137
19110
19138
19139
19112
19140
19113
19141
19114
19142
19115
19143
19116
19144
19117
19145
19118
19146
19119
19147
19120
19148
19121
19149
19122
19150
19123
19151
19124
19152
19125
19153
19126
19154
19127
19155
19128
19156
19129
19157
19130
19158
19131
19159
19132
19160
19133
19161
19134
19162
19135
19163
19136
19164
19137
19165
19138
19166
19139
19167
19168
19141
19169
19142
19170
19143
19171
19144
19172
19145
19173
19146
19174
19147
19175
19148
19176
19149
19177
19150
19178
19151
19179
19152
19180
19153
19181
19154
19182
19155
19183
19156
19184
19157
19185
19158
19186
19159
19187
19160
19188
19161
19189
19162
19190
19163
19191
19164
19192
19165
19193
19166
19194
19167
19195
19168
19196
19197
19170
19198
19171
19199
19172
19200
19173
19201
19174
19202
19175
19203
19176
19204
19177
19205
19178
19206
19179
19207
19180
19208
19181
19209
19182
19210
19183
19211
19184
19212
19185
19213
19186
19214
19187
19215
19188
19216
19189
19217
19190
19218
19191
19219
19192
19220
19193
19221
19194
19222
19195
19223
19196
19224
19197
19225
19226
19199
19227
19200
19228
19201
19229
19202
19230
19203
19231
19204
19232
19205
19233
19206
19234
19207
19235
19208
19236
19209
19237
19210
19238
19211
19239
19212
19240
19213
19241
19214
19242
19215
19243
19216
19244
19217
19245
19218
19246
19219
19247
19220
19248
19221
19249
19222
19250
19223
19251
19224
19252
19225
19253
19226
19254
19255
19228
19256
19229
19257
19230
19258
19231
19259
19232
19260
19233
19261
19234
19262
19235
19263
19236
19264
19237
19265
19238
19266
19239
19267
19240
19268
19241
19269
19242
19270
19243
19271
19244
19272
19245
19273
19246
19274
19247
19275
19248
19276
19249
19277
19250
19278
19251
19279
19252
19280
19253
19281
19254
19282
19255
19283
19284
19257
19258
19259
19260
19261
19262
19263
19264
19265
19266
19267
19268
19269
19270
19271
19272
19273
19274
19275
19276
19277
19278
19279
19280
19281
19282
19283
19284
)


// ************************************************************************* //
