/*--------------------------------*- C++ -*----------------------------------*\
  =========                 |
  \\      /  F ield         | OpenFOAM: The Open Source CFD Toolbox
   \\    /   O peration     | Website:  https://openfoam.org
    \\  /    A nd           | Version:  10
     \\/     M anipulation  |
\*---------------------------------------------------------------------------*/
FoamFile
{
    format      ascii;
    class       vectorField;
    location    "constant/polyMesh";
    object      points;
}
// * * * * * * * * * * * * * * * * * * * * * * * * * * * * * * * * * * * * * //


21600
(
(-3994.9372 -3983.9661 -3980.1832)
(-3719.999817 -3983.9661 -3980.1832)
(-3445.062434 -3983.9661 -3980.1832)
(-3170.125052 -3983.9661 -3980.1832)
(-2895.187669 -3983.9661 -3980.1832)
(-2620.250286 -3983.9661 -3980.1832)
(-2345.312903 -3983.9661 -3980.1832)
(-2070.375521 -3983.9661 -3980.1832)
(-1795.438138 -3983.9661 -3980.1832)
(-1520.500755 -3983.9661 -3980.1832)
(-1245.563372 -3983.9661 -3980.1832)
(-970.6259897 -3983.9661 -3980.1832)
(-695.6886069 -3983.9661 -3980.1832)
(-420.7512241 -3983.9661 -3980.1832)
(-145.8138414 -3983.9661 -3980.1832)
(129.1235414 -3983.9661 -3980.1832)
(404.0609241 -3983.9661 -3980.1832)
(678.9983069 -3983.9661 -3980.1832)
(953.9356897 -3983.9661 -3980.1832)
(1228.873072 -3983.9661 -3980.1832)
(1503.810455 -3983.9661 -3980.1832)
(1778.747838 -3983.9661 -3980.1832)
(2053.685221 -3983.9661 -3980.1832)
(2328.622603 -3983.9661 -3980.1832)
(2603.559986 -3983.9661 -3980.1832)
(2878.497369 -3983.9661 -3980.1832)
(3153.434752 -3983.9661 -3980.1832)
(3428.372134 -3983.9661 -3980.1832)
(3703.309517 -3983.9661 -3980.1832)
(3978.2469 -3983.9661 -3980.1832)
(-3994.9372 -3756.16084 -3980.1832)
(-3719.999817 -3756.16084 -3980.1832)
(-3445.062434 -3756.16084 -3980.1832)
(-3170.125052 -3756.16084 -3980.1832)
(-2895.187669 -3756.16084 -3980.1832)
(-2620.250286 -3756.16084 -3980.1832)
(-2345.312903 -3756.16084 -3980.1832)
(-2070.375521 -3756.16084 -3980.1832)
(-1795.438138 -3756.16084 -3980.1832)
(-1520.500755 -3756.16084 -3980.1832)
(-1245.563372 -3756.16084 -3980.1832)
(-970.6259897 -3756.16084 -3980.1832)
(-695.6886069 -3756.16084 -3980.1832)
(-420.7512241 -3756.16084 -3980.1832)
(-145.8138414 -3756.16084 -3980.1832)
(129.1235414 -3756.16084 -3980.1832)
(404.0609241 -3756.16084 -3980.1832)
(678.9983069 -3756.16084 -3980.1832)
(953.9356897 -3756.16084 -3980.1832)
(1228.873072 -3756.16084 -3980.1832)
(1503.810455 -3756.16084 -3980.1832)
(1778.747838 -3756.16084 -3980.1832)
(2053.685221 -3756.16084 -3980.1832)
(2328.622603 -3756.16084 -3980.1832)
(2603.559986 -3756.16084 -3980.1832)
(2878.497369 -3756.16084 -3980.1832)
(3153.434752 -3756.16084 -3980.1832)
(3428.372134 -3756.16084 -3980.1832)
(3703.309517 -3756.16084 -3980.1832)
(3978.2469 -3756.16084 -3980.1832)
(-3994.9372 -3528.35558 -3980.1832)
(-3719.999817 -3528.35558 -3980.1832)
(-3445.062434 -3528.35558 -3980.1832)
(-3170.125052 -3528.35558 -3980.1832)
(-2895.187669 -3528.35558 -3980.1832)
(-2620.250286 -3528.35558 -3980.1832)
(-2345.312903 -3528.35558 -3980.1832)
(-2070.375521 -3528.35558 -3980.1832)
(-1795.438138 -3528.35558 -3980.1832)
(-1520.500755 -3528.35558 -3980.1832)
(-1245.563372 -3528.35558 -3980.1832)
(-970.6259897 -3528.35558 -3980.1832)
(-695.6886069 -3528.35558 -3980.1832)
(-420.7512241 -3528.35558 -3980.1832)
(-145.8138414 -3528.35558 -3980.1832)
(129.1235414 -3528.35558 -3980.1832)
(404.0609241 -3528.35558 -3980.1832)
(678.9983069 -3528.35558 -3980.1832)
(953.9356897 -3528.35558 -3980.1832)
(1228.873072 -3528.35558 -3980.1832)
(1503.810455 -3528.35558 -3980.1832)
(1778.747838 -3528.35558 -3980.1832)
(2053.685221 -3528.35558 -3980.1832)
(2328.622603 -3528.35558 -3980.1832)
(2603.559986 -3528.35558 -3980.1832)
(2878.497369 -3528.35558 -3980.1832)
(3153.434752 -3528.35558 -3980.1832)
(3428.372134 -3528.35558 -3980.1832)
(3703.309517 -3528.35558 -3980.1832)
(3978.2469 -3528.35558 -3980.1832)
(-3994.9372 -3300.55032 -3980.1832)
(-3719.999817 -3300.55032 -3980.1832)
(-3445.062434 -3300.55032 -3980.1832)
(-3170.125052 -3300.55032 -3980.1832)
(-2895.187669 -3300.55032 -3980.1832)
(-2620.250286 -3300.55032 -3980.1832)
(-2345.312903 -3300.55032 -3980.1832)
(-2070.375521 -3300.55032 -3980.1832)
(-1795.438138 -3300.55032 -3980.1832)
(-1520.500755 -3300.55032 -3980.1832)
(-1245.563372 -3300.55032 -3980.1832)
(-970.6259897 -3300.55032 -3980.1832)
(-695.6886069 -3300.55032 -3980.1832)
(-420.7512241 -3300.55032 -3980.1832)
(-145.8138414 -3300.55032 -3980.1832)
(129.1235414 -3300.55032 -3980.1832)
(404.0609241 -3300.55032 -3980.1832)
(678.9983069 -3300.55032 -3980.1832)
(953.9356897 -3300.55032 -3980.1832)
(1228.873072 -3300.55032 -3980.1832)
(1503.810455 -3300.55032 -3980.1832)
(1778.747838 -3300.55032 -3980.1832)
(2053.685221 -3300.55032 -3980.1832)
(2328.622603 -3300.55032 -3980.1832)
(2603.559986 -3300.55032 -3980.1832)
(2878.497369 -3300.55032 -3980.1832)
(3153.434752 -3300.55032 -3980.1832)
(3428.372134 -3300.55032 -3980.1832)
(3703.309517 -3300.55032 -3980.1832)
(3978.2469 -3300.55032 -3980.1832)
(-3994.9372 -3072.74506 -3980.1832)
(-3719.999817 -3072.74506 -3980.1832)
(-3445.062434 -3072.74506 -3980.1832)
(-3170.125052 -3072.74506 -3980.1832)
(-2895.187669 -3072.74506 -3980.1832)
(-2620.250286 -3072.74506 -3980.1832)
(-2345.312903 -3072.74506 -3980.1832)
(-2070.375521 -3072.74506 -3980.1832)
(-1795.438138 -3072.74506 -3980.1832)
(-1520.500755 -3072.74506 -3980.1832)
(-1245.563372 -3072.74506 -3980.1832)
(-970.6259897 -3072.74506 -3980.1832)
(-695.6886069 -3072.74506 -3980.1832)
(-420.7512241 -3072.74506 -3980.1832)
(-145.8138414 -3072.74506 -3980.1832)
(129.1235414 -3072.74506 -3980.1832)
(404.0609241 -3072.74506 -3980.1832)
(678.9983069 -3072.74506 -3980.1832)
(953.9356897 -3072.74506 -3980.1832)
(1228.873072 -3072.74506 -3980.1832)
(1503.810455 -3072.74506 -3980.1832)
(1778.747838 -3072.74506 -3980.1832)
(2053.685221 -3072.74506 -3980.1832)
(2328.622603 -3072.74506 -3980.1832)
(2603.559986 -3072.74506 -3980.1832)
(2878.497369 -3072.74506 -3980.1832)
(3153.434752 -3072.74506 -3980.1832)
(3428.372134 -3072.74506 -3980.1832)
(3703.309517 -3072.74506 -3980.1832)
(3978.2469 -3072.74506 -3980.1832)
(-3994.9372 -2844.9398 -3980.1832)
(-3719.999817 -2844.9398 -3980.1832)
(-3445.062434 -2844.9398 -3980.1832)
(-3170.125052 -2844.9398 -3980.1832)
(-2895.187669 -2844.9398 -3980.1832)
(-2620.250286 -2844.9398 -3980.1832)
(-2345.312903 -2844.9398 -3980.1832)
(-2070.375521 -2844.9398 -3980.1832)
(-1795.438138 -2844.9398 -3980.1832)
(-1520.500755 -2844.9398 -3980.1832)
(-1245.563372 -2844.9398 -3980.1832)
(-970.6259897 -2844.9398 -3980.1832)
(-695.6886069 -2844.9398 -3980.1832)
(-420.7512241 -2844.9398 -3980.1832)
(-145.8138414 -2844.9398 -3980.1832)
(129.1235414 -2844.9398 -3980.1832)
(404.0609241 -2844.9398 -3980.1832)
(678.9983069 -2844.9398 -3980.1832)
(953.9356897 -2844.9398 -3980.1832)
(1228.873072 -2844.9398 -3980.1832)
(1503.810455 -2844.9398 -3980.1832)
(1778.747838 -2844.9398 -3980.1832)
(2053.685221 -2844.9398 -3980.1832)
(2328.622603 -2844.9398 -3980.1832)
(2603.559986 -2844.9398 -3980.1832)
(2878.497369 -2844.9398 -3980.1832)
(3153.434752 -2844.9398 -3980.1832)
(3428.372134 -2844.9398 -3980.1832)
(3703.309517 -2844.9398 -3980.1832)
(3978.2469 -2844.9398 -3980.1832)
(-3994.9372 -2617.13454 -3980.1832)
(-3719.999817 -2617.13454 -3980.1832)
(-3445.062434 -2617.13454 -3980.1832)
(-3170.125052 -2617.13454 -3980.1832)
(-2895.187669 -2617.13454 -3980.1832)
(-2620.250286 -2617.13454 -3980.1832)
(-2345.312903 -2617.13454 -3980.1832)
(-2070.375521 -2617.13454 -3980.1832)
(-1795.438138 -2617.13454 -3980.1832)
(-1520.500755 -2617.13454 -3980.1832)
(-1245.563372 -2617.13454 -3980.1832)
(-970.6259897 -2617.13454 -3980.1832)
(-695.6886069 -2617.13454 -3980.1832)
(-420.7512241 -2617.13454 -3980.1832)
(-145.8138414 -2617.13454 -3980.1832)
(129.1235414 -2617.13454 -3980.1832)
(404.0609241 -2617.13454 -3980.1832)
(678.9983069 -2617.13454 -3980.1832)
(953.9356897 -2617.13454 -3980.1832)
(1228.873072 -2617.13454 -3980.1832)
(1503.810455 -2617.13454 -3980.1832)
(1778.747838 -2617.13454 -3980.1832)
(2053.685221 -2617.13454 -3980.1832)
(2328.622603 -2617.13454 -3980.1832)
(2603.559986 -2617.13454 -3980.1832)
(2878.497369 -2617.13454 -3980.1832)
(3153.434752 -2617.13454 -3980.1832)
(3428.372134 -2617.13454 -3980.1832)
(3703.309517 -2617.13454 -3980.1832)
(3978.2469 -2617.13454 -3980.1832)
(-3994.9372 -2389.32928 -3980.1832)
(-3719.999817 -2389.32928 -3980.1832)
(-3445.062434 -2389.32928 -3980.1832)
(-3170.125052 -2389.32928 -3980.1832)
(-2895.187669 -2389.32928 -3980.1832)
(-2620.250286 -2389.32928 -3980.1832)
(-2345.312903 -2389.32928 -3980.1832)
(-2070.375521 -2389.32928 -3980.1832)
(-1795.438138 -2389.32928 -3980.1832)
(-1520.500755 -2389.32928 -3980.1832)
(-1245.563372 -2389.32928 -3980.1832)
(-970.6259897 -2389.32928 -3980.1832)
(-695.6886069 -2389.32928 -3980.1832)
(-420.7512241 -2389.32928 -3980.1832)
(-145.8138414 -2389.32928 -3980.1832)
(129.1235414 -2389.32928 -3980.1832)
(404.0609241 -2389.32928 -3980.1832)
(678.9983069 -2389.32928 -3980.1832)
(953.9356897 -2389.32928 -3980.1832)
(1228.873072 -2389.32928 -3980.1832)
(1503.810455 -2389.32928 -3980.1832)
(1778.747838 -2389.32928 -3980.1832)
(2053.685221 -2389.32928 -3980.1832)
(2328.622603 -2389.32928 -3980.1832)
(2603.559986 -2389.32928 -3980.1832)
(2878.497369 -2389.32928 -3980.1832)
(3153.434752 -2389.32928 -3980.1832)
(3428.372134 -2389.32928 -3980.1832)
(3703.309517 -2389.32928 -3980.1832)
(3978.2469 -2389.32928 -3980.1832)
(-3994.9372 -2161.52402 -3980.1832)
(-3719.999817 -2161.52402 -3980.1832)
(-3445.062434 -2161.52402 -3980.1832)
(-3170.125052 -2161.52402 -3980.1832)
(-2895.187669 -2161.52402 -3980.1832)
(-2620.250286 -2161.52402 -3980.1832)
(-2345.312903 -2161.52402 -3980.1832)
(-2070.375521 -2161.52402 -3980.1832)
(-1795.438138 -2161.52402 -3980.1832)
(-1520.500755 -2161.52402 -3980.1832)
(-1245.563372 -2161.52402 -3980.1832)
(-970.6259897 -2161.52402 -3980.1832)
(-695.6886069 -2161.52402 -3980.1832)
(-420.7512241 -2161.52402 -3980.1832)
(-145.8138414 -2161.52402 -3980.1832)
(129.1235414 -2161.52402 -3980.1832)
(404.0609241 -2161.52402 -3980.1832)
(678.9983069 -2161.52402 -3980.1832)
(953.9356897 -2161.52402 -3980.1832)
(1228.873072 -2161.52402 -3980.1832)
(1503.810455 -2161.52402 -3980.1832)
(1778.747838 -2161.52402 -3980.1832)
(2053.685221 -2161.52402 -3980.1832)
(2328.622603 -2161.52402 -3980.1832)
(2603.559986 -2161.52402 -3980.1832)
(2878.497369 -2161.52402 -3980.1832)
(3153.434752 -2161.52402 -3980.1832)
(3428.372134 -2161.52402 -3980.1832)
(3703.309517 -2161.52402 -3980.1832)
(3978.2469 -2161.52402 -3980.1832)
(-3994.9372 -1933.71876 -3980.1832)
(-3719.999817 -1933.71876 -3980.1832)
(-3445.062434 -1933.71876 -3980.1832)
(-3170.125052 -1933.71876 -3980.1832)
(-2895.187669 -1933.71876 -3980.1832)
(-2620.250286 -1933.71876 -3980.1832)
(-2345.312903 -1933.71876 -3980.1832)
(-2070.375521 -1933.71876 -3980.1832)
(-1795.438138 -1933.71876 -3980.1832)
(-1520.500755 -1933.71876 -3980.1832)
(-1245.563372 -1933.71876 -3980.1832)
(-970.6259897 -1933.71876 -3980.1832)
(-695.6886069 -1933.71876 -3980.1832)
(-420.7512241 -1933.71876 -3980.1832)
(-145.8138414 -1933.71876 -3980.1832)
(129.1235414 -1933.71876 -3980.1832)
(404.0609241 -1933.71876 -3980.1832)
(678.9983069 -1933.71876 -3980.1832)
(953.9356897 -1933.71876 -3980.1832)
(1228.873072 -1933.71876 -3980.1832)
(1503.810455 -1933.71876 -3980.1832)
(1778.747838 -1933.71876 -3980.1832)
(2053.685221 -1933.71876 -3980.1832)
(2328.622603 -1933.71876 -3980.1832)
(2603.559986 -1933.71876 -3980.1832)
(2878.497369 -1933.71876 -3980.1832)
(3153.434752 -1933.71876 -3980.1832)
(3428.372134 -1933.71876 -3980.1832)
(3703.309517 -1933.71876 -3980.1832)
(3978.2469 -1933.71876 -3980.1832)
(-3994.9372 -1705.9135 -3980.1832)
(-3719.999817 -1705.9135 -3980.1832)
(-3445.062434 -1705.9135 -3980.1832)
(-3170.125052 -1705.9135 -3980.1832)
(-2895.187669 -1705.9135 -3980.1832)
(-2620.250286 -1705.9135 -3980.1832)
(-2345.312903 -1705.9135 -3980.1832)
(-2070.375521 -1705.9135 -3980.1832)
(-1795.438138 -1705.9135 -3980.1832)
(-1520.500755 -1705.9135 -3980.1832)
(-1245.563372 -1705.9135 -3980.1832)
(-970.6259897 -1705.9135 -3980.1832)
(-695.6886069 -1705.9135 -3980.1832)
(-420.7512241 -1705.9135 -3980.1832)
(-145.8138414 -1705.9135 -3980.1832)
(129.1235414 -1705.9135 -3980.1832)
(404.0609241 -1705.9135 -3980.1832)
(678.9983069 -1705.9135 -3980.1832)
(953.9356897 -1705.9135 -3980.1832)
(1228.873072 -1705.9135 -3980.1832)
(1503.810455 -1705.9135 -3980.1832)
(1778.747838 -1705.9135 -3980.1832)
(2053.685221 -1705.9135 -3980.1832)
(2328.622603 -1705.9135 -3980.1832)
(2603.559986 -1705.9135 -3980.1832)
(2878.497369 -1705.9135 -3980.1832)
(3153.434752 -1705.9135 -3980.1832)
(3428.372134 -1705.9135 -3980.1832)
(3703.309517 -1705.9135 -3980.1832)
(3978.2469 -1705.9135 -3980.1832)
(-3994.9372 -1478.10824 -3980.1832)
(-3719.999817 -1478.10824 -3980.1832)
(-3445.062434 -1478.10824 -3980.1832)
(-3170.125052 -1478.10824 -3980.1832)
(-2895.187669 -1478.10824 -3980.1832)
(-2620.250286 -1478.10824 -3980.1832)
(-2345.312903 -1478.10824 -3980.1832)
(-2070.375521 -1478.10824 -3980.1832)
(-1795.438138 -1478.10824 -3980.1832)
(-1520.500755 -1478.10824 -3980.1832)
(-1245.563372 -1478.10824 -3980.1832)
(-970.6259897 -1478.10824 -3980.1832)
(-695.6886069 -1478.10824 -3980.1832)
(-420.7512241 -1478.10824 -3980.1832)
(-145.8138414 -1478.10824 -3980.1832)
(129.1235414 -1478.10824 -3980.1832)
(404.0609241 -1478.10824 -3980.1832)
(678.9983069 -1478.10824 -3980.1832)
(953.9356897 -1478.10824 -3980.1832)
(1228.873072 -1478.10824 -3980.1832)
(1503.810455 -1478.10824 -3980.1832)
(1778.747838 -1478.10824 -3980.1832)
(2053.685221 -1478.10824 -3980.1832)
(2328.622603 -1478.10824 -3980.1832)
(2603.559986 -1478.10824 -3980.1832)
(2878.497369 -1478.10824 -3980.1832)
(3153.434752 -1478.10824 -3980.1832)
(3428.372134 -1478.10824 -3980.1832)
(3703.309517 -1478.10824 -3980.1832)
(3978.2469 -1478.10824 -3980.1832)
(-3994.9372 -1250.30298 -3980.1832)
(-3719.999817 -1250.30298 -3980.1832)
(-3445.062434 -1250.30298 -3980.1832)
(-3170.125052 -1250.30298 -3980.1832)
(-2895.187669 -1250.30298 -3980.1832)
(-2620.250286 -1250.30298 -3980.1832)
(-2345.312903 -1250.30298 -3980.1832)
(-2070.375521 -1250.30298 -3980.1832)
(-1795.438138 -1250.30298 -3980.1832)
(-1520.500755 -1250.30298 -3980.1832)
(-1245.563372 -1250.30298 -3980.1832)
(-970.6259897 -1250.30298 -3980.1832)
(-695.6886069 -1250.30298 -3980.1832)
(-420.7512241 -1250.30298 -3980.1832)
(-145.8138414 -1250.30298 -3980.1832)
(129.1235414 -1250.30298 -3980.1832)
(404.0609241 -1250.30298 -3980.1832)
(678.9983069 -1250.30298 -3980.1832)
(953.9356897 -1250.30298 -3980.1832)
(1228.873072 -1250.30298 -3980.1832)
(1503.810455 -1250.30298 -3980.1832)
(1778.747838 -1250.30298 -3980.1832)
(2053.685221 -1250.30298 -3980.1832)
(2328.622603 -1250.30298 -3980.1832)
(2603.559986 -1250.30298 -3980.1832)
(2878.497369 -1250.30298 -3980.1832)
(3153.434752 -1250.30298 -3980.1832)
(3428.372134 -1250.30298 -3980.1832)
(3703.309517 -1250.30298 -3980.1832)
(3978.2469 -1250.30298 -3980.1832)
(-3994.9372 -1022.49772 -3980.1832)
(-3719.999817 -1022.49772 -3980.1832)
(-3445.062434 -1022.49772 -3980.1832)
(-3170.125052 -1022.49772 -3980.1832)
(-2895.187669 -1022.49772 -3980.1832)
(-2620.250286 -1022.49772 -3980.1832)
(-2345.312903 -1022.49772 -3980.1832)
(-2070.375521 -1022.49772 -3980.1832)
(-1795.438138 -1022.49772 -3980.1832)
(-1520.500755 -1022.49772 -3980.1832)
(-1245.563372 -1022.49772 -3980.1832)
(-970.6259897 -1022.49772 -3980.1832)
(-695.6886069 -1022.49772 -3980.1832)
(-420.7512241 -1022.49772 -3980.1832)
(-145.8138414 -1022.49772 -3980.1832)
(129.1235414 -1022.49772 -3980.1832)
(404.0609241 -1022.49772 -3980.1832)
(678.9983069 -1022.49772 -3980.1832)
(953.9356897 -1022.49772 -3980.1832)
(1228.873072 -1022.49772 -3980.1832)
(1503.810455 -1022.49772 -3980.1832)
(1778.747838 -1022.49772 -3980.1832)
(2053.685221 -1022.49772 -3980.1832)
(2328.622603 -1022.49772 -3980.1832)
(2603.559986 -1022.49772 -3980.1832)
(2878.497369 -1022.49772 -3980.1832)
(3153.434752 -1022.49772 -3980.1832)
(3428.372134 -1022.49772 -3980.1832)
(3703.309517 -1022.49772 -3980.1832)
(3978.2469 -1022.49772 -3980.1832)
(-3994.9372 -794.69246 -3980.1832)
(-3719.999817 -794.69246 -3980.1832)
(-3445.062434 -794.69246 -3980.1832)
(-3170.125052 -794.69246 -3980.1832)
(-2895.187669 -794.69246 -3980.1832)
(-2620.250286 -794.69246 -3980.1832)
(-2345.312903 -794.69246 -3980.1832)
(-2070.375521 -794.69246 -3980.1832)
(-1795.438138 -794.69246 -3980.1832)
(-1520.500755 -794.69246 -3980.1832)
(-1245.563372 -794.69246 -3980.1832)
(-970.6259897 -794.69246 -3980.1832)
(-695.6886069 -794.69246 -3980.1832)
(-420.7512241 -794.69246 -3980.1832)
(-145.8138414 -794.69246 -3980.1832)
(129.1235414 -794.69246 -3980.1832)
(404.0609241 -794.69246 -3980.1832)
(678.9983069 -794.69246 -3980.1832)
(953.9356897 -794.69246 -3980.1832)
(1228.873072 -794.69246 -3980.1832)
(1503.810455 -794.69246 -3980.1832)
(1778.747838 -794.69246 -3980.1832)
(2053.685221 -794.69246 -3980.1832)
(2328.622603 -794.69246 -3980.1832)
(2603.559986 -794.69246 -3980.1832)
(2878.497369 -794.69246 -3980.1832)
(3153.434752 -794.69246 -3980.1832)
(3428.372134 -794.69246 -3980.1832)
(3703.309517 -794.69246 -3980.1832)
(3978.2469 -794.69246 -3980.1832)
(-3994.9372 -566.8872 -3980.1832)
(-3719.999817 -566.8872 -3980.1832)
(-3445.062434 -566.8872 -3980.1832)
(-3170.125052 -566.8872 -3980.1832)
(-2895.187669 -566.8872 -3980.1832)
(-2620.250286 -566.8872 -3980.1832)
(-2345.312903 -566.8872 -3980.1832)
(-2070.375521 -566.8872 -3980.1832)
(-1795.438138 -566.8872 -3980.1832)
(-1520.500755 -566.8872 -3980.1832)
(-1245.563372 -566.8872 -3980.1832)
(-970.6259897 -566.8872 -3980.1832)
(-695.6886069 -566.8872 -3980.1832)
(-420.7512241 -566.8872 -3980.1832)
(-145.8138414 -566.8872 -3980.1832)
(129.1235414 -566.8872 -3980.1832)
(404.0609241 -566.8872 -3980.1832)
(678.9983069 -566.8872 -3980.1832)
(953.9356897 -566.8872 -3980.1832)
(1228.873072 -566.8872 -3980.1832)
(1503.810455 -566.8872 -3980.1832)
(1778.747838 -566.8872 -3980.1832)
(2053.685221 -566.8872 -3980.1832)
(2328.622603 -566.8872 -3980.1832)
(2603.559986 -566.8872 -3980.1832)
(2878.497369 -566.8872 -3980.1832)
(3153.434752 -566.8872 -3980.1832)
(3428.372134 -566.8872 -3980.1832)
(3703.309517 -566.8872 -3980.1832)
(3978.2469 -566.8872 -3980.1832)
(-3994.9372 -339.08194 -3980.1832)
(-3719.999817 -339.08194 -3980.1832)
(-3445.062434 -339.08194 -3980.1832)
(-3170.125052 -339.08194 -3980.1832)
(-2895.187669 -339.08194 -3980.1832)
(-2620.250286 -339.08194 -3980.1832)
(-2345.312903 -339.08194 -3980.1832)
(-2070.375521 -339.08194 -3980.1832)
(-1795.438138 -339.08194 -3980.1832)
(-1520.500755 -339.08194 -3980.1832)
(-1245.563372 -339.08194 -3980.1832)
(-970.6259897 -339.08194 -3980.1832)
(-695.6886069 -339.08194 -3980.1832)
(-420.7512241 -339.08194 -3980.1832)
(-145.8138414 -339.08194 -3980.1832)
(129.1235414 -339.08194 -3980.1832)
(404.0609241 -339.08194 -3980.1832)
(678.9983069 -339.08194 -3980.1832)
(953.9356897 -339.08194 -3980.1832)
(1228.873072 -339.08194 -3980.1832)
(1503.810455 -339.08194 -3980.1832)
(1778.747838 -339.08194 -3980.1832)
(2053.685221 -339.08194 -3980.1832)
(2328.622603 -339.08194 -3980.1832)
(2603.559986 -339.08194 -3980.1832)
(2878.497369 -339.08194 -3980.1832)
(3153.434752 -339.08194 -3980.1832)
(3428.372134 -339.08194 -3980.1832)
(3703.309517 -339.08194 -3980.1832)
(3978.2469 -339.08194 -3980.1832)
(-3994.9372 -111.27668 -3980.1832)
(-3719.999817 -111.27668 -3980.1832)
(-3445.062434 -111.27668 -3980.1832)
(-3170.125052 -111.27668 -3980.1832)
(-2895.187669 -111.27668 -3980.1832)
(-2620.250286 -111.27668 -3980.1832)
(-2345.312903 -111.27668 -3980.1832)
(-2070.375521 -111.27668 -3980.1832)
(-1795.438138 -111.27668 -3980.1832)
(-1520.500755 -111.27668 -3980.1832)
(-1245.563372 -111.27668 -3980.1832)
(-970.6259897 -111.27668 -3980.1832)
(-695.6886069 -111.27668 -3980.1832)
(-420.7512241 -111.27668 -3980.1832)
(-145.8138414 -111.27668 -3980.1832)
(129.1235414 -111.27668 -3980.1832)
(404.0609241 -111.27668 -3980.1832)
(678.9983069 -111.27668 -3980.1832)
(953.9356897 -111.27668 -3980.1832)
(1228.873072 -111.27668 -3980.1832)
(1503.810455 -111.27668 -3980.1832)
(1778.747838 -111.27668 -3980.1832)
(2053.685221 -111.27668 -3980.1832)
(2328.622603 -111.27668 -3980.1832)
(2603.559986 -111.27668 -3980.1832)
(2878.497369 -111.27668 -3980.1832)
(3153.434752 -111.27668 -3980.1832)
(3428.372134 -111.27668 -3980.1832)
(3703.309517 -111.27668 -3980.1832)
(3978.2469 -111.27668 -3980.1832)
(-3994.9372 116.52858 -3980.1832)
(-3719.999817 116.52858 -3980.1832)
(-3445.062434 116.52858 -3980.1832)
(-3170.125052 116.52858 -3980.1832)
(-2895.187669 116.52858 -3980.1832)
(-2620.250286 116.52858 -3980.1832)
(-2345.312903 116.52858 -3980.1832)
(-2070.375521 116.52858 -3980.1832)
(-1795.438138 116.52858 -3980.1832)
(-1520.500755 116.52858 -3980.1832)
(-1245.563372 116.52858 -3980.1832)
(-970.6259897 116.52858 -3980.1832)
(-695.6886069 116.52858 -3980.1832)
(-420.7512241 116.52858 -3980.1832)
(-145.8138414 116.52858 -3980.1832)
(129.1235414 116.52858 -3980.1832)
(404.0609241 116.52858 -3980.1832)
(678.9983069 116.52858 -3980.1832)
(953.9356897 116.52858 -3980.1832)
(1228.873072 116.52858 -3980.1832)
(1503.810455 116.52858 -3980.1832)
(1778.747838 116.52858 -3980.1832)
(2053.685221 116.52858 -3980.1832)
(2328.622603 116.52858 -3980.1832)
(2603.559986 116.52858 -3980.1832)
(2878.497369 116.52858 -3980.1832)
(3153.434752 116.52858 -3980.1832)
(3428.372134 116.52858 -3980.1832)
(3703.309517 116.52858 -3980.1832)
(3978.2469 116.52858 -3980.1832)
(-3994.9372 344.33384 -3980.1832)
(-3719.999817 344.33384 -3980.1832)
(-3445.062434 344.33384 -3980.1832)
(-3170.125052 344.33384 -3980.1832)
(-2895.187669 344.33384 -3980.1832)
(-2620.250286 344.33384 -3980.1832)
(-2345.312903 344.33384 -3980.1832)
(-2070.375521 344.33384 -3980.1832)
(-1795.438138 344.33384 -3980.1832)
(-1520.500755 344.33384 -3980.1832)
(-1245.563372 344.33384 -3980.1832)
(-970.6259897 344.33384 -3980.1832)
(-695.6886069 344.33384 -3980.1832)
(-420.7512241 344.33384 -3980.1832)
(-145.8138414 344.33384 -3980.1832)
(129.1235414 344.33384 -3980.1832)
(404.0609241 344.33384 -3980.1832)
(678.9983069 344.33384 -3980.1832)
(953.9356897 344.33384 -3980.1832)
(1228.873072 344.33384 -3980.1832)
(1503.810455 344.33384 -3980.1832)
(1778.747838 344.33384 -3980.1832)
(2053.685221 344.33384 -3980.1832)
(2328.622603 344.33384 -3980.1832)
(2603.559986 344.33384 -3980.1832)
(2878.497369 344.33384 -3980.1832)
(3153.434752 344.33384 -3980.1832)
(3428.372134 344.33384 -3980.1832)
(3703.309517 344.33384 -3980.1832)
(3978.2469 344.33384 -3980.1832)
(-3994.9372 572.1391 -3980.1832)
(-3719.999817 572.1391 -3980.1832)
(-3445.062434 572.1391 -3980.1832)
(-3170.125052 572.1391 -3980.1832)
(-2895.187669 572.1391 -3980.1832)
(-2620.250286 572.1391 -3980.1832)
(-2345.312903 572.1391 -3980.1832)
(-2070.375521 572.1391 -3980.1832)
(-1795.438138 572.1391 -3980.1832)
(-1520.500755 572.1391 -3980.1832)
(-1245.563372 572.1391 -3980.1832)
(-970.6259897 572.1391 -3980.1832)
(-695.6886069 572.1391 -3980.1832)
(-420.7512241 572.1391 -3980.1832)
(-145.8138414 572.1391 -3980.1832)
(129.1235414 572.1391 -3980.1832)
(404.0609241 572.1391 -3980.1832)
(678.9983069 572.1391 -3980.1832)
(953.9356897 572.1391 -3980.1832)
(1228.873072 572.1391 -3980.1832)
(1503.810455 572.1391 -3980.1832)
(1778.747838 572.1391 -3980.1832)
(2053.685221 572.1391 -3980.1832)
(2328.622603 572.1391 -3980.1832)
(2603.559986 572.1391 -3980.1832)
(2878.497369 572.1391 -3980.1832)
(3153.434752 572.1391 -3980.1832)
(3428.372134 572.1391 -3980.1832)
(3703.309517 572.1391 -3980.1832)
(3978.2469 572.1391 -3980.1832)
(-3994.9372 799.94436 -3980.1832)
(-3719.999817 799.94436 -3980.1832)
(-3445.062434 799.94436 -3980.1832)
(-3170.125052 799.94436 -3980.1832)
(-2895.187669 799.94436 -3980.1832)
(-2620.250286 799.94436 -3980.1832)
(-2345.312903 799.94436 -3980.1832)
(-2070.375521 799.94436 -3980.1832)
(-1795.438138 799.94436 -3980.1832)
(-1520.500755 799.94436 -3980.1832)
(-1245.563372 799.94436 -3980.1832)
(-970.6259897 799.94436 -3980.1832)
(-695.6886069 799.94436 -3980.1832)
(-420.7512241 799.94436 -3980.1832)
(-145.8138414 799.94436 -3980.1832)
(129.1235414 799.94436 -3980.1832)
(404.0609241 799.94436 -3980.1832)
(678.9983069 799.94436 -3980.1832)
(953.9356897 799.94436 -3980.1832)
(1228.873072 799.94436 -3980.1832)
(1503.810455 799.94436 -3980.1832)
(1778.747838 799.94436 -3980.1832)
(2053.685221 799.94436 -3980.1832)
(2328.622603 799.94436 -3980.1832)
(2603.559986 799.94436 -3980.1832)
(2878.497369 799.94436 -3980.1832)
(3153.434752 799.94436 -3980.1832)
(3428.372134 799.94436 -3980.1832)
(3703.309517 799.94436 -3980.1832)
(3978.2469 799.94436 -3980.1832)
(-3994.9372 1027.74962 -3980.1832)
(-3719.999817 1027.74962 -3980.1832)
(-3445.062434 1027.74962 -3980.1832)
(-3170.125052 1027.74962 -3980.1832)
(-2895.187669 1027.74962 -3980.1832)
(-2620.250286 1027.74962 -3980.1832)
(-2345.312903 1027.74962 -3980.1832)
(-2070.375521 1027.74962 -3980.1832)
(-1795.438138 1027.74962 -3980.1832)
(-1520.500755 1027.74962 -3980.1832)
(-1245.563372 1027.74962 -3980.1832)
(-970.6259897 1027.74962 -3980.1832)
(-695.6886069 1027.74962 -3980.1832)
(-420.7512241 1027.74962 -3980.1832)
(-145.8138414 1027.74962 -3980.1832)
(129.1235414 1027.74962 -3980.1832)
(404.0609241 1027.74962 -3980.1832)
(678.9983069 1027.74962 -3980.1832)
(953.9356897 1027.74962 -3980.1832)
(1228.873072 1027.74962 -3980.1832)
(1503.810455 1027.74962 -3980.1832)
(1778.747838 1027.74962 -3980.1832)
(2053.685221 1027.74962 -3980.1832)
(2328.622603 1027.74962 -3980.1832)
(2603.559986 1027.74962 -3980.1832)
(2878.497369 1027.74962 -3980.1832)
(3153.434752 1027.74962 -3980.1832)
(3428.372134 1027.74962 -3980.1832)
(3703.309517 1027.74962 -3980.1832)
(3978.2469 1027.74962 -3980.1832)
(-3994.9372 1255.55488 -3980.1832)
(-3719.999817 1255.55488 -3980.1832)
(-3445.062434 1255.55488 -3980.1832)
(-3170.125052 1255.55488 -3980.1832)
(-2895.187669 1255.55488 -3980.1832)
(-2620.250286 1255.55488 -3980.1832)
(-2345.312903 1255.55488 -3980.1832)
(-2070.375521 1255.55488 -3980.1832)
(-1795.438138 1255.55488 -3980.1832)
(-1520.500755 1255.55488 -3980.1832)
(-1245.563372 1255.55488 -3980.1832)
(-970.6259897 1255.55488 -3980.1832)
(-695.6886069 1255.55488 -3980.1832)
(-420.7512241 1255.55488 -3980.1832)
(-145.8138414 1255.55488 -3980.1832)
(129.1235414 1255.55488 -3980.1832)
(404.0609241 1255.55488 -3980.1832)
(678.9983069 1255.55488 -3980.1832)
(953.9356897 1255.55488 -3980.1832)
(1228.873072 1255.55488 -3980.1832)
(1503.810455 1255.55488 -3980.1832)
(1778.747838 1255.55488 -3980.1832)
(2053.685221 1255.55488 -3980.1832)
(2328.622603 1255.55488 -3980.1832)
(2603.559986 1255.55488 -3980.1832)
(2878.497369 1255.55488 -3980.1832)
(3153.434752 1255.55488 -3980.1832)
(3428.372134 1255.55488 -3980.1832)
(3703.309517 1255.55488 -3980.1832)
(3978.2469 1255.55488 -3980.1832)
(-3994.9372 1483.36014 -3980.1832)
(-3719.999817 1483.36014 -3980.1832)
(-3445.062434 1483.36014 -3980.1832)
(-3170.125052 1483.36014 -3980.1832)
(-2895.187669 1483.36014 -3980.1832)
(-2620.250286 1483.36014 -3980.1832)
(-2345.312903 1483.36014 -3980.1832)
(-2070.375521 1483.36014 -3980.1832)
(-1795.438138 1483.36014 -3980.1832)
(-1520.500755 1483.36014 -3980.1832)
(-1245.563372 1483.36014 -3980.1832)
(-970.6259897 1483.36014 -3980.1832)
(-695.6886069 1483.36014 -3980.1832)
(-420.7512241 1483.36014 -3980.1832)
(-145.8138414 1483.36014 -3980.1832)
(129.1235414 1483.36014 -3980.1832)
(404.0609241 1483.36014 -3980.1832)
(678.9983069 1483.36014 -3980.1832)
(953.9356897 1483.36014 -3980.1832)
(1228.873072 1483.36014 -3980.1832)
(1503.810455 1483.36014 -3980.1832)
(1778.747838 1483.36014 -3980.1832)
(2053.685221 1483.36014 -3980.1832)
(2328.622603 1483.36014 -3980.1832)
(2603.559986 1483.36014 -3980.1832)
(2878.497369 1483.36014 -3980.1832)
(3153.434752 1483.36014 -3980.1832)
(3428.372134 1483.36014 -3980.1832)
(3703.309517 1483.36014 -3980.1832)
(3978.2469 1483.36014 -3980.1832)
(-3994.9372 1711.1654 -3980.1832)
(-3719.999817 1711.1654 -3980.1832)
(-3445.062434 1711.1654 -3980.1832)
(-3170.125052 1711.1654 -3980.1832)
(-2895.187669 1711.1654 -3980.1832)
(-2620.250286 1711.1654 -3980.1832)
(-2345.312903 1711.1654 -3980.1832)
(-2070.375521 1711.1654 -3980.1832)
(-1795.438138 1711.1654 -3980.1832)
(-1520.500755 1711.1654 -3980.1832)
(-1245.563372 1711.1654 -3980.1832)
(-970.6259897 1711.1654 -3980.1832)
(-695.6886069 1711.1654 -3980.1832)
(-420.7512241 1711.1654 -3980.1832)
(-145.8138414 1711.1654 -3980.1832)
(129.1235414 1711.1654 -3980.1832)
(404.0609241 1711.1654 -3980.1832)
(678.9983069 1711.1654 -3980.1832)
(953.9356897 1711.1654 -3980.1832)
(1228.873072 1711.1654 -3980.1832)
(1503.810455 1711.1654 -3980.1832)
(1778.747838 1711.1654 -3980.1832)
(2053.685221 1711.1654 -3980.1832)
(2328.622603 1711.1654 -3980.1832)
(2603.559986 1711.1654 -3980.1832)
(2878.497369 1711.1654 -3980.1832)
(3153.434752 1711.1654 -3980.1832)
(3428.372134 1711.1654 -3980.1832)
(3703.309517 1711.1654 -3980.1832)
(3978.2469 1711.1654 -3980.1832)
(-3994.9372 1938.97066 -3980.1832)
(-3719.999817 1938.97066 -3980.1832)
(-3445.062434 1938.97066 -3980.1832)
(-3170.125052 1938.97066 -3980.1832)
(-2895.187669 1938.97066 -3980.1832)
(-2620.250286 1938.97066 -3980.1832)
(-2345.312903 1938.97066 -3980.1832)
(-2070.375521 1938.97066 -3980.1832)
(-1795.438138 1938.97066 -3980.1832)
(-1520.500755 1938.97066 -3980.1832)
(-1245.563372 1938.97066 -3980.1832)
(-970.6259897 1938.97066 -3980.1832)
(-695.6886069 1938.97066 -3980.1832)
(-420.7512241 1938.97066 -3980.1832)
(-145.8138414 1938.97066 -3980.1832)
(129.1235414 1938.97066 -3980.1832)
(404.0609241 1938.97066 -3980.1832)
(678.9983069 1938.97066 -3980.1832)
(953.9356897 1938.97066 -3980.1832)
(1228.873072 1938.97066 -3980.1832)
(1503.810455 1938.97066 -3980.1832)
(1778.747838 1938.97066 -3980.1832)
(2053.685221 1938.97066 -3980.1832)
(2328.622603 1938.97066 -3980.1832)
(2603.559986 1938.97066 -3980.1832)
(2878.497369 1938.97066 -3980.1832)
(3153.434752 1938.97066 -3980.1832)
(3428.372134 1938.97066 -3980.1832)
(3703.309517 1938.97066 -3980.1832)
(3978.2469 1938.97066 -3980.1832)
(-3994.9372 2166.77592 -3980.1832)
(-3719.999817 2166.77592 -3980.1832)
(-3445.062434 2166.77592 -3980.1832)
(-3170.125052 2166.77592 -3980.1832)
(-2895.187669 2166.77592 -3980.1832)
(-2620.250286 2166.77592 -3980.1832)
(-2345.312903 2166.77592 -3980.1832)
(-2070.375521 2166.77592 -3980.1832)
(-1795.438138 2166.77592 -3980.1832)
(-1520.500755 2166.77592 -3980.1832)
(-1245.563372 2166.77592 -3980.1832)
(-970.6259897 2166.77592 -3980.1832)
(-695.6886069 2166.77592 -3980.1832)
(-420.7512241 2166.77592 -3980.1832)
(-145.8138414 2166.77592 -3980.1832)
(129.1235414 2166.77592 -3980.1832)
(404.0609241 2166.77592 -3980.1832)
(678.9983069 2166.77592 -3980.1832)
(953.9356897 2166.77592 -3980.1832)
(1228.873072 2166.77592 -3980.1832)
(1503.810455 2166.77592 -3980.1832)
(1778.747838 2166.77592 -3980.1832)
(2053.685221 2166.77592 -3980.1832)
(2328.622603 2166.77592 -3980.1832)
(2603.559986 2166.77592 -3980.1832)
(2878.497369 2166.77592 -3980.1832)
(3153.434752 2166.77592 -3980.1832)
(3428.372134 2166.77592 -3980.1832)
(3703.309517 2166.77592 -3980.1832)
(3978.2469 2166.77592 -3980.1832)
(-3994.9372 2394.58118 -3980.1832)
(-3719.999817 2394.58118 -3980.1832)
(-3445.062434 2394.58118 -3980.1832)
(-3170.125052 2394.58118 -3980.1832)
(-2895.187669 2394.58118 -3980.1832)
(-2620.250286 2394.58118 -3980.1832)
(-2345.312903 2394.58118 -3980.1832)
(-2070.375521 2394.58118 -3980.1832)
(-1795.438138 2394.58118 -3980.1832)
(-1520.500755 2394.58118 -3980.1832)
(-1245.563372 2394.58118 -3980.1832)
(-970.6259897 2394.58118 -3980.1832)
(-695.6886069 2394.58118 -3980.1832)
(-420.7512241 2394.58118 -3980.1832)
(-145.8138414 2394.58118 -3980.1832)
(129.1235414 2394.58118 -3980.1832)
(404.0609241 2394.58118 -3980.1832)
(678.9983069 2394.58118 -3980.1832)
(953.9356897 2394.58118 -3980.1832)
(1228.873072 2394.58118 -3980.1832)
(1503.810455 2394.58118 -3980.1832)
(1778.747838 2394.58118 -3980.1832)
(2053.685221 2394.58118 -3980.1832)
(2328.622603 2394.58118 -3980.1832)
(2603.559986 2394.58118 -3980.1832)
(2878.497369 2394.58118 -3980.1832)
(3153.434752 2394.58118 -3980.1832)
(3428.372134 2394.58118 -3980.1832)
(3703.309517 2394.58118 -3980.1832)
(3978.2469 2394.58118 -3980.1832)
(-3994.9372 2622.38644 -3980.1832)
(-3719.999817 2622.38644 -3980.1832)
(-3445.062434 2622.38644 -3980.1832)
(-3170.125052 2622.38644 -3980.1832)
(-2895.187669 2622.38644 -3980.1832)
(-2620.250286 2622.38644 -3980.1832)
(-2345.312903 2622.38644 -3980.1832)
(-2070.375521 2622.38644 -3980.1832)
(-1795.438138 2622.38644 -3980.1832)
(-1520.500755 2622.38644 -3980.1832)
(-1245.563372 2622.38644 -3980.1832)
(-970.6259897 2622.38644 -3980.1832)
(-695.6886069 2622.38644 -3980.1832)
(-420.7512241 2622.38644 -3980.1832)
(-145.8138414 2622.38644 -3980.1832)
(129.1235414 2622.38644 -3980.1832)
(404.0609241 2622.38644 -3980.1832)
(678.9983069 2622.38644 -3980.1832)
(953.9356897 2622.38644 -3980.1832)
(1228.873072 2622.38644 -3980.1832)
(1503.810455 2622.38644 -3980.1832)
(1778.747838 2622.38644 -3980.1832)
(2053.685221 2622.38644 -3980.1832)
(2328.622603 2622.38644 -3980.1832)
(2603.559986 2622.38644 -3980.1832)
(2878.497369 2622.38644 -3980.1832)
(3153.434752 2622.38644 -3980.1832)
(3428.372134 2622.38644 -3980.1832)
(3703.309517 2622.38644 -3980.1832)
(3978.2469 2622.38644 -3980.1832)
(-3994.9372 2850.1917 -3980.1832)
(-3719.999817 2850.1917 -3980.1832)
(-3445.062434 2850.1917 -3980.1832)
(-3170.125052 2850.1917 -3980.1832)
(-2895.187669 2850.1917 -3980.1832)
(-2620.250286 2850.1917 -3980.1832)
(-2345.312903 2850.1917 -3980.1832)
(-2070.375521 2850.1917 -3980.1832)
(-1795.438138 2850.1917 -3980.1832)
(-1520.500755 2850.1917 -3980.1832)
(-1245.563372 2850.1917 -3980.1832)
(-970.6259897 2850.1917 -3980.1832)
(-695.6886069 2850.1917 -3980.1832)
(-420.7512241 2850.1917 -3980.1832)
(-145.8138414 2850.1917 -3980.1832)
(129.1235414 2850.1917 -3980.1832)
(404.0609241 2850.1917 -3980.1832)
(678.9983069 2850.1917 -3980.1832)
(953.9356897 2850.1917 -3980.1832)
(1228.873072 2850.1917 -3980.1832)
(1503.810455 2850.1917 -3980.1832)
(1778.747838 2850.1917 -3980.1832)
(2053.685221 2850.1917 -3980.1832)
(2328.622603 2850.1917 -3980.1832)
(2603.559986 2850.1917 -3980.1832)
(2878.497369 2850.1917 -3980.1832)
(3153.434752 2850.1917 -3980.1832)
(3428.372134 2850.1917 -3980.1832)
(3703.309517 2850.1917 -3980.1832)
(3978.2469 2850.1917 -3980.1832)
(-3994.9372 3077.99696 -3980.1832)
(-3719.999817 3077.99696 -3980.1832)
(-3445.062434 3077.99696 -3980.1832)
(-3170.125052 3077.99696 -3980.1832)
(-2895.187669 3077.99696 -3980.1832)
(-2620.250286 3077.99696 -3980.1832)
(-2345.312903 3077.99696 -3980.1832)
(-2070.375521 3077.99696 -3980.1832)
(-1795.438138 3077.99696 -3980.1832)
(-1520.500755 3077.99696 -3980.1832)
(-1245.563372 3077.99696 -3980.1832)
(-970.6259897 3077.99696 -3980.1832)
(-695.6886069 3077.99696 -3980.1832)
(-420.7512241 3077.99696 -3980.1832)
(-145.8138414 3077.99696 -3980.1832)
(129.1235414 3077.99696 -3980.1832)
(404.0609241 3077.99696 -3980.1832)
(678.9983069 3077.99696 -3980.1832)
(953.9356897 3077.99696 -3980.1832)
(1228.873072 3077.99696 -3980.1832)
(1503.810455 3077.99696 -3980.1832)
(1778.747838 3077.99696 -3980.1832)
(2053.685221 3077.99696 -3980.1832)
(2328.622603 3077.99696 -3980.1832)
(2603.559986 3077.99696 -3980.1832)
(2878.497369 3077.99696 -3980.1832)
(3153.434752 3077.99696 -3980.1832)
(3428.372134 3077.99696 -3980.1832)
(3703.309517 3077.99696 -3980.1832)
(3978.2469 3077.99696 -3980.1832)
(-3994.9372 3305.80222 -3980.1832)
(-3719.999817 3305.80222 -3980.1832)
(-3445.062434 3305.80222 -3980.1832)
(-3170.125052 3305.80222 -3980.1832)
(-2895.187669 3305.80222 -3980.1832)
(-2620.250286 3305.80222 -3980.1832)
(-2345.312903 3305.80222 -3980.1832)
(-2070.375521 3305.80222 -3980.1832)
(-1795.438138 3305.80222 -3980.1832)
(-1520.500755 3305.80222 -3980.1832)
(-1245.563372 3305.80222 -3980.1832)
(-970.6259897 3305.80222 -3980.1832)
(-695.6886069 3305.80222 -3980.1832)
(-420.7512241 3305.80222 -3980.1832)
(-145.8138414 3305.80222 -3980.1832)
(129.1235414 3305.80222 -3980.1832)
(404.0609241 3305.80222 -3980.1832)
(678.9983069 3305.80222 -3980.1832)
(953.9356897 3305.80222 -3980.1832)
(1228.873072 3305.80222 -3980.1832)
(1503.810455 3305.80222 -3980.1832)
(1778.747838 3305.80222 -3980.1832)
(2053.685221 3305.80222 -3980.1832)
(2328.622603 3305.80222 -3980.1832)
(2603.559986 3305.80222 -3980.1832)
(2878.497369 3305.80222 -3980.1832)
(3153.434752 3305.80222 -3980.1832)
(3428.372134 3305.80222 -3980.1832)
(3703.309517 3305.80222 -3980.1832)
(3978.2469 3305.80222 -3980.1832)
(-3994.9372 3533.60748 -3980.1832)
(-3719.999817 3533.60748 -3980.1832)
(-3445.062434 3533.60748 -3980.1832)
(-3170.125052 3533.60748 -3980.1832)
(-2895.187669 3533.60748 -3980.1832)
(-2620.250286 3533.60748 -3980.1832)
(-2345.312903 3533.60748 -3980.1832)
(-2070.375521 3533.60748 -3980.1832)
(-1795.438138 3533.60748 -3980.1832)
(-1520.500755 3533.60748 -3980.1832)
(-1245.563372 3533.60748 -3980.1832)
(-970.6259897 3533.60748 -3980.1832)
(-695.6886069 3533.60748 -3980.1832)
(-420.7512241 3533.60748 -3980.1832)
(-145.8138414 3533.60748 -3980.1832)
(129.1235414 3533.60748 -3980.1832)
(404.0609241 3533.60748 -3980.1832)
(678.9983069 3533.60748 -3980.1832)
(953.9356897 3533.60748 -3980.1832)
(1228.873072 3533.60748 -3980.1832)
(1503.810455 3533.60748 -3980.1832)
(1778.747838 3533.60748 -3980.1832)
(2053.685221 3533.60748 -3980.1832)
(2328.622603 3533.60748 -3980.1832)
(2603.559986 3533.60748 -3980.1832)
(2878.497369 3533.60748 -3980.1832)
(3153.434752 3533.60748 -3980.1832)
(3428.372134 3533.60748 -3980.1832)
(3703.309517 3533.60748 -3980.1832)
(3978.2469 3533.60748 -3980.1832)
(-3994.9372 3761.41274 -3980.1832)
(-3719.999817 3761.41274 -3980.1832)
(-3445.062434 3761.41274 -3980.1832)
(-3170.125052 3761.41274 -3980.1832)
(-2895.187669 3761.41274 -3980.1832)
(-2620.250286 3761.41274 -3980.1832)
(-2345.312903 3761.41274 -3980.1832)
(-2070.375521 3761.41274 -3980.1832)
(-1795.438138 3761.41274 -3980.1832)
(-1520.500755 3761.41274 -3980.1832)
(-1245.563372 3761.41274 -3980.1832)
(-970.6259897 3761.41274 -3980.1832)
(-695.6886069 3761.41274 -3980.1832)
(-420.7512241 3761.41274 -3980.1832)
(-145.8138414 3761.41274 -3980.1832)
(129.1235414 3761.41274 -3980.1832)
(404.0609241 3761.41274 -3980.1832)
(678.9983069 3761.41274 -3980.1832)
(953.9356897 3761.41274 -3980.1832)
(1228.873072 3761.41274 -3980.1832)
(1503.810455 3761.41274 -3980.1832)
(1778.747838 3761.41274 -3980.1832)
(2053.685221 3761.41274 -3980.1832)
(2328.622603 3761.41274 -3980.1832)
(2603.559986 3761.41274 -3980.1832)
(2878.497369 3761.41274 -3980.1832)
(3153.434752 3761.41274 -3980.1832)
(3428.372134 3761.41274 -3980.1832)
(3703.309517 3761.41274 -3980.1832)
(3978.2469 3761.41274 -3980.1832)
(-3994.9372 3989.218 -3980.1832)
(-3719.999817 3989.218 -3980.1832)
(-3445.062434 3989.218 -3980.1832)
(-3170.125052 3989.218 -3980.1832)
(-2895.187669 3989.218 -3980.1832)
(-2620.250286 3989.218 -3980.1832)
(-2345.312903 3989.218 -3980.1832)
(-2070.375521 3989.218 -3980.1832)
(-1795.438138 3989.218 -3980.1832)
(-1520.500755 3989.218 -3980.1832)
(-1245.563372 3989.218 -3980.1832)
(-970.6259897 3989.218 -3980.1832)
(-695.6886069 3989.218 -3980.1832)
(-420.7512241 3989.218 -3980.1832)
(-145.8138414 3989.218 -3980.1832)
(129.1235414 3989.218 -3980.1832)
(404.0609241 3989.218 -3980.1832)
(678.9983069 3989.218 -3980.1832)
(953.9356897 3989.218 -3980.1832)
(1228.873072 3989.218 -3980.1832)
(1503.810455 3989.218 -3980.1832)
(1778.747838 3989.218 -3980.1832)
(2053.685221 3989.218 -3980.1832)
(2328.622603 3989.218 -3980.1832)
(2603.559986 3989.218 -3980.1832)
(2878.497369 3989.218 -3980.1832)
(3153.434752 3989.218 -3980.1832)
(3428.372134 3989.218 -3980.1832)
(3703.309517 3989.218 -3980.1832)
(3978.2469 3989.218 -3980.1832)
(-3994.9372 -3983.9661 -3560.541932)
(-3719.999817 -3983.9661 -3560.541932)
(-3445.062434 -3983.9661 -3560.541932)
(-3170.125052 -3983.9661 -3560.541932)
(-2895.187669 -3983.9661 -3560.541932)
(-2620.250286 -3983.9661 -3560.541932)
(-2345.312903 -3983.9661 -3560.541932)
(-2070.375521 -3983.9661 -3560.541932)
(-1795.438138 -3983.9661 -3560.541932)
(-1520.500755 -3983.9661 -3560.541932)
(-1245.563372 -3983.9661 -3560.541932)
(-970.6259897 -3983.9661 -3560.541932)
(-695.6886069 -3983.9661 -3560.541932)
(-420.7512241 -3983.9661 -3560.541932)
(-145.8138414 -3983.9661 -3560.541932)
(129.1235414 -3983.9661 -3560.541932)
(404.0609241 -3983.9661 -3560.541932)
(678.9983069 -3983.9661 -3560.541932)
(953.9356897 -3983.9661 -3560.541932)
(1228.873072 -3983.9661 -3560.541932)
(1503.810455 -3983.9661 -3560.541932)
(1778.747838 -3983.9661 -3560.541932)
(2053.685221 -3983.9661 -3560.541932)
(2328.622603 -3983.9661 -3560.541932)
(2603.559986 -3983.9661 -3560.541932)
(2878.497369 -3983.9661 -3560.541932)
(3153.434752 -3983.9661 -3560.541932)
(3428.372134 -3983.9661 -3560.541932)
(3703.309517 -3983.9661 -3560.541932)
(3978.2469 -3983.9661 -3560.541932)
(-3994.9372 -3756.16084 -3560.541932)
(-3719.999817 -3756.16084 -3560.541932)
(-3445.062434 -3756.16084 -3560.541932)
(-3170.125052 -3756.16084 -3560.541932)
(-2895.187669 -3756.16084 -3560.541932)
(-2620.250286 -3756.16084 -3560.541932)
(-2345.312903 -3756.16084 -3560.541932)
(-2070.375521 -3756.16084 -3560.541932)
(-1795.438138 -3756.16084 -3560.541932)
(-1520.500755 -3756.16084 -3560.541932)
(-1245.563372 -3756.16084 -3560.541932)
(-970.6259897 -3756.16084 -3560.541932)
(-695.6886069 -3756.16084 -3560.541932)
(-420.7512241 -3756.16084 -3560.541932)
(-145.8138414 -3756.16084 -3560.541932)
(129.1235414 -3756.16084 -3560.541932)
(404.0609241 -3756.16084 -3560.541932)
(678.9983069 -3756.16084 -3560.541932)
(953.9356897 -3756.16084 -3560.541932)
(1228.873072 -3756.16084 -3560.541932)
(1503.810455 -3756.16084 -3560.541932)
(1778.747838 -3756.16084 -3560.541932)
(2053.685221 -3756.16084 -3560.541932)
(2328.622603 -3756.16084 -3560.541932)
(2603.559986 -3756.16084 -3560.541932)
(2878.497369 -3756.16084 -3560.541932)
(3153.434752 -3756.16084 -3560.541932)
(3428.372134 -3756.16084 -3560.541932)
(3703.309517 -3756.16084 -3560.541932)
(3978.2469 -3756.16084 -3560.541932)
(-3994.9372 -3528.35558 -3560.541932)
(-3719.999817 -3528.35558 -3560.541932)
(-3445.062434 -3528.35558 -3560.541932)
(-3170.125052 -3528.35558 -3560.541932)
(-2895.187669 -3528.35558 -3560.541932)
(-2620.250286 -3528.35558 -3560.541932)
(-2345.312903 -3528.35558 -3560.541932)
(-2070.375521 -3528.35558 -3560.541932)
(-1795.438138 -3528.35558 -3560.541932)
(-1520.500755 -3528.35558 -3560.541932)
(-1245.563372 -3528.35558 -3560.541932)
(-970.6259897 -3528.35558 -3560.541932)
(-695.6886069 -3528.35558 -3560.541932)
(-420.7512241 -3528.35558 -3560.541932)
(-145.8138414 -3528.35558 -3560.541932)
(129.1235414 -3528.35558 -3560.541932)
(404.0609241 -3528.35558 -3560.541932)
(678.9983069 -3528.35558 -3560.541932)
(953.9356897 -3528.35558 -3560.541932)
(1228.873072 -3528.35558 -3560.541932)
(1503.810455 -3528.35558 -3560.541932)
(1778.747838 -3528.35558 -3560.541932)
(2053.685221 -3528.35558 -3560.541932)
(2328.622603 -3528.35558 -3560.541932)
(2603.559986 -3528.35558 -3560.541932)
(2878.497369 -3528.35558 -3560.541932)
(3153.434752 -3528.35558 -3560.541932)
(3428.372134 -3528.35558 -3560.541932)
(3703.309517 -3528.35558 -3560.541932)
(3978.2469 -3528.35558 -3560.541932)
(-3994.9372 -3300.55032 -3560.541932)
(-3719.999817 -3300.55032 -3560.541932)
(-3445.062434 -3300.55032 -3560.541932)
(-3170.125052 -3300.55032 -3560.541932)
(-2895.187669 -3300.55032 -3560.541932)
(-2620.250286 -3300.55032 -3560.541932)
(-2345.312903 -3300.55032 -3560.541932)
(-2070.375521 -3300.55032 -3560.541932)
(-1795.438138 -3300.55032 -3560.541932)
(-1520.500755 -3300.55032 -3560.541932)
(-1245.563372 -3300.55032 -3560.541932)
(-970.6259897 -3300.55032 -3560.541932)
(-695.6886069 -3300.55032 -3560.541932)
(-420.7512241 -3300.55032 -3560.541932)
(-145.8138414 -3300.55032 -3560.541932)
(129.1235414 -3300.55032 -3560.541932)
(404.0609241 -3300.55032 -3560.541932)
(678.9983069 -3300.55032 -3560.541932)
(953.9356897 -3300.55032 -3560.541932)
(1228.873072 -3300.55032 -3560.541932)
(1503.810455 -3300.55032 -3560.541932)
(1778.747838 -3300.55032 -3560.541932)
(2053.685221 -3300.55032 -3560.541932)
(2328.622603 -3300.55032 -3560.541932)
(2603.559986 -3300.55032 -3560.541932)
(2878.497369 -3300.55032 -3560.541932)
(3153.434752 -3300.55032 -3560.541932)
(3428.372134 -3300.55032 -3560.541932)
(3703.309517 -3300.55032 -3560.541932)
(3978.2469 -3300.55032 -3560.541932)
(-3994.9372 -3072.74506 -3560.541932)
(-3719.999817 -3072.74506 -3560.541932)
(-3445.062434 -3072.74506 -3560.541932)
(-3170.125052 -3072.74506 -3560.541932)
(-2895.187669 -3072.74506 -3560.541932)
(-2620.250286 -3072.74506 -3560.541932)
(-2345.312903 -3072.74506 -3560.541932)
(-2070.375521 -3072.74506 -3560.541932)
(-1795.438138 -3072.74506 -3560.541932)
(-1520.500755 -3072.74506 -3560.541932)
(-1245.563372 -3072.74506 -3560.541932)
(-970.6259897 -3072.74506 -3560.541932)
(-695.6886069 -3072.74506 -3560.541932)
(-420.7512241 -3072.74506 -3560.541932)
(-145.8138414 -3072.74506 -3560.541932)
(129.1235414 -3072.74506 -3560.541932)
(404.0609241 -3072.74506 -3560.541932)
(678.9983069 -3072.74506 -3560.541932)
(953.9356897 -3072.74506 -3560.541932)
(1228.873072 -3072.74506 -3560.541932)
(1503.810455 -3072.74506 -3560.541932)
(1778.747838 -3072.74506 -3560.541932)
(2053.685221 -3072.74506 -3560.541932)
(2328.622603 -3072.74506 -3560.541932)
(2603.559986 -3072.74506 -3560.541932)
(2878.497369 -3072.74506 -3560.541932)
(3153.434752 -3072.74506 -3560.541932)
(3428.372134 -3072.74506 -3560.541932)
(3703.309517 -3072.74506 -3560.541932)
(3978.2469 -3072.74506 -3560.541932)
(-3994.9372 -2844.9398 -3560.541932)
(-3719.999817 -2844.9398 -3560.541932)
(-3445.062434 -2844.9398 -3560.541932)
(-3170.125052 -2844.9398 -3560.541932)
(-2895.187669 -2844.9398 -3560.541932)
(-2620.250286 -2844.9398 -3560.541932)
(-2345.312903 -2844.9398 -3560.541932)
(-2070.375521 -2844.9398 -3560.541932)
(-1795.438138 -2844.9398 -3560.541932)
(-1520.500755 -2844.9398 -3560.541932)
(-1245.563372 -2844.9398 -3560.541932)
(-970.6259897 -2844.9398 -3560.541932)
(-695.6886069 -2844.9398 -3560.541932)
(-420.7512241 -2844.9398 -3560.541932)
(-145.8138414 -2844.9398 -3560.541932)
(129.1235414 -2844.9398 -3560.541932)
(404.0609241 -2844.9398 -3560.541932)
(678.9983069 -2844.9398 -3560.541932)
(953.9356897 -2844.9398 -3560.541932)
(1228.873072 -2844.9398 -3560.541932)
(1503.810455 -2844.9398 -3560.541932)
(1778.747838 -2844.9398 -3560.541932)
(2053.685221 -2844.9398 -3560.541932)
(2328.622603 -2844.9398 -3560.541932)
(2603.559986 -2844.9398 -3560.541932)
(2878.497369 -2844.9398 -3560.541932)
(3153.434752 -2844.9398 -3560.541932)
(3428.372134 -2844.9398 -3560.541932)
(3703.309517 -2844.9398 -3560.541932)
(3978.2469 -2844.9398 -3560.541932)
(-3994.9372 -2617.13454 -3560.541932)
(-3719.999817 -2617.13454 -3560.541932)
(-3445.062434 -2617.13454 -3560.541932)
(-3170.125052 -2617.13454 -3560.541932)
(-2895.187669 -2617.13454 -3560.541932)
(-2620.250286 -2617.13454 -3560.541932)
(-2345.312903 -2617.13454 -3560.541932)
(-2070.375521 -2617.13454 -3560.541932)
(-1795.438138 -2617.13454 -3560.541932)
(-1520.500755 -2617.13454 -3560.541932)
(-1245.563372 -2617.13454 -3560.541932)
(-970.6259897 -2617.13454 -3560.541932)
(-695.6886069 -2617.13454 -3560.541932)
(-420.7512241 -2617.13454 -3560.541932)
(-145.8138414 -2617.13454 -3560.541932)
(129.1235414 -2617.13454 -3560.541932)
(404.0609241 -2617.13454 -3560.541932)
(678.9983069 -2617.13454 -3560.541932)
(953.9356897 -2617.13454 -3560.541932)
(1228.873072 -2617.13454 -3560.541932)
(1503.810455 -2617.13454 -3560.541932)
(1778.747838 -2617.13454 -3560.541932)
(2053.685221 -2617.13454 -3560.541932)
(2328.622603 -2617.13454 -3560.541932)
(2603.559986 -2617.13454 -3560.541932)
(2878.497369 -2617.13454 -3560.541932)
(3153.434752 -2617.13454 -3560.541932)
(3428.372134 -2617.13454 -3560.541932)
(3703.309517 -2617.13454 -3560.541932)
(3978.2469 -2617.13454 -3560.541932)
(-3994.9372 -2389.32928 -3560.541932)
(-3719.999817 -2389.32928 -3560.541932)
(-3445.062434 -2389.32928 -3560.541932)
(-3170.125052 -2389.32928 -3560.541932)
(-2895.187669 -2389.32928 -3560.541932)
(-2620.250286 -2389.32928 -3560.541932)
(-2345.312903 -2389.32928 -3560.541932)
(-2070.375521 -2389.32928 -3560.541932)
(-1795.438138 -2389.32928 -3560.541932)
(-1520.500755 -2389.32928 -3560.541932)
(-1245.563372 -2389.32928 -3560.541932)
(-970.6259897 -2389.32928 -3560.541932)
(-695.6886069 -2389.32928 -3560.541932)
(-420.7512241 -2389.32928 -3560.541932)
(-145.8138414 -2389.32928 -3560.541932)
(129.1235414 -2389.32928 -3560.541932)
(404.0609241 -2389.32928 -3560.541932)
(678.9983069 -2389.32928 -3560.541932)
(953.9356897 -2389.32928 -3560.541932)
(1228.873072 -2389.32928 -3560.541932)
(1503.810455 -2389.32928 -3560.541932)
(1778.747838 -2389.32928 -3560.541932)
(2053.685221 -2389.32928 -3560.541932)
(2328.622603 -2389.32928 -3560.541932)
(2603.559986 -2389.32928 -3560.541932)
(2878.497369 -2389.32928 -3560.541932)
(3153.434752 -2389.32928 -3560.541932)
(3428.372134 -2389.32928 -3560.541932)
(3703.309517 -2389.32928 -3560.541932)
(3978.2469 -2389.32928 -3560.541932)
(-3994.9372 -2161.52402 -3560.541932)
(-3719.999817 -2161.52402 -3560.541932)
(-3445.062434 -2161.52402 -3560.541932)
(-3170.125052 -2161.52402 -3560.541932)
(-2895.187669 -2161.52402 -3560.541932)
(-2620.250286 -2161.52402 -3560.541932)
(-2345.312903 -2161.52402 -3560.541932)
(-2070.375521 -2161.52402 -3560.541932)
(-1795.438138 -2161.52402 -3560.541932)
(-1520.500755 -2161.52402 -3560.541932)
(-1245.563372 -2161.52402 -3560.541932)
(-970.6259897 -2161.52402 -3560.541932)
(-695.6886069 -2161.52402 -3560.541932)
(-420.7512241 -2161.52402 -3560.541932)
(-145.8138414 -2161.52402 -3560.541932)
(129.1235414 -2161.52402 -3560.541932)
(404.0609241 -2161.52402 -3560.541932)
(678.9983069 -2161.52402 -3560.541932)
(953.9356897 -2161.52402 -3560.541932)
(1228.873072 -2161.52402 -3560.541932)
(1503.810455 -2161.52402 -3560.541932)
(1778.747838 -2161.52402 -3560.541932)
(2053.685221 -2161.52402 -3560.541932)
(2328.622603 -2161.52402 -3560.541932)
(2603.559986 -2161.52402 -3560.541932)
(2878.497369 -2161.52402 -3560.541932)
(3153.434752 -2161.52402 -3560.541932)
(3428.372134 -2161.52402 -3560.541932)
(3703.309517 -2161.52402 -3560.541932)
(3978.2469 -2161.52402 -3560.541932)
(-3994.9372 -1933.71876 -3560.541932)
(-3719.999817 -1933.71876 -3560.541932)
(-3445.062434 -1933.71876 -3560.541932)
(-3170.125052 -1933.71876 -3560.541932)
(-2895.187669 -1933.71876 -3560.541932)
(-2620.250286 -1933.71876 -3560.541932)
(-2345.312903 -1933.71876 -3560.541932)
(-2070.375521 -1933.71876 -3560.541932)
(-1795.438138 -1933.71876 -3560.541932)
(-1520.500755 -1933.71876 -3560.541932)
(-1245.563372 -1933.71876 -3560.541932)
(-970.6259897 -1933.71876 -3560.541932)
(-695.6886069 -1933.71876 -3560.541932)
(-420.7512241 -1933.71876 -3560.541932)
(-145.8138414 -1933.71876 -3560.541932)
(129.1235414 -1933.71876 -3560.541932)
(404.0609241 -1933.71876 -3560.541932)
(678.9983069 -1933.71876 -3560.541932)
(953.9356897 -1933.71876 -3560.541932)
(1228.873072 -1933.71876 -3560.541932)
(1503.810455 -1933.71876 -3560.541932)
(1778.747838 -1933.71876 -3560.541932)
(2053.685221 -1933.71876 -3560.541932)
(2328.622603 -1933.71876 -3560.541932)
(2603.559986 -1933.71876 -3560.541932)
(2878.497369 -1933.71876 -3560.541932)
(3153.434752 -1933.71876 -3560.541932)
(3428.372134 -1933.71876 -3560.541932)
(3703.309517 -1933.71876 -3560.541932)
(3978.2469 -1933.71876 -3560.541932)
(-3994.9372 -1705.9135 -3560.541932)
(-3719.999817 -1705.9135 -3560.541932)
(-3445.062434 -1705.9135 -3560.541932)
(-3170.125052 -1705.9135 -3560.541932)
(-2895.187669 -1705.9135 -3560.541932)
(-2620.250286 -1705.9135 -3560.541932)
(-2345.312903 -1705.9135 -3560.541932)
(-2070.375521 -1705.9135 -3560.541932)
(-1795.438138 -1705.9135 -3560.541932)
(-1520.500755 -1705.9135 -3560.541932)
(-1245.563372 -1705.9135 -3560.541932)
(-970.6259897 -1705.9135 -3560.541932)
(-695.6886069 -1705.9135 -3560.541932)
(-420.7512241 -1705.9135 -3560.541932)
(-145.8138414 -1705.9135 -3560.541932)
(129.1235414 -1705.9135 -3560.541932)
(404.0609241 -1705.9135 -3560.541932)
(678.9983069 -1705.9135 -3560.541932)
(953.9356897 -1705.9135 -3560.541932)
(1228.873072 -1705.9135 -3560.541932)
(1503.810455 -1705.9135 -3560.541932)
(1778.747838 -1705.9135 -3560.541932)
(2053.685221 -1705.9135 -3560.541932)
(2328.622603 -1705.9135 -3560.541932)
(2603.559986 -1705.9135 -3560.541932)
(2878.497369 -1705.9135 -3560.541932)
(3153.434752 -1705.9135 -3560.541932)
(3428.372134 -1705.9135 -3560.541932)
(3703.309517 -1705.9135 -3560.541932)
(3978.2469 -1705.9135 -3560.541932)
(-3994.9372 -1478.10824 -3560.541932)
(-3719.999817 -1478.10824 -3560.541932)
(-3445.062434 -1478.10824 -3560.541932)
(-3170.125052 -1478.10824 -3560.541932)
(-2895.187669 -1478.10824 -3560.541932)
(-2620.250286 -1478.10824 -3560.541932)
(-2345.312903 -1478.10824 -3560.541932)
(-2070.375521 -1478.10824 -3560.541932)
(-1795.438138 -1478.10824 -3560.541932)
(-1520.500755 -1478.10824 -3560.541932)
(-1245.563372 -1478.10824 -3560.541932)
(-970.6259897 -1478.10824 -3560.541932)
(-695.6886069 -1478.10824 -3560.541932)
(-420.7512241 -1478.10824 -3560.541932)
(-145.8138414 -1478.10824 -3560.541932)
(129.1235414 -1478.10824 -3560.541932)
(404.0609241 -1478.10824 -3560.541932)
(678.9983069 -1478.10824 -3560.541932)
(953.9356897 -1478.10824 -3560.541932)
(1228.873072 -1478.10824 -3560.541932)
(1503.810455 -1478.10824 -3560.541932)
(1778.747838 -1478.10824 -3560.541932)
(2053.685221 -1478.10824 -3560.541932)
(2328.622603 -1478.10824 -3560.541932)
(2603.559986 -1478.10824 -3560.541932)
(2878.497369 -1478.10824 -3560.541932)
(3153.434752 -1478.10824 -3560.541932)
(3428.372134 -1478.10824 -3560.541932)
(3703.309517 -1478.10824 -3560.541932)
(3978.2469 -1478.10824 -3560.541932)
(-3994.9372 -1250.30298 -3560.541932)
(-3719.999817 -1250.30298 -3560.541932)
(-3445.062434 -1250.30298 -3560.541932)
(-3170.125052 -1250.30298 -3560.541932)
(-2895.187669 -1250.30298 -3560.541932)
(-2620.250286 -1250.30298 -3560.541932)
(-2345.312903 -1250.30298 -3560.541932)
(-2070.375521 -1250.30298 -3560.541932)
(-1795.438138 -1250.30298 -3560.541932)
(-1520.500755 -1250.30298 -3560.541932)
(-1245.563372 -1250.30298 -3560.541932)
(-970.6259897 -1250.30298 -3560.541932)
(-695.6886069 -1250.30298 -3560.541932)
(-420.7512241 -1250.30298 -3560.541932)
(-145.8138414 -1250.30298 -3560.541932)
(129.1235414 -1250.30298 -3560.541932)
(404.0609241 -1250.30298 -3560.541932)
(678.9983069 -1250.30298 -3560.541932)
(953.9356897 -1250.30298 -3560.541932)
(1228.873072 -1250.30298 -3560.541932)
(1503.810455 -1250.30298 -3560.541932)
(1778.747838 -1250.30298 -3560.541932)
(2053.685221 -1250.30298 -3560.541932)
(2328.622603 -1250.30298 -3560.541932)
(2603.559986 -1250.30298 -3560.541932)
(2878.497369 -1250.30298 -3560.541932)
(3153.434752 -1250.30298 -3560.541932)
(3428.372134 -1250.30298 -3560.541932)
(3703.309517 -1250.30298 -3560.541932)
(3978.2469 -1250.30298 -3560.541932)
(-3994.9372 -1022.49772 -3560.541932)
(-3719.999817 -1022.49772 -3560.541932)
(-3445.062434 -1022.49772 -3560.541932)
(-3170.125052 -1022.49772 -3560.541932)
(-2895.187669 -1022.49772 -3560.541932)
(-2620.250286 -1022.49772 -3560.541932)
(-2345.312903 -1022.49772 -3560.541932)
(-2070.375521 -1022.49772 -3560.541932)
(-1795.438138 -1022.49772 -3560.541932)
(-1520.500755 -1022.49772 -3560.541932)
(-1245.563372 -1022.49772 -3560.541932)
(-970.6259897 -1022.49772 -3560.541932)
(-695.6886069 -1022.49772 -3560.541932)
(-420.7512241 -1022.49772 -3560.541932)
(-145.8138414 -1022.49772 -3560.541932)
(129.1235414 -1022.49772 -3560.541932)
(404.0609241 -1022.49772 -3560.541932)
(678.9983069 -1022.49772 -3560.541932)
(953.9356897 -1022.49772 -3560.541932)
(1228.873072 -1022.49772 -3560.541932)
(1503.810455 -1022.49772 -3560.541932)
(1778.747838 -1022.49772 -3560.541932)
(2053.685221 -1022.49772 -3560.541932)
(2328.622603 -1022.49772 -3560.541932)
(2603.559986 -1022.49772 -3560.541932)
(2878.497369 -1022.49772 -3560.541932)
(3153.434752 -1022.49772 -3560.541932)
(3428.372134 -1022.49772 -3560.541932)
(3703.309517 -1022.49772 -3560.541932)
(3978.2469 -1022.49772 -3560.541932)
(-3994.9372 -794.69246 -3560.541932)
(-3719.999817 -794.69246 -3560.541932)
(-3445.062434 -794.69246 -3560.541932)
(-3170.125052 -794.69246 -3560.541932)
(-2895.187669 -794.69246 -3560.541932)
(-2620.250286 -794.69246 -3560.541932)
(-2345.312903 -794.69246 -3560.541932)
(-2070.375521 -794.69246 -3560.541932)
(-1795.438138 -794.69246 -3560.541932)
(-1520.500755 -794.69246 -3560.541932)
(-1245.563372 -794.69246 -3560.541932)
(-970.6259897 -794.69246 -3560.541932)
(-695.6886069 -794.69246 -3560.541932)
(-420.7512241 -794.69246 -3560.541932)
(-145.8138414 -794.69246 -3560.541932)
(129.1235414 -794.69246 -3560.541932)
(404.0609241 -794.69246 -3560.541932)
(678.9983069 -794.69246 -3560.541932)
(953.9356897 -794.69246 -3560.541932)
(1228.873072 -794.69246 -3560.541932)
(1503.810455 -794.69246 -3560.541932)
(1778.747838 -794.69246 -3560.541932)
(2053.685221 -794.69246 -3560.541932)
(2328.622603 -794.69246 -3560.541932)
(2603.559986 -794.69246 -3560.541932)
(2878.497369 -794.69246 -3560.541932)
(3153.434752 -794.69246 -3560.541932)
(3428.372134 -794.69246 -3560.541932)
(3703.309517 -794.69246 -3560.541932)
(3978.2469 -794.69246 -3560.541932)
(-3994.9372 -566.8872 -3560.541932)
(-3719.999817 -566.8872 -3560.541932)
(-3445.062434 -566.8872 -3560.541932)
(-3170.125052 -566.8872 -3560.541932)
(-2895.187669 -566.8872 -3560.541932)
(-2620.250286 -566.8872 -3560.541932)
(-2345.312903 -566.8872 -3560.541932)
(-2070.375521 -566.8872 -3560.541932)
(-1795.438138 -566.8872 -3560.541932)
(-1520.500755 -566.8872 -3560.541932)
(-1245.563372 -566.8872 -3560.541932)
(-970.6259897 -566.8872 -3560.541932)
(-695.6886069 -566.8872 -3560.541932)
(-420.7512241 -566.8872 -3560.541932)
(-145.8138414 -566.8872 -3560.541932)
(129.1235414 -566.8872 -3560.541932)
(404.0609241 -566.8872 -3560.541932)
(678.9983069 -566.8872 -3560.541932)
(953.9356897 -566.8872 -3560.541932)
(1228.873072 -566.8872 -3560.541932)
(1503.810455 -566.8872 -3560.541932)
(1778.747838 -566.8872 -3560.541932)
(2053.685221 -566.8872 -3560.541932)
(2328.622603 -566.8872 -3560.541932)
(2603.559986 -566.8872 -3560.541932)
(2878.497369 -566.8872 -3560.541932)
(3153.434752 -566.8872 -3560.541932)
(3428.372134 -566.8872 -3560.541932)
(3703.309517 -566.8872 -3560.541932)
(3978.2469 -566.8872 -3560.541932)
(-3994.9372 -339.08194 -3560.541932)
(-3719.999817 -339.08194 -3560.541932)
(-3445.062434 -339.08194 -3560.541932)
(-3170.125052 -339.08194 -3560.541932)
(-2895.187669 -339.08194 -3560.541932)
(-2620.250286 -339.08194 -3560.541932)
(-2345.312903 -339.08194 -3560.541932)
(-2070.375521 -339.08194 -3560.541932)
(-1795.438138 -339.08194 -3560.541932)
(-1520.500755 -339.08194 -3560.541932)
(-1245.563372 -339.08194 -3560.541932)
(-970.6259897 -339.08194 -3560.541932)
(-695.6886069 -339.08194 -3560.541932)
(-420.7512241 -339.08194 -3560.541932)
(-145.8138414 -339.08194 -3560.541932)
(129.1235414 -339.08194 -3560.541932)
(404.0609241 -339.08194 -3560.541932)
(678.9983069 -339.08194 -3560.541932)
(953.9356897 -339.08194 -3560.541932)
(1228.873072 -339.08194 -3560.541932)
(1503.810455 -339.08194 -3560.541932)
(1778.747838 -339.08194 -3560.541932)
(2053.685221 -339.08194 -3560.541932)
(2328.622603 -339.08194 -3560.541932)
(2603.559986 -339.08194 -3560.541932)
(2878.497369 -339.08194 -3560.541932)
(3153.434752 -339.08194 -3560.541932)
(3428.372134 -339.08194 -3560.541932)
(3703.309517 -339.08194 -3560.541932)
(3978.2469 -339.08194 -3560.541932)
(-3994.9372 -111.27668 -3560.541932)
(-3719.999817 -111.27668 -3560.541932)
(-3445.062434 -111.27668 -3560.541932)
(-3170.125052 -111.27668 -3560.541932)
(-2895.187669 -111.27668 -3560.541932)
(-2620.250286 -111.27668 -3560.541932)
(-2345.312903 -111.27668 -3560.541932)
(-2070.375521 -111.27668 -3560.541932)
(-1795.438138 -111.27668 -3560.541932)
(-1520.500755 -111.27668 -3560.541932)
(-1245.563372 -111.27668 -3560.541932)
(-970.6259897 -111.27668 -3560.541932)
(-695.6886069 -111.27668 -3560.541932)
(-420.7512241 -111.27668 -3560.541932)
(-145.8138414 -111.27668 -3560.541932)
(129.1235414 -111.27668 -3560.541932)
(404.0609241 -111.27668 -3560.541932)
(678.9983069 -111.27668 -3560.541932)
(953.9356897 -111.27668 -3560.541932)
(1228.873072 -111.27668 -3560.541932)
(1503.810455 -111.27668 -3560.541932)
(1778.747838 -111.27668 -3560.541932)
(2053.685221 -111.27668 -3560.541932)
(2328.622603 -111.27668 -3560.541932)
(2603.559986 -111.27668 -3560.541932)
(2878.497369 -111.27668 -3560.541932)
(3153.434752 -111.27668 -3560.541932)
(3428.372134 -111.27668 -3560.541932)
(3703.309517 -111.27668 -3560.541932)
(3978.2469 -111.27668 -3560.541932)
(-3994.9372 116.52858 -3560.541932)
(-3719.999817 116.52858 -3560.541932)
(-3445.062434 116.52858 -3560.541932)
(-3170.125052 116.52858 -3560.541932)
(-2895.187669 116.52858 -3560.541932)
(-2620.250286 116.52858 -3560.541932)
(-2345.312903 116.52858 -3560.541932)
(-2070.375521 116.52858 -3560.541932)
(-1795.438138 116.52858 -3560.541932)
(-1520.500755 116.52858 -3560.541932)
(-1245.563372 116.52858 -3560.541932)
(-970.6259897 116.52858 -3560.541932)
(-695.6886069 116.52858 -3560.541932)
(-420.7512241 116.52858 -3560.541932)
(-145.8138414 116.52858 -3560.541932)
(129.1235414 116.52858 -3560.541932)
(404.0609241 116.52858 -3560.541932)
(678.9983069 116.52858 -3560.541932)
(953.9356897 116.52858 -3560.541932)
(1228.873072 116.52858 -3560.541932)
(1503.810455 116.52858 -3560.541932)
(1778.747838 116.52858 -3560.541932)
(2053.685221 116.52858 -3560.541932)
(2328.622603 116.52858 -3560.541932)
(2603.559986 116.52858 -3560.541932)
(2878.497369 116.52858 -3560.541932)
(3153.434752 116.52858 -3560.541932)
(3428.372134 116.52858 -3560.541932)
(3703.309517 116.52858 -3560.541932)
(3978.2469 116.52858 -3560.541932)
(-3994.9372 344.33384 -3560.541932)
(-3719.999817 344.33384 -3560.541932)
(-3445.062434 344.33384 -3560.541932)
(-3170.125052 344.33384 -3560.541932)
(-2895.187669 344.33384 -3560.541932)
(-2620.250286 344.33384 -3560.541932)
(-2345.312903 344.33384 -3560.541932)
(-2070.375521 344.33384 -3560.541932)
(-1795.438138 344.33384 -3560.541932)
(-1520.500755 344.33384 -3560.541932)
(-1245.563372 344.33384 -3560.541932)
(-970.6259897 344.33384 -3560.541932)
(-695.6886069 344.33384 -3560.541932)
(-420.7512241 344.33384 -3560.541932)
(-145.8138414 344.33384 -3560.541932)
(129.1235414 344.33384 -3560.541932)
(404.0609241 344.33384 -3560.541932)
(678.9983069 344.33384 -3560.541932)
(953.9356897 344.33384 -3560.541932)
(1228.873072 344.33384 -3560.541932)
(1503.810455 344.33384 -3560.541932)
(1778.747838 344.33384 -3560.541932)
(2053.685221 344.33384 -3560.541932)
(2328.622603 344.33384 -3560.541932)
(2603.559986 344.33384 -3560.541932)
(2878.497369 344.33384 -3560.541932)
(3153.434752 344.33384 -3560.541932)
(3428.372134 344.33384 -3560.541932)
(3703.309517 344.33384 -3560.541932)
(3978.2469 344.33384 -3560.541932)
(-3994.9372 572.1391 -3560.541932)
(-3719.999817 572.1391 -3560.541932)
(-3445.062434 572.1391 -3560.541932)
(-3170.125052 572.1391 -3560.541932)
(-2895.187669 572.1391 -3560.541932)
(-2620.250286 572.1391 -3560.541932)
(-2345.312903 572.1391 -3560.541932)
(-2070.375521 572.1391 -3560.541932)
(-1795.438138 572.1391 -3560.541932)
(-1520.500755 572.1391 -3560.541932)
(-1245.563372 572.1391 -3560.541932)
(-970.6259897 572.1391 -3560.541932)
(-695.6886069 572.1391 -3560.541932)
(-420.7512241 572.1391 -3560.541932)
(-145.8138414 572.1391 -3560.541932)
(129.1235414 572.1391 -3560.541932)
(404.0609241 572.1391 -3560.541932)
(678.9983069 572.1391 -3560.541932)
(953.9356897 572.1391 -3560.541932)
(1228.873072 572.1391 -3560.541932)
(1503.810455 572.1391 -3560.541932)
(1778.747838 572.1391 -3560.541932)
(2053.685221 572.1391 -3560.541932)
(2328.622603 572.1391 -3560.541932)
(2603.559986 572.1391 -3560.541932)
(2878.497369 572.1391 -3560.541932)
(3153.434752 572.1391 -3560.541932)
(3428.372134 572.1391 -3560.541932)
(3703.309517 572.1391 -3560.541932)
(3978.2469 572.1391 -3560.541932)
(-3994.9372 799.94436 -3560.541932)
(-3719.999817 799.94436 -3560.541932)
(-3445.062434 799.94436 -3560.541932)
(-3170.125052 799.94436 -3560.541932)
(-2895.187669 799.94436 -3560.541932)
(-2620.250286 799.94436 -3560.541932)
(-2345.312903 799.94436 -3560.541932)
(-2070.375521 799.94436 -3560.541932)
(-1795.438138 799.94436 -3560.541932)
(-1520.500755 799.94436 -3560.541932)
(-1245.563372 799.94436 -3560.541932)
(-970.6259897 799.94436 -3560.541932)
(-695.6886069 799.94436 -3560.541932)
(-420.7512241 799.94436 -3560.541932)
(-145.8138414 799.94436 -3560.541932)
(129.1235414 799.94436 -3560.541932)
(404.0609241 799.94436 -3560.541932)
(678.9983069 799.94436 -3560.541932)
(953.9356897 799.94436 -3560.541932)
(1228.873072 799.94436 -3560.541932)
(1503.810455 799.94436 -3560.541932)
(1778.747838 799.94436 -3560.541932)
(2053.685221 799.94436 -3560.541932)
(2328.622603 799.94436 -3560.541932)
(2603.559986 799.94436 -3560.541932)
(2878.497369 799.94436 -3560.541932)
(3153.434752 799.94436 -3560.541932)
(3428.372134 799.94436 -3560.541932)
(3703.309517 799.94436 -3560.541932)
(3978.2469 799.94436 -3560.541932)
(-3994.9372 1027.74962 -3560.541932)
(-3719.999817 1027.74962 -3560.541932)
(-3445.062434 1027.74962 -3560.541932)
(-3170.125052 1027.74962 -3560.541932)
(-2895.187669 1027.74962 -3560.541932)
(-2620.250286 1027.74962 -3560.541932)
(-2345.312903 1027.74962 -3560.541932)
(-2070.375521 1027.74962 -3560.541932)
(-1795.438138 1027.74962 -3560.541932)
(-1520.500755 1027.74962 -3560.541932)
(-1245.563372 1027.74962 -3560.541932)
(-970.6259897 1027.74962 -3560.541932)
(-695.6886069 1027.74962 -3560.541932)
(-420.7512241 1027.74962 -3560.541932)
(-145.8138414 1027.74962 -3560.541932)
(129.1235414 1027.74962 -3560.541932)
(404.0609241 1027.74962 -3560.541932)
(678.9983069 1027.74962 -3560.541932)
(953.9356897 1027.74962 -3560.541932)
(1228.873072 1027.74962 -3560.541932)
(1503.810455 1027.74962 -3560.541932)
(1778.747838 1027.74962 -3560.541932)
(2053.685221 1027.74962 -3560.541932)
(2328.622603 1027.74962 -3560.541932)
(2603.559986 1027.74962 -3560.541932)
(2878.497369 1027.74962 -3560.541932)
(3153.434752 1027.74962 -3560.541932)
(3428.372134 1027.74962 -3560.541932)
(3703.309517 1027.74962 -3560.541932)
(3978.2469 1027.74962 -3560.541932)
(-3994.9372 1255.55488 -3560.541932)
(-3719.999817 1255.55488 -3560.541932)
(-3445.062434 1255.55488 -3560.541932)
(-3170.125052 1255.55488 -3560.541932)
(-2895.187669 1255.55488 -3560.541932)
(-2620.250286 1255.55488 -3560.541932)
(-2345.312903 1255.55488 -3560.541932)
(-2070.375521 1255.55488 -3560.541932)
(-1795.438138 1255.55488 -3560.541932)
(-1520.500755 1255.55488 -3560.541932)
(-1245.563372 1255.55488 -3560.541932)
(-970.6259897 1255.55488 -3560.541932)
(-695.6886069 1255.55488 -3560.541932)
(-420.7512241 1255.55488 -3560.541932)
(-145.8138414 1255.55488 -3560.541932)
(129.1235414 1255.55488 -3560.541932)
(404.0609241 1255.55488 -3560.541932)
(678.9983069 1255.55488 -3560.541932)
(953.9356897 1255.55488 -3560.541932)
(1228.873072 1255.55488 -3560.541932)
(1503.810455 1255.55488 -3560.541932)
(1778.747838 1255.55488 -3560.541932)
(2053.685221 1255.55488 -3560.541932)
(2328.622603 1255.55488 -3560.541932)
(2603.559986 1255.55488 -3560.541932)
(2878.497369 1255.55488 -3560.541932)
(3153.434752 1255.55488 -3560.541932)
(3428.372134 1255.55488 -3560.541932)
(3703.309517 1255.55488 -3560.541932)
(3978.2469 1255.55488 -3560.541932)
(-3994.9372 1483.36014 -3560.541932)
(-3719.999817 1483.36014 -3560.541932)
(-3445.062434 1483.36014 -3560.541932)
(-3170.125052 1483.36014 -3560.541932)
(-2895.187669 1483.36014 -3560.541932)
(-2620.250286 1483.36014 -3560.541932)
(-2345.312903 1483.36014 -3560.541932)
(-2070.375521 1483.36014 -3560.541932)
(-1795.438138 1483.36014 -3560.541932)
(-1520.500755 1483.36014 -3560.541932)
(-1245.563372 1483.36014 -3560.541932)
(-970.6259897 1483.36014 -3560.541932)
(-695.6886069 1483.36014 -3560.541932)
(-420.7512241 1483.36014 -3560.541932)
(-145.8138414 1483.36014 -3560.541932)
(129.1235414 1483.36014 -3560.541932)
(404.0609241 1483.36014 -3560.541932)
(678.9983069 1483.36014 -3560.541932)
(953.9356897 1483.36014 -3560.541932)
(1228.873072 1483.36014 -3560.541932)
(1503.810455 1483.36014 -3560.541932)
(1778.747838 1483.36014 -3560.541932)
(2053.685221 1483.36014 -3560.541932)
(2328.622603 1483.36014 -3560.541932)
(2603.559986 1483.36014 -3560.541932)
(2878.497369 1483.36014 -3560.541932)
(3153.434752 1483.36014 -3560.541932)
(3428.372134 1483.36014 -3560.541932)
(3703.309517 1483.36014 -3560.541932)
(3978.2469 1483.36014 -3560.541932)
(-3994.9372 1711.1654 -3560.541932)
(-3719.999817 1711.1654 -3560.541932)
(-3445.062434 1711.1654 -3560.541932)
(-3170.125052 1711.1654 -3560.541932)
(-2895.187669 1711.1654 -3560.541932)
(-2620.250286 1711.1654 -3560.541932)
(-2345.312903 1711.1654 -3560.541932)
(-2070.375521 1711.1654 -3560.541932)
(-1795.438138 1711.1654 -3560.541932)
(-1520.500755 1711.1654 -3560.541932)
(-1245.563372 1711.1654 -3560.541932)
(-970.6259897 1711.1654 -3560.541932)
(-695.6886069 1711.1654 -3560.541932)
(-420.7512241 1711.1654 -3560.541932)
(-145.8138414 1711.1654 -3560.541932)
(129.1235414 1711.1654 -3560.541932)
(404.0609241 1711.1654 -3560.541932)
(678.9983069 1711.1654 -3560.541932)
(953.9356897 1711.1654 -3560.541932)
(1228.873072 1711.1654 -3560.541932)
(1503.810455 1711.1654 -3560.541932)
(1778.747838 1711.1654 -3560.541932)
(2053.685221 1711.1654 -3560.541932)
(2328.622603 1711.1654 -3560.541932)
(2603.559986 1711.1654 -3560.541932)
(2878.497369 1711.1654 -3560.541932)
(3153.434752 1711.1654 -3560.541932)
(3428.372134 1711.1654 -3560.541932)
(3703.309517 1711.1654 -3560.541932)
(3978.2469 1711.1654 -3560.541932)
(-3994.9372 1938.97066 -3560.541932)
(-3719.999817 1938.97066 -3560.541932)
(-3445.062434 1938.97066 -3560.541932)
(-3170.125052 1938.97066 -3560.541932)
(-2895.187669 1938.97066 -3560.541932)
(-2620.250286 1938.97066 -3560.541932)
(-2345.312903 1938.97066 -3560.541932)
(-2070.375521 1938.97066 -3560.541932)
(-1795.438138 1938.97066 -3560.541932)
(-1520.500755 1938.97066 -3560.541932)
(-1245.563372 1938.97066 -3560.541932)
(-970.6259897 1938.97066 -3560.541932)
(-695.6886069 1938.97066 -3560.541932)
(-420.7512241 1938.97066 -3560.541932)
(-145.8138414 1938.97066 -3560.541932)
(129.1235414 1938.97066 -3560.541932)
(404.0609241 1938.97066 -3560.541932)
(678.9983069 1938.97066 -3560.541932)
(953.9356897 1938.97066 -3560.541932)
(1228.873072 1938.97066 -3560.541932)
(1503.810455 1938.97066 -3560.541932)
(1778.747838 1938.97066 -3560.541932)
(2053.685221 1938.97066 -3560.541932)
(2328.622603 1938.97066 -3560.541932)
(2603.559986 1938.97066 -3560.541932)
(2878.497369 1938.97066 -3560.541932)
(3153.434752 1938.97066 -3560.541932)
(3428.372134 1938.97066 -3560.541932)
(3703.309517 1938.97066 -3560.541932)
(3978.2469 1938.97066 -3560.541932)
(-3994.9372 2166.77592 -3560.541932)
(-3719.999817 2166.77592 -3560.541932)
(-3445.062434 2166.77592 -3560.541932)
(-3170.125052 2166.77592 -3560.541932)
(-2895.187669 2166.77592 -3560.541932)
(-2620.250286 2166.77592 -3560.541932)
(-2345.312903 2166.77592 -3560.541932)
(-2070.375521 2166.77592 -3560.541932)
(-1795.438138 2166.77592 -3560.541932)
(-1520.500755 2166.77592 -3560.541932)
(-1245.563372 2166.77592 -3560.541932)
(-970.6259897 2166.77592 -3560.541932)
(-695.6886069 2166.77592 -3560.541932)
(-420.7512241 2166.77592 -3560.541932)
(-145.8138414 2166.77592 -3560.541932)
(129.1235414 2166.77592 -3560.541932)
(404.0609241 2166.77592 -3560.541932)
(678.9983069 2166.77592 -3560.541932)
(953.9356897 2166.77592 -3560.541932)
(1228.873072 2166.77592 -3560.541932)
(1503.810455 2166.77592 -3560.541932)
(1778.747838 2166.77592 -3560.541932)
(2053.685221 2166.77592 -3560.541932)
(2328.622603 2166.77592 -3560.541932)
(2603.559986 2166.77592 -3560.541932)
(2878.497369 2166.77592 -3560.541932)
(3153.434752 2166.77592 -3560.541932)
(3428.372134 2166.77592 -3560.541932)
(3703.309517 2166.77592 -3560.541932)
(3978.2469 2166.77592 -3560.541932)
(-3994.9372 2394.58118 -3560.541932)
(-3719.999817 2394.58118 -3560.541932)
(-3445.062434 2394.58118 -3560.541932)
(-3170.125052 2394.58118 -3560.541932)
(-2895.187669 2394.58118 -3560.541932)
(-2620.250286 2394.58118 -3560.541932)
(-2345.312903 2394.58118 -3560.541932)
(-2070.375521 2394.58118 -3560.541932)
(-1795.438138 2394.58118 -3560.541932)
(-1520.500755 2394.58118 -3560.541932)
(-1245.563372 2394.58118 -3560.541932)
(-970.6259897 2394.58118 -3560.541932)
(-695.6886069 2394.58118 -3560.541932)
(-420.7512241 2394.58118 -3560.541932)
(-145.8138414 2394.58118 -3560.541932)
(129.1235414 2394.58118 -3560.541932)
(404.0609241 2394.58118 -3560.541932)
(678.9983069 2394.58118 -3560.541932)
(953.9356897 2394.58118 -3560.541932)
(1228.873072 2394.58118 -3560.541932)
(1503.810455 2394.58118 -3560.541932)
(1778.747838 2394.58118 -3560.541932)
(2053.685221 2394.58118 -3560.541932)
(2328.622603 2394.58118 -3560.541932)
(2603.559986 2394.58118 -3560.541932)
(2878.497369 2394.58118 -3560.541932)
(3153.434752 2394.58118 -3560.541932)
(3428.372134 2394.58118 -3560.541932)
(3703.309517 2394.58118 -3560.541932)
(3978.2469 2394.58118 -3560.541932)
(-3994.9372 2622.38644 -3560.541932)
(-3719.999817 2622.38644 -3560.541932)
(-3445.062434 2622.38644 -3560.541932)
(-3170.125052 2622.38644 -3560.541932)
(-2895.187669 2622.38644 -3560.541932)
(-2620.250286 2622.38644 -3560.541932)
(-2345.312903 2622.38644 -3560.541932)
(-2070.375521 2622.38644 -3560.541932)
(-1795.438138 2622.38644 -3560.541932)
(-1520.500755 2622.38644 -3560.541932)
(-1245.563372 2622.38644 -3560.541932)
(-970.6259897 2622.38644 -3560.541932)
(-695.6886069 2622.38644 -3560.541932)
(-420.7512241 2622.38644 -3560.541932)
(-145.8138414 2622.38644 -3560.541932)
(129.1235414 2622.38644 -3560.541932)
(404.0609241 2622.38644 -3560.541932)
(678.9983069 2622.38644 -3560.541932)
(953.9356897 2622.38644 -3560.541932)
(1228.873072 2622.38644 -3560.541932)
(1503.810455 2622.38644 -3560.541932)
(1778.747838 2622.38644 -3560.541932)
(2053.685221 2622.38644 -3560.541932)
(2328.622603 2622.38644 -3560.541932)
(2603.559986 2622.38644 -3560.541932)
(2878.497369 2622.38644 -3560.541932)
(3153.434752 2622.38644 -3560.541932)
(3428.372134 2622.38644 -3560.541932)
(3703.309517 2622.38644 -3560.541932)
(3978.2469 2622.38644 -3560.541932)
(-3994.9372 2850.1917 -3560.541932)
(-3719.999817 2850.1917 -3560.541932)
(-3445.062434 2850.1917 -3560.541932)
(-3170.125052 2850.1917 -3560.541932)
(-2895.187669 2850.1917 -3560.541932)
(-2620.250286 2850.1917 -3560.541932)
(-2345.312903 2850.1917 -3560.541932)
(-2070.375521 2850.1917 -3560.541932)
(-1795.438138 2850.1917 -3560.541932)
(-1520.500755 2850.1917 -3560.541932)
(-1245.563372 2850.1917 -3560.541932)
(-970.6259897 2850.1917 -3560.541932)
(-695.6886069 2850.1917 -3560.541932)
(-420.7512241 2850.1917 -3560.541932)
(-145.8138414 2850.1917 -3560.541932)
(129.1235414 2850.1917 -3560.541932)
(404.0609241 2850.1917 -3560.541932)
(678.9983069 2850.1917 -3560.541932)
(953.9356897 2850.1917 -3560.541932)
(1228.873072 2850.1917 -3560.541932)
(1503.810455 2850.1917 -3560.541932)
(1778.747838 2850.1917 -3560.541932)
(2053.685221 2850.1917 -3560.541932)
(2328.622603 2850.1917 -3560.541932)
(2603.559986 2850.1917 -3560.541932)
(2878.497369 2850.1917 -3560.541932)
(3153.434752 2850.1917 -3560.541932)
(3428.372134 2850.1917 -3560.541932)
(3703.309517 2850.1917 -3560.541932)
(3978.2469 2850.1917 -3560.541932)
(-3994.9372 3077.99696 -3560.541932)
(-3719.999817 3077.99696 -3560.541932)
(-3445.062434 3077.99696 -3560.541932)
(-3170.125052 3077.99696 -3560.541932)
(-2895.187669 3077.99696 -3560.541932)
(-2620.250286 3077.99696 -3560.541932)
(-2345.312903 3077.99696 -3560.541932)
(-2070.375521 3077.99696 -3560.541932)
(-1795.438138 3077.99696 -3560.541932)
(-1520.500755 3077.99696 -3560.541932)
(-1245.563372 3077.99696 -3560.541932)
(-970.6259897 3077.99696 -3560.541932)
(-695.6886069 3077.99696 -3560.541932)
(-420.7512241 3077.99696 -3560.541932)
(-145.8138414 3077.99696 -3560.541932)
(129.1235414 3077.99696 -3560.541932)
(404.0609241 3077.99696 -3560.541932)
(678.9983069 3077.99696 -3560.541932)
(953.9356897 3077.99696 -3560.541932)
(1228.873072 3077.99696 -3560.541932)
(1503.810455 3077.99696 -3560.541932)
(1778.747838 3077.99696 -3560.541932)
(2053.685221 3077.99696 -3560.541932)
(2328.622603 3077.99696 -3560.541932)
(2603.559986 3077.99696 -3560.541932)
(2878.497369 3077.99696 -3560.541932)
(3153.434752 3077.99696 -3560.541932)
(3428.372134 3077.99696 -3560.541932)
(3703.309517 3077.99696 -3560.541932)
(3978.2469 3077.99696 -3560.541932)
(-3994.9372 3305.80222 -3560.541932)
(-3719.999817 3305.80222 -3560.541932)
(-3445.062434 3305.80222 -3560.541932)
(-3170.125052 3305.80222 -3560.541932)
(-2895.187669 3305.80222 -3560.541932)
(-2620.250286 3305.80222 -3560.541932)
(-2345.312903 3305.80222 -3560.541932)
(-2070.375521 3305.80222 -3560.541932)
(-1795.438138 3305.80222 -3560.541932)
(-1520.500755 3305.80222 -3560.541932)
(-1245.563372 3305.80222 -3560.541932)
(-970.6259897 3305.80222 -3560.541932)
(-695.6886069 3305.80222 -3560.541932)
(-420.7512241 3305.80222 -3560.541932)
(-145.8138414 3305.80222 -3560.541932)
(129.1235414 3305.80222 -3560.541932)
(404.0609241 3305.80222 -3560.541932)
(678.9983069 3305.80222 -3560.541932)
(953.9356897 3305.80222 -3560.541932)
(1228.873072 3305.80222 -3560.541932)
(1503.810455 3305.80222 -3560.541932)
(1778.747838 3305.80222 -3560.541932)
(2053.685221 3305.80222 -3560.541932)
(2328.622603 3305.80222 -3560.541932)
(2603.559986 3305.80222 -3560.541932)
(2878.497369 3305.80222 -3560.541932)
(3153.434752 3305.80222 -3560.541932)
(3428.372134 3305.80222 -3560.541932)
(3703.309517 3305.80222 -3560.541932)
(3978.2469 3305.80222 -3560.541932)
(-3994.9372 3533.60748 -3560.541932)
(-3719.999817 3533.60748 -3560.541932)
(-3445.062434 3533.60748 -3560.541932)
(-3170.125052 3533.60748 -3560.541932)
(-2895.187669 3533.60748 -3560.541932)
(-2620.250286 3533.60748 -3560.541932)
(-2345.312903 3533.60748 -3560.541932)
(-2070.375521 3533.60748 -3560.541932)
(-1795.438138 3533.60748 -3560.541932)
(-1520.500755 3533.60748 -3560.541932)
(-1245.563372 3533.60748 -3560.541932)
(-970.6259897 3533.60748 -3560.541932)
(-695.6886069 3533.60748 -3560.541932)
(-420.7512241 3533.60748 -3560.541932)
(-145.8138414 3533.60748 -3560.541932)
(129.1235414 3533.60748 -3560.541932)
(404.0609241 3533.60748 -3560.541932)
(678.9983069 3533.60748 -3560.541932)
(953.9356897 3533.60748 -3560.541932)
(1228.873072 3533.60748 -3560.541932)
(1503.810455 3533.60748 -3560.541932)
(1778.747838 3533.60748 -3560.541932)
(2053.685221 3533.60748 -3560.541932)
(2328.622603 3533.60748 -3560.541932)
(2603.559986 3533.60748 -3560.541932)
(2878.497369 3533.60748 -3560.541932)
(3153.434752 3533.60748 -3560.541932)
(3428.372134 3533.60748 -3560.541932)
(3703.309517 3533.60748 -3560.541932)
(3978.2469 3533.60748 -3560.541932)
(-3994.9372 3761.41274 -3560.541932)
(-3719.999817 3761.41274 -3560.541932)
(-3445.062434 3761.41274 -3560.541932)
(-3170.125052 3761.41274 -3560.541932)
(-2895.187669 3761.41274 -3560.541932)
(-2620.250286 3761.41274 -3560.541932)
(-2345.312903 3761.41274 -3560.541932)
(-2070.375521 3761.41274 -3560.541932)
(-1795.438138 3761.41274 -3560.541932)
(-1520.500755 3761.41274 -3560.541932)
(-1245.563372 3761.41274 -3560.541932)
(-970.6259897 3761.41274 -3560.541932)
(-695.6886069 3761.41274 -3560.541932)
(-420.7512241 3761.41274 -3560.541932)
(-145.8138414 3761.41274 -3560.541932)
(129.1235414 3761.41274 -3560.541932)
(404.0609241 3761.41274 -3560.541932)
(678.9983069 3761.41274 -3560.541932)
(953.9356897 3761.41274 -3560.541932)
(1228.873072 3761.41274 -3560.541932)
(1503.810455 3761.41274 -3560.541932)
(1778.747838 3761.41274 -3560.541932)
(2053.685221 3761.41274 -3560.541932)
(2328.622603 3761.41274 -3560.541932)
(2603.559986 3761.41274 -3560.541932)
(2878.497369 3761.41274 -3560.541932)
(3153.434752 3761.41274 -3560.541932)
(3428.372134 3761.41274 -3560.541932)
(3703.309517 3761.41274 -3560.541932)
(3978.2469 3761.41274 -3560.541932)
(-3994.9372 3989.218 -3560.541932)
(-3719.999817 3989.218 -3560.541932)
(-3445.062434 3989.218 -3560.541932)
(-3170.125052 3989.218 -3560.541932)
(-2895.187669 3989.218 -3560.541932)
(-2620.250286 3989.218 -3560.541932)
(-2345.312903 3989.218 -3560.541932)
(-2070.375521 3989.218 -3560.541932)
(-1795.438138 3989.218 -3560.541932)
(-1520.500755 3989.218 -3560.541932)
(-1245.563372 3989.218 -3560.541932)
(-970.6259897 3989.218 -3560.541932)
(-695.6886069 3989.218 -3560.541932)
(-420.7512241 3989.218 -3560.541932)
(-145.8138414 3989.218 -3560.541932)
(129.1235414 3989.218 -3560.541932)
(404.0609241 3989.218 -3560.541932)
(678.9983069 3989.218 -3560.541932)
(953.9356897 3989.218 -3560.541932)
(1228.873072 3989.218 -3560.541932)
(1503.810455 3989.218 -3560.541932)
(1778.747838 3989.218 -3560.541932)
(2053.685221 3989.218 -3560.541932)
(2328.622603 3989.218 -3560.541932)
(2603.559986 3989.218 -3560.541932)
(2878.497369 3989.218 -3560.541932)
(3153.434752 3989.218 -3560.541932)
(3428.372134 3989.218 -3560.541932)
(3703.309517 3989.218 -3560.541932)
(3978.2469 3989.218 -3560.541932)
(-3994.9372 -3983.9661 -3140.900663)
(-3719.999817 -3983.9661 -3140.900663)
(-3445.062434 -3983.9661 -3140.900663)
(-3170.125052 -3983.9661 -3140.900663)
(-2895.187669 -3983.9661 -3140.900663)
(-2620.250286 -3983.9661 -3140.900663)
(-2345.312903 -3983.9661 -3140.900663)
(-2070.375521 -3983.9661 -3140.900663)
(-1795.438138 -3983.9661 -3140.900663)
(-1520.500755 -3983.9661 -3140.900663)
(-1245.563372 -3983.9661 -3140.900663)
(-970.6259897 -3983.9661 -3140.900663)
(-695.6886069 -3983.9661 -3140.900663)
(-420.7512241 -3983.9661 -3140.900663)
(-145.8138414 -3983.9661 -3140.900663)
(129.1235414 -3983.9661 -3140.900663)
(404.0609241 -3983.9661 -3140.900663)
(678.9983069 -3983.9661 -3140.900663)
(953.9356897 -3983.9661 -3140.900663)
(1228.873072 -3983.9661 -3140.900663)
(1503.810455 -3983.9661 -3140.900663)
(1778.747838 -3983.9661 -3140.900663)
(2053.685221 -3983.9661 -3140.900663)
(2328.622603 -3983.9661 -3140.900663)
(2603.559986 -3983.9661 -3140.900663)
(2878.497369 -3983.9661 -3140.900663)
(3153.434752 -3983.9661 -3140.900663)
(3428.372134 -3983.9661 -3140.900663)
(3703.309517 -3983.9661 -3140.900663)
(3978.2469 -3983.9661 -3140.900663)
(-3994.9372 -3756.16084 -3140.900663)
(-3719.999817 -3756.16084 -3140.900663)
(-3445.062434 -3756.16084 -3140.900663)
(-3170.125052 -3756.16084 -3140.900663)
(-2895.187669 -3756.16084 -3140.900663)
(-2620.250286 -3756.16084 -3140.900663)
(-2345.312903 -3756.16084 -3140.900663)
(-2070.375521 -3756.16084 -3140.900663)
(-1795.438138 -3756.16084 -3140.900663)
(-1520.500755 -3756.16084 -3140.900663)
(-1245.563372 -3756.16084 -3140.900663)
(-970.6259897 -3756.16084 -3140.900663)
(-695.6886069 -3756.16084 -3140.900663)
(-420.7512241 -3756.16084 -3140.900663)
(-145.8138414 -3756.16084 -3140.900663)
(129.1235414 -3756.16084 -3140.900663)
(404.0609241 -3756.16084 -3140.900663)
(678.9983069 -3756.16084 -3140.900663)
(953.9356897 -3756.16084 -3140.900663)
(1228.873072 -3756.16084 -3140.900663)
(1503.810455 -3756.16084 -3140.900663)
(1778.747838 -3756.16084 -3140.900663)
(2053.685221 -3756.16084 -3140.900663)
(2328.622603 -3756.16084 -3140.900663)
(2603.559986 -3756.16084 -3140.900663)
(2878.497369 -3756.16084 -3140.900663)
(3153.434752 -3756.16084 -3140.900663)
(3428.372134 -3756.16084 -3140.900663)
(3703.309517 -3756.16084 -3140.900663)
(3978.2469 -3756.16084 -3140.900663)
(-3994.9372 -3528.35558 -3140.900663)
(-3719.999817 -3528.35558 -3140.900663)
(-3445.062434 -3528.35558 -3140.900663)
(-3170.125052 -3528.35558 -3140.900663)
(-2895.187669 -3528.35558 -3140.900663)
(-2620.250286 -3528.35558 -3140.900663)
(-2345.312903 -3528.35558 -3140.900663)
(-2070.375521 -3528.35558 -3140.900663)
(-1795.438138 -3528.35558 -3140.900663)
(-1520.500755 -3528.35558 -3140.900663)
(-1245.563372 -3528.35558 -3140.900663)
(-970.6259897 -3528.35558 -3140.900663)
(-695.6886069 -3528.35558 -3140.900663)
(-420.7512241 -3528.35558 -3140.900663)
(-145.8138414 -3528.35558 -3140.900663)
(129.1235414 -3528.35558 -3140.900663)
(404.0609241 -3528.35558 -3140.900663)
(678.9983069 -3528.35558 -3140.900663)
(953.9356897 -3528.35558 -3140.900663)
(1228.873072 -3528.35558 -3140.900663)
(1503.810455 -3528.35558 -3140.900663)
(1778.747838 -3528.35558 -3140.900663)
(2053.685221 -3528.35558 -3140.900663)
(2328.622603 -3528.35558 -3140.900663)
(2603.559986 -3528.35558 -3140.900663)
(2878.497369 -3528.35558 -3140.900663)
(3153.434752 -3528.35558 -3140.900663)
(3428.372134 -3528.35558 -3140.900663)
(3703.309517 -3528.35558 -3140.900663)
(3978.2469 -3528.35558 -3140.900663)
(-3994.9372 -3300.55032 -3140.900663)
(-3719.999817 -3300.55032 -3140.900663)
(-3445.062434 -3300.55032 -3140.900663)
(-3170.125052 -3300.55032 -3140.900663)
(-2895.187669 -3300.55032 -3140.900663)
(-2620.250286 -3300.55032 -3140.900663)
(-2345.312903 -3300.55032 -3140.900663)
(-2070.375521 -3300.55032 -3140.900663)
(-1795.438138 -3300.55032 -3140.900663)
(-1520.500755 -3300.55032 -3140.900663)
(-1245.563372 -3300.55032 -3140.900663)
(-970.6259897 -3300.55032 -3140.900663)
(-695.6886069 -3300.55032 -3140.900663)
(-420.7512241 -3300.55032 -3140.900663)
(-145.8138414 -3300.55032 -3140.900663)
(129.1235414 -3300.55032 -3140.900663)
(404.0609241 -3300.55032 -3140.900663)
(678.9983069 -3300.55032 -3140.900663)
(953.9356897 -3300.55032 -3140.900663)
(1228.873072 -3300.55032 -3140.900663)
(1503.810455 -3300.55032 -3140.900663)
(1778.747838 -3300.55032 -3140.900663)
(2053.685221 -3300.55032 -3140.900663)
(2328.622603 -3300.55032 -3140.900663)
(2603.559986 -3300.55032 -3140.900663)
(2878.497369 -3300.55032 -3140.900663)
(3153.434752 -3300.55032 -3140.900663)
(3428.372134 -3300.55032 -3140.900663)
(3703.309517 -3300.55032 -3140.900663)
(3978.2469 -3300.55032 -3140.900663)
(-3994.9372 -3072.74506 -3140.900663)
(-3719.999817 -3072.74506 -3140.900663)
(-3445.062434 -3072.74506 -3140.900663)
(-3170.125052 -3072.74506 -3140.900663)
(-2895.187669 -3072.74506 -3140.900663)
(-2620.250286 -3072.74506 -3140.900663)
(-2345.312903 -3072.74506 -3140.900663)
(-2070.375521 -3072.74506 -3140.900663)
(-1795.438138 -3072.74506 -3140.900663)
(-1520.500755 -3072.74506 -3140.900663)
(-1245.563372 -3072.74506 -3140.900663)
(-970.6259897 -3072.74506 -3140.900663)
(-695.6886069 -3072.74506 -3140.900663)
(-420.7512241 -3072.74506 -3140.900663)
(-145.8138414 -3072.74506 -3140.900663)
(129.1235414 -3072.74506 -3140.900663)
(404.0609241 -3072.74506 -3140.900663)
(678.9983069 -3072.74506 -3140.900663)
(953.9356897 -3072.74506 -3140.900663)
(1228.873072 -3072.74506 -3140.900663)
(1503.810455 -3072.74506 -3140.900663)
(1778.747838 -3072.74506 -3140.900663)
(2053.685221 -3072.74506 -3140.900663)
(2328.622603 -3072.74506 -3140.900663)
(2603.559986 -3072.74506 -3140.900663)
(2878.497369 -3072.74506 -3140.900663)
(3153.434752 -3072.74506 -3140.900663)
(3428.372134 -3072.74506 -3140.900663)
(3703.309517 -3072.74506 -3140.900663)
(3978.2469 -3072.74506 -3140.900663)
(-3994.9372 -2844.9398 -3140.900663)
(-3719.999817 -2844.9398 -3140.900663)
(-3445.062434 -2844.9398 -3140.900663)
(-3170.125052 -2844.9398 -3140.900663)
(-2895.187669 -2844.9398 -3140.900663)
(-2620.250286 -2844.9398 -3140.900663)
(-2345.312903 -2844.9398 -3140.900663)
(-2070.375521 -2844.9398 -3140.900663)
(-1795.438138 -2844.9398 -3140.900663)
(-1520.500755 -2844.9398 -3140.900663)
(-1245.563372 -2844.9398 -3140.900663)
(-970.6259897 -2844.9398 -3140.900663)
(-695.6886069 -2844.9398 -3140.900663)
(-420.7512241 -2844.9398 -3140.900663)
(-145.8138414 -2844.9398 -3140.900663)
(129.1235414 -2844.9398 -3140.900663)
(404.0609241 -2844.9398 -3140.900663)
(678.9983069 -2844.9398 -3140.900663)
(953.9356897 -2844.9398 -3140.900663)
(1228.873072 -2844.9398 -3140.900663)
(1503.810455 -2844.9398 -3140.900663)
(1778.747838 -2844.9398 -3140.900663)
(2053.685221 -2844.9398 -3140.900663)
(2328.622603 -2844.9398 -3140.900663)
(2603.559986 -2844.9398 -3140.900663)
(2878.497369 -2844.9398 -3140.900663)
(3153.434752 -2844.9398 -3140.900663)
(3428.372134 -2844.9398 -3140.900663)
(3703.309517 -2844.9398 -3140.900663)
(3978.2469 -2844.9398 -3140.900663)
(-3994.9372 -2617.13454 -3140.900663)
(-3719.999817 -2617.13454 -3140.900663)
(-3445.062434 -2617.13454 -3140.900663)
(-3170.125052 -2617.13454 -3140.900663)
(-2895.187669 -2617.13454 -3140.900663)
(-2620.250286 -2617.13454 -3140.900663)
(-2345.312903 -2617.13454 -3140.900663)
(-2070.375521 -2617.13454 -3140.900663)
(-1795.438138 -2617.13454 -3140.900663)
(-1520.500755 -2617.13454 -3140.900663)
(-1245.563372 -2617.13454 -3140.900663)
(-970.6259897 -2617.13454 -3140.900663)
(-695.6886069 -2617.13454 -3140.900663)
(-420.7512241 -2617.13454 -3140.900663)
(-145.8138414 -2617.13454 -3140.900663)
(129.1235414 -2617.13454 -3140.900663)
(404.0609241 -2617.13454 -3140.900663)
(678.9983069 -2617.13454 -3140.900663)
(953.9356897 -2617.13454 -3140.900663)
(1228.873072 -2617.13454 -3140.900663)
(1503.810455 -2617.13454 -3140.900663)
(1778.747838 -2617.13454 -3140.900663)
(2053.685221 -2617.13454 -3140.900663)
(2328.622603 -2617.13454 -3140.900663)
(2603.559986 -2617.13454 -3140.900663)
(2878.497369 -2617.13454 -3140.900663)
(3153.434752 -2617.13454 -3140.900663)
(3428.372134 -2617.13454 -3140.900663)
(3703.309517 -2617.13454 -3140.900663)
(3978.2469 -2617.13454 -3140.900663)
(-3994.9372 -2389.32928 -3140.900663)
(-3719.999817 -2389.32928 -3140.900663)
(-3445.062434 -2389.32928 -3140.900663)
(-3170.125052 -2389.32928 -3140.900663)
(-2895.187669 -2389.32928 -3140.900663)
(-2620.250286 -2389.32928 -3140.900663)
(-2345.312903 -2389.32928 -3140.900663)
(-2070.375521 -2389.32928 -3140.900663)
(-1795.438138 -2389.32928 -3140.900663)
(-1520.500755 -2389.32928 -3140.900663)
(-1245.563372 -2389.32928 -3140.900663)
(-970.6259897 -2389.32928 -3140.900663)
(-695.6886069 -2389.32928 -3140.900663)
(-420.7512241 -2389.32928 -3140.900663)
(-145.8138414 -2389.32928 -3140.900663)
(129.1235414 -2389.32928 -3140.900663)
(404.0609241 -2389.32928 -3140.900663)
(678.9983069 -2389.32928 -3140.900663)
(953.9356897 -2389.32928 -3140.900663)
(1228.873072 -2389.32928 -3140.900663)
(1503.810455 -2389.32928 -3140.900663)
(1778.747838 -2389.32928 -3140.900663)
(2053.685221 -2389.32928 -3140.900663)
(2328.622603 -2389.32928 -3140.900663)
(2603.559986 -2389.32928 -3140.900663)
(2878.497369 -2389.32928 -3140.900663)
(3153.434752 -2389.32928 -3140.900663)
(3428.372134 -2389.32928 -3140.900663)
(3703.309517 -2389.32928 -3140.900663)
(3978.2469 -2389.32928 -3140.900663)
(-3994.9372 -2161.52402 -3140.900663)
(-3719.999817 -2161.52402 -3140.900663)
(-3445.062434 -2161.52402 -3140.900663)
(-3170.125052 -2161.52402 -3140.900663)
(-2895.187669 -2161.52402 -3140.900663)
(-2620.250286 -2161.52402 -3140.900663)
(-2345.312903 -2161.52402 -3140.900663)
(-2070.375521 -2161.52402 -3140.900663)
(-1795.438138 -2161.52402 -3140.900663)
(-1520.500755 -2161.52402 -3140.900663)
(-1245.563372 -2161.52402 -3140.900663)
(-970.6259897 -2161.52402 -3140.900663)
(-695.6886069 -2161.52402 -3140.900663)
(-420.7512241 -2161.52402 -3140.900663)
(-145.8138414 -2161.52402 -3140.900663)
(129.1235414 -2161.52402 -3140.900663)
(404.0609241 -2161.52402 -3140.900663)
(678.9983069 -2161.52402 -3140.900663)
(953.9356897 -2161.52402 -3140.900663)
(1228.873072 -2161.52402 -3140.900663)
(1503.810455 -2161.52402 -3140.900663)
(1778.747838 -2161.52402 -3140.900663)
(2053.685221 -2161.52402 -3140.900663)
(2328.622603 -2161.52402 -3140.900663)
(2603.559986 -2161.52402 -3140.900663)
(2878.497369 -2161.52402 -3140.900663)
(3153.434752 -2161.52402 -3140.900663)
(3428.372134 -2161.52402 -3140.900663)
(3703.309517 -2161.52402 -3140.900663)
(3978.2469 -2161.52402 -3140.900663)
(-3994.9372 -1933.71876 -3140.900663)
(-3719.999817 -1933.71876 -3140.900663)
(-3445.062434 -1933.71876 -3140.900663)
(-3170.125052 -1933.71876 -3140.900663)
(-2895.187669 -1933.71876 -3140.900663)
(-2620.250286 -1933.71876 -3140.900663)
(-2345.312903 -1933.71876 -3140.900663)
(-2070.375521 -1933.71876 -3140.900663)
(-1795.438138 -1933.71876 -3140.900663)
(-1520.500755 -1933.71876 -3140.900663)
(-1245.563372 -1933.71876 -3140.900663)
(-970.6259897 -1933.71876 -3140.900663)
(-695.6886069 -1933.71876 -3140.900663)
(-420.7512241 -1933.71876 -3140.900663)
(-145.8138414 -1933.71876 -3140.900663)
(129.1235414 -1933.71876 -3140.900663)
(404.0609241 -1933.71876 -3140.900663)
(678.9983069 -1933.71876 -3140.900663)
(953.9356897 -1933.71876 -3140.900663)
(1228.873072 -1933.71876 -3140.900663)
(1503.810455 -1933.71876 -3140.900663)
(1778.747838 -1933.71876 -3140.900663)
(2053.685221 -1933.71876 -3140.900663)
(2328.622603 -1933.71876 -3140.900663)
(2603.559986 -1933.71876 -3140.900663)
(2878.497369 -1933.71876 -3140.900663)
(3153.434752 -1933.71876 -3140.900663)
(3428.372134 -1933.71876 -3140.900663)
(3703.309517 -1933.71876 -3140.900663)
(3978.2469 -1933.71876 -3140.900663)
(-3994.9372 -1705.9135 -3140.900663)
(-3719.999817 -1705.9135 -3140.900663)
(-3445.062434 -1705.9135 -3140.900663)
(-3170.125052 -1705.9135 -3140.900663)
(-2895.187669 -1705.9135 -3140.900663)
(-2620.250286 -1705.9135 -3140.900663)
(-2345.312903 -1705.9135 -3140.900663)
(-2070.375521 -1705.9135 -3140.900663)
(-1795.438138 -1705.9135 -3140.900663)
(-1520.500755 -1705.9135 -3140.900663)
(-1245.563372 -1705.9135 -3140.900663)
(-970.6259897 -1705.9135 -3140.900663)
(-695.6886069 -1705.9135 -3140.900663)
(-420.7512241 -1705.9135 -3140.900663)
(-145.8138414 -1705.9135 -3140.900663)
(129.1235414 -1705.9135 -3140.900663)
(404.0609241 -1705.9135 -3140.900663)
(678.9983069 -1705.9135 -3140.900663)
(953.9356897 -1705.9135 -3140.900663)
(1228.873072 -1705.9135 -3140.900663)
(1503.810455 -1705.9135 -3140.900663)
(1778.747838 -1705.9135 -3140.900663)
(2053.685221 -1705.9135 -3140.900663)
(2328.622603 -1705.9135 -3140.900663)
(2603.559986 -1705.9135 -3140.900663)
(2878.497369 -1705.9135 -3140.900663)
(3153.434752 -1705.9135 -3140.900663)
(3428.372134 -1705.9135 -3140.900663)
(3703.309517 -1705.9135 -3140.900663)
(3978.2469 -1705.9135 -3140.900663)
(-3994.9372 -1478.10824 -3140.900663)
(-3719.999817 -1478.10824 -3140.900663)
(-3445.062434 -1478.10824 -3140.900663)
(-3170.125052 -1478.10824 -3140.900663)
(-2895.187669 -1478.10824 -3140.900663)
(-2620.250286 -1478.10824 -3140.900663)
(-2345.312903 -1478.10824 -3140.900663)
(-2070.375521 -1478.10824 -3140.900663)
(-1795.438138 -1478.10824 -3140.900663)
(-1520.500755 -1478.10824 -3140.900663)
(-1245.563372 -1478.10824 -3140.900663)
(-970.6259897 -1478.10824 -3140.900663)
(-695.6886069 -1478.10824 -3140.900663)
(-420.7512241 -1478.10824 -3140.900663)
(-145.8138414 -1478.10824 -3140.900663)
(129.1235414 -1478.10824 -3140.900663)
(404.0609241 -1478.10824 -3140.900663)
(678.9983069 -1478.10824 -3140.900663)
(953.9356897 -1478.10824 -3140.900663)
(1228.873072 -1478.10824 -3140.900663)
(1503.810455 -1478.10824 -3140.900663)
(1778.747838 -1478.10824 -3140.900663)
(2053.685221 -1478.10824 -3140.900663)
(2328.622603 -1478.10824 -3140.900663)
(2603.559986 -1478.10824 -3140.900663)
(2878.497369 -1478.10824 -3140.900663)
(3153.434752 -1478.10824 -3140.900663)
(3428.372134 -1478.10824 -3140.900663)
(3703.309517 -1478.10824 -3140.900663)
(3978.2469 -1478.10824 -3140.900663)
(-3994.9372 -1250.30298 -3140.900663)
(-3719.999817 -1250.30298 -3140.900663)
(-3445.062434 -1250.30298 -3140.900663)
(-3170.125052 -1250.30298 -3140.900663)
(-2895.187669 -1250.30298 -3140.900663)
(-2620.250286 -1250.30298 -3140.900663)
(-2345.312903 -1250.30298 -3140.900663)
(-2070.375521 -1250.30298 -3140.900663)
(-1795.438138 -1250.30298 -3140.900663)
(-1520.500755 -1250.30298 -3140.900663)
(-1245.563372 -1250.30298 -3140.900663)
(-970.6259897 -1250.30298 -3140.900663)
(-695.6886069 -1250.30298 -3140.900663)
(-420.7512241 -1250.30298 -3140.900663)
(-145.8138414 -1250.30298 -3140.900663)
(129.1235414 -1250.30298 -3140.900663)
(404.0609241 -1250.30298 -3140.900663)
(678.9983069 -1250.30298 -3140.900663)
(953.9356897 -1250.30298 -3140.900663)
(1228.873072 -1250.30298 -3140.900663)
(1503.810455 -1250.30298 -3140.900663)
(1778.747838 -1250.30298 -3140.900663)
(2053.685221 -1250.30298 -3140.900663)
(2328.622603 -1250.30298 -3140.900663)
(2603.559986 -1250.30298 -3140.900663)
(2878.497369 -1250.30298 -3140.900663)
(3153.434752 -1250.30298 -3140.900663)
(3428.372134 -1250.30298 -3140.900663)
(3703.309517 -1250.30298 -3140.900663)
(3978.2469 -1250.30298 -3140.900663)
(-3994.9372 -1022.49772 -3140.900663)
(-3719.999817 -1022.49772 -3140.900663)
(-3445.062434 -1022.49772 -3140.900663)
(-3170.125052 -1022.49772 -3140.900663)
(-2895.187669 -1022.49772 -3140.900663)
(-2620.250286 -1022.49772 -3140.900663)
(-2345.312903 -1022.49772 -3140.900663)
(-2070.375521 -1022.49772 -3140.900663)
(-1795.438138 -1022.49772 -3140.900663)
(-1520.500755 -1022.49772 -3140.900663)
(-1245.563372 -1022.49772 -3140.900663)
(-970.6259897 -1022.49772 -3140.900663)
(-695.6886069 -1022.49772 -3140.900663)
(-420.7512241 -1022.49772 -3140.900663)
(-145.8138414 -1022.49772 -3140.900663)
(129.1235414 -1022.49772 -3140.900663)
(404.0609241 -1022.49772 -3140.900663)
(678.9983069 -1022.49772 -3140.900663)
(953.9356897 -1022.49772 -3140.900663)
(1228.873072 -1022.49772 -3140.900663)
(1503.810455 -1022.49772 -3140.900663)
(1778.747838 -1022.49772 -3140.900663)
(2053.685221 -1022.49772 -3140.900663)
(2328.622603 -1022.49772 -3140.900663)
(2603.559986 -1022.49772 -3140.900663)
(2878.497369 -1022.49772 -3140.900663)
(3153.434752 -1022.49772 -3140.900663)
(3428.372134 -1022.49772 -3140.900663)
(3703.309517 -1022.49772 -3140.900663)
(3978.2469 -1022.49772 -3140.900663)
(-3994.9372 -794.69246 -3140.900663)
(-3719.999817 -794.69246 -3140.900663)
(-3445.062434 -794.69246 -3140.900663)
(-3170.125052 -794.69246 -3140.900663)
(-2895.187669 -794.69246 -3140.900663)
(-2620.250286 -794.69246 -3140.900663)
(-2345.312903 -794.69246 -3140.900663)
(-2070.375521 -794.69246 -3140.900663)
(-1795.438138 -794.69246 -3140.900663)
(-1520.500755 -794.69246 -3140.900663)
(-1245.563372 -794.69246 -3140.900663)
(-970.6259897 -794.69246 -3140.900663)
(-695.6886069 -794.69246 -3140.900663)
(-420.7512241 -794.69246 -3140.900663)
(-145.8138414 -794.69246 -3140.900663)
(129.1235414 -794.69246 -3140.900663)
(404.0609241 -794.69246 -3140.900663)
(678.9983069 -794.69246 -3140.900663)
(953.9356897 -794.69246 -3140.900663)
(1228.873072 -794.69246 -3140.900663)
(1503.810455 -794.69246 -3140.900663)
(1778.747838 -794.69246 -3140.900663)
(2053.685221 -794.69246 -3140.900663)
(2328.622603 -794.69246 -3140.900663)
(2603.559986 -794.69246 -3140.900663)
(2878.497369 -794.69246 -3140.900663)
(3153.434752 -794.69246 -3140.900663)
(3428.372134 -794.69246 -3140.900663)
(3703.309517 -794.69246 -3140.900663)
(3978.2469 -794.69246 -3140.900663)
(-3994.9372 -566.8872 -3140.900663)
(-3719.999817 -566.8872 -3140.900663)
(-3445.062434 -566.8872 -3140.900663)
(-3170.125052 -566.8872 -3140.900663)
(-2895.187669 -566.8872 -3140.900663)
(-2620.250286 -566.8872 -3140.900663)
(-2345.312903 -566.8872 -3140.900663)
(-2070.375521 -566.8872 -3140.900663)
(-1795.438138 -566.8872 -3140.900663)
(-1520.500755 -566.8872 -3140.900663)
(-1245.563372 -566.8872 -3140.900663)
(-970.6259897 -566.8872 -3140.900663)
(-695.6886069 -566.8872 -3140.900663)
(-420.7512241 -566.8872 -3140.900663)
(-145.8138414 -566.8872 -3140.900663)
(129.1235414 -566.8872 -3140.900663)
(404.0609241 -566.8872 -3140.900663)
(678.9983069 -566.8872 -3140.900663)
(953.9356897 -566.8872 -3140.900663)
(1228.873072 -566.8872 -3140.900663)
(1503.810455 -566.8872 -3140.900663)
(1778.747838 -566.8872 -3140.900663)
(2053.685221 -566.8872 -3140.900663)
(2328.622603 -566.8872 -3140.900663)
(2603.559986 -566.8872 -3140.900663)
(2878.497369 -566.8872 -3140.900663)
(3153.434752 -566.8872 -3140.900663)
(3428.372134 -566.8872 -3140.900663)
(3703.309517 -566.8872 -3140.900663)
(3978.2469 -566.8872 -3140.900663)
(-3994.9372 -339.08194 -3140.900663)
(-3719.999817 -339.08194 -3140.900663)
(-3445.062434 -339.08194 -3140.900663)
(-3170.125052 -339.08194 -3140.900663)
(-2895.187669 -339.08194 -3140.900663)
(-2620.250286 -339.08194 -3140.900663)
(-2345.312903 -339.08194 -3140.900663)
(-2070.375521 -339.08194 -3140.900663)
(-1795.438138 -339.08194 -3140.900663)
(-1520.500755 -339.08194 -3140.900663)
(-1245.563372 -339.08194 -3140.900663)
(-970.6259897 -339.08194 -3140.900663)
(-695.6886069 -339.08194 -3140.900663)
(-420.7512241 -339.08194 -3140.900663)
(-145.8138414 -339.08194 -3140.900663)
(129.1235414 -339.08194 -3140.900663)
(404.0609241 -339.08194 -3140.900663)
(678.9983069 -339.08194 -3140.900663)
(953.9356897 -339.08194 -3140.900663)
(1228.873072 -339.08194 -3140.900663)
(1503.810455 -339.08194 -3140.900663)
(1778.747838 -339.08194 -3140.900663)
(2053.685221 -339.08194 -3140.900663)
(2328.622603 -339.08194 -3140.900663)
(2603.559986 -339.08194 -3140.900663)
(2878.497369 -339.08194 -3140.900663)
(3153.434752 -339.08194 -3140.900663)
(3428.372134 -339.08194 -3140.900663)
(3703.309517 -339.08194 -3140.900663)
(3978.2469 -339.08194 -3140.900663)
(-3994.9372 -111.27668 -3140.900663)
(-3719.999817 -111.27668 -3140.900663)
(-3445.062434 -111.27668 -3140.900663)
(-3170.125052 -111.27668 -3140.900663)
(-2895.187669 -111.27668 -3140.900663)
(-2620.250286 -111.27668 -3140.900663)
(-2345.312903 -111.27668 -3140.900663)
(-2070.375521 -111.27668 -3140.900663)
(-1795.438138 -111.27668 -3140.900663)
(-1520.500755 -111.27668 -3140.900663)
(-1245.563372 -111.27668 -3140.900663)
(-970.6259897 -111.27668 -3140.900663)
(-695.6886069 -111.27668 -3140.900663)
(-420.7512241 -111.27668 -3140.900663)
(-145.8138414 -111.27668 -3140.900663)
(129.1235414 -111.27668 -3140.900663)
(404.0609241 -111.27668 -3140.900663)
(678.9983069 -111.27668 -3140.900663)
(953.9356897 -111.27668 -3140.900663)
(1228.873072 -111.27668 -3140.900663)
(1503.810455 -111.27668 -3140.900663)
(1778.747838 -111.27668 -3140.900663)
(2053.685221 -111.27668 -3140.900663)
(2328.622603 -111.27668 -3140.900663)
(2603.559986 -111.27668 -3140.900663)
(2878.497369 -111.27668 -3140.900663)
(3153.434752 -111.27668 -3140.900663)
(3428.372134 -111.27668 -3140.900663)
(3703.309517 -111.27668 -3140.900663)
(3978.2469 -111.27668 -3140.900663)
(-3994.9372 116.52858 -3140.900663)
(-3719.999817 116.52858 -3140.900663)
(-3445.062434 116.52858 -3140.900663)
(-3170.125052 116.52858 -3140.900663)
(-2895.187669 116.52858 -3140.900663)
(-2620.250286 116.52858 -3140.900663)
(-2345.312903 116.52858 -3140.900663)
(-2070.375521 116.52858 -3140.900663)
(-1795.438138 116.52858 -3140.900663)
(-1520.500755 116.52858 -3140.900663)
(-1245.563372 116.52858 -3140.900663)
(-970.6259897 116.52858 -3140.900663)
(-695.6886069 116.52858 -3140.900663)
(-420.7512241 116.52858 -3140.900663)
(-145.8138414 116.52858 -3140.900663)
(129.1235414 116.52858 -3140.900663)
(404.0609241 116.52858 -3140.900663)
(678.9983069 116.52858 -3140.900663)
(953.9356897 116.52858 -3140.900663)
(1228.873072 116.52858 -3140.900663)
(1503.810455 116.52858 -3140.900663)
(1778.747838 116.52858 -3140.900663)
(2053.685221 116.52858 -3140.900663)
(2328.622603 116.52858 -3140.900663)
(2603.559986 116.52858 -3140.900663)
(2878.497369 116.52858 -3140.900663)
(3153.434752 116.52858 -3140.900663)
(3428.372134 116.52858 -3140.900663)
(3703.309517 116.52858 -3140.900663)
(3978.2469 116.52858 -3140.900663)
(-3994.9372 344.33384 -3140.900663)
(-3719.999817 344.33384 -3140.900663)
(-3445.062434 344.33384 -3140.900663)
(-3170.125052 344.33384 -3140.900663)
(-2895.187669 344.33384 -3140.900663)
(-2620.250286 344.33384 -3140.900663)
(-2345.312903 344.33384 -3140.900663)
(-2070.375521 344.33384 -3140.900663)
(-1795.438138 344.33384 -3140.900663)
(-1520.500755 344.33384 -3140.900663)
(-1245.563372 344.33384 -3140.900663)
(-970.6259897 344.33384 -3140.900663)
(-695.6886069 344.33384 -3140.900663)
(-420.7512241 344.33384 -3140.900663)
(-145.8138414 344.33384 -3140.900663)
(129.1235414 344.33384 -3140.900663)
(404.0609241 344.33384 -3140.900663)
(678.9983069 344.33384 -3140.900663)
(953.9356897 344.33384 -3140.900663)
(1228.873072 344.33384 -3140.900663)
(1503.810455 344.33384 -3140.900663)
(1778.747838 344.33384 -3140.900663)
(2053.685221 344.33384 -3140.900663)
(2328.622603 344.33384 -3140.900663)
(2603.559986 344.33384 -3140.900663)
(2878.497369 344.33384 -3140.900663)
(3153.434752 344.33384 -3140.900663)
(3428.372134 344.33384 -3140.900663)
(3703.309517 344.33384 -3140.900663)
(3978.2469 344.33384 -3140.900663)
(-3994.9372 572.1391 -3140.900663)
(-3719.999817 572.1391 -3140.900663)
(-3445.062434 572.1391 -3140.900663)
(-3170.125052 572.1391 -3140.900663)
(-2895.187669 572.1391 -3140.900663)
(-2620.250286 572.1391 -3140.900663)
(-2345.312903 572.1391 -3140.900663)
(-2070.375521 572.1391 -3140.900663)
(-1795.438138 572.1391 -3140.900663)
(-1520.500755 572.1391 -3140.900663)
(-1245.563372 572.1391 -3140.900663)
(-970.6259897 572.1391 -3140.900663)
(-695.6886069 572.1391 -3140.900663)
(-420.7512241 572.1391 -3140.900663)
(-145.8138414 572.1391 -3140.900663)
(129.1235414 572.1391 -3140.900663)
(404.0609241 572.1391 -3140.900663)
(678.9983069 572.1391 -3140.900663)
(953.9356897 572.1391 -3140.900663)
(1228.873072 572.1391 -3140.900663)
(1503.810455 572.1391 -3140.900663)
(1778.747838 572.1391 -3140.900663)
(2053.685221 572.1391 -3140.900663)
(2328.622603 572.1391 -3140.900663)
(2603.559986 572.1391 -3140.900663)
(2878.497369 572.1391 -3140.900663)
(3153.434752 572.1391 -3140.900663)
(3428.372134 572.1391 -3140.900663)
(3703.309517 572.1391 -3140.900663)
(3978.2469 572.1391 -3140.900663)
(-3994.9372 799.94436 -3140.900663)
(-3719.999817 799.94436 -3140.900663)
(-3445.062434 799.94436 -3140.900663)
(-3170.125052 799.94436 -3140.900663)
(-2895.187669 799.94436 -3140.900663)
(-2620.250286 799.94436 -3140.900663)
(-2345.312903 799.94436 -3140.900663)
(-2070.375521 799.94436 -3140.900663)
(-1795.438138 799.94436 -3140.900663)
(-1520.500755 799.94436 -3140.900663)
(-1245.563372 799.94436 -3140.900663)
(-970.6259897 799.94436 -3140.900663)
(-695.6886069 799.94436 -3140.900663)
(-420.7512241 799.94436 -3140.900663)
(-145.8138414 799.94436 -3140.900663)
(129.1235414 799.94436 -3140.900663)
(404.0609241 799.94436 -3140.900663)
(678.9983069 799.94436 -3140.900663)
(953.9356897 799.94436 -3140.900663)
(1228.873072 799.94436 -3140.900663)
(1503.810455 799.94436 -3140.900663)
(1778.747838 799.94436 -3140.900663)
(2053.685221 799.94436 -3140.900663)
(2328.622603 799.94436 -3140.900663)
(2603.559986 799.94436 -3140.900663)
(2878.497369 799.94436 -3140.900663)
(3153.434752 799.94436 -3140.900663)
(3428.372134 799.94436 -3140.900663)
(3703.309517 799.94436 -3140.900663)
(3978.2469 799.94436 -3140.900663)
(-3994.9372 1027.74962 -3140.900663)
(-3719.999817 1027.74962 -3140.900663)
(-3445.062434 1027.74962 -3140.900663)
(-3170.125052 1027.74962 -3140.900663)
(-2895.187669 1027.74962 -3140.900663)
(-2620.250286 1027.74962 -3140.900663)
(-2345.312903 1027.74962 -3140.900663)
(-2070.375521 1027.74962 -3140.900663)
(-1795.438138 1027.74962 -3140.900663)
(-1520.500755 1027.74962 -3140.900663)
(-1245.563372 1027.74962 -3140.900663)
(-970.6259897 1027.74962 -3140.900663)
(-695.6886069 1027.74962 -3140.900663)
(-420.7512241 1027.74962 -3140.900663)
(-145.8138414 1027.74962 -3140.900663)
(129.1235414 1027.74962 -3140.900663)
(404.0609241 1027.74962 -3140.900663)
(678.9983069 1027.74962 -3140.900663)
(953.9356897 1027.74962 -3140.900663)
(1228.873072 1027.74962 -3140.900663)
(1503.810455 1027.74962 -3140.900663)
(1778.747838 1027.74962 -3140.900663)
(2053.685221 1027.74962 -3140.900663)
(2328.622603 1027.74962 -3140.900663)
(2603.559986 1027.74962 -3140.900663)
(2878.497369 1027.74962 -3140.900663)
(3153.434752 1027.74962 -3140.900663)
(3428.372134 1027.74962 -3140.900663)
(3703.309517 1027.74962 -3140.900663)
(3978.2469 1027.74962 -3140.900663)
(-3994.9372 1255.55488 -3140.900663)
(-3719.999817 1255.55488 -3140.900663)
(-3445.062434 1255.55488 -3140.900663)
(-3170.125052 1255.55488 -3140.900663)
(-2895.187669 1255.55488 -3140.900663)
(-2620.250286 1255.55488 -3140.900663)
(-2345.312903 1255.55488 -3140.900663)
(-2070.375521 1255.55488 -3140.900663)
(-1795.438138 1255.55488 -3140.900663)
(-1520.500755 1255.55488 -3140.900663)
(-1245.563372 1255.55488 -3140.900663)
(-970.6259897 1255.55488 -3140.900663)
(-695.6886069 1255.55488 -3140.900663)
(-420.7512241 1255.55488 -3140.900663)
(-145.8138414 1255.55488 -3140.900663)
(129.1235414 1255.55488 -3140.900663)
(404.0609241 1255.55488 -3140.900663)
(678.9983069 1255.55488 -3140.900663)
(953.9356897 1255.55488 -3140.900663)
(1228.873072 1255.55488 -3140.900663)
(1503.810455 1255.55488 -3140.900663)
(1778.747838 1255.55488 -3140.900663)
(2053.685221 1255.55488 -3140.900663)
(2328.622603 1255.55488 -3140.900663)
(2603.559986 1255.55488 -3140.900663)
(2878.497369 1255.55488 -3140.900663)
(3153.434752 1255.55488 -3140.900663)
(3428.372134 1255.55488 -3140.900663)
(3703.309517 1255.55488 -3140.900663)
(3978.2469 1255.55488 -3140.900663)
(-3994.9372 1483.36014 -3140.900663)
(-3719.999817 1483.36014 -3140.900663)
(-3445.062434 1483.36014 -3140.900663)
(-3170.125052 1483.36014 -3140.900663)
(-2895.187669 1483.36014 -3140.900663)
(-2620.250286 1483.36014 -3140.900663)
(-2345.312903 1483.36014 -3140.900663)
(-2070.375521 1483.36014 -3140.900663)
(-1795.438138 1483.36014 -3140.900663)
(-1520.500755 1483.36014 -3140.900663)
(-1245.563372 1483.36014 -3140.900663)
(-970.6259897 1483.36014 -3140.900663)
(-695.6886069 1483.36014 -3140.900663)
(-420.7512241 1483.36014 -3140.900663)
(-145.8138414 1483.36014 -3140.900663)
(129.1235414 1483.36014 -3140.900663)
(404.0609241 1483.36014 -3140.900663)
(678.9983069 1483.36014 -3140.900663)
(953.9356897 1483.36014 -3140.900663)
(1228.873072 1483.36014 -3140.900663)
(1503.810455 1483.36014 -3140.900663)
(1778.747838 1483.36014 -3140.900663)
(2053.685221 1483.36014 -3140.900663)
(2328.622603 1483.36014 -3140.900663)
(2603.559986 1483.36014 -3140.900663)
(2878.497369 1483.36014 -3140.900663)
(3153.434752 1483.36014 -3140.900663)
(3428.372134 1483.36014 -3140.900663)
(3703.309517 1483.36014 -3140.900663)
(3978.2469 1483.36014 -3140.900663)
(-3994.9372 1711.1654 -3140.900663)
(-3719.999817 1711.1654 -3140.900663)
(-3445.062434 1711.1654 -3140.900663)
(-3170.125052 1711.1654 -3140.900663)
(-2895.187669 1711.1654 -3140.900663)
(-2620.250286 1711.1654 -3140.900663)
(-2345.312903 1711.1654 -3140.900663)
(-2070.375521 1711.1654 -3140.900663)
(-1795.438138 1711.1654 -3140.900663)
(-1520.500755 1711.1654 -3140.900663)
(-1245.563372 1711.1654 -3140.900663)
(-970.6259897 1711.1654 -3140.900663)
(-695.6886069 1711.1654 -3140.900663)
(-420.7512241 1711.1654 -3140.900663)
(-145.8138414 1711.1654 -3140.900663)
(129.1235414 1711.1654 -3140.900663)
(404.0609241 1711.1654 -3140.900663)
(678.9983069 1711.1654 -3140.900663)
(953.9356897 1711.1654 -3140.900663)
(1228.873072 1711.1654 -3140.900663)
(1503.810455 1711.1654 -3140.900663)
(1778.747838 1711.1654 -3140.900663)
(2053.685221 1711.1654 -3140.900663)
(2328.622603 1711.1654 -3140.900663)
(2603.559986 1711.1654 -3140.900663)
(2878.497369 1711.1654 -3140.900663)
(3153.434752 1711.1654 -3140.900663)
(3428.372134 1711.1654 -3140.900663)
(3703.309517 1711.1654 -3140.900663)
(3978.2469 1711.1654 -3140.900663)
(-3994.9372 1938.97066 -3140.900663)
(-3719.999817 1938.97066 -3140.900663)
(-3445.062434 1938.97066 -3140.900663)
(-3170.125052 1938.97066 -3140.900663)
(-2895.187669 1938.97066 -3140.900663)
(-2620.250286 1938.97066 -3140.900663)
(-2345.312903 1938.97066 -3140.900663)
(-2070.375521 1938.97066 -3140.900663)
(-1795.438138 1938.97066 -3140.900663)
(-1520.500755 1938.97066 -3140.900663)
(-1245.563372 1938.97066 -3140.900663)
(-970.6259897 1938.97066 -3140.900663)
(-695.6886069 1938.97066 -3140.900663)
(-420.7512241 1938.97066 -3140.900663)
(-145.8138414 1938.97066 -3140.900663)
(129.1235414 1938.97066 -3140.900663)
(404.0609241 1938.97066 -3140.900663)
(678.9983069 1938.97066 -3140.900663)
(953.9356897 1938.97066 -3140.900663)
(1228.873072 1938.97066 -3140.900663)
(1503.810455 1938.97066 -3140.900663)
(1778.747838 1938.97066 -3140.900663)
(2053.685221 1938.97066 -3140.900663)
(2328.622603 1938.97066 -3140.900663)
(2603.559986 1938.97066 -3140.900663)
(2878.497369 1938.97066 -3140.900663)
(3153.434752 1938.97066 -3140.900663)
(3428.372134 1938.97066 -3140.900663)
(3703.309517 1938.97066 -3140.900663)
(3978.2469 1938.97066 -3140.900663)
(-3994.9372 2166.77592 -3140.900663)
(-3719.999817 2166.77592 -3140.900663)
(-3445.062434 2166.77592 -3140.900663)
(-3170.125052 2166.77592 -3140.900663)
(-2895.187669 2166.77592 -3140.900663)
(-2620.250286 2166.77592 -3140.900663)
(-2345.312903 2166.77592 -3140.900663)
(-2070.375521 2166.77592 -3140.900663)
(-1795.438138 2166.77592 -3140.900663)
(-1520.500755 2166.77592 -3140.900663)
(-1245.563372 2166.77592 -3140.900663)
(-970.6259897 2166.77592 -3140.900663)
(-695.6886069 2166.77592 -3140.900663)
(-420.7512241 2166.77592 -3140.900663)
(-145.8138414 2166.77592 -3140.900663)
(129.1235414 2166.77592 -3140.900663)
(404.0609241 2166.77592 -3140.900663)
(678.9983069 2166.77592 -3140.900663)
(953.9356897 2166.77592 -3140.900663)
(1228.873072 2166.77592 -3140.900663)
(1503.810455 2166.77592 -3140.900663)
(1778.747838 2166.77592 -3140.900663)
(2053.685221 2166.77592 -3140.900663)
(2328.622603 2166.77592 -3140.900663)
(2603.559986 2166.77592 -3140.900663)
(2878.497369 2166.77592 -3140.900663)
(3153.434752 2166.77592 -3140.900663)
(3428.372134 2166.77592 -3140.900663)
(3703.309517 2166.77592 -3140.900663)
(3978.2469 2166.77592 -3140.900663)
(-3994.9372 2394.58118 -3140.900663)
(-3719.999817 2394.58118 -3140.900663)
(-3445.062434 2394.58118 -3140.900663)
(-3170.125052 2394.58118 -3140.900663)
(-2895.187669 2394.58118 -3140.900663)
(-2620.250286 2394.58118 -3140.900663)
(-2345.312903 2394.58118 -3140.900663)
(-2070.375521 2394.58118 -3140.900663)
(-1795.438138 2394.58118 -3140.900663)
(-1520.500755 2394.58118 -3140.900663)
(-1245.563372 2394.58118 -3140.900663)
(-970.6259897 2394.58118 -3140.900663)
(-695.6886069 2394.58118 -3140.900663)
(-420.7512241 2394.58118 -3140.900663)
(-145.8138414 2394.58118 -3140.900663)
(129.1235414 2394.58118 -3140.900663)
(404.0609241 2394.58118 -3140.900663)
(678.9983069 2394.58118 -3140.900663)
(953.9356897 2394.58118 -3140.900663)
(1228.873072 2394.58118 -3140.900663)
(1503.810455 2394.58118 -3140.900663)
(1778.747838 2394.58118 -3140.900663)
(2053.685221 2394.58118 -3140.900663)
(2328.622603 2394.58118 -3140.900663)
(2603.559986 2394.58118 -3140.900663)
(2878.497369 2394.58118 -3140.900663)
(3153.434752 2394.58118 -3140.900663)
(3428.372134 2394.58118 -3140.900663)
(3703.309517 2394.58118 -3140.900663)
(3978.2469 2394.58118 -3140.900663)
(-3994.9372 2622.38644 -3140.900663)
(-3719.999817 2622.38644 -3140.900663)
(-3445.062434 2622.38644 -3140.900663)
(-3170.125052 2622.38644 -3140.900663)
(-2895.187669 2622.38644 -3140.900663)
(-2620.250286 2622.38644 -3140.900663)
(-2345.312903 2622.38644 -3140.900663)
(-2070.375521 2622.38644 -3140.900663)
(-1795.438138 2622.38644 -3140.900663)
(-1520.500755 2622.38644 -3140.900663)
(-1245.563372 2622.38644 -3140.900663)
(-970.6259897 2622.38644 -3140.900663)
(-695.6886069 2622.38644 -3140.900663)
(-420.7512241 2622.38644 -3140.900663)
(-145.8138414 2622.38644 -3140.900663)
(129.1235414 2622.38644 -3140.900663)
(404.0609241 2622.38644 -3140.900663)
(678.9983069 2622.38644 -3140.900663)
(953.9356897 2622.38644 -3140.900663)
(1228.873072 2622.38644 -3140.900663)
(1503.810455 2622.38644 -3140.900663)
(1778.747838 2622.38644 -3140.900663)
(2053.685221 2622.38644 -3140.900663)
(2328.622603 2622.38644 -3140.900663)
(2603.559986 2622.38644 -3140.900663)
(2878.497369 2622.38644 -3140.900663)
(3153.434752 2622.38644 -3140.900663)
(3428.372134 2622.38644 -3140.900663)
(3703.309517 2622.38644 -3140.900663)
(3978.2469 2622.38644 -3140.900663)
(-3994.9372 2850.1917 -3140.900663)
(-3719.999817 2850.1917 -3140.900663)
(-3445.062434 2850.1917 -3140.900663)
(-3170.125052 2850.1917 -3140.900663)
(-2895.187669 2850.1917 -3140.900663)
(-2620.250286 2850.1917 -3140.900663)
(-2345.312903 2850.1917 -3140.900663)
(-2070.375521 2850.1917 -3140.900663)
(-1795.438138 2850.1917 -3140.900663)
(-1520.500755 2850.1917 -3140.900663)
(-1245.563372 2850.1917 -3140.900663)
(-970.6259897 2850.1917 -3140.900663)
(-695.6886069 2850.1917 -3140.900663)
(-420.7512241 2850.1917 -3140.900663)
(-145.8138414 2850.1917 -3140.900663)
(129.1235414 2850.1917 -3140.900663)
(404.0609241 2850.1917 -3140.900663)
(678.9983069 2850.1917 -3140.900663)
(953.9356897 2850.1917 -3140.900663)
(1228.873072 2850.1917 -3140.900663)
(1503.810455 2850.1917 -3140.900663)
(1778.747838 2850.1917 -3140.900663)
(2053.685221 2850.1917 -3140.900663)
(2328.622603 2850.1917 -3140.900663)
(2603.559986 2850.1917 -3140.900663)
(2878.497369 2850.1917 -3140.900663)
(3153.434752 2850.1917 -3140.900663)
(3428.372134 2850.1917 -3140.900663)
(3703.309517 2850.1917 -3140.900663)
(3978.2469 2850.1917 -3140.900663)
(-3994.9372 3077.99696 -3140.900663)
(-3719.999817 3077.99696 -3140.900663)
(-3445.062434 3077.99696 -3140.900663)
(-3170.125052 3077.99696 -3140.900663)
(-2895.187669 3077.99696 -3140.900663)
(-2620.250286 3077.99696 -3140.900663)
(-2345.312903 3077.99696 -3140.900663)
(-2070.375521 3077.99696 -3140.900663)
(-1795.438138 3077.99696 -3140.900663)
(-1520.500755 3077.99696 -3140.900663)
(-1245.563372 3077.99696 -3140.900663)
(-970.6259897 3077.99696 -3140.900663)
(-695.6886069 3077.99696 -3140.900663)
(-420.7512241 3077.99696 -3140.900663)
(-145.8138414 3077.99696 -3140.900663)
(129.1235414 3077.99696 -3140.900663)
(404.0609241 3077.99696 -3140.900663)
(678.9983069 3077.99696 -3140.900663)
(953.9356897 3077.99696 -3140.900663)
(1228.873072 3077.99696 -3140.900663)
(1503.810455 3077.99696 -3140.900663)
(1778.747838 3077.99696 -3140.900663)
(2053.685221 3077.99696 -3140.900663)
(2328.622603 3077.99696 -3140.900663)
(2603.559986 3077.99696 -3140.900663)
(2878.497369 3077.99696 -3140.900663)
(3153.434752 3077.99696 -3140.900663)
(3428.372134 3077.99696 -3140.900663)
(3703.309517 3077.99696 -3140.900663)
(3978.2469 3077.99696 -3140.900663)
(-3994.9372 3305.80222 -3140.900663)
(-3719.999817 3305.80222 -3140.900663)
(-3445.062434 3305.80222 -3140.900663)
(-3170.125052 3305.80222 -3140.900663)
(-2895.187669 3305.80222 -3140.900663)
(-2620.250286 3305.80222 -3140.900663)
(-2345.312903 3305.80222 -3140.900663)
(-2070.375521 3305.80222 -3140.900663)
(-1795.438138 3305.80222 -3140.900663)
(-1520.500755 3305.80222 -3140.900663)
(-1245.563372 3305.80222 -3140.900663)
(-970.6259897 3305.80222 -3140.900663)
(-695.6886069 3305.80222 -3140.900663)
(-420.7512241 3305.80222 -3140.900663)
(-145.8138414 3305.80222 -3140.900663)
(129.1235414 3305.80222 -3140.900663)
(404.0609241 3305.80222 -3140.900663)
(678.9983069 3305.80222 -3140.900663)
(953.9356897 3305.80222 -3140.900663)
(1228.873072 3305.80222 -3140.900663)
(1503.810455 3305.80222 -3140.900663)
(1778.747838 3305.80222 -3140.900663)
(2053.685221 3305.80222 -3140.900663)
(2328.622603 3305.80222 -3140.900663)
(2603.559986 3305.80222 -3140.900663)
(2878.497369 3305.80222 -3140.900663)
(3153.434752 3305.80222 -3140.900663)
(3428.372134 3305.80222 -3140.900663)
(3703.309517 3305.80222 -3140.900663)
(3978.2469 3305.80222 -3140.900663)
(-3994.9372 3533.60748 -3140.900663)
(-3719.999817 3533.60748 -3140.900663)
(-3445.062434 3533.60748 -3140.900663)
(-3170.125052 3533.60748 -3140.900663)
(-2895.187669 3533.60748 -3140.900663)
(-2620.250286 3533.60748 -3140.900663)
(-2345.312903 3533.60748 -3140.900663)
(-2070.375521 3533.60748 -3140.900663)
(-1795.438138 3533.60748 -3140.900663)
(-1520.500755 3533.60748 -3140.900663)
(-1245.563372 3533.60748 -3140.900663)
(-970.6259897 3533.60748 -3140.900663)
(-695.6886069 3533.60748 -3140.900663)
(-420.7512241 3533.60748 -3140.900663)
(-145.8138414 3533.60748 -3140.900663)
(129.1235414 3533.60748 -3140.900663)
(404.0609241 3533.60748 -3140.900663)
(678.9983069 3533.60748 -3140.900663)
(953.9356897 3533.60748 -3140.900663)
(1228.873072 3533.60748 -3140.900663)
(1503.810455 3533.60748 -3140.900663)
(1778.747838 3533.60748 -3140.900663)
(2053.685221 3533.60748 -3140.900663)
(2328.622603 3533.60748 -3140.900663)
(2603.559986 3533.60748 -3140.900663)
(2878.497369 3533.60748 -3140.900663)
(3153.434752 3533.60748 -3140.900663)
(3428.372134 3533.60748 -3140.900663)
(3703.309517 3533.60748 -3140.900663)
(3978.2469 3533.60748 -3140.900663)
(-3994.9372 3761.41274 -3140.900663)
(-3719.999817 3761.41274 -3140.900663)
(-3445.062434 3761.41274 -3140.900663)
(-3170.125052 3761.41274 -3140.900663)
(-2895.187669 3761.41274 -3140.900663)
(-2620.250286 3761.41274 -3140.900663)
(-2345.312903 3761.41274 -3140.900663)
(-2070.375521 3761.41274 -3140.900663)
(-1795.438138 3761.41274 -3140.900663)
(-1520.500755 3761.41274 -3140.900663)
(-1245.563372 3761.41274 -3140.900663)
(-970.6259897 3761.41274 -3140.900663)
(-695.6886069 3761.41274 -3140.900663)
(-420.7512241 3761.41274 -3140.900663)
(-145.8138414 3761.41274 -3140.900663)
(129.1235414 3761.41274 -3140.900663)
(404.0609241 3761.41274 -3140.900663)
(678.9983069 3761.41274 -3140.900663)
(953.9356897 3761.41274 -3140.900663)
(1228.873072 3761.41274 -3140.900663)
(1503.810455 3761.41274 -3140.900663)
(1778.747838 3761.41274 -3140.900663)
(2053.685221 3761.41274 -3140.900663)
(2328.622603 3761.41274 -3140.900663)
(2603.559986 3761.41274 -3140.900663)
(2878.497369 3761.41274 -3140.900663)
(3153.434752 3761.41274 -3140.900663)
(3428.372134 3761.41274 -3140.900663)
(3703.309517 3761.41274 -3140.900663)
(3978.2469 3761.41274 -3140.900663)
(-3994.9372 3989.218 -3140.900663)
(-3719.999817 3989.218 -3140.900663)
(-3445.062434 3989.218 -3140.900663)
(-3170.125052 3989.218 -3140.900663)
(-2895.187669 3989.218 -3140.900663)
(-2620.250286 3989.218 -3140.900663)
(-2345.312903 3989.218 -3140.900663)
(-2070.375521 3989.218 -3140.900663)
(-1795.438138 3989.218 -3140.900663)
(-1520.500755 3989.218 -3140.900663)
(-1245.563372 3989.218 -3140.900663)
(-970.6259897 3989.218 -3140.900663)
(-695.6886069 3989.218 -3140.900663)
(-420.7512241 3989.218 -3140.900663)
(-145.8138414 3989.218 -3140.900663)
(129.1235414 3989.218 -3140.900663)
(404.0609241 3989.218 -3140.900663)
(678.9983069 3989.218 -3140.900663)
(953.9356897 3989.218 -3140.900663)
(1228.873072 3989.218 -3140.900663)
(1503.810455 3989.218 -3140.900663)
(1778.747838 3989.218 -3140.900663)
(2053.685221 3989.218 -3140.900663)
(2328.622603 3989.218 -3140.900663)
(2603.559986 3989.218 -3140.900663)
(2878.497369 3989.218 -3140.900663)
(3153.434752 3989.218 -3140.900663)
(3428.372134 3989.218 -3140.900663)
(3703.309517 3989.218 -3140.900663)
(3978.2469 3989.218 -3140.900663)
(-3994.9372 -3983.9661 -2721.259395)
(-3719.999817 -3983.9661 -2721.259395)
(-3445.062434 -3983.9661 -2721.259395)
(-3170.125052 -3983.9661 -2721.259395)
(-2895.187669 -3983.9661 -2721.259395)
(-2620.250286 -3983.9661 -2721.259395)
(-2345.312903 -3983.9661 -2721.259395)
(-2070.375521 -3983.9661 -2721.259395)
(-1795.438138 -3983.9661 -2721.259395)
(-1520.500755 -3983.9661 -2721.259395)
(-1245.563372 -3983.9661 -2721.259395)
(-970.6259897 -3983.9661 -2721.259395)
(-695.6886069 -3983.9661 -2721.259395)
(-420.7512241 -3983.9661 -2721.259395)
(-145.8138414 -3983.9661 -2721.259395)
(129.1235414 -3983.9661 -2721.259395)
(404.0609241 -3983.9661 -2721.259395)
(678.9983069 -3983.9661 -2721.259395)
(953.9356897 -3983.9661 -2721.259395)
(1228.873072 -3983.9661 -2721.259395)
(1503.810455 -3983.9661 -2721.259395)
(1778.747838 -3983.9661 -2721.259395)
(2053.685221 -3983.9661 -2721.259395)
(2328.622603 -3983.9661 -2721.259395)
(2603.559986 -3983.9661 -2721.259395)
(2878.497369 -3983.9661 -2721.259395)
(3153.434752 -3983.9661 -2721.259395)
(3428.372134 -3983.9661 -2721.259395)
(3703.309517 -3983.9661 -2721.259395)
(3978.2469 -3983.9661 -2721.259395)
(-3994.9372 -3756.16084 -2721.259395)
(-3719.999817 -3756.16084 -2721.259395)
(-3445.062434 -3756.16084 -2721.259395)
(-3170.125052 -3756.16084 -2721.259395)
(-2895.187669 -3756.16084 -2721.259395)
(-2620.250286 -3756.16084 -2721.259395)
(-2345.312903 -3756.16084 -2721.259395)
(-2070.375521 -3756.16084 -2721.259395)
(-1795.438138 -3756.16084 -2721.259395)
(-1520.500755 -3756.16084 -2721.259395)
(-1245.563372 -3756.16084 -2721.259395)
(-970.6259897 -3756.16084 -2721.259395)
(-695.6886069 -3756.16084 -2721.259395)
(-420.7512241 -3756.16084 -2721.259395)
(-145.8138414 -3756.16084 -2721.259395)
(129.1235414 -3756.16084 -2721.259395)
(404.0609241 -3756.16084 -2721.259395)
(678.9983069 -3756.16084 -2721.259395)
(953.9356897 -3756.16084 -2721.259395)
(1228.873072 -3756.16084 -2721.259395)
(1503.810455 -3756.16084 -2721.259395)
(1778.747838 -3756.16084 -2721.259395)
(2053.685221 -3756.16084 -2721.259395)
(2328.622603 -3756.16084 -2721.259395)
(2603.559986 -3756.16084 -2721.259395)
(2878.497369 -3756.16084 -2721.259395)
(3153.434752 -3756.16084 -2721.259395)
(3428.372134 -3756.16084 -2721.259395)
(3703.309517 -3756.16084 -2721.259395)
(3978.2469 -3756.16084 -2721.259395)
(-3994.9372 -3528.35558 -2721.259395)
(-3719.999817 -3528.35558 -2721.259395)
(-3445.062434 -3528.35558 -2721.259395)
(-3170.125052 -3528.35558 -2721.259395)
(-2895.187669 -3528.35558 -2721.259395)
(-2620.250286 -3528.35558 -2721.259395)
(-2345.312903 -3528.35558 -2721.259395)
(-2070.375521 -3528.35558 -2721.259395)
(-1795.438138 -3528.35558 -2721.259395)
(-1520.500755 -3528.35558 -2721.259395)
(-1245.563372 -3528.35558 -2721.259395)
(-970.6259897 -3528.35558 -2721.259395)
(-695.6886069 -3528.35558 -2721.259395)
(-420.7512241 -3528.35558 -2721.259395)
(-145.8138414 -3528.35558 -2721.259395)
(129.1235414 -3528.35558 -2721.259395)
(404.0609241 -3528.35558 -2721.259395)
(678.9983069 -3528.35558 -2721.259395)
(953.9356897 -3528.35558 -2721.259395)
(1228.873072 -3528.35558 -2721.259395)
(1503.810455 -3528.35558 -2721.259395)
(1778.747838 -3528.35558 -2721.259395)
(2053.685221 -3528.35558 -2721.259395)
(2328.622603 -3528.35558 -2721.259395)
(2603.559986 -3528.35558 -2721.259395)
(2878.497369 -3528.35558 -2721.259395)
(3153.434752 -3528.35558 -2721.259395)
(3428.372134 -3528.35558 -2721.259395)
(3703.309517 -3528.35558 -2721.259395)
(3978.2469 -3528.35558 -2721.259395)
(-3994.9372 -3300.55032 -2721.259395)
(-3719.999817 -3300.55032 -2721.259395)
(-3445.062434 -3300.55032 -2721.259395)
(-3170.125052 -3300.55032 -2721.259395)
(-2895.187669 -3300.55032 -2721.259395)
(-2620.250286 -3300.55032 -2721.259395)
(-2345.312903 -3300.55032 -2721.259395)
(-2070.375521 -3300.55032 -2721.259395)
(-1795.438138 -3300.55032 -2721.259395)
(-1520.500755 -3300.55032 -2721.259395)
(-1245.563372 -3300.55032 -2721.259395)
(-970.6259897 -3300.55032 -2721.259395)
(-695.6886069 -3300.55032 -2721.259395)
(-420.7512241 -3300.55032 -2721.259395)
(-145.8138414 -3300.55032 -2721.259395)
(129.1235414 -3300.55032 -2721.259395)
(404.0609241 -3300.55032 -2721.259395)
(678.9983069 -3300.55032 -2721.259395)
(953.9356897 -3300.55032 -2721.259395)
(1228.873072 -3300.55032 -2721.259395)
(1503.810455 -3300.55032 -2721.259395)
(1778.747838 -3300.55032 -2721.259395)
(2053.685221 -3300.55032 -2721.259395)
(2328.622603 -3300.55032 -2721.259395)
(2603.559986 -3300.55032 -2721.259395)
(2878.497369 -3300.55032 -2721.259395)
(3153.434752 -3300.55032 -2721.259395)
(3428.372134 -3300.55032 -2721.259395)
(3703.309517 -3300.55032 -2721.259395)
(3978.2469 -3300.55032 -2721.259395)
(-3994.9372 -3072.74506 -2721.259395)
(-3719.999817 -3072.74506 -2721.259395)
(-3445.062434 -3072.74506 -2721.259395)
(-3170.125052 -3072.74506 -2721.259395)
(-2895.187669 -3072.74506 -2721.259395)
(-2620.250286 -3072.74506 -2721.259395)
(-2345.312903 -3072.74506 -2721.259395)
(-2070.375521 -3072.74506 -2721.259395)
(-1795.438138 -3072.74506 -2721.259395)
(-1520.500755 -3072.74506 -2721.259395)
(-1245.563372 -3072.74506 -2721.259395)
(-970.6259897 -3072.74506 -2721.259395)
(-695.6886069 -3072.74506 -2721.259395)
(-420.7512241 -3072.74506 -2721.259395)
(-145.8138414 -3072.74506 -2721.259395)
(129.1235414 -3072.74506 -2721.259395)
(404.0609241 -3072.74506 -2721.259395)
(678.9983069 -3072.74506 -2721.259395)
(953.9356897 -3072.74506 -2721.259395)
(1228.873072 -3072.74506 -2721.259395)
(1503.810455 -3072.74506 -2721.259395)
(1778.747838 -3072.74506 -2721.259395)
(2053.685221 -3072.74506 -2721.259395)
(2328.622603 -3072.74506 -2721.259395)
(2603.559986 -3072.74506 -2721.259395)
(2878.497369 -3072.74506 -2721.259395)
(3153.434752 -3072.74506 -2721.259395)
(3428.372134 -3072.74506 -2721.259395)
(3703.309517 -3072.74506 -2721.259395)
(3978.2469 -3072.74506 -2721.259395)
(-3994.9372 -2844.9398 -2721.259395)
(-3719.999817 -2844.9398 -2721.259395)
(-3445.062434 -2844.9398 -2721.259395)
(-3170.125052 -2844.9398 -2721.259395)
(-2895.187669 -2844.9398 -2721.259395)
(-2620.250286 -2844.9398 -2721.259395)
(-2345.312903 -2844.9398 -2721.259395)
(-2070.375521 -2844.9398 -2721.259395)
(-1795.438138 -2844.9398 -2721.259395)
(-1520.500755 -2844.9398 -2721.259395)
(-1245.563372 -2844.9398 -2721.259395)
(-970.6259897 -2844.9398 -2721.259395)
(-695.6886069 -2844.9398 -2721.259395)
(-420.7512241 -2844.9398 -2721.259395)
(-145.8138414 -2844.9398 -2721.259395)
(129.1235414 -2844.9398 -2721.259395)
(404.0609241 -2844.9398 -2721.259395)
(678.9983069 -2844.9398 -2721.259395)
(953.9356897 -2844.9398 -2721.259395)
(1228.873072 -2844.9398 -2721.259395)
(1503.810455 -2844.9398 -2721.259395)
(1778.747838 -2844.9398 -2721.259395)
(2053.685221 -2844.9398 -2721.259395)
(2328.622603 -2844.9398 -2721.259395)
(2603.559986 -2844.9398 -2721.259395)
(2878.497369 -2844.9398 -2721.259395)
(3153.434752 -2844.9398 -2721.259395)
(3428.372134 -2844.9398 -2721.259395)
(3703.309517 -2844.9398 -2721.259395)
(3978.2469 -2844.9398 -2721.259395)
(-3994.9372 -2617.13454 -2721.259395)
(-3719.999817 -2617.13454 -2721.259395)
(-3445.062434 -2617.13454 -2721.259395)
(-3170.125052 -2617.13454 -2721.259395)
(-2895.187669 -2617.13454 -2721.259395)
(-2620.250286 -2617.13454 -2721.259395)
(-2345.312903 -2617.13454 -2721.259395)
(-2070.375521 -2617.13454 -2721.259395)
(-1795.438138 -2617.13454 -2721.259395)
(-1520.500755 -2617.13454 -2721.259395)
(-1245.563372 -2617.13454 -2721.259395)
(-970.6259897 -2617.13454 -2721.259395)
(-695.6886069 -2617.13454 -2721.259395)
(-420.7512241 -2617.13454 -2721.259395)
(-145.8138414 -2617.13454 -2721.259395)
(129.1235414 -2617.13454 -2721.259395)
(404.0609241 -2617.13454 -2721.259395)
(678.9983069 -2617.13454 -2721.259395)
(953.9356897 -2617.13454 -2721.259395)
(1228.873072 -2617.13454 -2721.259395)
(1503.810455 -2617.13454 -2721.259395)
(1778.747838 -2617.13454 -2721.259395)
(2053.685221 -2617.13454 -2721.259395)
(2328.622603 -2617.13454 -2721.259395)
(2603.559986 -2617.13454 -2721.259395)
(2878.497369 -2617.13454 -2721.259395)
(3153.434752 -2617.13454 -2721.259395)
(3428.372134 -2617.13454 -2721.259395)
(3703.309517 -2617.13454 -2721.259395)
(3978.2469 -2617.13454 -2721.259395)
(-3994.9372 -2389.32928 -2721.259395)
(-3719.999817 -2389.32928 -2721.259395)
(-3445.062434 -2389.32928 -2721.259395)
(-3170.125052 -2389.32928 -2721.259395)
(-2895.187669 -2389.32928 -2721.259395)
(-2620.250286 -2389.32928 -2721.259395)
(-2345.312903 -2389.32928 -2721.259395)
(-2070.375521 -2389.32928 -2721.259395)
(-1795.438138 -2389.32928 -2721.259395)
(-1520.500755 -2389.32928 -2721.259395)
(-1245.563372 -2389.32928 -2721.259395)
(-970.6259897 -2389.32928 -2721.259395)
(-695.6886069 -2389.32928 -2721.259395)
(-420.7512241 -2389.32928 -2721.259395)
(-145.8138414 -2389.32928 -2721.259395)
(129.1235414 -2389.32928 -2721.259395)
(404.0609241 -2389.32928 -2721.259395)
(678.9983069 -2389.32928 -2721.259395)
(953.9356897 -2389.32928 -2721.259395)
(1228.873072 -2389.32928 -2721.259395)
(1503.810455 -2389.32928 -2721.259395)
(1778.747838 -2389.32928 -2721.259395)
(2053.685221 -2389.32928 -2721.259395)
(2328.622603 -2389.32928 -2721.259395)
(2603.559986 -2389.32928 -2721.259395)
(2878.497369 -2389.32928 -2721.259395)
(3153.434752 -2389.32928 -2721.259395)
(3428.372134 -2389.32928 -2721.259395)
(3703.309517 -2389.32928 -2721.259395)
(3978.2469 -2389.32928 -2721.259395)
(-3994.9372 -2161.52402 -2721.259395)
(-3719.999817 -2161.52402 -2721.259395)
(-3445.062434 -2161.52402 -2721.259395)
(-3170.125052 -2161.52402 -2721.259395)
(-2895.187669 -2161.52402 -2721.259395)
(-2620.250286 -2161.52402 -2721.259395)
(-2345.312903 -2161.52402 -2721.259395)
(-2070.375521 -2161.52402 -2721.259395)
(-1795.438138 -2161.52402 -2721.259395)
(-1520.500755 -2161.52402 -2721.259395)
(-1245.563372 -2161.52402 -2721.259395)
(-970.6259897 -2161.52402 -2721.259395)
(-695.6886069 -2161.52402 -2721.259395)
(-420.7512241 -2161.52402 -2721.259395)
(-145.8138414 -2161.52402 -2721.259395)
(129.1235414 -2161.52402 -2721.259395)
(404.0609241 -2161.52402 -2721.259395)
(678.9983069 -2161.52402 -2721.259395)
(953.9356897 -2161.52402 -2721.259395)
(1228.873072 -2161.52402 -2721.259395)
(1503.810455 -2161.52402 -2721.259395)
(1778.747838 -2161.52402 -2721.259395)
(2053.685221 -2161.52402 -2721.259395)
(2328.622603 -2161.52402 -2721.259395)
(2603.559986 -2161.52402 -2721.259395)
(2878.497369 -2161.52402 -2721.259395)
(3153.434752 -2161.52402 -2721.259395)
(3428.372134 -2161.52402 -2721.259395)
(3703.309517 -2161.52402 -2721.259395)
(3978.2469 -2161.52402 -2721.259395)
(-3994.9372 -1933.71876 -2721.259395)
(-3719.999817 -1933.71876 -2721.259395)
(-3445.062434 -1933.71876 -2721.259395)
(-3170.125052 -1933.71876 -2721.259395)
(-2895.187669 -1933.71876 -2721.259395)
(-2620.250286 -1933.71876 -2721.259395)
(-2345.312903 -1933.71876 -2721.259395)
(-2070.375521 -1933.71876 -2721.259395)
(-1795.438138 -1933.71876 -2721.259395)
(-1520.500755 -1933.71876 -2721.259395)
(-1245.563372 -1933.71876 -2721.259395)
(-970.6259897 -1933.71876 -2721.259395)
(-695.6886069 -1933.71876 -2721.259395)
(-420.7512241 -1933.71876 -2721.259395)
(-145.8138414 -1933.71876 -2721.259395)
(129.1235414 -1933.71876 -2721.259395)
(404.0609241 -1933.71876 -2721.259395)
(678.9983069 -1933.71876 -2721.259395)
(953.9356897 -1933.71876 -2721.259395)
(1228.873072 -1933.71876 -2721.259395)
(1503.810455 -1933.71876 -2721.259395)
(1778.747838 -1933.71876 -2721.259395)
(2053.685221 -1933.71876 -2721.259395)
(2328.622603 -1933.71876 -2721.259395)
(2603.559986 -1933.71876 -2721.259395)
(2878.497369 -1933.71876 -2721.259395)
(3153.434752 -1933.71876 -2721.259395)
(3428.372134 -1933.71876 -2721.259395)
(3703.309517 -1933.71876 -2721.259395)
(3978.2469 -1933.71876 -2721.259395)
(-3994.9372 -1705.9135 -2721.259395)
(-3719.999817 -1705.9135 -2721.259395)
(-3445.062434 -1705.9135 -2721.259395)
(-3170.125052 -1705.9135 -2721.259395)
(-2895.187669 -1705.9135 -2721.259395)
(-2620.250286 -1705.9135 -2721.259395)
(-2345.312903 -1705.9135 -2721.259395)
(-2070.375521 -1705.9135 -2721.259395)
(-1795.438138 -1705.9135 -2721.259395)
(-1520.500755 -1705.9135 -2721.259395)
(-1245.563372 -1705.9135 -2721.259395)
(-970.6259897 -1705.9135 -2721.259395)
(-695.6886069 -1705.9135 -2721.259395)
(-420.7512241 -1705.9135 -2721.259395)
(-145.8138414 -1705.9135 -2721.259395)
(129.1235414 -1705.9135 -2721.259395)
(404.0609241 -1705.9135 -2721.259395)
(678.9983069 -1705.9135 -2721.259395)
(953.9356897 -1705.9135 -2721.259395)
(1228.873072 -1705.9135 -2721.259395)
(1503.810455 -1705.9135 -2721.259395)
(1778.747838 -1705.9135 -2721.259395)
(2053.685221 -1705.9135 -2721.259395)
(2328.622603 -1705.9135 -2721.259395)
(2603.559986 -1705.9135 -2721.259395)
(2878.497369 -1705.9135 -2721.259395)
(3153.434752 -1705.9135 -2721.259395)
(3428.372134 -1705.9135 -2721.259395)
(3703.309517 -1705.9135 -2721.259395)
(3978.2469 -1705.9135 -2721.259395)
(-3994.9372 -1478.10824 -2721.259395)
(-3719.999817 -1478.10824 -2721.259395)
(-3445.062434 -1478.10824 -2721.259395)
(-3170.125052 -1478.10824 -2721.259395)
(-2895.187669 -1478.10824 -2721.259395)
(-2620.250286 -1478.10824 -2721.259395)
(-2345.312903 -1478.10824 -2721.259395)
(-2070.375521 -1478.10824 -2721.259395)
(-1795.438138 -1478.10824 -2721.259395)
(-1520.500755 -1478.10824 -2721.259395)
(-1245.563372 -1478.10824 -2721.259395)
(-970.6259897 -1478.10824 -2721.259395)
(-695.6886069 -1478.10824 -2721.259395)
(-420.7512241 -1478.10824 -2721.259395)
(-145.8138414 -1478.10824 -2721.259395)
(129.1235414 -1478.10824 -2721.259395)
(404.0609241 -1478.10824 -2721.259395)
(678.9983069 -1478.10824 -2721.259395)
(953.9356897 -1478.10824 -2721.259395)
(1228.873072 -1478.10824 -2721.259395)
(1503.810455 -1478.10824 -2721.259395)
(1778.747838 -1478.10824 -2721.259395)
(2053.685221 -1478.10824 -2721.259395)
(2328.622603 -1478.10824 -2721.259395)
(2603.559986 -1478.10824 -2721.259395)
(2878.497369 -1478.10824 -2721.259395)
(3153.434752 -1478.10824 -2721.259395)
(3428.372134 -1478.10824 -2721.259395)
(3703.309517 -1478.10824 -2721.259395)
(3978.2469 -1478.10824 -2721.259395)
(-3994.9372 -1250.30298 -2721.259395)
(-3719.999817 -1250.30298 -2721.259395)
(-3445.062434 -1250.30298 -2721.259395)
(-3170.125052 -1250.30298 -2721.259395)
(-2895.187669 -1250.30298 -2721.259395)
(-2620.250286 -1250.30298 -2721.259395)
(-2345.312903 -1250.30298 -2721.259395)
(-2070.375521 -1250.30298 -2721.259395)
(-1795.438138 -1250.30298 -2721.259395)
(-1520.500755 -1250.30298 -2721.259395)
(-1245.563372 -1250.30298 -2721.259395)
(-970.6259897 -1250.30298 -2721.259395)
(-695.6886069 -1250.30298 -2721.259395)
(-420.7512241 -1250.30298 -2721.259395)
(-145.8138414 -1250.30298 -2721.259395)
(129.1235414 -1250.30298 -2721.259395)
(404.0609241 -1250.30298 -2721.259395)
(678.9983069 -1250.30298 -2721.259395)
(953.9356897 -1250.30298 -2721.259395)
(1228.873072 -1250.30298 -2721.259395)
(1503.810455 -1250.30298 -2721.259395)
(1778.747838 -1250.30298 -2721.259395)
(2053.685221 -1250.30298 -2721.259395)
(2328.622603 -1250.30298 -2721.259395)
(2603.559986 -1250.30298 -2721.259395)
(2878.497369 -1250.30298 -2721.259395)
(3153.434752 -1250.30298 -2721.259395)
(3428.372134 -1250.30298 -2721.259395)
(3703.309517 -1250.30298 -2721.259395)
(3978.2469 -1250.30298 -2721.259395)
(-3994.9372 -1022.49772 -2721.259395)
(-3719.999817 -1022.49772 -2721.259395)
(-3445.062434 -1022.49772 -2721.259395)
(-3170.125052 -1022.49772 -2721.259395)
(-2895.187669 -1022.49772 -2721.259395)
(-2620.250286 -1022.49772 -2721.259395)
(-2345.312903 -1022.49772 -2721.259395)
(-2070.375521 -1022.49772 -2721.259395)
(-1795.438138 -1022.49772 -2721.259395)
(-1520.500755 -1022.49772 -2721.259395)
(-1245.563372 -1022.49772 -2721.259395)
(-970.6259897 -1022.49772 -2721.259395)
(-695.6886069 -1022.49772 -2721.259395)
(-420.7512241 -1022.49772 -2721.259395)
(-145.8138414 -1022.49772 -2721.259395)
(129.1235414 -1022.49772 -2721.259395)
(404.0609241 -1022.49772 -2721.259395)
(678.9983069 -1022.49772 -2721.259395)
(953.9356897 -1022.49772 -2721.259395)
(1228.873072 -1022.49772 -2721.259395)
(1503.810455 -1022.49772 -2721.259395)
(1778.747838 -1022.49772 -2721.259395)
(2053.685221 -1022.49772 -2721.259395)
(2328.622603 -1022.49772 -2721.259395)
(2603.559986 -1022.49772 -2721.259395)
(2878.497369 -1022.49772 -2721.259395)
(3153.434752 -1022.49772 -2721.259395)
(3428.372134 -1022.49772 -2721.259395)
(3703.309517 -1022.49772 -2721.259395)
(3978.2469 -1022.49772 -2721.259395)
(-3994.9372 -794.69246 -2721.259395)
(-3719.999817 -794.69246 -2721.259395)
(-3445.062434 -794.69246 -2721.259395)
(-3170.125052 -794.69246 -2721.259395)
(-2895.187669 -794.69246 -2721.259395)
(-2620.250286 -794.69246 -2721.259395)
(-2345.312903 -794.69246 -2721.259395)
(-2070.375521 -794.69246 -2721.259395)
(-1795.438138 -794.69246 -2721.259395)
(-1520.500755 -794.69246 -2721.259395)
(-1245.563372 -794.69246 -2721.259395)
(-970.6259897 -794.69246 -2721.259395)
(-695.6886069 -794.69246 -2721.259395)
(-420.7512241 -794.69246 -2721.259395)
(-145.8138414 -794.69246 -2721.259395)
(129.1235414 -794.69246 -2721.259395)
(404.0609241 -794.69246 -2721.259395)
(678.9983069 -794.69246 -2721.259395)
(953.9356897 -794.69246 -2721.259395)
(1228.873072 -794.69246 -2721.259395)
(1503.810455 -794.69246 -2721.259395)
(1778.747838 -794.69246 -2721.259395)
(2053.685221 -794.69246 -2721.259395)
(2328.622603 -794.69246 -2721.259395)
(2603.559986 -794.69246 -2721.259395)
(2878.497369 -794.69246 -2721.259395)
(3153.434752 -794.69246 -2721.259395)
(3428.372134 -794.69246 -2721.259395)
(3703.309517 -794.69246 -2721.259395)
(3978.2469 -794.69246 -2721.259395)
(-3994.9372 -566.8872 -2721.259395)
(-3719.999817 -566.8872 -2721.259395)
(-3445.062434 -566.8872 -2721.259395)
(-3170.125052 -566.8872 -2721.259395)
(-2895.187669 -566.8872 -2721.259395)
(-2620.250286 -566.8872 -2721.259395)
(-2345.312903 -566.8872 -2721.259395)
(-2070.375521 -566.8872 -2721.259395)
(-1795.438138 -566.8872 -2721.259395)
(-1520.500755 -566.8872 -2721.259395)
(-1245.563372 -566.8872 -2721.259395)
(-970.6259897 -566.8872 -2721.259395)
(-695.6886069 -566.8872 -2721.259395)
(-420.7512241 -566.8872 -2721.259395)
(-145.8138414 -566.8872 -2721.259395)
(129.1235414 -566.8872 -2721.259395)
(404.0609241 -566.8872 -2721.259395)
(678.9983069 -566.8872 -2721.259395)
(953.9356897 -566.8872 -2721.259395)
(1228.873072 -566.8872 -2721.259395)
(1503.810455 -566.8872 -2721.259395)
(1778.747838 -566.8872 -2721.259395)
(2053.685221 -566.8872 -2721.259395)
(2328.622603 -566.8872 -2721.259395)
(2603.559986 -566.8872 -2721.259395)
(2878.497369 -566.8872 -2721.259395)
(3153.434752 -566.8872 -2721.259395)
(3428.372134 -566.8872 -2721.259395)
(3703.309517 -566.8872 -2721.259395)
(3978.2469 -566.8872 -2721.259395)
(-3994.9372 -339.08194 -2721.259395)
(-3719.999817 -339.08194 -2721.259395)
(-3445.062434 -339.08194 -2721.259395)
(-3170.125052 -339.08194 -2721.259395)
(-2895.187669 -339.08194 -2721.259395)
(-2620.250286 -339.08194 -2721.259395)
(-2345.312903 -339.08194 -2721.259395)
(-2070.375521 -339.08194 -2721.259395)
(-1795.438138 -339.08194 -2721.259395)
(-1520.500755 -339.08194 -2721.259395)
(-1245.563372 -339.08194 -2721.259395)
(-970.6259897 -339.08194 -2721.259395)
(-695.6886069 -339.08194 -2721.259395)
(-420.7512241 -339.08194 -2721.259395)
(-145.8138414 -339.08194 -2721.259395)
(129.1235414 -339.08194 -2721.259395)
(404.0609241 -339.08194 -2721.259395)
(678.9983069 -339.08194 -2721.259395)
(953.9356897 -339.08194 -2721.259395)
(1228.873072 -339.08194 -2721.259395)
(1503.810455 -339.08194 -2721.259395)
(1778.747838 -339.08194 -2721.259395)
(2053.685221 -339.08194 -2721.259395)
(2328.622603 -339.08194 -2721.259395)
(2603.559986 -339.08194 -2721.259395)
(2878.497369 -339.08194 -2721.259395)
(3153.434752 -339.08194 -2721.259395)
(3428.372134 -339.08194 -2721.259395)
(3703.309517 -339.08194 -2721.259395)
(3978.2469 -339.08194 -2721.259395)
(-3994.9372 -111.27668 -2721.259395)
(-3719.999817 -111.27668 -2721.259395)
(-3445.062434 -111.27668 -2721.259395)
(-3170.125052 -111.27668 -2721.259395)
(-2895.187669 -111.27668 -2721.259395)
(-2620.250286 -111.27668 -2721.259395)
(-2345.312903 -111.27668 -2721.259395)
(-2070.375521 -111.27668 -2721.259395)
(-1795.438138 -111.27668 -2721.259395)
(-1520.500755 -111.27668 -2721.259395)
(-1245.563372 -111.27668 -2721.259395)
(-970.6259897 -111.27668 -2721.259395)
(-695.6886069 -111.27668 -2721.259395)
(-420.7512241 -111.27668 -2721.259395)
(-145.8138414 -111.27668 -2721.259395)
(129.1235414 -111.27668 -2721.259395)
(404.0609241 -111.27668 -2721.259395)
(678.9983069 -111.27668 -2721.259395)
(953.9356897 -111.27668 -2721.259395)
(1228.873072 -111.27668 -2721.259395)
(1503.810455 -111.27668 -2721.259395)
(1778.747838 -111.27668 -2721.259395)
(2053.685221 -111.27668 -2721.259395)
(2328.622603 -111.27668 -2721.259395)
(2603.559986 -111.27668 -2721.259395)
(2878.497369 -111.27668 -2721.259395)
(3153.434752 -111.27668 -2721.259395)
(3428.372134 -111.27668 -2721.259395)
(3703.309517 -111.27668 -2721.259395)
(3978.2469 -111.27668 -2721.259395)
(-3994.9372 116.52858 -2721.259395)
(-3719.999817 116.52858 -2721.259395)
(-3445.062434 116.52858 -2721.259395)
(-3170.125052 116.52858 -2721.259395)
(-2895.187669 116.52858 -2721.259395)
(-2620.250286 116.52858 -2721.259395)
(-2345.312903 116.52858 -2721.259395)
(-2070.375521 116.52858 -2721.259395)
(-1795.438138 116.52858 -2721.259395)
(-1520.500755 116.52858 -2721.259395)
(-1245.563372 116.52858 -2721.259395)
(-970.6259897 116.52858 -2721.259395)
(-695.6886069 116.52858 -2721.259395)
(-420.7512241 116.52858 -2721.259395)
(-145.8138414 116.52858 -2721.259395)
(129.1235414 116.52858 -2721.259395)
(404.0609241 116.52858 -2721.259395)
(678.9983069 116.52858 -2721.259395)
(953.9356897 116.52858 -2721.259395)
(1228.873072 116.52858 -2721.259395)
(1503.810455 116.52858 -2721.259395)
(1778.747838 116.52858 -2721.259395)
(2053.685221 116.52858 -2721.259395)
(2328.622603 116.52858 -2721.259395)
(2603.559986 116.52858 -2721.259395)
(2878.497369 116.52858 -2721.259395)
(3153.434752 116.52858 -2721.259395)
(3428.372134 116.52858 -2721.259395)
(3703.309517 116.52858 -2721.259395)
(3978.2469 116.52858 -2721.259395)
(-3994.9372 344.33384 -2721.259395)
(-3719.999817 344.33384 -2721.259395)
(-3445.062434 344.33384 -2721.259395)
(-3170.125052 344.33384 -2721.259395)
(-2895.187669 344.33384 -2721.259395)
(-2620.250286 344.33384 -2721.259395)
(-2345.312903 344.33384 -2721.259395)
(-2070.375521 344.33384 -2721.259395)
(-1795.438138 344.33384 -2721.259395)
(-1520.500755 344.33384 -2721.259395)
(-1245.563372 344.33384 -2721.259395)
(-970.6259897 344.33384 -2721.259395)
(-695.6886069 344.33384 -2721.259395)
(-420.7512241 344.33384 -2721.259395)
(-145.8138414 344.33384 -2721.259395)
(129.1235414 344.33384 -2721.259395)
(404.0609241 344.33384 -2721.259395)
(678.9983069 344.33384 -2721.259395)
(953.9356897 344.33384 -2721.259395)
(1228.873072 344.33384 -2721.259395)
(1503.810455 344.33384 -2721.259395)
(1778.747838 344.33384 -2721.259395)
(2053.685221 344.33384 -2721.259395)
(2328.622603 344.33384 -2721.259395)
(2603.559986 344.33384 -2721.259395)
(2878.497369 344.33384 -2721.259395)
(3153.434752 344.33384 -2721.259395)
(3428.372134 344.33384 -2721.259395)
(3703.309517 344.33384 -2721.259395)
(3978.2469 344.33384 -2721.259395)
(-3994.9372 572.1391 -2721.259395)
(-3719.999817 572.1391 -2721.259395)
(-3445.062434 572.1391 -2721.259395)
(-3170.125052 572.1391 -2721.259395)
(-2895.187669 572.1391 -2721.259395)
(-2620.250286 572.1391 -2721.259395)
(-2345.312903 572.1391 -2721.259395)
(-2070.375521 572.1391 -2721.259395)
(-1795.438138 572.1391 -2721.259395)
(-1520.500755 572.1391 -2721.259395)
(-1245.563372 572.1391 -2721.259395)
(-970.6259897 572.1391 -2721.259395)
(-695.6886069 572.1391 -2721.259395)
(-420.7512241 572.1391 -2721.259395)
(-145.8138414 572.1391 -2721.259395)
(129.1235414 572.1391 -2721.259395)
(404.0609241 572.1391 -2721.259395)
(678.9983069 572.1391 -2721.259395)
(953.9356897 572.1391 -2721.259395)
(1228.873072 572.1391 -2721.259395)
(1503.810455 572.1391 -2721.259395)
(1778.747838 572.1391 -2721.259395)
(2053.685221 572.1391 -2721.259395)
(2328.622603 572.1391 -2721.259395)
(2603.559986 572.1391 -2721.259395)
(2878.497369 572.1391 -2721.259395)
(3153.434752 572.1391 -2721.259395)
(3428.372134 572.1391 -2721.259395)
(3703.309517 572.1391 -2721.259395)
(3978.2469 572.1391 -2721.259395)
(-3994.9372 799.94436 -2721.259395)
(-3719.999817 799.94436 -2721.259395)
(-3445.062434 799.94436 -2721.259395)
(-3170.125052 799.94436 -2721.259395)
(-2895.187669 799.94436 -2721.259395)
(-2620.250286 799.94436 -2721.259395)
(-2345.312903 799.94436 -2721.259395)
(-2070.375521 799.94436 -2721.259395)
(-1795.438138 799.94436 -2721.259395)
(-1520.500755 799.94436 -2721.259395)
(-1245.563372 799.94436 -2721.259395)
(-970.6259897 799.94436 -2721.259395)
(-695.6886069 799.94436 -2721.259395)
(-420.7512241 799.94436 -2721.259395)
(-145.8138414 799.94436 -2721.259395)
(129.1235414 799.94436 -2721.259395)
(404.0609241 799.94436 -2721.259395)
(678.9983069 799.94436 -2721.259395)
(953.9356897 799.94436 -2721.259395)
(1228.873072 799.94436 -2721.259395)
(1503.810455 799.94436 -2721.259395)
(1778.747838 799.94436 -2721.259395)
(2053.685221 799.94436 -2721.259395)
(2328.622603 799.94436 -2721.259395)
(2603.559986 799.94436 -2721.259395)
(2878.497369 799.94436 -2721.259395)
(3153.434752 799.94436 -2721.259395)
(3428.372134 799.94436 -2721.259395)
(3703.309517 799.94436 -2721.259395)
(3978.2469 799.94436 -2721.259395)
(-3994.9372 1027.74962 -2721.259395)
(-3719.999817 1027.74962 -2721.259395)
(-3445.062434 1027.74962 -2721.259395)
(-3170.125052 1027.74962 -2721.259395)
(-2895.187669 1027.74962 -2721.259395)
(-2620.250286 1027.74962 -2721.259395)
(-2345.312903 1027.74962 -2721.259395)
(-2070.375521 1027.74962 -2721.259395)
(-1795.438138 1027.74962 -2721.259395)
(-1520.500755 1027.74962 -2721.259395)
(-1245.563372 1027.74962 -2721.259395)
(-970.6259897 1027.74962 -2721.259395)
(-695.6886069 1027.74962 -2721.259395)
(-420.7512241 1027.74962 -2721.259395)
(-145.8138414 1027.74962 -2721.259395)
(129.1235414 1027.74962 -2721.259395)
(404.0609241 1027.74962 -2721.259395)
(678.9983069 1027.74962 -2721.259395)
(953.9356897 1027.74962 -2721.259395)
(1228.873072 1027.74962 -2721.259395)
(1503.810455 1027.74962 -2721.259395)
(1778.747838 1027.74962 -2721.259395)
(2053.685221 1027.74962 -2721.259395)
(2328.622603 1027.74962 -2721.259395)
(2603.559986 1027.74962 -2721.259395)
(2878.497369 1027.74962 -2721.259395)
(3153.434752 1027.74962 -2721.259395)
(3428.372134 1027.74962 -2721.259395)
(3703.309517 1027.74962 -2721.259395)
(3978.2469 1027.74962 -2721.259395)
(-3994.9372 1255.55488 -2721.259395)
(-3719.999817 1255.55488 -2721.259395)
(-3445.062434 1255.55488 -2721.259395)
(-3170.125052 1255.55488 -2721.259395)
(-2895.187669 1255.55488 -2721.259395)
(-2620.250286 1255.55488 -2721.259395)
(-2345.312903 1255.55488 -2721.259395)
(-2070.375521 1255.55488 -2721.259395)
(-1795.438138 1255.55488 -2721.259395)
(-1520.500755 1255.55488 -2721.259395)
(-1245.563372 1255.55488 -2721.259395)
(-970.6259897 1255.55488 -2721.259395)
(-695.6886069 1255.55488 -2721.259395)
(-420.7512241 1255.55488 -2721.259395)
(-145.8138414 1255.55488 -2721.259395)
(129.1235414 1255.55488 -2721.259395)
(404.0609241 1255.55488 -2721.259395)
(678.9983069 1255.55488 -2721.259395)
(953.9356897 1255.55488 -2721.259395)
(1228.873072 1255.55488 -2721.259395)
(1503.810455 1255.55488 -2721.259395)
(1778.747838 1255.55488 -2721.259395)
(2053.685221 1255.55488 -2721.259395)
(2328.622603 1255.55488 -2721.259395)
(2603.559986 1255.55488 -2721.259395)
(2878.497369 1255.55488 -2721.259395)
(3153.434752 1255.55488 -2721.259395)
(3428.372134 1255.55488 -2721.259395)
(3703.309517 1255.55488 -2721.259395)
(3978.2469 1255.55488 -2721.259395)
(-3994.9372 1483.36014 -2721.259395)
(-3719.999817 1483.36014 -2721.259395)
(-3445.062434 1483.36014 -2721.259395)
(-3170.125052 1483.36014 -2721.259395)
(-2895.187669 1483.36014 -2721.259395)
(-2620.250286 1483.36014 -2721.259395)
(-2345.312903 1483.36014 -2721.259395)
(-2070.375521 1483.36014 -2721.259395)
(-1795.438138 1483.36014 -2721.259395)
(-1520.500755 1483.36014 -2721.259395)
(-1245.563372 1483.36014 -2721.259395)
(-970.6259897 1483.36014 -2721.259395)
(-695.6886069 1483.36014 -2721.259395)
(-420.7512241 1483.36014 -2721.259395)
(-145.8138414 1483.36014 -2721.259395)
(129.1235414 1483.36014 -2721.259395)
(404.0609241 1483.36014 -2721.259395)
(678.9983069 1483.36014 -2721.259395)
(953.9356897 1483.36014 -2721.259395)
(1228.873072 1483.36014 -2721.259395)
(1503.810455 1483.36014 -2721.259395)
(1778.747838 1483.36014 -2721.259395)
(2053.685221 1483.36014 -2721.259395)
(2328.622603 1483.36014 -2721.259395)
(2603.559986 1483.36014 -2721.259395)
(2878.497369 1483.36014 -2721.259395)
(3153.434752 1483.36014 -2721.259395)
(3428.372134 1483.36014 -2721.259395)
(3703.309517 1483.36014 -2721.259395)
(3978.2469 1483.36014 -2721.259395)
(-3994.9372 1711.1654 -2721.259395)
(-3719.999817 1711.1654 -2721.259395)
(-3445.062434 1711.1654 -2721.259395)
(-3170.125052 1711.1654 -2721.259395)
(-2895.187669 1711.1654 -2721.259395)
(-2620.250286 1711.1654 -2721.259395)
(-2345.312903 1711.1654 -2721.259395)
(-2070.375521 1711.1654 -2721.259395)
(-1795.438138 1711.1654 -2721.259395)
(-1520.500755 1711.1654 -2721.259395)
(-1245.563372 1711.1654 -2721.259395)
(-970.6259897 1711.1654 -2721.259395)
(-695.6886069 1711.1654 -2721.259395)
(-420.7512241 1711.1654 -2721.259395)
(-145.8138414 1711.1654 -2721.259395)
(129.1235414 1711.1654 -2721.259395)
(404.0609241 1711.1654 -2721.259395)
(678.9983069 1711.1654 -2721.259395)
(953.9356897 1711.1654 -2721.259395)
(1228.873072 1711.1654 -2721.259395)
(1503.810455 1711.1654 -2721.259395)
(1778.747838 1711.1654 -2721.259395)
(2053.685221 1711.1654 -2721.259395)
(2328.622603 1711.1654 -2721.259395)
(2603.559986 1711.1654 -2721.259395)
(2878.497369 1711.1654 -2721.259395)
(3153.434752 1711.1654 -2721.259395)
(3428.372134 1711.1654 -2721.259395)
(3703.309517 1711.1654 -2721.259395)
(3978.2469 1711.1654 -2721.259395)
(-3994.9372 1938.97066 -2721.259395)
(-3719.999817 1938.97066 -2721.259395)
(-3445.062434 1938.97066 -2721.259395)
(-3170.125052 1938.97066 -2721.259395)
(-2895.187669 1938.97066 -2721.259395)
(-2620.250286 1938.97066 -2721.259395)
(-2345.312903 1938.97066 -2721.259395)
(-2070.375521 1938.97066 -2721.259395)
(-1795.438138 1938.97066 -2721.259395)
(-1520.500755 1938.97066 -2721.259395)
(-1245.563372 1938.97066 -2721.259395)
(-970.6259897 1938.97066 -2721.259395)
(-695.6886069 1938.97066 -2721.259395)
(-420.7512241 1938.97066 -2721.259395)
(-145.8138414 1938.97066 -2721.259395)
(129.1235414 1938.97066 -2721.259395)
(404.0609241 1938.97066 -2721.259395)
(678.9983069 1938.97066 -2721.259395)
(953.9356897 1938.97066 -2721.259395)
(1228.873072 1938.97066 -2721.259395)
(1503.810455 1938.97066 -2721.259395)
(1778.747838 1938.97066 -2721.259395)
(2053.685221 1938.97066 -2721.259395)
(2328.622603 1938.97066 -2721.259395)
(2603.559986 1938.97066 -2721.259395)
(2878.497369 1938.97066 -2721.259395)
(3153.434752 1938.97066 -2721.259395)
(3428.372134 1938.97066 -2721.259395)
(3703.309517 1938.97066 -2721.259395)
(3978.2469 1938.97066 -2721.259395)
(-3994.9372 2166.77592 -2721.259395)
(-3719.999817 2166.77592 -2721.259395)
(-3445.062434 2166.77592 -2721.259395)
(-3170.125052 2166.77592 -2721.259395)
(-2895.187669 2166.77592 -2721.259395)
(-2620.250286 2166.77592 -2721.259395)
(-2345.312903 2166.77592 -2721.259395)
(-2070.375521 2166.77592 -2721.259395)
(-1795.438138 2166.77592 -2721.259395)
(-1520.500755 2166.77592 -2721.259395)
(-1245.563372 2166.77592 -2721.259395)
(-970.6259897 2166.77592 -2721.259395)
(-695.6886069 2166.77592 -2721.259395)
(-420.7512241 2166.77592 -2721.259395)
(-145.8138414 2166.77592 -2721.259395)
(129.1235414 2166.77592 -2721.259395)
(404.0609241 2166.77592 -2721.259395)
(678.9983069 2166.77592 -2721.259395)
(953.9356897 2166.77592 -2721.259395)
(1228.873072 2166.77592 -2721.259395)
(1503.810455 2166.77592 -2721.259395)
(1778.747838 2166.77592 -2721.259395)
(2053.685221 2166.77592 -2721.259395)
(2328.622603 2166.77592 -2721.259395)
(2603.559986 2166.77592 -2721.259395)
(2878.497369 2166.77592 -2721.259395)
(3153.434752 2166.77592 -2721.259395)
(3428.372134 2166.77592 -2721.259395)
(3703.309517 2166.77592 -2721.259395)
(3978.2469 2166.77592 -2721.259395)
(-3994.9372 2394.58118 -2721.259395)
(-3719.999817 2394.58118 -2721.259395)
(-3445.062434 2394.58118 -2721.259395)
(-3170.125052 2394.58118 -2721.259395)
(-2895.187669 2394.58118 -2721.259395)
(-2620.250286 2394.58118 -2721.259395)
(-2345.312903 2394.58118 -2721.259395)
(-2070.375521 2394.58118 -2721.259395)
(-1795.438138 2394.58118 -2721.259395)
(-1520.500755 2394.58118 -2721.259395)
(-1245.563372 2394.58118 -2721.259395)
(-970.6259897 2394.58118 -2721.259395)
(-695.6886069 2394.58118 -2721.259395)
(-420.7512241 2394.58118 -2721.259395)
(-145.8138414 2394.58118 -2721.259395)
(129.1235414 2394.58118 -2721.259395)
(404.0609241 2394.58118 -2721.259395)
(678.9983069 2394.58118 -2721.259395)
(953.9356897 2394.58118 -2721.259395)
(1228.873072 2394.58118 -2721.259395)
(1503.810455 2394.58118 -2721.259395)
(1778.747838 2394.58118 -2721.259395)
(2053.685221 2394.58118 -2721.259395)
(2328.622603 2394.58118 -2721.259395)
(2603.559986 2394.58118 -2721.259395)
(2878.497369 2394.58118 -2721.259395)
(3153.434752 2394.58118 -2721.259395)
(3428.372134 2394.58118 -2721.259395)
(3703.309517 2394.58118 -2721.259395)
(3978.2469 2394.58118 -2721.259395)
(-3994.9372 2622.38644 -2721.259395)
(-3719.999817 2622.38644 -2721.259395)
(-3445.062434 2622.38644 -2721.259395)
(-3170.125052 2622.38644 -2721.259395)
(-2895.187669 2622.38644 -2721.259395)
(-2620.250286 2622.38644 -2721.259395)
(-2345.312903 2622.38644 -2721.259395)
(-2070.375521 2622.38644 -2721.259395)
(-1795.438138 2622.38644 -2721.259395)
(-1520.500755 2622.38644 -2721.259395)
(-1245.563372 2622.38644 -2721.259395)
(-970.6259897 2622.38644 -2721.259395)
(-695.6886069 2622.38644 -2721.259395)
(-420.7512241 2622.38644 -2721.259395)
(-145.8138414 2622.38644 -2721.259395)
(129.1235414 2622.38644 -2721.259395)
(404.0609241 2622.38644 -2721.259395)
(678.9983069 2622.38644 -2721.259395)
(953.9356897 2622.38644 -2721.259395)
(1228.873072 2622.38644 -2721.259395)
(1503.810455 2622.38644 -2721.259395)
(1778.747838 2622.38644 -2721.259395)
(2053.685221 2622.38644 -2721.259395)
(2328.622603 2622.38644 -2721.259395)
(2603.559986 2622.38644 -2721.259395)
(2878.497369 2622.38644 -2721.259395)
(3153.434752 2622.38644 -2721.259395)
(3428.372134 2622.38644 -2721.259395)
(3703.309517 2622.38644 -2721.259395)
(3978.2469 2622.38644 -2721.259395)
(-3994.9372 2850.1917 -2721.259395)
(-3719.999817 2850.1917 -2721.259395)
(-3445.062434 2850.1917 -2721.259395)
(-3170.125052 2850.1917 -2721.259395)
(-2895.187669 2850.1917 -2721.259395)
(-2620.250286 2850.1917 -2721.259395)
(-2345.312903 2850.1917 -2721.259395)
(-2070.375521 2850.1917 -2721.259395)
(-1795.438138 2850.1917 -2721.259395)
(-1520.500755 2850.1917 -2721.259395)
(-1245.563372 2850.1917 -2721.259395)
(-970.6259897 2850.1917 -2721.259395)
(-695.6886069 2850.1917 -2721.259395)
(-420.7512241 2850.1917 -2721.259395)
(-145.8138414 2850.1917 -2721.259395)
(129.1235414 2850.1917 -2721.259395)
(404.0609241 2850.1917 -2721.259395)
(678.9983069 2850.1917 -2721.259395)
(953.9356897 2850.1917 -2721.259395)
(1228.873072 2850.1917 -2721.259395)
(1503.810455 2850.1917 -2721.259395)
(1778.747838 2850.1917 -2721.259395)
(2053.685221 2850.1917 -2721.259395)
(2328.622603 2850.1917 -2721.259395)
(2603.559986 2850.1917 -2721.259395)
(2878.497369 2850.1917 -2721.259395)
(3153.434752 2850.1917 -2721.259395)
(3428.372134 2850.1917 -2721.259395)
(3703.309517 2850.1917 -2721.259395)
(3978.2469 2850.1917 -2721.259395)
(-3994.9372 3077.99696 -2721.259395)
(-3719.999817 3077.99696 -2721.259395)
(-3445.062434 3077.99696 -2721.259395)
(-3170.125052 3077.99696 -2721.259395)
(-2895.187669 3077.99696 -2721.259395)
(-2620.250286 3077.99696 -2721.259395)
(-2345.312903 3077.99696 -2721.259395)
(-2070.375521 3077.99696 -2721.259395)
(-1795.438138 3077.99696 -2721.259395)
(-1520.500755 3077.99696 -2721.259395)
(-1245.563372 3077.99696 -2721.259395)
(-970.6259897 3077.99696 -2721.259395)
(-695.6886069 3077.99696 -2721.259395)
(-420.7512241 3077.99696 -2721.259395)
(-145.8138414 3077.99696 -2721.259395)
(129.1235414 3077.99696 -2721.259395)
(404.0609241 3077.99696 -2721.259395)
(678.9983069 3077.99696 -2721.259395)
(953.9356897 3077.99696 -2721.259395)
(1228.873072 3077.99696 -2721.259395)
(1503.810455 3077.99696 -2721.259395)
(1778.747838 3077.99696 -2721.259395)
(2053.685221 3077.99696 -2721.259395)
(2328.622603 3077.99696 -2721.259395)
(2603.559986 3077.99696 -2721.259395)
(2878.497369 3077.99696 -2721.259395)
(3153.434752 3077.99696 -2721.259395)
(3428.372134 3077.99696 -2721.259395)
(3703.309517 3077.99696 -2721.259395)
(3978.2469 3077.99696 -2721.259395)
(-3994.9372 3305.80222 -2721.259395)
(-3719.999817 3305.80222 -2721.259395)
(-3445.062434 3305.80222 -2721.259395)
(-3170.125052 3305.80222 -2721.259395)
(-2895.187669 3305.80222 -2721.259395)
(-2620.250286 3305.80222 -2721.259395)
(-2345.312903 3305.80222 -2721.259395)
(-2070.375521 3305.80222 -2721.259395)
(-1795.438138 3305.80222 -2721.259395)
(-1520.500755 3305.80222 -2721.259395)
(-1245.563372 3305.80222 -2721.259395)
(-970.6259897 3305.80222 -2721.259395)
(-695.6886069 3305.80222 -2721.259395)
(-420.7512241 3305.80222 -2721.259395)
(-145.8138414 3305.80222 -2721.259395)
(129.1235414 3305.80222 -2721.259395)
(404.0609241 3305.80222 -2721.259395)
(678.9983069 3305.80222 -2721.259395)
(953.9356897 3305.80222 -2721.259395)
(1228.873072 3305.80222 -2721.259395)
(1503.810455 3305.80222 -2721.259395)
(1778.747838 3305.80222 -2721.259395)
(2053.685221 3305.80222 -2721.259395)
(2328.622603 3305.80222 -2721.259395)
(2603.559986 3305.80222 -2721.259395)
(2878.497369 3305.80222 -2721.259395)
(3153.434752 3305.80222 -2721.259395)
(3428.372134 3305.80222 -2721.259395)
(3703.309517 3305.80222 -2721.259395)
(3978.2469 3305.80222 -2721.259395)
(-3994.9372 3533.60748 -2721.259395)
(-3719.999817 3533.60748 -2721.259395)
(-3445.062434 3533.60748 -2721.259395)
(-3170.125052 3533.60748 -2721.259395)
(-2895.187669 3533.60748 -2721.259395)
(-2620.250286 3533.60748 -2721.259395)
(-2345.312903 3533.60748 -2721.259395)
(-2070.375521 3533.60748 -2721.259395)
(-1795.438138 3533.60748 -2721.259395)
(-1520.500755 3533.60748 -2721.259395)
(-1245.563372 3533.60748 -2721.259395)
(-970.6259897 3533.60748 -2721.259395)
(-695.6886069 3533.60748 -2721.259395)
(-420.7512241 3533.60748 -2721.259395)
(-145.8138414 3533.60748 -2721.259395)
(129.1235414 3533.60748 -2721.259395)
(404.0609241 3533.60748 -2721.259395)
(678.9983069 3533.60748 -2721.259395)
(953.9356897 3533.60748 -2721.259395)
(1228.873072 3533.60748 -2721.259395)
(1503.810455 3533.60748 -2721.259395)
(1778.747838 3533.60748 -2721.259395)
(2053.685221 3533.60748 -2721.259395)
(2328.622603 3533.60748 -2721.259395)
(2603.559986 3533.60748 -2721.259395)
(2878.497369 3533.60748 -2721.259395)
(3153.434752 3533.60748 -2721.259395)
(3428.372134 3533.60748 -2721.259395)
(3703.309517 3533.60748 -2721.259395)
(3978.2469 3533.60748 -2721.259395)
(-3994.9372 3761.41274 -2721.259395)
(-3719.999817 3761.41274 -2721.259395)
(-3445.062434 3761.41274 -2721.259395)
(-3170.125052 3761.41274 -2721.259395)
(-2895.187669 3761.41274 -2721.259395)
(-2620.250286 3761.41274 -2721.259395)
(-2345.312903 3761.41274 -2721.259395)
(-2070.375521 3761.41274 -2721.259395)
(-1795.438138 3761.41274 -2721.259395)
(-1520.500755 3761.41274 -2721.259395)
(-1245.563372 3761.41274 -2721.259395)
(-970.6259897 3761.41274 -2721.259395)
(-695.6886069 3761.41274 -2721.259395)
(-420.7512241 3761.41274 -2721.259395)
(-145.8138414 3761.41274 -2721.259395)
(129.1235414 3761.41274 -2721.259395)
(404.0609241 3761.41274 -2721.259395)
(678.9983069 3761.41274 -2721.259395)
(953.9356897 3761.41274 -2721.259395)
(1228.873072 3761.41274 -2721.259395)
(1503.810455 3761.41274 -2721.259395)
(1778.747838 3761.41274 -2721.259395)
(2053.685221 3761.41274 -2721.259395)
(2328.622603 3761.41274 -2721.259395)
(2603.559986 3761.41274 -2721.259395)
(2878.497369 3761.41274 -2721.259395)
(3153.434752 3761.41274 -2721.259395)
(3428.372134 3761.41274 -2721.259395)
(3703.309517 3761.41274 -2721.259395)
(3978.2469 3761.41274 -2721.259395)
(-3994.9372 3989.218 -2721.259395)
(-3719.999817 3989.218 -2721.259395)
(-3445.062434 3989.218 -2721.259395)
(-3170.125052 3989.218 -2721.259395)
(-2895.187669 3989.218 -2721.259395)
(-2620.250286 3989.218 -2721.259395)
(-2345.312903 3989.218 -2721.259395)
(-2070.375521 3989.218 -2721.259395)
(-1795.438138 3989.218 -2721.259395)
(-1520.500755 3989.218 -2721.259395)
(-1245.563372 3989.218 -2721.259395)
(-970.6259897 3989.218 -2721.259395)
(-695.6886069 3989.218 -2721.259395)
(-420.7512241 3989.218 -2721.259395)
(-145.8138414 3989.218 -2721.259395)
(129.1235414 3989.218 -2721.259395)
(404.0609241 3989.218 -2721.259395)
(678.9983069 3989.218 -2721.259395)
(953.9356897 3989.218 -2721.259395)
(1228.873072 3989.218 -2721.259395)
(1503.810455 3989.218 -2721.259395)
(1778.747838 3989.218 -2721.259395)
(2053.685221 3989.218 -2721.259395)
(2328.622603 3989.218 -2721.259395)
(2603.559986 3989.218 -2721.259395)
(2878.497369 3989.218 -2721.259395)
(3153.434752 3989.218 -2721.259395)
(3428.372134 3989.218 -2721.259395)
(3703.309517 3989.218 -2721.259395)
(3978.2469 3989.218 -2721.259395)
(-3994.9372 -3983.9661 -2301.618126)
(-3719.999817 -3983.9661 -2301.618126)
(-3445.062434 -3983.9661 -2301.618126)
(-3170.125052 -3983.9661 -2301.618126)
(-2895.187669 -3983.9661 -2301.618126)
(-2620.250286 -3983.9661 -2301.618126)
(-2345.312903 -3983.9661 -2301.618126)
(-2070.375521 -3983.9661 -2301.618126)
(-1795.438138 -3983.9661 -2301.618126)
(-1520.500755 -3983.9661 -2301.618126)
(-1245.563372 -3983.9661 -2301.618126)
(-970.6259897 -3983.9661 -2301.618126)
(-695.6886069 -3983.9661 -2301.618126)
(-420.7512241 -3983.9661 -2301.618126)
(-145.8138414 -3983.9661 -2301.618126)
(129.1235414 -3983.9661 -2301.618126)
(404.0609241 -3983.9661 -2301.618126)
(678.9983069 -3983.9661 -2301.618126)
(953.9356897 -3983.9661 -2301.618126)
(1228.873072 -3983.9661 -2301.618126)
(1503.810455 -3983.9661 -2301.618126)
(1778.747838 -3983.9661 -2301.618126)
(2053.685221 -3983.9661 -2301.618126)
(2328.622603 -3983.9661 -2301.618126)
(2603.559986 -3983.9661 -2301.618126)
(2878.497369 -3983.9661 -2301.618126)
(3153.434752 -3983.9661 -2301.618126)
(3428.372134 -3983.9661 -2301.618126)
(3703.309517 -3983.9661 -2301.618126)
(3978.2469 -3983.9661 -2301.618126)
(-3994.9372 -3756.16084 -2301.618126)
(-3719.999817 -3756.16084 -2301.618126)
(-3445.062434 -3756.16084 -2301.618126)
(-3170.125052 -3756.16084 -2301.618126)
(-2895.187669 -3756.16084 -2301.618126)
(-2620.250286 -3756.16084 -2301.618126)
(-2345.312903 -3756.16084 -2301.618126)
(-2070.375521 -3756.16084 -2301.618126)
(-1795.438138 -3756.16084 -2301.618126)
(-1520.500755 -3756.16084 -2301.618126)
(-1245.563372 -3756.16084 -2301.618126)
(-970.6259897 -3756.16084 -2301.618126)
(-695.6886069 -3756.16084 -2301.618126)
(-420.7512241 -3756.16084 -2301.618126)
(-145.8138414 -3756.16084 -2301.618126)
(129.1235414 -3756.16084 -2301.618126)
(404.0609241 -3756.16084 -2301.618126)
(678.9983069 -3756.16084 -2301.618126)
(953.9356897 -3756.16084 -2301.618126)
(1228.873072 -3756.16084 -2301.618126)
(1503.810455 -3756.16084 -2301.618126)
(1778.747838 -3756.16084 -2301.618126)
(2053.685221 -3756.16084 -2301.618126)
(2328.622603 -3756.16084 -2301.618126)
(2603.559986 -3756.16084 -2301.618126)
(2878.497369 -3756.16084 -2301.618126)
(3153.434752 -3756.16084 -2301.618126)
(3428.372134 -3756.16084 -2301.618126)
(3703.309517 -3756.16084 -2301.618126)
(3978.2469 -3756.16084 -2301.618126)
(-3994.9372 -3528.35558 -2301.618126)
(-3719.999817 -3528.35558 -2301.618126)
(-3445.062434 -3528.35558 -2301.618126)
(-3170.125052 -3528.35558 -2301.618126)
(-2895.187669 -3528.35558 -2301.618126)
(-2620.250286 -3528.35558 -2301.618126)
(-2345.312903 -3528.35558 -2301.618126)
(-2070.375521 -3528.35558 -2301.618126)
(-1795.438138 -3528.35558 -2301.618126)
(-1520.500755 -3528.35558 -2301.618126)
(-1245.563372 -3528.35558 -2301.618126)
(-970.6259897 -3528.35558 -2301.618126)
(-695.6886069 -3528.35558 -2301.618126)
(-420.7512241 -3528.35558 -2301.618126)
(-145.8138414 -3528.35558 -2301.618126)
(129.1235414 -3528.35558 -2301.618126)
(404.0609241 -3528.35558 -2301.618126)
(678.9983069 -3528.35558 -2301.618126)
(953.9356897 -3528.35558 -2301.618126)
(1228.873072 -3528.35558 -2301.618126)
(1503.810455 -3528.35558 -2301.618126)
(1778.747838 -3528.35558 -2301.618126)
(2053.685221 -3528.35558 -2301.618126)
(2328.622603 -3528.35558 -2301.618126)
(2603.559986 -3528.35558 -2301.618126)
(2878.497369 -3528.35558 -2301.618126)
(3153.434752 -3528.35558 -2301.618126)
(3428.372134 -3528.35558 -2301.618126)
(3703.309517 -3528.35558 -2301.618126)
(3978.2469 -3528.35558 -2301.618126)
(-3994.9372 -3300.55032 -2301.618126)
(-3719.999817 -3300.55032 -2301.618126)
(-3445.062434 -3300.55032 -2301.618126)
(-3170.125052 -3300.55032 -2301.618126)
(-2895.187669 -3300.55032 -2301.618126)
(-2620.250286 -3300.55032 -2301.618126)
(-2345.312903 -3300.55032 -2301.618126)
(-2070.375521 -3300.55032 -2301.618126)
(-1795.438138 -3300.55032 -2301.618126)
(-1520.500755 -3300.55032 -2301.618126)
(-1245.563372 -3300.55032 -2301.618126)
(-970.6259897 -3300.55032 -2301.618126)
(-695.6886069 -3300.55032 -2301.618126)
(-420.7512241 -3300.55032 -2301.618126)
(-145.8138414 -3300.55032 -2301.618126)
(129.1235414 -3300.55032 -2301.618126)
(404.0609241 -3300.55032 -2301.618126)
(678.9983069 -3300.55032 -2301.618126)
(953.9356897 -3300.55032 -2301.618126)
(1228.873072 -3300.55032 -2301.618126)
(1503.810455 -3300.55032 -2301.618126)
(1778.747838 -3300.55032 -2301.618126)
(2053.685221 -3300.55032 -2301.618126)
(2328.622603 -3300.55032 -2301.618126)
(2603.559986 -3300.55032 -2301.618126)
(2878.497369 -3300.55032 -2301.618126)
(3153.434752 -3300.55032 -2301.618126)
(3428.372134 -3300.55032 -2301.618126)
(3703.309517 -3300.55032 -2301.618126)
(3978.2469 -3300.55032 -2301.618126)
(-3994.9372 -3072.74506 -2301.618126)
(-3719.999817 -3072.74506 -2301.618126)
(-3445.062434 -3072.74506 -2301.618126)
(-3170.125052 -3072.74506 -2301.618126)
(-2895.187669 -3072.74506 -2301.618126)
(-2620.250286 -3072.74506 -2301.618126)
(-2345.312903 -3072.74506 -2301.618126)
(-2070.375521 -3072.74506 -2301.618126)
(-1795.438138 -3072.74506 -2301.618126)
(-1520.500755 -3072.74506 -2301.618126)
(-1245.563372 -3072.74506 -2301.618126)
(-970.6259897 -3072.74506 -2301.618126)
(-695.6886069 -3072.74506 -2301.618126)
(-420.7512241 -3072.74506 -2301.618126)
(-145.8138414 -3072.74506 -2301.618126)
(129.1235414 -3072.74506 -2301.618126)
(404.0609241 -3072.74506 -2301.618126)
(678.9983069 -3072.74506 -2301.618126)
(953.9356897 -3072.74506 -2301.618126)
(1228.873072 -3072.74506 -2301.618126)
(1503.810455 -3072.74506 -2301.618126)
(1778.747838 -3072.74506 -2301.618126)
(2053.685221 -3072.74506 -2301.618126)
(2328.622603 -3072.74506 -2301.618126)
(2603.559986 -3072.74506 -2301.618126)
(2878.497369 -3072.74506 -2301.618126)
(3153.434752 -3072.74506 -2301.618126)
(3428.372134 -3072.74506 -2301.618126)
(3703.309517 -3072.74506 -2301.618126)
(3978.2469 -3072.74506 -2301.618126)
(-3994.9372 -2844.9398 -2301.618126)
(-3719.999817 -2844.9398 -2301.618126)
(-3445.062434 -2844.9398 -2301.618126)
(-3170.125052 -2844.9398 -2301.618126)
(-2895.187669 -2844.9398 -2301.618126)
(-2620.250286 -2844.9398 -2301.618126)
(-2345.312903 -2844.9398 -2301.618126)
(-2070.375521 -2844.9398 -2301.618126)
(-1795.438138 -2844.9398 -2301.618126)
(-1520.500755 -2844.9398 -2301.618126)
(-1245.563372 -2844.9398 -2301.618126)
(-970.6259897 -2844.9398 -2301.618126)
(-695.6886069 -2844.9398 -2301.618126)
(-420.7512241 -2844.9398 -2301.618126)
(-145.8138414 -2844.9398 -2301.618126)
(129.1235414 -2844.9398 -2301.618126)
(404.0609241 -2844.9398 -2301.618126)
(678.9983069 -2844.9398 -2301.618126)
(953.9356897 -2844.9398 -2301.618126)
(1228.873072 -2844.9398 -2301.618126)
(1503.810455 -2844.9398 -2301.618126)
(1778.747838 -2844.9398 -2301.618126)
(2053.685221 -2844.9398 -2301.618126)
(2328.622603 -2844.9398 -2301.618126)
(2603.559986 -2844.9398 -2301.618126)
(2878.497369 -2844.9398 -2301.618126)
(3153.434752 -2844.9398 -2301.618126)
(3428.372134 -2844.9398 -2301.618126)
(3703.309517 -2844.9398 -2301.618126)
(3978.2469 -2844.9398 -2301.618126)
(-3994.9372 -2617.13454 -2301.618126)
(-3719.999817 -2617.13454 -2301.618126)
(-3445.062434 -2617.13454 -2301.618126)
(-3170.125052 -2617.13454 -2301.618126)
(-2895.187669 -2617.13454 -2301.618126)
(-2620.250286 -2617.13454 -2301.618126)
(-2345.312903 -2617.13454 -2301.618126)
(-2070.375521 -2617.13454 -2301.618126)
(-1795.438138 -2617.13454 -2301.618126)
(-1520.500755 -2617.13454 -2301.618126)
(-1245.563372 -2617.13454 -2301.618126)
(-970.6259897 -2617.13454 -2301.618126)
(-695.6886069 -2617.13454 -2301.618126)
(-420.7512241 -2617.13454 -2301.618126)
(-145.8138414 -2617.13454 -2301.618126)
(129.1235414 -2617.13454 -2301.618126)
(404.0609241 -2617.13454 -2301.618126)
(678.9983069 -2617.13454 -2301.618126)
(953.9356897 -2617.13454 -2301.618126)
(1228.873072 -2617.13454 -2301.618126)
(1503.810455 -2617.13454 -2301.618126)
(1778.747838 -2617.13454 -2301.618126)
(2053.685221 -2617.13454 -2301.618126)
(2328.622603 -2617.13454 -2301.618126)
(2603.559986 -2617.13454 -2301.618126)
(2878.497369 -2617.13454 -2301.618126)
(3153.434752 -2617.13454 -2301.618126)
(3428.372134 -2617.13454 -2301.618126)
(3703.309517 -2617.13454 -2301.618126)
(3978.2469 -2617.13454 -2301.618126)
(-3994.9372 -2389.32928 -2301.618126)
(-3719.999817 -2389.32928 -2301.618126)
(-3445.062434 -2389.32928 -2301.618126)
(-3170.125052 -2389.32928 -2301.618126)
(-2895.187669 -2389.32928 -2301.618126)
(-2620.250286 -2389.32928 -2301.618126)
(-2345.312903 -2389.32928 -2301.618126)
(-2070.375521 -2389.32928 -2301.618126)
(-1795.438138 -2389.32928 -2301.618126)
(-1520.500755 -2389.32928 -2301.618126)
(-1245.563372 -2389.32928 -2301.618126)
(-970.6259897 -2389.32928 -2301.618126)
(-695.6886069 -2389.32928 -2301.618126)
(-420.7512241 -2389.32928 -2301.618126)
(-145.8138414 -2389.32928 -2301.618126)
(129.1235414 -2389.32928 -2301.618126)
(404.0609241 -2389.32928 -2301.618126)
(678.9983069 -2389.32928 -2301.618126)
(953.9356897 -2389.32928 -2301.618126)
(1228.873072 -2389.32928 -2301.618126)
(1503.810455 -2389.32928 -2301.618126)
(1778.747838 -2389.32928 -2301.618126)
(2053.685221 -2389.32928 -2301.618126)
(2328.622603 -2389.32928 -2301.618126)
(2603.559986 -2389.32928 -2301.618126)
(2878.497369 -2389.32928 -2301.618126)
(3153.434752 -2389.32928 -2301.618126)
(3428.372134 -2389.32928 -2301.618126)
(3703.309517 -2389.32928 -2301.618126)
(3978.2469 -2389.32928 -2301.618126)
(-3994.9372 -2161.52402 -2301.618126)
(-3719.999817 -2161.52402 -2301.618126)
(-3445.062434 -2161.52402 -2301.618126)
(-3170.125052 -2161.52402 -2301.618126)
(-2895.187669 -2161.52402 -2301.618126)
(-2620.250286 -2161.52402 -2301.618126)
(-2345.312903 -2161.52402 -2301.618126)
(-2070.375521 -2161.52402 -2301.618126)
(-1795.438138 -2161.52402 -2301.618126)
(-1520.500755 -2161.52402 -2301.618126)
(-1245.563372 -2161.52402 -2301.618126)
(-970.6259897 -2161.52402 -2301.618126)
(-695.6886069 -2161.52402 -2301.618126)
(-420.7512241 -2161.52402 -2301.618126)
(-145.8138414 -2161.52402 -2301.618126)
(129.1235414 -2161.52402 -2301.618126)
(404.0609241 -2161.52402 -2301.618126)
(678.9983069 -2161.52402 -2301.618126)
(953.9356897 -2161.52402 -2301.618126)
(1228.873072 -2161.52402 -2301.618126)
(1503.810455 -2161.52402 -2301.618126)
(1778.747838 -2161.52402 -2301.618126)
(2053.685221 -2161.52402 -2301.618126)
(2328.622603 -2161.52402 -2301.618126)
(2603.559986 -2161.52402 -2301.618126)
(2878.497369 -2161.52402 -2301.618126)
(3153.434752 -2161.52402 -2301.618126)
(3428.372134 -2161.52402 -2301.618126)
(3703.309517 -2161.52402 -2301.618126)
(3978.2469 -2161.52402 -2301.618126)
(-3994.9372 -1933.71876 -2301.618126)
(-3719.999817 -1933.71876 -2301.618126)
(-3445.062434 -1933.71876 -2301.618126)
(-3170.125052 -1933.71876 -2301.618126)
(-2895.187669 -1933.71876 -2301.618126)
(-2620.250286 -1933.71876 -2301.618126)
(-2345.312903 -1933.71876 -2301.618126)
(-2070.375521 -1933.71876 -2301.618126)
(-1795.438138 -1933.71876 -2301.618126)
(-1520.500755 -1933.71876 -2301.618126)
(-1245.563372 -1933.71876 -2301.618126)
(-970.6259897 -1933.71876 -2301.618126)
(-695.6886069 -1933.71876 -2301.618126)
(-420.7512241 -1933.71876 -2301.618126)
(-145.8138414 -1933.71876 -2301.618126)
(129.1235414 -1933.71876 -2301.618126)
(404.0609241 -1933.71876 -2301.618126)
(678.9983069 -1933.71876 -2301.618126)
(953.9356897 -1933.71876 -2301.618126)
(1228.873072 -1933.71876 -2301.618126)
(1503.810455 -1933.71876 -2301.618126)
(1778.747838 -1933.71876 -2301.618126)
(2053.685221 -1933.71876 -2301.618126)
(2328.622603 -1933.71876 -2301.618126)
(2603.559986 -1933.71876 -2301.618126)
(2878.497369 -1933.71876 -2301.618126)
(3153.434752 -1933.71876 -2301.618126)
(3428.372134 -1933.71876 -2301.618126)
(3703.309517 -1933.71876 -2301.618126)
(3978.2469 -1933.71876 -2301.618126)
(-3994.9372 -1705.9135 -2301.618126)
(-3719.999817 -1705.9135 -2301.618126)
(-3445.062434 -1705.9135 -2301.618126)
(-3170.125052 -1705.9135 -2301.618126)
(-2895.187669 -1705.9135 -2301.618126)
(-2620.250286 -1705.9135 -2301.618126)
(-2345.312903 -1705.9135 -2301.618126)
(-2070.375521 -1705.9135 -2301.618126)
(-1795.438138 -1705.9135 -2301.618126)
(-1520.500755 -1705.9135 -2301.618126)
(-1245.563372 -1705.9135 -2301.618126)
(-970.6259897 -1705.9135 -2301.618126)
(-695.6886069 -1705.9135 -2301.618126)
(-420.7512241 -1705.9135 -2301.618126)
(-145.8138414 -1705.9135 -2301.618126)
(129.1235414 -1705.9135 -2301.618126)
(404.0609241 -1705.9135 -2301.618126)
(678.9983069 -1705.9135 -2301.618126)
(953.9356897 -1705.9135 -2301.618126)
(1228.873072 -1705.9135 -2301.618126)
(1503.810455 -1705.9135 -2301.618126)
(1778.747838 -1705.9135 -2301.618126)
(2053.685221 -1705.9135 -2301.618126)
(2328.622603 -1705.9135 -2301.618126)
(2603.559986 -1705.9135 -2301.618126)
(2878.497369 -1705.9135 -2301.618126)
(3153.434752 -1705.9135 -2301.618126)
(3428.372134 -1705.9135 -2301.618126)
(3703.309517 -1705.9135 -2301.618126)
(3978.2469 -1705.9135 -2301.618126)
(-3994.9372 -1478.10824 -2301.618126)
(-3719.999817 -1478.10824 -2301.618126)
(-3445.062434 -1478.10824 -2301.618126)
(-3170.125052 -1478.10824 -2301.618126)
(-2895.187669 -1478.10824 -2301.618126)
(-2620.250286 -1478.10824 -2301.618126)
(-2345.312903 -1478.10824 -2301.618126)
(-2070.375521 -1478.10824 -2301.618126)
(-1795.438138 -1478.10824 -2301.618126)
(-1520.500755 -1478.10824 -2301.618126)
(-1245.563372 -1478.10824 -2301.618126)
(-970.6259897 -1478.10824 -2301.618126)
(-695.6886069 -1478.10824 -2301.618126)
(-420.7512241 -1478.10824 -2301.618126)
(-145.8138414 -1478.10824 -2301.618126)
(129.1235414 -1478.10824 -2301.618126)
(404.0609241 -1478.10824 -2301.618126)
(678.9983069 -1478.10824 -2301.618126)
(953.9356897 -1478.10824 -2301.618126)
(1228.873072 -1478.10824 -2301.618126)
(1503.810455 -1478.10824 -2301.618126)
(1778.747838 -1478.10824 -2301.618126)
(2053.685221 -1478.10824 -2301.618126)
(2328.622603 -1478.10824 -2301.618126)
(2603.559986 -1478.10824 -2301.618126)
(2878.497369 -1478.10824 -2301.618126)
(3153.434752 -1478.10824 -2301.618126)
(3428.372134 -1478.10824 -2301.618126)
(3703.309517 -1478.10824 -2301.618126)
(3978.2469 -1478.10824 -2301.618126)
(-3994.9372 -1250.30298 -2301.618126)
(-3719.999817 -1250.30298 -2301.618126)
(-3445.062434 -1250.30298 -2301.618126)
(-3170.125052 -1250.30298 -2301.618126)
(-2895.187669 -1250.30298 -2301.618126)
(-2620.250286 -1250.30298 -2301.618126)
(-2345.312903 -1250.30298 -2301.618126)
(-2070.375521 -1250.30298 -2301.618126)
(-1795.438138 -1250.30298 -2301.618126)
(-1520.500755 -1250.30298 -2301.618126)
(-1245.563372 -1250.30298 -2301.618126)
(-970.6259897 -1250.30298 -2301.618126)
(-695.6886069 -1250.30298 -2301.618126)
(-420.7512241 -1250.30298 -2301.618126)
(-145.8138414 -1250.30298 -2301.618126)
(129.1235414 -1250.30298 -2301.618126)
(404.0609241 -1250.30298 -2301.618126)
(678.9983069 -1250.30298 -2301.618126)
(953.9356897 -1250.30298 -2301.618126)
(1228.873072 -1250.30298 -2301.618126)
(1503.810455 -1250.30298 -2301.618126)
(1778.747838 -1250.30298 -2301.618126)
(2053.685221 -1250.30298 -2301.618126)
(2328.622603 -1250.30298 -2301.618126)
(2603.559986 -1250.30298 -2301.618126)
(2878.497369 -1250.30298 -2301.618126)
(3153.434752 -1250.30298 -2301.618126)
(3428.372134 -1250.30298 -2301.618126)
(3703.309517 -1250.30298 -2301.618126)
(3978.2469 -1250.30298 -2301.618126)
(-3994.9372 -1022.49772 -2301.618126)
(-3719.999817 -1022.49772 -2301.618126)
(-3445.062434 -1022.49772 -2301.618126)
(-3170.125052 -1022.49772 -2301.618126)
(-2895.187669 -1022.49772 -2301.618126)
(-2620.250286 -1022.49772 -2301.618126)
(-2345.312903 -1022.49772 -2301.618126)
(-2070.375521 -1022.49772 -2301.618126)
(-1795.438138 -1022.49772 -2301.618126)
(-1520.500755 -1022.49772 -2301.618126)
(-1245.563372 -1022.49772 -2301.618126)
(-970.6259897 -1022.49772 -2301.618126)
(-695.6886069 -1022.49772 -2301.618126)
(-420.7512241 -1022.49772 -2301.618126)
(-145.8138414 -1022.49772 -2301.618126)
(129.1235414 -1022.49772 -2301.618126)
(404.0609241 -1022.49772 -2301.618126)
(678.9983069 -1022.49772 -2301.618126)
(953.9356897 -1022.49772 -2301.618126)
(1228.873072 -1022.49772 -2301.618126)
(1503.810455 -1022.49772 -2301.618126)
(1778.747838 -1022.49772 -2301.618126)
(2053.685221 -1022.49772 -2301.618126)
(2328.622603 -1022.49772 -2301.618126)
(2603.559986 -1022.49772 -2301.618126)
(2878.497369 -1022.49772 -2301.618126)
(3153.434752 -1022.49772 -2301.618126)
(3428.372134 -1022.49772 -2301.618126)
(3703.309517 -1022.49772 -2301.618126)
(3978.2469 -1022.49772 -2301.618126)
(-3994.9372 -794.69246 -2301.618126)
(-3719.999817 -794.69246 -2301.618126)
(-3445.062434 -794.69246 -2301.618126)
(-3170.125052 -794.69246 -2301.618126)
(-2895.187669 -794.69246 -2301.618126)
(-2620.250286 -794.69246 -2301.618126)
(-2345.312903 -794.69246 -2301.618126)
(-2070.375521 -794.69246 -2301.618126)
(-1795.438138 -794.69246 -2301.618126)
(-1520.500755 -794.69246 -2301.618126)
(-1245.563372 -794.69246 -2301.618126)
(-970.6259897 -794.69246 -2301.618126)
(-695.6886069 -794.69246 -2301.618126)
(-420.7512241 -794.69246 -2301.618126)
(-145.8138414 -794.69246 -2301.618126)
(129.1235414 -794.69246 -2301.618126)
(404.0609241 -794.69246 -2301.618126)
(678.9983069 -794.69246 -2301.618126)
(953.9356897 -794.69246 -2301.618126)
(1228.873072 -794.69246 -2301.618126)
(1503.810455 -794.69246 -2301.618126)
(1778.747838 -794.69246 -2301.618126)
(2053.685221 -794.69246 -2301.618126)
(2328.622603 -794.69246 -2301.618126)
(2603.559986 -794.69246 -2301.618126)
(2878.497369 -794.69246 -2301.618126)
(3153.434752 -794.69246 -2301.618126)
(3428.372134 -794.69246 -2301.618126)
(3703.309517 -794.69246 -2301.618126)
(3978.2469 -794.69246 -2301.618126)
(-3994.9372 -566.8872 -2301.618126)
(-3719.999817 -566.8872 -2301.618126)
(-3445.062434 -566.8872 -2301.618126)
(-3170.125052 -566.8872 -2301.618126)
(-2895.187669 -566.8872 -2301.618126)
(-2620.250286 -566.8872 -2301.618126)
(-2345.312903 -566.8872 -2301.618126)
(-2070.375521 -566.8872 -2301.618126)
(-1795.438138 -566.8872 -2301.618126)
(-1520.500755 -566.8872 -2301.618126)
(-1245.563372 -566.8872 -2301.618126)
(-970.6259897 -566.8872 -2301.618126)
(-695.6886069 -566.8872 -2301.618126)
(-420.7512241 -566.8872 -2301.618126)
(-145.8138414 -566.8872 -2301.618126)
(129.1235414 -566.8872 -2301.618126)
(404.0609241 -566.8872 -2301.618126)
(678.9983069 -566.8872 -2301.618126)
(953.9356897 -566.8872 -2301.618126)
(1228.873072 -566.8872 -2301.618126)
(1503.810455 -566.8872 -2301.618126)
(1778.747838 -566.8872 -2301.618126)
(2053.685221 -566.8872 -2301.618126)
(2328.622603 -566.8872 -2301.618126)
(2603.559986 -566.8872 -2301.618126)
(2878.497369 -566.8872 -2301.618126)
(3153.434752 -566.8872 -2301.618126)
(3428.372134 -566.8872 -2301.618126)
(3703.309517 -566.8872 -2301.618126)
(3978.2469 -566.8872 -2301.618126)
(-3994.9372 -339.08194 -2301.618126)
(-3719.999817 -339.08194 -2301.618126)
(-3445.062434 -339.08194 -2301.618126)
(-3170.125052 -339.08194 -2301.618126)
(-2895.187669 -339.08194 -2301.618126)
(-2620.250286 -339.08194 -2301.618126)
(-2345.312903 -339.08194 -2301.618126)
(-2070.375521 -339.08194 -2301.618126)
(-1795.438138 -339.08194 -2301.618126)
(-1520.500755 -339.08194 -2301.618126)
(-1245.563372 -339.08194 -2301.618126)
(-970.6259897 -339.08194 -2301.618126)
(-695.6886069 -339.08194 -2301.618126)
(-420.7512241 -339.08194 -2301.618126)
(-145.8138414 -339.08194 -2301.618126)
(129.1235414 -339.08194 -2301.618126)
(404.0609241 -339.08194 -2301.618126)
(678.9983069 -339.08194 -2301.618126)
(953.9356897 -339.08194 -2301.618126)
(1228.873072 -339.08194 -2301.618126)
(1503.810455 -339.08194 -2301.618126)
(1778.747838 -339.08194 -2301.618126)
(2053.685221 -339.08194 -2301.618126)
(2328.622603 -339.08194 -2301.618126)
(2603.559986 -339.08194 -2301.618126)
(2878.497369 -339.08194 -2301.618126)
(3153.434752 -339.08194 -2301.618126)
(3428.372134 -339.08194 -2301.618126)
(3703.309517 -339.08194 -2301.618126)
(3978.2469 -339.08194 -2301.618126)
(-3994.9372 -111.27668 -2301.618126)
(-3719.999817 -111.27668 -2301.618126)
(-3445.062434 -111.27668 -2301.618126)
(-3170.125052 -111.27668 -2301.618126)
(-2895.187669 -111.27668 -2301.618126)
(-2620.250286 -111.27668 -2301.618126)
(-2345.312903 -111.27668 -2301.618126)
(-2070.375521 -111.27668 -2301.618126)
(-1795.438138 -111.27668 -2301.618126)
(-1520.500755 -111.27668 -2301.618126)
(-1245.563372 -111.27668 -2301.618126)
(-970.6259897 -111.27668 -2301.618126)
(-695.6886069 -111.27668 -2301.618126)
(-420.7512241 -111.27668 -2301.618126)
(-145.8138414 -111.27668 -2301.618126)
(129.1235414 -111.27668 -2301.618126)
(404.0609241 -111.27668 -2301.618126)
(678.9983069 -111.27668 -2301.618126)
(953.9356897 -111.27668 -2301.618126)
(1228.873072 -111.27668 -2301.618126)
(1503.810455 -111.27668 -2301.618126)
(1778.747838 -111.27668 -2301.618126)
(2053.685221 -111.27668 -2301.618126)
(2328.622603 -111.27668 -2301.618126)
(2603.559986 -111.27668 -2301.618126)
(2878.497369 -111.27668 -2301.618126)
(3153.434752 -111.27668 -2301.618126)
(3428.372134 -111.27668 -2301.618126)
(3703.309517 -111.27668 -2301.618126)
(3978.2469 -111.27668 -2301.618126)
(-3994.9372 116.52858 -2301.618126)
(-3719.999817 116.52858 -2301.618126)
(-3445.062434 116.52858 -2301.618126)
(-3170.125052 116.52858 -2301.618126)
(-2895.187669 116.52858 -2301.618126)
(-2620.250286 116.52858 -2301.618126)
(-2345.312903 116.52858 -2301.618126)
(-2070.375521 116.52858 -2301.618126)
(-1795.438138 116.52858 -2301.618126)
(-1520.500755 116.52858 -2301.618126)
(-1245.563372 116.52858 -2301.618126)
(-970.6259897 116.52858 -2301.618126)
(-695.6886069 116.52858 -2301.618126)
(-420.7512241 116.52858 -2301.618126)
(-145.8138414 116.52858 -2301.618126)
(129.1235414 116.52858 -2301.618126)
(404.0609241 116.52858 -2301.618126)
(678.9983069 116.52858 -2301.618126)
(953.9356897 116.52858 -2301.618126)
(1228.873072 116.52858 -2301.618126)
(1503.810455 116.52858 -2301.618126)
(1778.747838 116.52858 -2301.618126)
(2053.685221 116.52858 -2301.618126)
(2328.622603 116.52858 -2301.618126)
(2603.559986 116.52858 -2301.618126)
(2878.497369 116.52858 -2301.618126)
(3153.434752 116.52858 -2301.618126)
(3428.372134 116.52858 -2301.618126)
(3703.309517 116.52858 -2301.618126)
(3978.2469 116.52858 -2301.618126)
(-3994.9372 344.33384 -2301.618126)
(-3719.999817 344.33384 -2301.618126)
(-3445.062434 344.33384 -2301.618126)
(-3170.125052 344.33384 -2301.618126)
(-2895.187669 344.33384 -2301.618126)
(-2620.250286 344.33384 -2301.618126)
(-2345.312903 344.33384 -2301.618126)
(-2070.375521 344.33384 -2301.618126)
(-1795.438138 344.33384 -2301.618126)
(-1520.500755 344.33384 -2301.618126)
(-1245.563372 344.33384 -2301.618126)
(-970.6259897 344.33384 -2301.618126)
(-695.6886069 344.33384 -2301.618126)
(-420.7512241 344.33384 -2301.618126)
(-145.8138414 344.33384 -2301.618126)
(129.1235414 344.33384 -2301.618126)
(404.0609241 344.33384 -2301.618126)
(678.9983069 344.33384 -2301.618126)
(953.9356897 344.33384 -2301.618126)
(1228.873072 344.33384 -2301.618126)
(1503.810455 344.33384 -2301.618126)
(1778.747838 344.33384 -2301.618126)
(2053.685221 344.33384 -2301.618126)
(2328.622603 344.33384 -2301.618126)
(2603.559986 344.33384 -2301.618126)
(2878.497369 344.33384 -2301.618126)
(3153.434752 344.33384 -2301.618126)
(3428.372134 344.33384 -2301.618126)
(3703.309517 344.33384 -2301.618126)
(3978.2469 344.33384 -2301.618126)
(-3994.9372 572.1391 -2301.618126)
(-3719.999817 572.1391 -2301.618126)
(-3445.062434 572.1391 -2301.618126)
(-3170.125052 572.1391 -2301.618126)
(-2895.187669 572.1391 -2301.618126)
(-2620.250286 572.1391 -2301.618126)
(-2345.312903 572.1391 -2301.618126)
(-2070.375521 572.1391 -2301.618126)
(-1795.438138 572.1391 -2301.618126)
(-1520.500755 572.1391 -2301.618126)
(-1245.563372 572.1391 -2301.618126)
(-970.6259897 572.1391 -2301.618126)
(-695.6886069 572.1391 -2301.618126)
(-420.7512241 572.1391 -2301.618126)
(-145.8138414 572.1391 -2301.618126)
(129.1235414 572.1391 -2301.618126)
(404.0609241 572.1391 -2301.618126)
(678.9983069 572.1391 -2301.618126)
(953.9356897 572.1391 -2301.618126)
(1228.873072 572.1391 -2301.618126)
(1503.810455 572.1391 -2301.618126)
(1778.747838 572.1391 -2301.618126)
(2053.685221 572.1391 -2301.618126)
(2328.622603 572.1391 -2301.618126)
(2603.559986 572.1391 -2301.618126)
(2878.497369 572.1391 -2301.618126)
(3153.434752 572.1391 -2301.618126)
(3428.372134 572.1391 -2301.618126)
(3703.309517 572.1391 -2301.618126)
(3978.2469 572.1391 -2301.618126)
(-3994.9372 799.94436 -2301.618126)
(-3719.999817 799.94436 -2301.618126)
(-3445.062434 799.94436 -2301.618126)
(-3170.125052 799.94436 -2301.618126)
(-2895.187669 799.94436 -2301.618126)
(-2620.250286 799.94436 -2301.618126)
(-2345.312903 799.94436 -2301.618126)
(-2070.375521 799.94436 -2301.618126)
(-1795.438138 799.94436 -2301.618126)
(-1520.500755 799.94436 -2301.618126)
(-1245.563372 799.94436 -2301.618126)
(-970.6259897 799.94436 -2301.618126)
(-695.6886069 799.94436 -2301.618126)
(-420.7512241 799.94436 -2301.618126)
(-145.8138414 799.94436 -2301.618126)
(129.1235414 799.94436 -2301.618126)
(404.0609241 799.94436 -2301.618126)
(678.9983069 799.94436 -2301.618126)
(953.9356897 799.94436 -2301.618126)
(1228.873072 799.94436 -2301.618126)
(1503.810455 799.94436 -2301.618126)
(1778.747838 799.94436 -2301.618126)
(2053.685221 799.94436 -2301.618126)
(2328.622603 799.94436 -2301.618126)
(2603.559986 799.94436 -2301.618126)
(2878.497369 799.94436 -2301.618126)
(3153.434752 799.94436 -2301.618126)
(3428.372134 799.94436 -2301.618126)
(3703.309517 799.94436 -2301.618126)
(3978.2469 799.94436 -2301.618126)
(-3994.9372 1027.74962 -2301.618126)
(-3719.999817 1027.74962 -2301.618126)
(-3445.062434 1027.74962 -2301.618126)
(-3170.125052 1027.74962 -2301.618126)
(-2895.187669 1027.74962 -2301.618126)
(-2620.250286 1027.74962 -2301.618126)
(-2345.312903 1027.74962 -2301.618126)
(-2070.375521 1027.74962 -2301.618126)
(-1795.438138 1027.74962 -2301.618126)
(-1520.500755 1027.74962 -2301.618126)
(-1245.563372 1027.74962 -2301.618126)
(-970.6259897 1027.74962 -2301.618126)
(-695.6886069 1027.74962 -2301.618126)
(-420.7512241 1027.74962 -2301.618126)
(-145.8138414 1027.74962 -2301.618126)
(129.1235414 1027.74962 -2301.618126)
(404.0609241 1027.74962 -2301.618126)
(678.9983069 1027.74962 -2301.618126)
(953.9356897 1027.74962 -2301.618126)
(1228.873072 1027.74962 -2301.618126)
(1503.810455 1027.74962 -2301.618126)
(1778.747838 1027.74962 -2301.618126)
(2053.685221 1027.74962 -2301.618126)
(2328.622603 1027.74962 -2301.618126)
(2603.559986 1027.74962 -2301.618126)
(2878.497369 1027.74962 -2301.618126)
(3153.434752 1027.74962 -2301.618126)
(3428.372134 1027.74962 -2301.618126)
(3703.309517 1027.74962 -2301.618126)
(3978.2469 1027.74962 -2301.618126)
(-3994.9372 1255.55488 -2301.618126)
(-3719.999817 1255.55488 -2301.618126)
(-3445.062434 1255.55488 -2301.618126)
(-3170.125052 1255.55488 -2301.618126)
(-2895.187669 1255.55488 -2301.618126)
(-2620.250286 1255.55488 -2301.618126)
(-2345.312903 1255.55488 -2301.618126)
(-2070.375521 1255.55488 -2301.618126)
(-1795.438138 1255.55488 -2301.618126)
(-1520.500755 1255.55488 -2301.618126)
(-1245.563372 1255.55488 -2301.618126)
(-970.6259897 1255.55488 -2301.618126)
(-695.6886069 1255.55488 -2301.618126)
(-420.7512241 1255.55488 -2301.618126)
(-145.8138414 1255.55488 -2301.618126)
(129.1235414 1255.55488 -2301.618126)
(404.0609241 1255.55488 -2301.618126)
(678.9983069 1255.55488 -2301.618126)
(953.9356897 1255.55488 -2301.618126)
(1228.873072 1255.55488 -2301.618126)
(1503.810455 1255.55488 -2301.618126)
(1778.747838 1255.55488 -2301.618126)
(2053.685221 1255.55488 -2301.618126)
(2328.622603 1255.55488 -2301.618126)
(2603.559986 1255.55488 -2301.618126)
(2878.497369 1255.55488 -2301.618126)
(3153.434752 1255.55488 -2301.618126)
(3428.372134 1255.55488 -2301.618126)
(3703.309517 1255.55488 -2301.618126)
(3978.2469 1255.55488 -2301.618126)
(-3994.9372 1483.36014 -2301.618126)
(-3719.999817 1483.36014 -2301.618126)
(-3445.062434 1483.36014 -2301.618126)
(-3170.125052 1483.36014 -2301.618126)
(-2895.187669 1483.36014 -2301.618126)
(-2620.250286 1483.36014 -2301.618126)
(-2345.312903 1483.36014 -2301.618126)
(-2070.375521 1483.36014 -2301.618126)
(-1795.438138 1483.36014 -2301.618126)
(-1520.500755 1483.36014 -2301.618126)
(-1245.563372 1483.36014 -2301.618126)
(-970.6259897 1483.36014 -2301.618126)
(-695.6886069 1483.36014 -2301.618126)
(-420.7512241 1483.36014 -2301.618126)
(-145.8138414 1483.36014 -2301.618126)
(129.1235414 1483.36014 -2301.618126)
(404.0609241 1483.36014 -2301.618126)
(678.9983069 1483.36014 -2301.618126)
(953.9356897 1483.36014 -2301.618126)
(1228.873072 1483.36014 -2301.618126)
(1503.810455 1483.36014 -2301.618126)
(1778.747838 1483.36014 -2301.618126)
(2053.685221 1483.36014 -2301.618126)
(2328.622603 1483.36014 -2301.618126)
(2603.559986 1483.36014 -2301.618126)
(2878.497369 1483.36014 -2301.618126)
(3153.434752 1483.36014 -2301.618126)
(3428.372134 1483.36014 -2301.618126)
(3703.309517 1483.36014 -2301.618126)
(3978.2469 1483.36014 -2301.618126)
(-3994.9372 1711.1654 -2301.618126)
(-3719.999817 1711.1654 -2301.618126)
(-3445.062434 1711.1654 -2301.618126)
(-3170.125052 1711.1654 -2301.618126)
(-2895.187669 1711.1654 -2301.618126)
(-2620.250286 1711.1654 -2301.618126)
(-2345.312903 1711.1654 -2301.618126)
(-2070.375521 1711.1654 -2301.618126)
(-1795.438138 1711.1654 -2301.618126)
(-1520.500755 1711.1654 -2301.618126)
(-1245.563372 1711.1654 -2301.618126)
(-970.6259897 1711.1654 -2301.618126)
(-695.6886069 1711.1654 -2301.618126)
(-420.7512241 1711.1654 -2301.618126)
(-145.8138414 1711.1654 -2301.618126)
(129.1235414 1711.1654 -2301.618126)
(404.0609241 1711.1654 -2301.618126)
(678.9983069 1711.1654 -2301.618126)
(953.9356897 1711.1654 -2301.618126)
(1228.873072 1711.1654 -2301.618126)
(1503.810455 1711.1654 -2301.618126)
(1778.747838 1711.1654 -2301.618126)
(2053.685221 1711.1654 -2301.618126)
(2328.622603 1711.1654 -2301.618126)
(2603.559986 1711.1654 -2301.618126)
(2878.497369 1711.1654 -2301.618126)
(3153.434752 1711.1654 -2301.618126)
(3428.372134 1711.1654 -2301.618126)
(3703.309517 1711.1654 -2301.618126)
(3978.2469 1711.1654 -2301.618126)
(-3994.9372 1938.97066 -2301.618126)
(-3719.999817 1938.97066 -2301.618126)
(-3445.062434 1938.97066 -2301.618126)
(-3170.125052 1938.97066 -2301.618126)
(-2895.187669 1938.97066 -2301.618126)
(-2620.250286 1938.97066 -2301.618126)
(-2345.312903 1938.97066 -2301.618126)
(-2070.375521 1938.97066 -2301.618126)
(-1795.438138 1938.97066 -2301.618126)
(-1520.500755 1938.97066 -2301.618126)
(-1245.563372 1938.97066 -2301.618126)
(-970.6259897 1938.97066 -2301.618126)
(-695.6886069 1938.97066 -2301.618126)
(-420.7512241 1938.97066 -2301.618126)
(-145.8138414 1938.97066 -2301.618126)
(129.1235414 1938.97066 -2301.618126)
(404.0609241 1938.97066 -2301.618126)
(678.9983069 1938.97066 -2301.618126)
(953.9356897 1938.97066 -2301.618126)
(1228.873072 1938.97066 -2301.618126)
(1503.810455 1938.97066 -2301.618126)
(1778.747838 1938.97066 -2301.618126)
(2053.685221 1938.97066 -2301.618126)
(2328.622603 1938.97066 -2301.618126)
(2603.559986 1938.97066 -2301.618126)
(2878.497369 1938.97066 -2301.618126)
(3153.434752 1938.97066 -2301.618126)
(3428.372134 1938.97066 -2301.618126)
(3703.309517 1938.97066 -2301.618126)
(3978.2469 1938.97066 -2301.618126)
(-3994.9372 2166.77592 -2301.618126)
(-3719.999817 2166.77592 -2301.618126)
(-3445.062434 2166.77592 -2301.618126)
(-3170.125052 2166.77592 -2301.618126)
(-2895.187669 2166.77592 -2301.618126)
(-2620.250286 2166.77592 -2301.618126)
(-2345.312903 2166.77592 -2301.618126)
(-2070.375521 2166.77592 -2301.618126)
(-1795.438138 2166.77592 -2301.618126)
(-1520.500755 2166.77592 -2301.618126)
(-1245.563372 2166.77592 -2301.618126)
(-970.6259897 2166.77592 -2301.618126)
(-695.6886069 2166.77592 -2301.618126)
(-420.7512241 2166.77592 -2301.618126)
(-145.8138414 2166.77592 -2301.618126)
(129.1235414 2166.77592 -2301.618126)
(404.0609241 2166.77592 -2301.618126)
(678.9983069 2166.77592 -2301.618126)
(953.9356897 2166.77592 -2301.618126)
(1228.873072 2166.77592 -2301.618126)
(1503.810455 2166.77592 -2301.618126)
(1778.747838 2166.77592 -2301.618126)
(2053.685221 2166.77592 -2301.618126)
(2328.622603 2166.77592 -2301.618126)
(2603.559986 2166.77592 -2301.618126)
(2878.497369 2166.77592 -2301.618126)
(3153.434752 2166.77592 -2301.618126)
(3428.372134 2166.77592 -2301.618126)
(3703.309517 2166.77592 -2301.618126)
(3978.2469 2166.77592 -2301.618126)
(-3994.9372 2394.58118 -2301.618126)
(-3719.999817 2394.58118 -2301.618126)
(-3445.062434 2394.58118 -2301.618126)
(-3170.125052 2394.58118 -2301.618126)
(-2895.187669 2394.58118 -2301.618126)
(-2620.250286 2394.58118 -2301.618126)
(-2345.312903 2394.58118 -2301.618126)
(-2070.375521 2394.58118 -2301.618126)
(-1795.438138 2394.58118 -2301.618126)
(-1520.500755 2394.58118 -2301.618126)
(-1245.563372 2394.58118 -2301.618126)
(-970.6259897 2394.58118 -2301.618126)
(-695.6886069 2394.58118 -2301.618126)
(-420.7512241 2394.58118 -2301.618126)
(-145.8138414 2394.58118 -2301.618126)
(129.1235414 2394.58118 -2301.618126)
(404.0609241 2394.58118 -2301.618126)
(678.9983069 2394.58118 -2301.618126)
(953.9356897 2394.58118 -2301.618126)
(1228.873072 2394.58118 -2301.618126)
(1503.810455 2394.58118 -2301.618126)
(1778.747838 2394.58118 -2301.618126)
(2053.685221 2394.58118 -2301.618126)
(2328.622603 2394.58118 -2301.618126)
(2603.559986 2394.58118 -2301.618126)
(2878.497369 2394.58118 -2301.618126)
(3153.434752 2394.58118 -2301.618126)
(3428.372134 2394.58118 -2301.618126)
(3703.309517 2394.58118 -2301.618126)
(3978.2469 2394.58118 -2301.618126)
(-3994.9372 2622.38644 -2301.618126)
(-3719.999817 2622.38644 -2301.618126)
(-3445.062434 2622.38644 -2301.618126)
(-3170.125052 2622.38644 -2301.618126)
(-2895.187669 2622.38644 -2301.618126)
(-2620.250286 2622.38644 -2301.618126)
(-2345.312903 2622.38644 -2301.618126)
(-2070.375521 2622.38644 -2301.618126)
(-1795.438138 2622.38644 -2301.618126)
(-1520.500755 2622.38644 -2301.618126)
(-1245.563372 2622.38644 -2301.618126)
(-970.6259897 2622.38644 -2301.618126)
(-695.6886069 2622.38644 -2301.618126)
(-420.7512241 2622.38644 -2301.618126)
(-145.8138414 2622.38644 -2301.618126)
(129.1235414 2622.38644 -2301.618126)
(404.0609241 2622.38644 -2301.618126)
(678.9983069 2622.38644 -2301.618126)
(953.9356897 2622.38644 -2301.618126)
(1228.873072 2622.38644 -2301.618126)
(1503.810455 2622.38644 -2301.618126)
(1778.747838 2622.38644 -2301.618126)
(2053.685221 2622.38644 -2301.618126)
(2328.622603 2622.38644 -2301.618126)
(2603.559986 2622.38644 -2301.618126)
(2878.497369 2622.38644 -2301.618126)
(3153.434752 2622.38644 -2301.618126)
(3428.372134 2622.38644 -2301.618126)
(3703.309517 2622.38644 -2301.618126)
(3978.2469 2622.38644 -2301.618126)
(-3994.9372 2850.1917 -2301.618126)
(-3719.999817 2850.1917 -2301.618126)
(-3445.062434 2850.1917 -2301.618126)
(-3170.125052 2850.1917 -2301.618126)
(-2895.187669 2850.1917 -2301.618126)
(-2620.250286 2850.1917 -2301.618126)
(-2345.312903 2850.1917 -2301.618126)
(-2070.375521 2850.1917 -2301.618126)
(-1795.438138 2850.1917 -2301.618126)
(-1520.500755 2850.1917 -2301.618126)
(-1245.563372 2850.1917 -2301.618126)
(-970.6259897 2850.1917 -2301.618126)
(-695.6886069 2850.1917 -2301.618126)
(-420.7512241 2850.1917 -2301.618126)
(-145.8138414 2850.1917 -2301.618126)
(129.1235414 2850.1917 -2301.618126)
(404.0609241 2850.1917 -2301.618126)
(678.9983069 2850.1917 -2301.618126)
(953.9356897 2850.1917 -2301.618126)
(1228.873072 2850.1917 -2301.618126)
(1503.810455 2850.1917 -2301.618126)
(1778.747838 2850.1917 -2301.618126)
(2053.685221 2850.1917 -2301.618126)
(2328.622603 2850.1917 -2301.618126)
(2603.559986 2850.1917 -2301.618126)
(2878.497369 2850.1917 -2301.618126)
(3153.434752 2850.1917 -2301.618126)
(3428.372134 2850.1917 -2301.618126)
(3703.309517 2850.1917 -2301.618126)
(3978.2469 2850.1917 -2301.618126)
(-3994.9372 3077.99696 -2301.618126)
(-3719.999817 3077.99696 -2301.618126)
(-3445.062434 3077.99696 -2301.618126)
(-3170.125052 3077.99696 -2301.618126)
(-2895.187669 3077.99696 -2301.618126)
(-2620.250286 3077.99696 -2301.618126)
(-2345.312903 3077.99696 -2301.618126)
(-2070.375521 3077.99696 -2301.618126)
(-1795.438138 3077.99696 -2301.618126)
(-1520.500755 3077.99696 -2301.618126)
(-1245.563372 3077.99696 -2301.618126)
(-970.6259897 3077.99696 -2301.618126)
(-695.6886069 3077.99696 -2301.618126)
(-420.7512241 3077.99696 -2301.618126)
(-145.8138414 3077.99696 -2301.618126)
(129.1235414 3077.99696 -2301.618126)
(404.0609241 3077.99696 -2301.618126)
(678.9983069 3077.99696 -2301.618126)
(953.9356897 3077.99696 -2301.618126)
(1228.873072 3077.99696 -2301.618126)
(1503.810455 3077.99696 -2301.618126)
(1778.747838 3077.99696 -2301.618126)
(2053.685221 3077.99696 -2301.618126)
(2328.622603 3077.99696 -2301.618126)
(2603.559986 3077.99696 -2301.618126)
(2878.497369 3077.99696 -2301.618126)
(3153.434752 3077.99696 -2301.618126)
(3428.372134 3077.99696 -2301.618126)
(3703.309517 3077.99696 -2301.618126)
(3978.2469 3077.99696 -2301.618126)
(-3994.9372 3305.80222 -2301.618126)
(-3719.999817 3305.80222 -2301.618126)
(-3445.062434 3305.80222 -2301.618126)
(-3170.125052 3305.80222 -2301.618126)
(-2895.187669 3305.80222 -2301.618126)
(-2620.250286 3305.80222 -2301.618126)
(-2345.312903 3305.80222 -2301.618126)
(-2070.375521 3305.80222 -2301.618126)
(-1795.438138 3305.80222 -2301.618126)
(-1520.500755 3305.80222 -2301.618126)
(-1245.563372 3305.80222 -2301.618126)
(-970.6259897 3305.80222 -2301.618126)
(-695.6886069 3305.80222 -2301.618126)
(-420.7512241 3305.80222 -2301.618126)
(-145.8138414 3305.80222 -2301.618126)
(129.1235414 3305.80222 -2301.618126)
(404.0609241 3305.80222 -2301.618126)
(678.9983069 3305.80222 -2301.618126)
(953.9356897 3305.80222 -2301.618126)
(1228.873072 3305.80222 -2301.618126)
(1503.810455 3305.80222 -2301.618126)
(1778.747838 3305.80222 -2301.618126)
(2053.685221 3305.80222 -2301.618126)
(2328.622603 3305.80222 -2301.618126)
(2603.559986 3305.80222 -2301.618126)
(2878.497369 3305.80222 -2301.618126)
(3153.434752 3305.80222 -2301.618126)
(3428.372134 3305.80222 -2301.618126)
(3703.309517 3305.80222 -2301.618126)
(3978.2469 3305.80222 -2301.618126)
(-3994.9372 3533.60748 -2301.618126)
(-3719.999817 3533.60748 -2301.618126)
(-3445.062434 3533.60748 -2301.618126)
(-3170.125052 3533.60748 -2301.618126)
(-2895.187669 3533.60748 -2301.618126)
(-2620.250286 3533.60748 -2301.618126)
(-2345.312903 3533.60748 -2301.618126)
(-2070.375521 3533.60748 -2301.618126)
(-1795.438138 3533.60748 -2301.618126)
(-1520.500755 3533.60748 -2301.618126)
(-1245.563372 3533.60748 -2301.618126)
(-970.6259897 3533.60748 -2301.618126)
(-695.6886069 3533.60748 -2301.618126)
(-420.7512241 3533.60748 -2301.618126)
(-145.8138414 3533.60748 -2301.618126)
(129.1235414 3533.60748 -2301.618126)
(404.0609241 3533.60748 -2301.618126)
(678.9983069 3533.60748 -2301.618126)
(953.9356897 3533.60748 -2301.618126)
(1228.873072 3533.60748 -2301.618126)
(1503.810455 3533.60748 -2301.618126)
(1778.747838 3533.60748 -2301.618126)
(2053.685221 3533.60748 -2301.618126)
(2328.622603 3533.60748 -2301.618126)
(2603.559986 3533.60748 -2301.618126)
(2878.497369 3533.60748 -2301.618126)
(3153.434752 3533.60748 -2301.618126)
(3428.372134 3533.60748 -2301.618126)
(3703.309517 3533.60748 -2301.618126)
(3978.2469 3533.60748 -2301.618126)
(-3994.9372 3761.41274 -2301.618126)
(-3719.999817 3761.41274 -2301.618126)
(-3445.062434 3761.41274 -2301.618126)
(-3170.125052 3761.41274 -2301.618126)
(-2895.187669 3761.41274 -2301.618126)
(-2620.250286 3761.41274 -2301.618126)
(-2345.312903 3761.41274 -2301.618126)
(-2070.375521 3761.41274 -2301.618126)
(-1795.438138 3761.41274 -2301.618126)
(-1520.500755 3761.41274 -2301.618126)
(-1245.563372 3761.41274 -2301.618126)
(-970.6259897 3761.41274 -2301.618126)
(-695.6886069 3761.41274 -2301.618126)
(-420.7512241 3761.41274 -2301.618126)
(-145.8138414 3761.41274 -2301.618126)
(129.1235414 3761.41274 -2301.618126)
(404.0609241 3761.41274 -2301.618126)
(678.9983069 3761.41274 -2301.618126)
(953.9356897 3761.41274 -2301.618126)
(1228.873072 3761.41274 -2301.618126)
(1503.810455 3761.41274 -2301.618126)
(1778.747838 3761.41274 -2301.618126)
(2053.685221 3761.41274 -2301.618126)
(2328.622603 3761.41274 -2301.618126)
(2603.559986 3761.41274 -2301.618126)
(2878.497369 3761.41274 -2301.618126)
(3153.434752 3761.41274 -2301.618126)
(3428.372134 3761.41274 -2301.618126)
(3703.309517 3761.41274 -2301.618126)
(3978.2469 3761.41274 -2301.618126)
(-3994.9372 3989.218 -2301.618126)
(-3719.999817 3989.218 -2301.618126)
(-3445.062434 3989.218 -2301.618126)
(-3170.125052 3989.218 -2301.618126)
(-2895.187669 3989.218 -2301.618126)
(-2620.250286 3989.218 -2301.618126)
(-2345.312903 3989.218 -2301.618126)
(-2070.375521 3989.218 -2301.618126)
(-1795.438138 3989.218 -2301.618126)
(-1520.500755 3989.218 -2301.618126)
(-1245.563372 3989.218 -2301.618126)
(-970.6259897 3989.218 -2301.618126)
(-695.6886069 3989.218 -2301.618126)
(-420.7512241 3989.218 -2301.618126)
(-145.8138414 3989.218 -2301.618126)
(129.1235414 3989.218 -2301.618126)
(404.0609241 3989.218 -2301.618126)
(678.9983069 3989.218 -2301.618126)
(953.9356897 3989.218 -2301.618126)
(1228.873072 3989.218 -2301.618126)
(1503.810455 3989.218 -2301.618126)
(1778.747838 3989.218 -2301.618126)
(2053.685221 3989.218 -2301.618126)
(2328.622603 3989.218 -2301.618126)
(2603.559986 3989.218 -2301.618126)
(2878.497369 3989.218 -2301.618126)
(3153.434752 3989.218 -2301.618126)
(3428.372134 3989.218 -2301.618126)
(3703.309517 3989.218 -2301.618126)
(3978.2469 3989.218 -2301.618126)
(-3994.9372 -3983.9661 -1881.976858)
(-3719.999817 -3983.9661 -1881.976858)
(-3445.062434 -3983.9661 -1881.976858)
(-3170.125052 -3983.9661 -1881.976858)
(-2895.187669 -3983.9661 -1881.976858)
(-2620.250286 -3983.9661 -1881.976858)
(-2345.312903 -3983.9661 -1881.976858)
(-2070.375521 -3983.9661 -1881.976858)
(-1795.438138 -3983.9661 -1881.976858)
(-1520.500755 -3983.9661 -1881.976858)
(-1245.563372 -3983.9661 -1881.976858)
(-970.6259897 -3983.9661 -1881.976858)
(-695.6886069 -3983.9661 -1881.976858)
(-420.7512241 -3983.9661 -1881.976858)
(-145.8138414 -3983.9661 -1881.976858)
(129.1235414 -3983.9661 -1881.976858)
(404.0609241 -3983.9661 -1881.976858)
(678.9983069 -3983.9661 -1881.976858)
(953.9356897 -3983.9661 -1881.976858)
(1228.873072 -3983.9661 -1881.976858)
(1503.810455 -3983.9661 -1881.976858)
(1778.747838 -3983.9661 -1881.976858)
(2053.685221 -3983.9661 -1881.976858)
(2328.622603 -3983.9661 -1881.976858)
(2603.559986 -3983.9661 -1881.976858)
(2878.497369 -3983.9661 -1881.976858)
(3153.434752 -3983.9661 -1881.976858)
(3428.372134 -3983.9661 -1881.976858)
(3703.309517 -3983.9661 -1881.976858)
(3978.2469 -3983.9661 -1881.976858)
(-3994.9372 -3756.16084 -1881.976858)
(-3719.999817 -3756.16084 -1881.976858)
(-3445.062434 -3756.16084 -1881.976858)
(-3170.125052 -3756.16084 -1881.976858)
(-2895.187669 -3756.16084 -1881.976858)
(-2620.250286 -3756.16084 -1881.976858)
(-2345.312903 -3756.16084 -1881.976858)
(-2070.375521 -3756.16084 -1881.976858)
(-1795.438138 -3756.16084 -1881.976858)
(-1520.500755 -3756.16084 -1881.976858)
(-1245.563372 -3756.16084 -1881.976858)
(-970.6259897 -3756.16084 -1881.976858)
(-695.6886069 -3756.16084 -1881.976858)
(-420.7512241 -3756.16084 -1881.976858)
(-145.8138414 -3756.16084 -1881.976858)
(129.1235414 -3756.16084 -1881.976858)
(404.0609241 -3756.16084 -1881.976858)
(678.9983069 -3756.16084 -1881.976858)
(953.9356897 -3756.16084 -1881.976858)
(1228.873072 -3756.16084 -1881.976858)
(1503.810455 -3756.16084 -1881.976858)
(1778.747838 -3756.16084 -1881.976858)
(2053.685221 -3756.16084 -1881.976858)
(2328.622603 -3756.16084 -1881.976858)
(2603.559986 -3756.16084 -1881.976858)
(2878.497369 -3756.16084 -1881.976858)
(3153.434752 -3756.16084 -1881.976858)
(3428.372134 -3756.16084 -1881.976858)
(3703.309517 -3756.16084 -1881.976858)
(3978.2469 -3756.16084 -1881.976858)
(-3994.9372 -3528.35558 -1881.976858)
(-3719.999817 -3528.35558 -1881.976858)
(-3445.062434 -3528.35558 -1881.976858)
(-3170.125052 -3528.35558 -1881.976858)
(-2895.187669 -3528.35558 -1881.976858)
(-2620.250286 -3528.35558 -1881.976858)
(-2345.312903 -3528.35558 -1881.976858)
(-2070.375521 -3528.35558 -1881.976858)
(-1795.438138 -3528.35558 -1881.976858)
(-1520.500755 -3528.35558 -1881.976858)
(-1245.563372 -3528.35558 -1881.976858)
(-970.6259897 -3528.35558 -1881.976858)
(-695.6886069 -3528.35558 -1881.976858)
(-420.7512241 -3528.35558 -1881.976858)
(-145.8138414 -3528.35558 -1881.976858)
(129.1235414 -3528.35558 -1881.976858)
(404.0609241 -3528.35558 -1881.976858)
(678.9983069 -3528.35558 -1881.976858)
(953.9356897 -3528.35558 -1881.976858)
(1228.873072 -3528.35558 -1881.976858)
(1503.810455 -3528.35558 -1881.976858)
(1778.747838 -3528.35558 -1881.976858)
(2053.685221 -3528.35558 -1881.976858)
(2328.622603 -3528.35558 -1881.976858)
(2603.559986 -3528.35558 -1881.976858)
(2878.497369 -3528.35558 -1881.976858)
(3153.434752 -3528.35558 -1881.976858)
(3428.372134 -3528.35558 -1881.976858)
(3703.309517 -3528.35558 -1881.976858)
(3978.2469 -3528.35558 -1881.976858)
(-3994.9372 -3300.55032 -1881.976858)
(-3719.999817 -3300.55032 -1881.976858)
(-3445.062434 -3300.55032 -1881.976858)
(-3170.125052 -3300.55032 -1881.976858)
(-2895.187669 -3300.55032 -1881.976858)
(-2620.250286 -3300.55032 -1881.976858)
(-2345.312903 -3300.55032 -1881.976858)
(-2070.375521 -3300.55032 -1881.976858)
(-1795.438138 -3300.55032 -1881.976858)
(-1520.500755 -3300.55032 -1881.976858)
(-1245.563372 -3300.55032 -1881.976858)
(-970.6259897 -3300.55032 -1881.976858)
(-695.6886069 -3300.55032 -1881.976858)
(-420.7512241 -3300.55032 -1881.976858)
(-145.8138414 -3300.55032 -1881.976858)
(129.1235414 -3300.55032 -1881.976858)
(404.0609241 -3300.55032 -1881.976858)
(678.9983069 -3300.55032 -1881.976858)
(953.9356897 -3300.55032 -1881.976858)
(1228.873072 -3300.55032 -1881.976858)
(1503.810455 -3300.55032 -1881.976858)
(1778.747838 -3300.55032 -1881.976858)
(2053.685221 -3300.55032 -1881.976858)
(2328.622603 -3300.55032 -1881.976858)
(2603.559986 -3300.55032 -1881.976858)
(2878.497369 -3300.55032 -1881.976858)
(3153.434752 -3300.55032 -1881.976858)
(3428.372134 -3300.55032 -1881.976858)
(3703.309517 -3300.55032 -1881.976858)
(3978.2469 -3300.55032 -1881.976858)
(-3994.9372 -3072.74506 -1881.976858)
(-3719.999817 -3072.74506 -1881.976858)
(-3445.062434 -3072.74506 -1881.976858)
(-3170.125052 -3072.74506 -1881.976858)
(-2895.187669 -3072.74506 -1881.976858)
(-2620.250286 -3072.74506 -1881.976858)
(-2345.312903 -3072.74506 -1881.976858)
(-2070.375521 -3072.74506 -1881.976858)
(-1795.438138 -3072.74506 -1881.976858)
(-1520.500755 -3072.74506 -1881.976858)
(-1245.563372 -3072.74506 -1881.976858)
(-970.6259897 -3072.74506 -1881.976858)
(-695.6886069 -3072.74506 -1881.976858)
(-420.7512241 -3072.74506 -1881.976858)
(-145.8138414 -3072.74506 -1881.976858)
(129.1235414 -3072.74506 -1881.976858)
(404.0609241 -3072.74506 -1881.976858)
(678.9983069 -3072.74506 -1881.976858)
(953.9356897 -3072.74506 -1881.976858)
(1228.873072 -3072.74506 -1881.976858)
(1503.810455 -3072.74506 -1881.976858)
(1778.747838 -3072.74506 -1881.976858)
(2053.685221 -3072.74506 -1881.976858)
(2328.622603 -3072.74506 -1881.976858)
(2603.559986 -3072.74506 -1881.976858)
(2878.497369 -3072.74506 -1881.976858)
(3153.434752 -3072.74506 -1881.976858)
(3428.372134 -3072.74506 -1881.976858)
(3703.309517 -3072.74506 -1881.976858)
(3978.2469 -3072.74506 -1881.976858)
(-3994.9372 -2844.9398 -1881.976858)
(-3719.999817 -2844.9398 -1881.976858)
(-3445.062434 -2844.9398 -1881.976858)
(-3170.125052 -2844.9398 -1881.976858)
(-2895.187669 -2844.9398 -1881.976858)
(-2620.250286 -2844.9398 -1881.976858)
(-2345.312903 -2844.9398 -1881.976858)
(-2070.375521 -2844.9398 -1881.976858)
(-1795.438138 -2844.9398 -1881.976858)
(-1520.500755 -2844.9398 -1881.976858)
(-1245.563372 -2844.9398 -1881.976858)
(-970.6259897 -2844.9398 -1881.976858)
(-695.6886069 -2844.9398 -1881.976858)
(-420.7512241 -2844.9398 -1881.976858)
(-145.8138414 -2844.9398 -1881.976858)
(129.1235414 -2844.9398 -1881.976858)
(404.0609241 -2844.9398 -1881.976858)
(678.9983069 -2844.9398 -1881.976858)
(953.9356897 -2844.9398 -1881.976858)
(1228.873072 -2844.9398 -1881.976858)
(1503.810455 -2844.9398 -1881.976858)
(1778.747838 -2844.9398 -1881.976858)
(2053.685221 -2844.9398 -1881.976858)
(2328.622603 -2844.9398 -1881.976858)
(2603.559986 -2844.9398 -1881.976858)
(2878.497369 -2844.9398 -1881.976858)
(3153.434752 -2844.9398 -1881.976858)
(3428.372134 -2844.9398 -1881.976858)
(3703.309517 -2844.9398 -1881.976858)
(3978.2469 -2844.9398 -1881.976858)
(-3994.9372 -2617.13454 -1881.976858)
(-3719.999817 -2617.13454 -1881.976858)
(-3445.062434 -2617.13454 -1881.976858)
(-3170.125052 -2617.13454 -1881.976858)
(-2895.187669 -2617.13454 -1881.976858)
(-2620.250286 -2617.13454 -1881.976858)
(-2345.312903 -2617.13454 -1881.976858)
(-2070.375521 -2617.13454 -1881.976858)
(-1795.438138 -2617.13454 -1881.976858)
(-1520.500755 -2617.13454 -1881.976858)
(-1245.563372 -2617.13454 -1881.976858)
(-970.6259897 -2617.13454 -1881.976858)
(-695.6886069 -2617.13454 -1881.976858)
(-420.7512241 -2617.13454 -1881.976858)
(-145.8138414 -2617.13454 -1881.976858)
(129.1235414 -2617.13454 -1881.976858)
(404.0609241 -2617.13454 -1881.976858)
(678.9983069 -2617.13454 -1881.976858)
(953.9356897 -2617.13454 -1881.976858)
(1228.873072 -2617.13454 -1881.976858)
(1503.810455 -2617.13454 -1881.976858)
(1778.747838 -2617.13454 -1881.976858)
(2053.685221 -2617.13454 -1881.976858)
(2328.622603 -2617.13454 -1881.976858)
(2603.559986 -2617.13454 -1881.976858)
(2878.497369 -2617.13454 -1881.976858)
(3153.434752 -2617.13454 -1881.976858)
(3428.372134 -2617.13454 -1881.976858)
(3703.309517 -2617.13454 -1881.976858)
(3978.2469 -2617.13454 -1881.976858)
(-3994.9372 -2389.32928 -1881.976858)
(-3719.999817 -2389.32928 -1881.976858)
(-3445.062434 -2389.32928 -1881.976858)
(-3170.125052 -2389.32928 -1881.976858)
(-2895.187669 -2389.32928 -1881.976858)
(-2620.250286 -2389.32928 -1881.976858)
(-2345.312903 -2389.32928 -1881.976858)
(-2070.375521 -2389.32928 -1881.976858)
(-1795.438138 -2389.32928 -1881.976858)
(-1520.500755 -2389.32928 -1881.976858)
(-1245.563372 -2389.32928 -1881.976858)
(-970.6259897 -2389.32928 -1881.976858)
(-695.6886069 -2389.32928 -1881.976858)
(-420.7512241 -2389.32928 -1881.976858)
(-145.8138414 -2389.32928 -1881.976858)
(129.1235414 -2389.32928 -1881.976858)
(404.0609241 -2389.32928 -1881.976858)
(678.9983069 -2389.32928 -1881.976858)
(953.9356897 -2389.32928 -1881.976858)
(1228.873072 -2389.32928 -1881.976858)
(1503.810455 -2389.32928 -1881.976858)
(1778.747838 -2389.32928 -1881.976858)
(2053.685221 -2389.32928 -1881.976858)
(2328.622603 -2389.32928 -1881.976858)
(2603.559986 -2389.32928 -1881.976858)
(2878.497369 -2389.32928 -1881.976858)
(3153.434752 -2389.32928 -1881.976858)
(3428.372134 -2389.32928 -1881.976858)
(3703.309517 -2389.32928 -1881.976858)
(3978.2469 -2389.32928 -1881.976858)
(-3994.9372 -2161.52402 -1881.976858)
(-3719.999817 -2161.52402 -1881.976858)
(-3445.062434 -2161.52402 -1881.976858)
(-3170.125052 -2161.52402 -1881.976858)
(-2895.187669 -2161.52402 -1881.976858)
(-2620.250286 -2161.52402 -1881.976858)
(-2345.312903 -2161.52402 -1881.976858)
(-2070.375521 -2161.52402 -1881.976858)
(-1795.438138 -2161.52402 -1881.976858)
(-1520.500755 -2161.52402 -1881.976858)
(-1245.563372 -2161.52402 -1881.976858)
(-970.6259897 -2161.52402 -1881.976858)
(-695.6886069 -2161.52402 -1881.976858)
(-420.7512241 -2161.52402 -1881.976858)
(-145.8138414 -2161.52402 -1881.976858)
(129.1235414 -2161.52402 -1881.976858)
(404.0609241 -2161.52402 -1881.976858)
(678.9983069 -2161.52402 -1881.976858)
(953.9356897 -2161.52402 -1881.976858)
(1228.873072 -2161.52402 -1881.976858)
(1503.810455 -2161.52402 -1881.976858)
(1778.747838 -2161.52402 -1881.976858)
(2053.685221 -2161.52402 -1881.976858)
(2328.622603 -2161.52402 -1881.976858)
(2603.559986 -2161.52402 -1881.976858)
(2878.497369 -2161.52402 -1881.976858)
(3153.434752 -2161.52402 -1881.976858)
(3428.372134 -2161.52402 -1881.976858)
(3703.309517 -2161.52402 -1881.976858)
(3978.2469 -2161.52402 -1881.976858)
(-3994.9372 -1933.71876 -1881.976858)
(-3719.999817 -1933.71876 -1881.976858)
(-3445.062434 -1933.71876 -1881.976858)
(-3170.125052 -1933.71876 -1881.976858)
(-2895.187669 -1933.71876 -1881.976858)
(-2620.250286 -1933.71876 -1881.976858)
(-2345.312903 -1933.71876 -1881.976858)
(-2070.375521 -1933.71876 -1881.976858)
(-1795.438138 -1933.71876 -1881.976858)
(-1520.500755 -1933.71876 -1881.976858)
(-1245.563372 -1933.71876 -1881.976858)
(-970.6259897 -1933.71876 -1881.976858)
(-695.6886069 -1933.71876 -1881.976858)
(-420.7512241 -1933.71876 -1881.976858)
(-145.8138414 -1933.71876 -1881.976858)
(129.1235414 -1933.71876 -1881.976858)
(404.0609241 -1933.71876 -1881.976858)
(678.9983069 -1933.71876 -1881.976858)
(953.9356897 -1933.71876 -1881.976858)
(1228.873072 -1933.71876 -1881.976858)
(1503.810455 -1933.71876 -1881.976858)
(1778.747838 -1933.71876 -1881.976858)
(2053.685221 -1933.71876 -1881.976858)
(2328.622603 -1933.71876 -1881.976858)
(2603.559986 -1933.71876 -1881.976858)
(2878.497369 -1933.71876 -1881.976858)
(3153.434752 -1933.71876 -1881.976858)
(3428.372134 -1933.71876 -1881.976858)
(3703.309517 -1933.71876 -1881.976858)
(3978.2469 -1933.71876 -1881.976858)
(-3994.9372 -1705.9135 -1881.976858)
(-3719.999817 -1705.9135 -1881.976858)
(-3445.062434 -1705.9135 -1881.976858)
(-3170.125052 -1705.9135 -1881.976858)
(-2895.187669 -1705.9135 -1881.976858)
(-2620.250286 -1705.9135 -1881.976858)
(-2345.312903 -1705.9135 -1881.976858)
(-2070.375521 -1705.9135 -1881.976858)
(-1795.438138 -1705.9135 -1881.976858)
(-1520.500755 -1705.9135 -1881.976858)
(-1245.563372 -1705.9135 -1881.976858)
(-970.6259897 -1705.9135 -1881.976858)
(-695.6886069 -1705.9135 -1881.976858)
(-420.7512241 -1705.9135 -1881.976858)
(-145.8138414 -1705.9135 -1881.976858)
(129.1235414 -1705.9135 -1881.976858)
(404.0609241 -1705.9135 -1881.976858)
(678.9983069 -1705.9135 -1881.976858)
(953.9356897 -1705.9135 -1881.976858)
(1228.873072 -1705.9135 -1881.976858)
(1503.810455 -1705.9135 -1881.976858)
(1778.747838 -1705.9135 -1881.976858)
(2053.685221 -1705.9135 -1881.976858)
(2328.622603 -1705.9135 -1881.976858)
(2603.559986 -1705.9135 -1881.976858)
(2878.497369 -1705.9135 -1881.976858)
(3153.434752 -1705.9135 -1881.976858)
(3428.372134 -1705.9135 -1881.976858)
(3703.309517 -1705.9135 -1881.976858)
(3978.2469 -1705.9135 -1881.976858)
(-3994.9372 -1478.10824 -1881.976858)
(-3719.999817 -1478.10824 -1881.976858)
(-3445.062434 -1478.10824 -1881.976858)
(-3170.125052 -1478.10824 -1881.976858)
(-2895.187669 -1478.10824 -1881.976858)
(-2620.250286 -1478.10824 -1881.976858)
(-2345.312903 -1478.10824 -1881.976858)
(-2070.375521 -1478.10824 -1881.976858)
(-1795.438138 -1478.10824 -1881.976858)
(-1520.500755 -1478.10824 -1881.976858)
(-1245.563372 -1478.10824 -1881.976858)
(-970.6259897 -1478.10824 -1881.976858)
(-695.6886069 -1478.10824 -1881.976858)
(-420.7512241 -1478.10824 -1881.976858)
(-145.8138414 -1478.10824 -1881.976858)
(129.1235414 -1478.10824 -1881.976858)
(404.0609241 -1478.10824 -1881.976858)
(678.9983069 -1478.10824 -1881.976858)
(953.9356897 -1478.10824 -1881.976858)
(1228.873072 -1478.10824 -1881.976858)
(1503.810455 -1478.10824 -1881.976858)
(1778.747838 -1478.10824 -1881.976858)
(2053.685221 -1478.10824 -1881.976858)
(2328.622603 -1478.10824 -1881.976858)
(2603.559986 -1478.10824 -1881.976858)
(2878.497369 -1478.10824 -1881.976858)
(3153.434752 -1478.10824 -1881.976858)
(3428.372134 -1478.10824 -1881.976858)
(3703.309517 -1478.10824 -1881.976858)
(3978.2469 -1478.10824 -1881.976858)
(-3994.9372 -1250.30298 -1881.976858)
(-3719.999817 -1250.30298 -1881.976858)
(-3445.062434 -1250.30298 -1881.976858)
(-3170.125052 -1250.30298 -1881.976858)
(-2895.187669 -1250.30298 -1881.976858)
(-2620.250286 -1250.30298 -1881.976858)
(-2345.312903 -1250.30298 -1881.976858)
(-2070.375521 -1250.30298 -1881.976858)
(-1795.438138 -1250.30298 -1881.976858)
(-1520.500755 -1250.30298 -1881.976858)
(-1245.563372 -1250.30298 -1881.976858)
(-970.6259897 -1250.30298 -1881.976858)
(-695.6886069 -1250.30298 -1881.976858)
(-420.7512241 -1250.30298 -1881.976858)
(-145.8138414 -1250.30298 -1881.976858)
(129.1235414 -1250.30298 -1881.976858)
(404.0609241 -1250.30298 -1881.976858)
(678.9983069 -1250.30298 -1881.976858)
(953.9356897 -1250.30298 -1881.976858)
(1228.873072 -1250.30298 -1881.976858)
(1503.810455 -1250.30298 -1881.976858)
(1778.747838 -1250.30298 -1881.976858)
(2053.685221 -1250.30298 -1881.976858)
(2328.622603 -1250.30298 -1881.976858)
(2603.559986 -1250.30298 -1881.976858)
(2878.497369 -1250.30298 -1881.976858)
(3153.434752 -1250.30298 -1881.976858)
(3428.372134 -1250.30298 -1881.976858)
(3703.309517 -1250.30298 -1881.976858)
(3978.2469 -1250.30298 -1881.976858)
(-3994.9372 -1022.49772 -1881.976858)
(-3719.999817 -1022.49772 -1881.976858)
(-3445.062434 -1022.49772 -1881.976858)
(-3170.125052 -1022.49772 -1881.976858)
(-2895.187669 -1022.49772 -1881.976858)
(-2620.250286 -1022.49772 -1881.976858)
(-2345.312903 -1022.49772 -1881.976858)
(-2070.375521 -1022.49772 -1881.976858)
(-1795.438138 -1022.49772 -1881.976858)
(-1520.500755 -1022.49772 -1881.976858)
(-1245.563372 -1022.49772 -1881.976858)
(-970.6259897 -1022.49772 -1881.976858)
(-695.6886069 -1022.49772 -1881.976858)
(-420.7512241 -1022.49772 -1881.976858)
(-145.8138414 -1022.49772 -1881.976858)
(129.1235414 -1022.49772 -1881.976858)
(404.0609241 -1022.49772 -1881.976858)
(678.9983069 -1022.49772 -1881.976858)
(953.9356897 -1022.49772 -1881.976858)
(1228.873072 -1022.49772 -1881.976858)
(1503.810455 -1022.49772 -1881.976858)
(1778.747838 -1022.49772 -1881.976858)
(2053.685221 -1022.49772 -1881.976858)
(2328.622603 -1022.49772 -1881.976858)
(2603.559986 -1022.49772 -1881.976858)
(2878.497369 -1022.49772 -1881.976858)
(3153.434752 -1022.49772 -1881.976858)
(3428.372134 -1022.49772 -1881.976858)
(3703.309517 -1022.49772 -1881.976858)
(3978.2469 -1022.49772 -1881.976858)
(-3994.9372 -794.69246 -1881.976858)
(-3719.999817 -794.69246 -1881.976858)
(-3445.062434 -794.69246 -1881.976858)
(-3170.125052 -794.69246 -1881.976858)
(-2895.187669 -794.69246 -1881.976858)
(-2620.250286 -794.69246 -1881.976858)
(-2345.312903 -794.69246 -1881.976858)
(-2070.375521 -794.69246 -1881.976858)
(-1795.438138 -794.69246 -1881.976858)
(-1520.500755 -794.69246 -1881.976858)
(-1245.563372 -794.69246 -1881.976858)
(-970.6259897 -794.69246 -1881.976858)
(-695.6886069 -794.69246 -1881.976858)
(-420.7512241 -794.69246 -1881.976858)
(-145.8138414 -794.69246 -1881.976858)
(129.1235414 -794.69246 -1881.976858)
(404.0609241 -794.69246 -1881.976858)
(678.9983069 -794.69246 -1881.976858)
(953.9356897 -794.69246 -1881.976858)
(1228.873072 -794.69246 -1881.976858)
(1503.810455 -794.69246 -1881.976858)
(1778.747838 -794.69246 -1881.976858)
(2053.685221 -794.69246 -1881.976858)
(2328.622603 -794.69246 -1881.976858)
(2603.559986 -794.69246 -1881.976858)
(2878.497369 -794.69246 -1881.976858)
(3153.434752 -794.69246 -1881.976858)
(3428.372134 -794.69246 -1881.976858)
(3703.309517 -794.69246 -1881.976858)
(3978.2469 -794.69246 -1881.976858)
(-3994.9372 -566.8872 -1881.976858)
(-3719.999817 -566.8872 -1881.976858)
(-3445.062434 -566.8872 -1881.976858)
(-3170.125052 -566.8872 -1881.976858)
(-2895.187669 -566.8872 -1881.976858)
(-2620.250286 -566.8872 -1881.976858)
(-2345.312903 -566.8872 -1881.976858)
(-2070.375521 -566.8872 -1881.976858)
(-1795.438138 -566.8872 -1881.976858)
(-1520.500755 -566.8872 -1881.976858)
(-1245.563372 -566.8872 -1881.976858)
(-970.6259897 -566.8872 -1881.976858)
(-695.6886069 -566.8872 -1881.976858)
(-420.7512241 -566.8872 -1881.976858)
(-145.8138414 -566.8872 -1881.976858)
(129.1235414 -566.8872 -1881.976858)
(404.0609241 -566.8872 -1881.976858)
(678.9983069 -566.8872 -1881.976858)
(953.9356897 -566.8872 -1881.976858)
(1228.873072 -566.8872 -1881.976858)
(1503.810455 -566.8872 -1881.976858)
(1778.747838 -566.8872 -1881.976858)
(2053.685221 -566.8872 -1881.976858)
(2328.622603 -566.8872 -1881.976858)
(2603.559986 -566.8872 -1881.976858)
(2878.497369 -566.8872 -1881.976858)
(3153.434752 -566.8872 -1881.976858)
(3428.372134 -566.8872 -1881.976858)
(3703.309517 -566.8872 -1881.976858)
(3978.2469 -566.8872 -1881.976858)
(-3994.9372 -339.08194 -1881.976858)
(-3719.999817 -339.08194 -1881.976858)
(-3445.062434 -339.08194 -1881.976858)
(-3170.125052 -339.08194 -1881.976858)
(-2895.187669 -339.08194 -1881.976858)
(-2620.250286 -339.08194 -1881.976858)
(-2345.312903 -339.08194 -1881.976858)
(-2070.375521 -339.08194 -1881.976858)
(-1795.438138 -339.08194 -1881.976858)
(-1520.500755 -339.08194 -1881.976858)
(-1245.563372 -339.08194 -1881.976858)
(-970.6259897 -339.08194 -1881.976858)
(-695.6886069 -339.08194 -1881.976858)
(-420.7512241 -339.08194 -1881.976858)
(-145.8138414 -339.08194 -1881.976858)
(129.1235414 -339.08194 -1881.976858)
(404.0609241 -339.08194 -1881.976858)
(678.9983069 -339.08194 -1881.976858)
(953.9356897 -339.08194 -1881.976858)
(1228.873072 -339.08194 -1881.976858)
(1503.810455 -339.08194 -1881.976858)
(1778.747838 -339.08194 -1881.976858)
(2053.685221 -339.08194 -1881.976858)
(2328.622603 -339.08194 -1881.976858)
(2603.559986 -339.08194 -1881.976858)
(2878.497369 -339.08194 -1881.976858)
(3153.434752 -339.08194 -1881.976858)
(3428.372134 -339.08194 -1881.976858)
(3703.309517 -339.08194 -1881.976858)
(3978.2469 -339.08194 -1881.976858)
(-3994.9372 -111.27668 -1881.976858)
(-3719.999817 -111.27668 -1881.976858)
(-3445.062434 -111.27668 -1881.976858)
(-3170.125052 -111.27668 -1881.976858)
(-2895.187669 -111.27668 -1881.976858)
(-2620.250286 -111.27668 -1881.976858)
(-2345.312903 -111.27668 -1881.976858)
(-2070.375521 -111.27668 -1881.976858)
(-1795.438138 -111.27668 -1881.976858)
(-1520.500755 -111.27668 -1881.976858)
(-1245.563372 -111.27668 -1881.976858)
(-970.6259897 -111.27668 -1881.976858)
(-695.6886069 -111.27668 -1881.976858)
(-420.7512241 -111.27668 -1881.976858)
(-145.8138414 -111.27668 -1881.976858)
(129.1235414 -111.27668 -1881.976858)
(404.0609241 -111.27668 -1881.976858)
(678.9983069 -111.27668 -1881.976858)
(953.9356897 -111.27668 -1881.976858)
(1228.873072 -111.27668 -1881.976858)
(1503.810455 -111.27668 -1881.976858)
(1778.747838 -111.27668 -1881.976858)
(2053.685221 -111.27668 -1881.976858)
(2328.622603 -111.27668 -1881.976858)
(2603.559986 -111.27668 -1881.976858)
(2878.497369 -111.27668 -1881.976858)
(3153.434752 -111.27668 -1881.976858)
(3428.372134 -111.27668 -1881.976858)
(3703.309517 -111.27668 -1881.976858)
(3978.2469 -111.27668 -1881.976858)
(-3994.9372 116.52858 -1881.976858)
(-3719.999817 116.52858 -1881.976858)
(-3445.062434 116.52858 -1881.976858)
(-3170.125052 116.52858 -1881.976858)
(-2895.187669 116.52858 -1881.976858)
(-2620.250286 116.52858 -1881.976858)
(-2345.312903 116.52858 -1881.976858)
(-2070.375521 116.52858 -1881.976858)
(-1795.438138 116.52858 -1881.976858)
(-1520.500755 116.52858 -1881.976858)
(-1245.563372 116.52858 -1881.976858)
(-970.6259897 116.52858 -1881.976858)
(-695.6886069 116.52858 -1881.976858)
(-420.7512241 116.52858 -1881.976858)
(-145.8138414 116.52858 -1881.976858)
(129.1235414 116.52858 -1881.976858)
(404.0609241 116.52858 -1881.976858)
(678.9983069 116.52858 -1881.976858)
(953.9356897 116.52858 -1881.976858)
(1228.873072 116.52858 -1881.976858)
(1503.810455 116.52858 -1881.976858)
(1778.747838 116.52858 -1881.976858)
(2053.685221 116.52858 -1881.976858)
(2328.622603 116.52858 -1881.976858)
(2603.559986 116.52858 -1881.976858)
(2878.497369 116.52858 -1881.976858)
(3153.434752 116.52858 -1881.976858)
(3428.372134 116.52858 -1881.976858)
(3703.309517 116.52858 -1881.976858)
(3978.2469 116.52858 -1881.976858)
(-3994.9372 344.33384 -1881.976858)
(-3719.999817 344.33384 -1881.976858)
(-3445.062434 344.33384 -1881.976858)
(-3170.125052 344.33384 -1881.976858)
(-2895.187669 344.33384 -1881.976858)
(-2620.250286 344.33384 -1881.976858)
(-2345.312903 344.33384 -1881.976858)
(-2070.375521 344.33384 -1881.976858)
(-1795.438138 344.33384 -1881.976858)
(-1520.500755 344.33384 -1881.976858)
(-1245.563372 344.33384 -1881.976858)
(-970.6259897 344.33384 -1881.976858)
(-695.6886069 344.33384 -1881.976858)
(-420.7512241 344.33384 -1881.976858)
(-145.8138414 344.33384 -1881.976858)
(129.1235414 344.33384 -1881.976858)
(404.0609241 344.33384 -1881.976858)
(678.9983069 344.33384 -1881.976858)
(953.9356897 344.33384 -1881.976858)
(1228.873072 344.33384 -1881.976858)
(1503.810455 344.33384 -1881.976858)
(1778.747838 344.33384 -1881.976858)
(2053.685221 344.33384 -1881.976858)
(2328.622603 344.33384 -1881.976858)
(2603.559986 344.33384 -1881.976858)
(2878.497369 344.33384 -1881.976858)
(3153.434752 344.33384 -1881.976858)
(3428.372134 344.33384 -1881.976858)
(3703.309517 344.33384 -1881.976858)
(3978.2469 344.33384 -1881.976858)
(-3994.9372 572.1391 -1881.976858)
(-3719.999817 572.1391 -1881.976858)
(-3445.062434 572.1391 -1881.976858)
(-3170.125052 572.1391 -1881.976858)
(-2895.187669 572.1391 -1881.976858)
(-2620.250286 572.1391 -1881.976858)
(-2345.312903 572.1391 -1881.976858)
(-2070.375521 572.1391 -1881.976858)
(-1795.438138 572.1391 -1881.976858)
(-1520.500755 572.1391 -1881.976858)
(-1245.563372 572.1391 -1881.976858)
(-970.6259897 572.1391 -1881.976858)
(-695.6886069 572.1391 -1881.976858)
(-420.7512241 572.1391 -1881.976858)
(-145.8138414 572.1391 -1881.976858)
(129.1235414 572.1391 -1881.976858)
(404.0609241 572.1391 -1881.976858)
(678.9983069 572.1391 -1881.976858)
(953.9356897 572.1391 -1881.976858)
(1228.873072 572.1391 -1881.976858)
(1503.810455 572.1391 -1881.976858)
(1778.747838 572.1391 -1881.976858)
(2053.685221 572.1391 -1881.976858)
(2328.622603 572.1391 -1881.976858)
(2603.559986 572.1391 -1881.976858)
(2878.497369 572.1391 -1881.976858)
(3153.434752 572.1391 -1881.976858)
(3428.372134 572.1391 -1881.976858)
(3703.309517 572.1391 -1881.976858)
(3978.2469 572.1391 -1881.976858)
(-3994.9372 799.94436 -1881.976858)
(-3719.999817 799.94436 -1881.976858)
(-3445.062434 799.94436 -1881.976858)
(-3170.125052 799.94436 -1881.976858)
(-2895.187669 799.94436 -1881.976858)
(-2620.250286 799.94436 -1881.976858)
(-2345.312903 799.94436 -1881.976858)
(-2070.375521 799.94436 -1881.976858)
(-1795.438138 799.94436 -1881.976858)
(-1520.500755 799.94436 -1881.976858)
(-1245.563372 799.94436 -1881.976858)
(-970.6259897 799.94436 -1881.976858)
(-695.6886069 799.94436 -1881.976858)
(-420.7512241 799.94436 -1881.976858)
(-145.8138414 799.94436 -1881.976858)
(129.1235414 799.94436 -1881.976858)
(404.0609241 799.94436 -1881.976858)
(678.9983069 799.94436 -1881.976858)
(953.9356897 799.94436 -1881.976858)
(1228.873072 799.94436 -1881.976858)
(1503.810455 799.94436 -1881.976858)
(1778.747838 799.94436 -1881.976858)
(2053.685221 799.94436 -1881.976858)
(2328.622603 799.94436 -1881.976858)
(2603.559986 799.94436 -1881.976858)
(2878.497369 799.94436 -1881.976858)
(3153.434752 799.94436 -1881.976858)
(3428.372134 799.94436 -1881.976858)
(3703.309517 799.94436 -1881.976858)
(3978.2469 799.94436 -1881.976858)
(-3994.9372 1027.74962 -1881.976858)
(-3719.999817 1027.74962 -1881.976858)
(-3445.062434 1027.74962 -1881.976858)
(-3170.125052 1027.74962 -1881.976858)
(-2895.187669 1027.74962 -1881.976858)
(-2620.250286 1027.74962 -1881.976858)
(-2345.312903 1027.74962 -1881.976858)
(-2070.375521 1027.74962 -1881.976858)
(-1795.438138 1027.74962 -1881.976858)
(-1520.500755 1027.74962 -1881.976858)
(-1245.563372 1027.74962 -1881.976858)
(-970.6259897 1027.74962 -1881.976858)
(-695.6886069 1027.74962 -1881.976858)
(-420.7512241 1027.74962 -1881.976858)
(-145.8138414 1027.74962 -1881.976858)
(129.1235414 1027.74962 -1881.976858)
(404.0609241 1027.74962 -1881.976858)
(678.9983069 1027.74962 -1881.976858)
(953.9356897 1027.74962 -1881.976858)
(1228.873072 1027.74962 -1881.976858)
(1503.810455 1027.74962 -1881.976858)
(1778.747838 1027.74962 -1881.976858)
(2053.685221 1027.74962 -1881.976858)
(2328.622603 1027.74962 -1881.976858)
(2603.559986 1027.74962 -1881.976858)
(2878.497369 1027.74962 -1881.976858)
(3153.434752 1027.74962 -1881.976858)
(3428.372134 1027.74962 -1881.976858)
(3703.309517 1027.74962 -1881.976858)
(3978.2469 1027.74962 -1881.976858)
(-3994.9372 1255.55488 -1881.976858)
(-3719.999817 1255.55488 -1881.976858)
(-3445.062434 1255.55488 -1881.976858)
(-3170.125052 1255.55488 -1881.976858)
(-2895.187669 1255.55488 -1881.976858)
(-2620.250286 1255.55488 -1881.976858)
(-2345.312903 1255.55488 -1881.976858)
(-2070.375521 1255.55488 -1881.976858)
(-1795.438138 1255.55488 -1881.976858)
(-1520.500755 1255.55488 -1881.976858)
(-1245.563372 1255.55488 -1881.976858)
(-970.6259897 1255.55488 -1881.976858)
(-695.6886069 1255.55488 -1881.976858)
(-420.7512241 1255.55488 -1881.976858)
(-145.8138414 1255.55488 -1881.976858)
(129.1235414 1255.55488 -1881.976858)
(404.0609241 1255.55488 -1881.976858)
(678.9983069 1255.55488 -1881.976858)
(953.9356897 1255.55488 -1881.976858)
(1228.873072 1255.55488 -1881.976858)
(1503.810455 1255.55488 -1881.976858)
(1778.747838 1255.55488 -1881.976858)
(2053.685221 1255.55488 -1881.976858)
(2328.622603 1255.55488 -1881.976858)
(2603.559986 1255.55488 -1881.976858)
(2878.497369 1255.55488 -1881.976858)
(3153.434752 1255.55488 -1881.976858)
(3428.372134 1255.55488 -1881.976858)
(3703.309517 1255.55488 -1881.976858)
(3978.2469 1255.55488 -1881.976858)
(-3994.9372 1483.36014 -1881.976858)
(-3719.999817 1483.36014 -1881.976858)
(-3445.062434 1483.36014 -1881.976858)
(-3170.125052 1483.36014 -1881.976858)
(-2895.187669 1483.36014 -1881.976858)
(-2620.250286 1483.36014 -1881.976858)
(-2345.312903 1483.36014 -1881.976858)
(-2070.375521 1483.36014 -1881.976858)
(-1795.438138 1483.36014 -1881.976858)
(-1520.500755 1483.36014 -1881.976858)
(-1245.563372 1483.36014 -1881.976858)
(-970.6259897 1483.36014 -1881.976858)
(-695.6886069 1483.36014 -1881.976858)
(-420.7512241 1483.36014 -1881.976858)
(-145.8138414 1483.36014 -1881.976858)
(129.1235414 1483.36014 -1881.976858)
(404.0609241 1483.36014 -1881.976858)
(678.9983069 1483.36014 -1881.976858)
(953.9356897 1483.36014 -1881.976858)
(1228.873072 1483.36014 -1881.976858)
(1503.810455 1483.36014 -1881.976858)
(1778.747838 1483.36014 -1881.976858)
(2053.685221 1483.36014 -1881.976858)
(2328.622603 1483.36014 -1881.976858)
(2603.559986 1483.36014 -1881.976858)
(2878.497369 1483.36014 -1881.976858)
(3153.434752 1483.36014 -1881.976858)
(3428.372134 1483.36014 -1881.976858)
(3703.309517 1483.36014 -1881.976858)
(3978.2469 1483.36014 -1881.976858)
(-3994.9372 1711.1654 -1881.976858)
(-3719.999817 1711.1654 -1881.976858)
(-3445.062434 1711.1654 -1881.976858)
(-3170.125052 1711.1654 -1881.976858)
(-2895.187669 1711.1654 -1881.976858)
(-2620.250286 1711.1654 -1881.976858)
(-2345.312903 1711.1654 -1881.976858)
(-2070.375521 1711.1654 -1881.976858)
(-1795.438138 1711.1654 -1881.976858)
(-1520.500755 1711.1654 -1881.976858)
(-1245.563372 1711.1654 -1881.976858)
(-970.6259897 1711.1654 -1881.976858)
(-695.6886069 1711.1654 -1881.976858)
(-420.7512241 1711.1654 -1881.976858)
(-145.8138414 1711.1654 -1881.976858)
(129.1235414 1711.1654 -1881.976858)
(404.0609241 1711.1654 -1881.976858)
(678.9983069 1711.1654 -1881.976858)
(953.9356897 1711.1654 -1881.976858)
(1228.873072 1711.1654 -1881.976858)
(1503.810455 1711.1654 -1881.976858)
(1778.747838 1711.1654 -1881.976858)
(2053.685221 1711.1654 -1881.976858)
(2328.622603 1711.1654 -1881.976858)
(2603.559986 1711.1654 -1881.976858)
(2878.497369 1711.1654 -1881.976858)
(3153.434752 1711.1654 -1881.976858)
(3428.372134 1711.1654 -1881.976858)
(3703.309517 1711.1654 -1881.976858)
(3978.2469 1711.1654 -1881.976858)
(-3994.9372 1938.97066 -1881.976858)
(-3719.999817 1938.97066 -1881.976858)
(-3445.062434 1938.97066 -1881.976858)
(-3170.125052 1938.97066 -1881.976858)
(-2895.187669 1938.97066 -1881.976858)
(-2620.250286 1938.97066 -1881.976858)
(-2345.312903 1938.97066 -1881.976858)
(-2070.375521 1938.97066 -1881.976858)
(-1795.438138 1938.97066 -1881.976858)
(-1520.500755 1938.97066 -1881.976858)
(-1245.563372 1938.97066 -1881.976858)
(-970.6259897 1938.97066 -1881.976858)
(-695.6886069 1938.97066 -1881.976858)
(-420.7512241 1938.97066 -1881.976858)
(-145.8138414 1938.97066 -1881.976858)
(129.1235414 1938.97066 -1881.976858)
(404.0609241 1938.97066 -1881.976858)
(678.9983069 1938.97066 -1881.976858)
(953.9356897 1938.97066 -1881.976858)
(1228.873072 1938.97066 -1881.976858)
(1503.810455 1938.97066 -1881.976858)
(1778.747838 1938.97066 -1881.976858)
(2053.685221 1938.97066 -1881.976858)
(2328.622603 1938.97066 -1881.976858)
(2603.559986 1938.97066 -1881.976858)
(2878.497369 1938.97066 -1881.976858)
(3153.434752 1938.97066 -1881.976858)
(3428.372134 1938.97066 -1881.976858)
(3703.309517 1938.97066 -1881.976858)
(3978.2469 1938.97066 -1881.976858)
(-3994.9372 2166.77592 -1881.976858)
(-3719.999817 2166.77592 -1881.976858)
(-3445.062434 2166.77592 -1881.976858)
(-3170.125052 2166.77592 -1881.976858)
(-2895.187669 2166.77592 -1881.976858)
(-2620.250286 2166.77592 -1881.976858)
(-2345.312903 2166.77592 -1881.976858)
(-2070.375521 2166.77592 -1881.976858)
(-1795.438138 2166.77592 -1881.976858)
(-1520.500755 2166.77592 -1881.976858)
(-1245.563372 2166.77592 -1881.976858)
(-970.6259897 2166.77592 -1881.976858)
(-695.6886069 2166.77592 -1881.976858)
(-420.7512241 2166.77592 -1881.976858)
(-145.8138414 2166.77592 -1881.976858)
(129.1235414 2166.77592 -1881.976858)
(404.0609241 2166.77592 -1881.976858)
(678.9983069 2166.77592 -1881.976858)
(953.9356897 2166.77592 -1881.976858)
(1228.873072 2166.77592 -1881.976858)
(1503.810455 2166.77592 -1881.976858)
(1778.747838 2166.77592 -1881.976858)
(2053.685221 2166.77592 -1881.976858)
(2328.622603 2166.77592 -1881.976858)
(2603.559986 2166.77592 -1881.976858)
(2878.497369 2166.77592 -1881.976858)
(3153.434752 2166.77592 -1881.976858)
(3428.372134 2166.77592 -1881.976858)
(3703.309517 2166.77592 -1881.976858)
(3978.2469 2166.77592 -1881.976858)
(-3994.9372 2394.58118 -1881.976858)
(-3719.999817 2394.58118 -1881.976858)
(-3445.062434 2394.58118 -1881.976858)
(-3170.125052 2394.58118 -1881.976858)
(-2895.187669 2394.58118 -1881.976858)
(-2620.250286 2394.58118 -1881.976858)
(-2345.312903 2394.58118 -1881.976858)
(-2070.375521 2394.58118 -1881.976858)
(-1795.438138 2394.58118 -1881.976858)
(-1520.500755 2394.58118 -1881.976858)
(-1245.563372 2394.58118 -1881.976858)
(-970.6259897 2394.58118 -1881.976858)
(-695.6886069 2394.58118 -1881.976858)
(-420.7512241 2394.58118 -1881.976858)
(-145.8138414 2394.58118 -1881.976858)
(129.1235414 2394.58118 -1881.976858)
(404.0609241 2394.58118 -1881.976858)
(678.9983069 2394.58118 -1881.976858)
(953.9356897 2394.58118 -1881.976858)
(1228.873072 2394.58118 -1881.976858)
(1503.810455 2394.58118 -1881.976858)
(1778.747838 2394.58118 -1881.976858)
(2053.685221 2394.58118 -1881.976858)
(2328.622603 2394.58118 -1881.976858)
(2603.559986 2394.58118 -1881.976858)
(2878.497369 2394.58118 -1881.976858)
(3153.434752 2394.58118 -1881.976858)
(3428.372134 2394.58118 -1881.976858)
(3703.309517 2394.58118 -1881.976858)
(3978.2469 2394.58118 -1881.976858)
(-3994.9372 2622.38644 -1881.976858)
(-3719.999817 2622.38644 -1881.976858)
(-3445.062434 2622.38644 -1881.976858)
(-3170.125052 2622.38644 -1881.976858)
(-2895.187669 2622.38644 -1881.976858)
(-2620.250286 2622.38644 -1881.976858)
(-2345.312903 2622.38644 -1881.976858)
(-2070.375521 2622.38644 -1881.976858)
(-1795.438138 2622.38644 -1881.976858)
(-1520.500755 2622.38644 -1881.976858)
(-1245.563372 2622.38644 -1881.976858)
(-970.6259897 2622.38644 -1881.976858)
(-695.6886069 2622.38644 -1881.976858)
(-420.7512241 2622.38644 -1881.976858)
(-145.8138414 2622.38644 -1881.976858)
(129.1235414 2622.38644 -1881.976858)
(404.0609241 2622.38644 -1881.976858)
(678.9983069 2622.38644 -1881.976858)
(953.9356897 2622.38644 -1881.976858)
(1228.873072 2622.38644 -1881.976858)
(1503.810455 2622.38644 -1881.976858)
(1778.747838 2622.38644 -1881.976858)
(2053.685221 2622.38644 -1881.976858)
(2328.622603 2622.38644 -1881.976858)
(2603.559986 2622.38644 -1881.976858)
(2878.497369 2622.38644 -1881.976858)
(3153.434752 2622.38644 -1881.976858)
(3428.372134 2622.38644 -1881.976858)
(3703.309517 2622.38644 -1881.976858)
(3978.2469 2622.38644 -1881.976858)
(-3994.9372 2850.1917 -1881.976858)
(-3719.999817 2850.1917 -1881.976858)
(-3445.062434 2850.1917 -1881.976858)
(-3170.125052 2850.1917 -1881.976858)
(-2895.187669 2850.1917 -1881.976858)
(-2620.250286 2850.1917 -1881.976858)
(-2345.312903 2850.1917 -1881.976858)
(-2070.375521 2850.1917 -1881.976858)
(-1795.438138 2850.1917 -1881.976858)
(-1520.500755 2850.1917 -1881.976858)
(-1245.563372 2850.1917 -1881.976858)
(-970.6259897 2850.1917 -1881.976858)
(-695.6886069 2850.1917 -1881.976858)
(-420.7512241 2850.1917 -1881.976858)
(-145.8138414 2850.1917 -1881.976858)
(129.1235414 2850.1917 -1881.976858)
(404.0609241 2850.1917 -1881.976858)
(678.9983069 2850.1917 -1881.976858)
(953.9356897 2850.1917 -1881.976858)
(1228.873072 2850.1917 -1881.976858)
(1503.810455 2850.1917 -1881.976858)
(1778.747838 2850.1917 -1881.976858)
(2053.685221 2850.1917 -1881.976858)
(2328.622603 2850.1917 -1881.976858)
(2603.559986 2850.1917 -1881.976858)
(2878.497369 2850.1917 -1881.976858)
(3153.434752 2850.1917 -1881.976858)
(3428.372134 2850.1917 -1881.976858)
(3703.309517 2850.1917 -1881.976858)
(3978.2469 2850.1917 -1881.976858)
(-3994.9372 3077.99696 -1881.976858)
(-3719.999817 3077.99696 -1881.976858)
(-3445.062434 3077.99696 -1881.976858)
(-3170.125052 3077.99696 -1881.976858)
(-2895.187669 3077.99696 -1881.976858)
(-2620.250286 3077.99696 -1881.976858)
(-2345.312903 3077.99696 -1881.976858)
(-2070.375521 3077.99696 -1881.976858)
(-1795.438138 3077.99696 -1881.976858)
(-1520.500755 3077.99696 -1881.976858)
(-1245.563372 3077.99696 -1881.976858)
(-970.6259897 3077.99696 -1881.976858)
(-695.6886069 3077.99696 -1881.976858)
(-420.7512241 3077.99696 -1881.976858)
(-145.8138414 3077.99696 -1881.976858)
(129.1235414 3077.99696 -1881.976858)
(404.0609241 3077.99696 -1881.976858)
(678.9983069 3077.99696 -1881.976858)
(953.9356897 3077.99696 -1881.976858)
(1228.873072 3077.99696 -1881.976858)
(1503.810455 3077.99696 -1881.976858)
(1778.747838 3077.99696 -1881.976858)
(2053.685221 3077.99696 -1881.976858)
(2328.622603 3077.99696 -1881.976858)
(2603.559986 3077.99696 -1881.976858)
(2878.497369 3077.99696 -1881.976858)
(3153.434752 3077.99696 -1881.976858)
(3428.372134 3077.99696 -1881.976858)
(3703.309517 3077.99696 -1881.976858)
(3978.2469 3077.99696 -1881.976858)
(-3994.9372 3305.80222 -1881.976858)
(-3719.999817 3305.80222 -1881.976858)
(-3445.062434 3305.80222 -1881.976858)
(-3170.125052 3305.80222 -1881.976858)
(-2895.187669 3305.80222 -1881.976858)
(-2620.250286 3305.80222 -1881.976858)
(-2345.312903 3305.80222 -1881.976858)
(-2070.375521 3305.80222 -1881.976858)
(-1795.438138 3305.80222 -1881.976858)
(-1520.500755 3305.80222 -1881.976858)
(-1245.563372 3305.80222 -1881.976858)
(-970.6259897 3305.80222 -1881.976858)
(-695.6886069 3305.80222 -1881.976858)
(-420.7512241 3305.80222 -1881.976858)
(-145.8138414 3305.80222 -1881.976858)
(129.1235414 3305.80222 -1881.976858)
(404.0609241 3305.80222 -1881.976858)
(678.9983069 3305.80222 -1881.976858)
(953.9356897 3305.80222 -1881.976858)
(1228.873072 3305.80222 -1881.976858)
(1503.810455 3305.80222 -1881.976858)
(1778.747838 3305.80222 -1881.976858)
(2053.685221 3305.80222 -1881.976858)
(2328.622603 3305.80222 -1881.976858)
(2603.559986 3305.80222 -1881.976858)
(2878.497369 3305.80222 -1881.976858)
(3153.434752 3305.80222 -1881.976858)
(3428.372134 3305.80222 -1881.976858)
(3703.309517 3305.80222 -1881.976858)
(3978.2469 3305.80222 -1881.976858)
(-3994.9372 3533.60748 -1881.976858)
(-3719.999817 3533.60748 -1881.976858)
(-3445.062434 3533.60748 -1881.976858)
(-3170.125052 3533.60748 -1881.976858)
(-2895.187669 3533.60748 -1881.976858)
(-2620.250286 3533.60748 -1881.976858)
(-2345.312903 3533.60748 -1881.976858)
(-2070.375521 3533.60748 -1881.976858)
(-1795.438138 3533.60748 -1881.976858)
(-1520.500755 3533.60748 -1881.976858)
(-1245.563372 3533.60748 -1881.976858)
(-970.6259897 3533.60748 -1881.976858)
(-695.6886069 3533.60748 -1881.976858)
(-420.7512241 3533.60748 -1881.976858)
(-145.8138414 3533.60748 -1881.976858)
(129.1235414 3533.60748 -1881.976858)
(404.0609241 3533.60748 -1881.976858)
(678.9983069 3533.60748 -1881.976858)
(953.9356897 3533.60748 -1881.976858)
(1228.873072 3533.60748 -1881.976858)
(1503.810455 3533.60748 -1881.976858)
(1778.747838 3533.60748 -1881.976858)
(2053.685221 3533.60748 -1881.976858)
(2328.622603 3533.60748 -1881.976858)
(2603.559986 3533.60748 -1881.976858)
(2878.497369 3533.60748 -1881.976858)
(3153.434752 3533.60748 -1881.976858)
(3428.372134 3533.60748 -1881.976858)
(3703.309517 3533.60748 -1881.976858)
(3978.2469 3533.60748 -1881.976858)
(-3994.9372 3761.41274 -1881.976858)
(-3719.999817 3761.41274 -1881.976858)
(-3445.062434 3761.41274 -1881.976858)
(-3170.125052 3761.41274 -1881.976858)
(-2895.187669 3761.41274 -1881.976858)
(-2620.250286 3761.41274 -1881.976858)
(-2345.312903 3761.41274 -1881.976858)
(-2070.375521 3761.41274 -1881.976858)
(-1795.438138 3761.41274 -1881.976858)
(-1520.500755 3761.41274 -1881.976858)
(-1245.563372 3761.41274 -1881.976858)
(-970.6259897 3761.41274 -1881.976858)
(-695.6886069 3761.41274 -1881.976858)
(-420.7512241 3761.41274 -1881.976858)
(-145.8138414 3761.41274 -1881.976858)
(129.1235414 3761.41274 -1881.976858)
(404.0609241 3761.41274 -1881.976858)
(678.9983069 3761.41274 -1881.976858)
(953.9356897 3761.41274 -1881.976858)
(1228.873072 3761.41274 -1881.976858)
(1503.810455 3761.41274 -1881.976858)
(1778.747838 3761.41274 -1881.976858)
(2053.685221 3761.41274 -1881.976858)
(2328.622603 3761.41274 -1881.976858)
(2603.559986 3761.41274 -1881.976858)
(2878.497369 3761.41274 -1881.976858)
(3153.434752 3761.41274 -1881.976858)
(3428.372134 3761.41274 -1881.976858)
(3703.309517 3761.41274 -1881.976858)
(3978.2469 3761.41274 -1881.976858)
(-3994.9372 3989.218 -1881.976858)
(-3719.999817 3989.218 -1881.976858)
(-3445.062434 3989.218 -1881.976858)
(-3170.125052 3989.218 -1881.976858)
(-2895.187669 3989.218 -1881.976858)
(-2620.250286 3989.218 -1881.976858)
(-2345.312903 3989.218 -1881.976858)
(-2070.375521 3989.218 -1881.976858)
(-1795.438138 3989.218 -1881.976858)
(-1520.500755 3989.218 -1881.976858)
(-1245.563372 3989.218 -1881.976858)
(-970.6259897 3989.218 -1881.976858)
(-695.6886069 3989.218 -1881.976858)
(-420.7512241 3989.218 -1881.976858)
(-145.8138414 3989.218 -1881.976858)
(129.1235414 3989.218 -1881.976858)
(404.0609241 3989.218 -1881.976858)
(678.9983069 3989.218 -1881.976858)
(953.9356897 3989.218 -1881.976858)
(1228.873072 3989.218 -1881.976858)
(1503.810455 3989.218 -1881.976858)
(1778.747838 3989.218 -1881.976858)
(2053.685221 3989.218 -1881.976858)
(2328.622603 3989.218 -1881.976858)
(2603.559986 3989.218 -1881.976858)
(2878.497369 3989.218 -1881.976858)
(3153.434752 3989.218 -1881.976858)
(3428.372134 3989.218 -1881.976858)
(3703.309517 3989.218 -1881.976858)
(3978.2469 3989.218 -1881.976858)
(-3994.9372 -3983.9661 -1462.335589)
(-3719.999817 -3983.9661 -1462.335589)
(-3445.062434 -3983.9661 -1462.335589)
(-3170.125052 -3983.9661 -1462.335589)
(-2895.187669 -3983.9661 -1462.335589)
(-2620.250286 -3983.9661 -1462.335589)
(-2345.312903 -3983.9661 -1462.335589)
(-2070.375521 -3983.9661 -1462.335589)
(-1795.438138 -3983.9661 -1462.335589)
(-1520.500755 -3983.9661 -1462.335589)
(-1245.563372 -3983.9661 -1462.335589)
(-970.6259897 -3983.9661 -1462.335589)
(-695.6886069 -3983.9661 -1462.335589)
(-420.7512241 -3983.9661 -1462.335589)
(-145.8138414 -3983.9661 -1462.335589)
(129.1235414 -3983.9661 -1462.335589)
(404.0609241 -3983.9661 -1462.335589)
(678.9983069 -3983.9661 -1462.335589)
(953.9356897 -3983.9661 -1462.335589)
(1228.873072 -3983.9661 -1462.335589)
(1503.810455 -3983.9661 -1462.335589)
(1778.747838 -3983.9661 -1462.335589)
(2053.685221 -3983.9661 -1462.335589)
(2328.622603 -3983.9661 -1462.335589)
(2603.559986 -3983.9661 -1462.335589)
(2878.497369 -3983.9661 -1462.335589)
(3153.434752 -3983.9661 -1462.335589)
(3428.372134 -3983.9661 -1462.335589)
(3703.309517 -3983.9661 -1462.335589)
(3978.2469 -3983.9661 -1462.335589)
(-3994.9372 -3756.16084 -1462.335589)
(-3719.999817 -3756.16084 -1462.335589)
(-3445.062434 -3756.16084 -1462.335589)
(-3170.125052 -3756.16084 -1462.335589)
(-2895.187669 -3756.16084 -1462.335589)
(-2620.250286 -3756.16084 -1462.335589)
(-2345.312903 -3756.16084 -1462.335589)
(-2070.375521 -3756.16084 -1462.335589)
(-1795.438138 -3756.16084 -1462.335589)
(-1520.500755 -3756.16084 -1462.335589)
(-1245.563372 -3756.16084 -1462.335589)
(-970.6259897 -3756.16084 -1462.335589)
(-695.6886069 -3756.16084 -1462.335589)
(-420.7512241 -3756.16084 -1462.335589)
(-145.8138414 -3756.16084 -1462.335589)
(129.1235414 -3756.16084 -1462.335589)
(404.0609241 -3756.16084 -1462.335589)
(678.9983069 -3756.16084 -1462.335589)
(953.9356897 -3756.16084 -1462.335589)
(1228.873072 -3756.16084 -1462.335589)
(1503.810455 -3756.16084 -1462.335589)
(1778.747838 -3756.16084 -1462.335589)
(2053.685221 -3756.16084 -1462.335589)
(2328.622603 -3756.16084 -1462.335589)
(2603.559986 -3756.16084 -1462.335589)
(2878.497369 -3756.16084 -1462.335589)
(3153.434752 -3756.16084 -1462.335589)
(3428.372134 -3756.16084 -1462.335589)
(3703.309517 -3756.16084 -1462.335589)
(3978.2469 -3756.16084 -1462.335589)
(-3994.9372 -3528.35558 -1462.335589)
(-3719.999817 -3528.35558 -1462.335589)
(-3445.062434 -3528.35558 -1462.335589)
(-3170.125052 -3528.35558 -1462.335589)
(-2895.187669 -3528.35558 -1462.335589)
(-2620.250286 -3528.35558 -1462.335589)
(-2345.312903 -3528.35558 -1462.335589)
(-2070.375521 -3528.35558 -1462.335589)
(-1795.438138 -3528.35558 -1462.335589)
(-1520.500755 -3528.35558 -1462.335589)
(-1245.563372 -3528.35558 -1462.335589)
(-970.6259897 -3528.35558 -1462.335589)
(-695.6886069 -3528.35558 -1462.335589)
(-420.7512241 -3528.35558 -1462.335589)
(-145.8138414 -3528.35558 -1462.335589)
(129.1235414 -3528.35558 -1462.335589)
(404.0609241 -3528.35558 -1462.335589)
(678.9983069 -3528.35558 -1462.335589)
(953.9356897 -3528.35558 -1462.335589)
(1228.873072 -3528.35558 -1462.335589)
(1503.810455 -3528.35558 -1462.335589)
(1778.747838 -3528.35558 -1462.335589)
(2053.685221 -3528.35558 -1462.335589)
(2328.622603 -3528.35558 -1462.335589)
(2603.559986 -3528.35558 -1462.335589)
(2878.497369 -3528.35558 -1462.335589)
(3153.434752 -3528.35558 -1462.335589)
(3428.372134 -3528.35558 -1462.335589)
(3703.309517 -3528.35558 -1462.335589)
(3978.2469 -3528.35558 -1462.335589)
(-3994.9372 -3300.55032 -1462.335589)
(-3719.999817 -3300.55032 -1462.335589)
(-3445.062434 -3300.55032 -1462.335589)
(-3170.125052 -3300.55032 -1462.335589)
(-2895.187669 -3300.55032 -1462.335589)
(-2620.250286 -3300.55032 -1462.335589)
(-2345.312903 -3300.55032 -1462.335589)
(-2070.375521 -3300.55032 -1462.335589)
(-1795.438138 -3300.55032 -1462.335589)
(-1520.500755 -3300.55032 -1462.335589)
(-1245.563372 -3300.55032 -1462.335589)
(-970.6259897 -3300.55032 -1462.335589)
(-695.6886069 -3300.55032 -1462.335589)
(-420.7512241 -3300.55032 -1462.335589)
(-145.8138414 -3300.55032 -1462.335589)
(129.1235414 -3300.55032 -1462.335589)
(404.0609241 -3300.55032 -1462.335589)
(678.9983069 -3300.55032 -1462.335589)
(953.9356897 -3300.55032 -1462.335589)
(1228.873072 -3300.55032 -1462.335589)
(1503.810455 -3300.55032 -1462.335589)
(1778.747838 -3300.55032 -1462.335589)
(2053.685221 -3300.55032 -1462.335589)
(2328.622603 -3300.55032 -1462.335589)
(2603.559986 -3300.55032 -1462.335589)
(2878.497369 -3300.55032 -1462.335589)
(3153.434752 -3300.55032 -1462.335589)
(3428.372134 -3300.55032 -1462.335589)
(3703.309517 -3300.55032 -1462.335589)
(3978.2469 -3300.55032 -1462.335589)
(-3994.9372 -3072.74506 -1462.335589)
(-3719.999817 -3072.74506 -1462.335589)
(-3445.062434 -3072.74506 -1462.335589)
(-3170.125052 -3072.74506 -1462.335589)
(-2895.187669 -3072.74506 -1462.335589)
(-2620.250286 -3072.74506 -1462.335589)
(-2345.312903 -3072.74506 -1462.335589)
(-2070.375521 -3072.74506 -1462.335589)
(-1795.438138 -3072.74506 -1462.335589)
(-1520.500755 -3072.74506 -1462.335589)
(-1245.563372 -3072.74506 -1462.335589)
(-970.6259897 -3072.74506 -1462.335589)
(-695.6886069 -3072.74506 -1462.335589)
(-420.7512241 -3072.74506 -1462.335589)
(-145.8138414 -3072.74506 -1462.335589)
(129.1235414 -3072.74506 -1462.335589)
(404.0609241 -3072.74506 -1462.335589)
(678.9983069 -3072.74506 -1462.335589)
(953.9356897 -3072.74506 -1462.335589)
(1228.873072 -3072.74506 -1462.335589)
(1503.810455 -3072.74506 -1462.335589)
(1778.747838 -3072.74506 -1462.335589)
(2053.685221 -3072.74506 -1462.335589)
(2328.622603 -3072.74506 -1462.335589)
(2603.559986 -3072.74506 -1462.335589)
(2878.497369 -3072.74506 -1462.335589)
(3153.434752 -3072.74506 -1462.335589)
(3428.372134 -3072.74506 -1462.335589)
(3703.309517 -3072.74506 -1462.335589)
(3978.2469 -3072.74506 -1462.335589)
(-3994.9372 -2844.9398 -1462.335589)
(-3719.999817 -2844.9398 -1462.335589)
(-3445.062434 -2844.9398 -1462.335589)
(-3170.125052 -2844.9398 -1462.335589)
(-2895.187669 -2844.9398 -1462.335589)
(-2620.250286 -2844.9398 -1462.335589)
(-2345.312903 -2844.9398 -1462.335589)
(-2070.375521 -2844.9398 -1462.335589)
(-1795.438138 -2844.9398 -1462.335589)
(-1520.500755 -2844.9398 -1462.335589)
(-1245.563372 -2844.9398 -1462.335589)
(-970.6259897 -2844.9398 -1462.335589)
(-695.6886069 -2844.9398 -1462.335589)
(-420.7512241 -2844.9398 -1462.335589)
(-145.8138414 -2844.9398 -1462.335589)
(129.1235414 -2844.9398 -1462.335589)
(404.0609241 -2844.9398 -1462.335589)
(678.9983069 -2844.9398 -1462.335589)
(953.9356897 -2844.9398 -1462.335589)
(1228.873072 -2844.9398 -1462.335589)
(1503.810455 -2844.9398 -1462.335589)
(1778.747838 -2844.9398 -1462.335589)
(2053.685221 -2844.9398 -1462.335589)
(2328.622603 -2844.9398 -1462.335589)
(2603.559986 -2844.9398 -1462.335589)
(2878.497369 -2844.9398 -1462.335589)
(3153.434752 -2844.9398 -1462.335589)
(3428.372134 -2844.9398 -1462.335589)
(3703.309517 -2844.9398 -1462.335589)
(3978.2469 -2844.9398 -1462.335589)
(-3994.9372 -2617.13454 -1462.335589)
(-3719.999817 -2617.13454 -1462.335589)
(-3445.062434 -2617.13454 -1462.335589)
(-3170.125052 -2617.13454 -1462.335589)
(-2895.187669 -2617.13454 -1462.335589)
(-2620.250286 -2617.13454 -1462.335589)
(-2345.312903 -2617.13454 -1462.335589)
(-2070.375521 -2617.13454 -1462.335589)
(-1795.438138 -2617.13454 -1462.335589)
(-1520.500755 -2617.13454 -1462.335589)
(-1245.563372 -2617.13454 -1462.335589)
(-970.6259897 -2617.13454 -1462.335589)
(-695.6886069 -2617.13454 -1462.335589)
(-420.7512241 -2617.13454 -1462.335589)
(-145.8138414 -2617.13454 -1462.335589)
(129.1235414 -2617.13454 -1462.335589)
(404.0609241 -2617.13454 -1462.335589)
(678.9983069 -2617.13454 -1462.335589)
(953.9356897 -2617.13454 -1462.335589)
(1228.873072 -2617.13454 -1462.335589)
(1503.810455 -2617.13454 -1462.335589)
(1778.747838 -2617.13454 -1462.335589)
(2053.685221 -2617.13454 -1462.335589)
(2328.622603 -2617.13454 -1462.335589)
(2603.559986 -2617.13454 -1462.335589)
(2878.497369 -2617.13454 -1462.335589)
(3153.434752 -2617.13454 -1462.335589)
(3428.372134 -2617.13454 -1462.335589)
(3703.309517 -2617.13454 -1462.335589)
(3978.2469 -2617.13454 -1462.335589)
(-3994.9372 -2389.32928 -1462.335589)
(-3719.999817 -2389.32928 -1462.335589)
(-3445.062434 -2389.32928 -1462.335589)
(-3170.125052 -2389.32928 -1462.335589)
(-2895.187669 -2389.32928 -1462.335589)
(-2620.250286 -2389.32928 -1462.335589)
(-2345.312903 -2389.32928 -1462.335589)
(-2070.375521 -2389.32928 -1462.335589)
(-1795.438138 -2389.32928 -1462.335589)
(-1520.500755 -2389.32928 -1462.335589)
(-1245.563372 -2389.32928 -1462.335589)
(-970.6259897 -2389.32928 -1462.335589)
(-695.6886069 -2389.32928 -1462.335589)
(-420.7512241 -2389.32928 -1462.335589)
(-145.8138414 -2389.32928 -1462.335589)
(129.1235414 -2389.32928 -1462.335589)
(404.0609241 -2389.32928 -1462.335589)
(678.9983069 -2389.32928 -1462.335589)
(953.9356897 -2389.32928 -1462.335589)
(1228.873072 -2389.32928 -1462.335589)
(1503.810455 -2389.32928 -1462.335589)
(1778.747838 -2389.32928 -1462.335589)
(2053.685221 -2389.32928 -1462.335589)
(2328.622603 -2389.32928 -1462.335589)
(2603.559986 -2389.32928 -1462.335589)
(2878.497369 -2389.32928 -1462.335589)
(3153.434752 -2389.32928 -1462.335589)
(3428.372134 -2389.32928 -1462.335589)
(3703.309517 -2389.32928 -1462.335589)
(3978.2469 -2389.32928 -1462.335589)
(-3994.9372 -2161.52402 -1462.335589)
(-3719.999817 -2161.52402 -1462.335589)
(-3445.062434 -2161.52402 -1462.335589)
(-3170.125052 -2161.52402 -1462.335589)
(-2895.187669 -2161.52402 -1462.335589)
(-2620.250286 -2161.52402 -1462.335589)
(-2345.312903 -2161.52402 -1462.335589)
(-2070.375521 -2161.52402 -1462.335589)
(-1795.438138 -2161.52402 -1462.335589)
(-1520.500755 -2161.52402 -1462.335589)
(-1245.563372 -2161.52402 -1462.335589)
(-970.6259897 -2161.52402 -1462.335589)
(-695.6886069 -2161.52402 -1462.335589)
(-420.7512241 -2161.52402 -1462.335589)
(-145.8138414 -2161.52402 -1462.335589)
(129.1235414 -2161.52402 -1462.335589)
(404.0609241 -2161.52402 -1462.335589)
(678.9983069 -2161.52402 -1462.335589)
(953.9356897 -2161.52402 -1462.335589)
(1228.873072 -2161.52402 -1462.335589)
(1503.810455 -2161.52402 -1462.335589)
(1778.747838 -2161.52402 -1462.335589)
(2053.685221 -2161.52402 -1462.335589)
(2328.622603 -2161.52402 -1462.335589)
(2603.559986 -2161.52402 -1462.335589)
(2878.497369 -2161.52402 -1462.335589)
(3153.434752 -2161.52402 -1462.335589)
(3428.372134 -2161.52402 -1462.335589)
(3703.309517 -2161.52402 -1462.335589)
(3978.2469 -2161.52402 -1462.335589)
(-3994.9372 -1933.71876 -1462.335589)
(-3719.999817 -1933.71876 -1462.335589)
(-3445.062434 -1933.71876 -1462.335589)
(-3170.125052 -1933.71876 -1462.335589)
(-2895.187669 -1933.71876 -1462.335589)
(-2620.250286 -1933.71876 -1462.335589)
(-2345.312903 -1933.71876 -1462.335589)
(-2070.375521 -1933.71876 -1462.335589)
(-1795.438138 -1933.71876 -1462.335589)
(-1520.500755 -1933.71876 -1462.335589)
(-1245.563372 -1933.71876 -1462.335589)
(-970.6259897 -1933.71876 -1462.335589)
(-695.6886069 -1933.71876 -1462.335589)
(-420.7512241 -1933.71876 -1462.335589)
(-145.8138414 -1933.71876 -1462.335589)
(129.1235414 -1933.71876 -1462.335589)
(404.0609241 -1933.71876 -1462.335589)
(678.9983069 -1933.71876 -1462.335589)
(953.9356897 -1933.71876 -1462.335589)
(1228.873072 -1933.71876 -1462.335589)
(1503.810455 -1933.71876 -1462.335589)
(1778.747838 -1933.71876 -1462.335589)
(2053.685221 -1933.71876 -1462.335589)
(2328.622603 -1933.71876 -1462.335589)
(2603.559986 -1933.71876 -1462.335589)
(2878.497369 -1933.71876 -1462.335589)
(3153.434752 -1933.71876 -1462.335589)
(3428.372134 -1933.71876 -1462.335589)
(3703.309517 -1933.71876 -1462.335589)
(3978.2469 -1933.71876 -1462.335589)
(-3994.9372 -1705.9135 -1462.335589)
(-3719.999817 -1705.9135 -1462.335589)
(-3445.062434 -1705.9135 -1462.335589)
(-3170.125052 -1705.9135 -1462.335589)
(-2895.187669 -1705.9135 -1462.335589)
(-2620.250286 -1705.9135 -1462.335589)
(-2345.312903 -1705.9135 -1462.335589)
(-2070.375521 -1705.9135 -1462.335589)
(-1795.438138 -1705.9135 -1462.335589)
(-1520.500755 -1705.9135 -1462.335589)
(-1245.563372 -1705.9135 -1462.335589)
(-970.6259897 -1705.9135 -1462.335589)
(-695.6886069 -1705.9135 -1462.335589)
(-420.7512241 -1705.9135 -1462.335589)
(-145.8138414 -1705.9135 -1462.335589)
(129.1235414 -1705.9135 -1462.335589)
(404.0609241 -1705.9135 -1462.335589)
(678.9983069 -1705.9135 -1462.335589)
(953.9356897 -1705.9135 -1462.335589)
(1228.873072 -1705.9135 -1462.335589)
(1503.810455 -1705.9135 -1462.335589)
(1778.747838 -1705.9135 -1462.335589)
(2053.685221 -1705.9135 -1462.335589)
(2328.622603 -1705.9135 -1462.335589)
(2603.559986 -1705.9135 -1462.335589)
(2878.497369 -1705.9135 -1462.335589)
(3153.434752 -1705.9135 -1462.335589)
(3428.372134 -1705.9135 -1462.335589)
(3703.309517 -1705.9135 -1462.335589)
(3978.2469 -1705.9135 -1462.335589)
(-3994.9372 -1478.10824 -1462.335589)
(-3719.999817 -1478.10824 -1462.335589)
(-3445.062434 -1478.10824 -1462.335589)
(-3170.125052 -1478.10824 -1462.335589)
(-2895.187669 -1478.10824 -1462.335589)
(-2620.250286 -1478.10824 -1462.335589)
(-2345.312903 -1478.10824 -1462.335589)
(-2070.375521 -1478.10824 -1462.335589)
(-1795.438138 -1478.10824 -1462.335589)
(-1520.500755 -1478.10824 -1462.335589)
(-1245.563372 -1478.10824 -1462.335589)
(-970.6259897 -1478.10824 -1462.335589)
(-695.6886069 -1478.10824 -1462.335589)
(-420.7512241 -1478.10824 -1462.335589)
(-145.8138414 -1478.10824 -1462.335589)
(129.1235414 -1478.10824 -1462.335589)
(404.0609241 -1478.10824 -1462.335589)
(678.9983069 -1478.10824 -1462.335589)
(953.9356897 -1478.10824 -1462.335589)
(1228.873072 -1478.10824 -1462.335589)
(1503.810455 -1478.10824 -1462.335589)
(1778.747838 -1478.10824 -1462.335589)
(2053.685221 -1478.10824 -1462.335589)
(2328.622603 -1478.10824 -1462.335589)
(2603.559986 -1478.10824 -1462.335589)
(2878.497369 -1478.10824 -1462.335589)
(3153.434752 -1478.10824 -1462.335589)
(3428.372134 -1478.10824 -1462.335589)
(3703.309517 -1478.10824 -1462.335589)
(3978.2469 -1478.10824 -1462.335589)
(-3994.9372 -1250.30298 -1462.335589)
(-3719.999817 -1250.30298 -1462.335589)
(-3445.062434 -1250.30298 -1462.335589)
(-3170.125052 -1250.30298 -1462.335589)
(-2895.187669 -1250.30298 -1462.335589)
(-2620.250286 -1250.30298 -1462.335589)
(-2345.312903 -1250.30298 -1462.335589)
(-2070.375521 -1250.30298 -1462.335589)
(-1795.438138 -1250.30298 -1462.335589)
(-1520.500755 -1250.30298 -1462.335589)
(-1245.563372 -1250.30298 -1462.335589)
(-970.6259897 -1250.30298 -1462.335589)
(-695.6886069 -1250.30298 -1462.335589)
(-420.7512241 -1250.30298 -1462.335589)
(-145.8138414 -1250.30298 -1462.335589)
(129.1235414 -1250.30298 -1462.335589)
(404.0609241 -1250.30298 -1462.335589)
(678.9983069 -1250.30298 -1462.335589)
(953.9356897 -1250.30298 -1462.335589)
(1228.873072 -1250.30298 -1462.335589)
(1503.810455 -1250.30298 -1462.335589)
(1778.747838 -1250.30298 -1462.335589)
(2053.685221 -1250.30298 -1462.335589)
(2328.622603 -1250.30298 -1462.335589)
(2603.559986 -1250.30298 -1462.335589)
(2878.497369 -1250.30298 -1462.335589)
(3153.434752 -1250.30298 -1462.335589)
(3428.372134 -1250.30298 -1462.335589)
(3703.309517 -1250.30298 -1462.335589)
(3978.2469 -1250.30298 -1462.335589)
(-3994.9372 -1022.49772 -1462.335589)
(-3719.999817 -1022.49772 -1462.335589)
(-3445.062434 -1022.49772 -1462.335589)
(-3170.125052 -1022.49772 -1462.335589)
(-2895.187669 -1022.49772 -1462.335589)
(-2620.250286 -1022.49772 -1462.335589)
(-2345.312903 -1022.49772 -1462.335589)
(-2070.375521 -1022.49772 -1462.335589)
(-1795.438138 -1022.49772 -1462.335589)
(-1520.500755 -1022.49772 -1462.335589)
(-1245.563372 -1022.49772 -1462.335589)
(-970.6259897 -1022.49772 -1462.335589)
(-695.6886069 -1022.49772 -1462.335589)
(-420.7512241 -1022.49772 -1462.335589)
(-145.8138414 -1022.49772 -1462.335589)
(129.1235414 -1022.49772 -1462.335589)
(404.0609241 -1022.49772 -1462.335589)
(678.9983069 -1022.49772 -1462.335589)
(953.9356897 -1022.49772 -1462.335589)
(1228.873072 -1022.49772 -1462.335589)
(1503.810455 -1022.49772 -1462.335589)
(1778.747838 -1022.49772 -1462.335589)
(2053.685221 -1022.49772 -1462.335589)
(2328.622603 -1022.49772 -1462.335589)
(2603.559986 -1022.49772 -1462.335589)
(2878.497369 -1022.49772 -1462.335589)
(3153.434752 -1022.49772 -1462.335589)
(3428.372134 -1022.49772 -1462.335589)
(3703.309517 -1022.49772 -1462.335589)
(3978.2469 -1022.49772 -1462.335589)
(-3994.9372 -794.69246 -1462.335589)
(-3719.999817 -794.69246 -1462.335589)
(-3445.062434 -794.69246 -1462.335589)
(-3170.125052 -794.69246 -1462.335589)
(-2895.187669 -794.69246 -1462.335589)
(-2620.250286 -794.69246 -1462.335589)
(-2345.312903 -794.69246 -1462.335589)
(-2070.375521 -794.69246 -1462.335589)
(-1795.438138 -794.69246 -1462.335589)
(-1520.500755 -794.69246 -1462.335589)
(-1245.563372 -794.69246 -1462.335589)
(-970.6259897 -794.69246 -1462.335589)
(-695.6886069 -794.69246 -1462.335589)
(-420.7512241 -794.69246 -1462.335589)
(-145.8138414 -794.69246 -1462.335589)
(129.1235414 -794.69246 -1462.335589)
(404.0609241 -794.69246 -1462.335589)
(678.9983069 -794.69246 -1462.335589)
(953.9356897 -794.69246 -1462.335589)
(1228.873072 -794.69246 -1462.335589)
(1503.810455 -794.69246 -1462.335589)
(1778.747838 -794.69246 -1462.335589)
(2053.685221 -794.69246 -1462.335589)
(2328.622603 -794.69246 -1462.335589)
(2603.559986 -794.69246 -1462.335589)
(2878.497369 -794.69246 -1462.335589)
(3153.434752 -794.69246 -1462.335589)
(3428.372134 -794.69246 -1462.335589)
(3703.309517 -794.69246 -1462.335589)
(3978.2469 -794.69246 -1462.335589)
(-3994.9372 -566.8872 -1462.335589)
(-3719.999817 -566.8872 -1462.335589)
(-3445.062434 -566.8872 -1462.335589)
(-3170.125052 -566.8872 -1462.335589)
(-2895.187669 -566.8872 -1462.335589)
(-2620.250286 -566.8872 -1462.335589)
(-2345.312903 -566.8872 -1462.335589)
(-2070.375521 -566.8872 -1462.335589)
(-1795.438138 -566.8872 -1462.335589)
(-1520.500755 -566.8872 -1462.335589)
(-1245.563372 -566.8872 -1462.335589)
(-970.6259897 -566.8872 -1462.335589)
(-695.6886069 -566.8872 -1462.335589)
(-420.7512241 -566.8872 -1462.335589)
(-145.8138414 -566.8872 -1462.335589)
(129.1235414 -566.8872 -1462.335589)
(404.0609241 -566.8872 -1462.335589)
(678.9983069 -566.8872 -1462.335589)
(953.9356897 -566.8872 -1462.335589)
(1228.873072 -566.8872 -1462.335589)
(1503.810455 -566.8872 -1462.335589)
(1778.747838 -566.8872 -1462.335589)
(2053.685221 -566.8872 -1462.335589)
(2328.622603 -566.8872 -1462.335589)
(2603.559986 -566.8872 -1462.335589)
(2878.497369 -566.8872 -1462.335589)
(3153.434752 -566.8872 -1462.335589)
(3428.372134 -566.8872 -1462.335589)
(3703.309517 -566.8872 -1462.335589)
(3978.2469 -566.8872 -1462.335589)
(-3994.9372 -339.08194 -1462.335589)
(-3719.999817 -339.08194 -1462.335589)
(-3445.062434 -339.08194 -1462.335589)
(-3170.125052 -339.08194 -1462.335589)
(-2895.187669 -339.08194 -1462.335589)
(-2620.250286 -339.08194 -1462.335589)
(-2345.312903 -339.08194 -1462.335589)
(-2070.375521 -339.08194 -1462.335589)
(-1795.438138 -339.08194 -1462.335589)
(-1520.500755 -339.08194 -1462.335589)
(-1245.563372 -339.08194 -1462.335589)
(-970.6259897 -339.08194 -1462.335589)
(-695.6886069 -339.08194 -1462.335589)
(-420.7512241 -339.08194 -1462.335589)
(-145.8138414 -339.08194 -1462.335589)
(129.1235414 -339.08194 -1462.335589)
(404.0609241 -339.08194 -1462.335589)
(678.9983069 -339.08194 -1462.335589)
(953.9356897 -339.08194 -1462.335589)
(1228.873072 -339.08194 -1462.335589)
(1503.810455 -339.08194 -1462.335589)
(1778.747838 -339.08194 -1462.335589)
(2053.685221 -339.08194 -1462.335589)
(2328.622603 -339.08194 -1462.335589)
(2603.559986 -339.08194 -1462.335589)
(2878.497369 -339.08194 -1462.335589)
(3153.434752 -339.08194 -1462.335589)
(3428.372134 -339.08194 -1462.335589)
(3703.309517 -339.08194 -1462.335589)
(3978.2469 -339.08194 -1462.335589)
(-3994.9372 -111.27668 -1462.335589)
(-3719.999817 -111.27668 -1462.335589)
(-3445.062434 -111.27668 -1462.335589)
(-3170.125052 -111.27668 -1462.335589)
(-2895.187669 -111.27668 -1462.335589)
(-2620.250286 -111.27668 -1462.335589)
(-2345.312903 -111.27668 -1462.335589)
(-2070.375521 -111.27668 -1462.335589)
(-1795.438138 -111.27668 -1462.335589)
(-1520.500755 -111.27668 -1462.335589)
(-1245.563372 -111.27668 -1462.335589)
(-970.6259897 -111.27668 -1462.335589)
(-695.6886069 -111.27668 -1462.335589)
(-420.7512241 -111.27668 -1462.335589)
(-145.8138414 -111.27668 -1462.335589)
(129.1235414 -111.27668 -1462.335589)
(404.0609241 -111.27668 -1462.335589)
(678.9983069 -111.27668 -1462.335589)
(953.9356897 -111.27668 -1462.335589)
(1228.873072 -111.27668 -1462.335589)
(1503.810455 -111.27668 -1462.335589)
(1778.747838 -111.27668 -1462.335589)
(2053.685221 -111.27668 -1462.335589)
(2328.622603 -111.27668 -1462.335589)
(2603.559986 -111.27668 -1462.335589)
(2878.497369 -111.27668 -1462.335589)
(3153.434752 -111.27668 -1462.335589)
(3428.372134 -111.27668 -1462.335589)
(3703.309517 -111.27668 -1462.335589)
(3978.2469 -111.27668 -1462.335589)
(-3994.9372 116.52858 -1462.335589)
(-3719.999817 116.52858 -1462.335589)
(-3445.062434 116.52858 -1462.335589)
(-3170.125052 116.52858 -1462.335589)
(-2895.187669 116.52858 -1462.335589)
(-2620.250286 116.52858 -1462.335589)
(-2345.312903 116.52858 -1462.335589)
(-2070.375521 116.52858 -1462.335589)
(-1795.438138 116.52858 -1462.335589)
(-1520.500755 116.52858 -1462.335589)
(-1245.563372 116.52858 -1462.335589)
(-970.6259897 116.52858 -1462.335589)
(-695.6886069 116.52858 -1462.335589)
(-420.7512241 116.52858 -1462.335589)
(-145.8138414 116.52858 -1462.335589)
(129.1235414 116.52858 -1462.335589)
(404.0609241 116.52858 -1462.335589)
(678.9983069 116.52858 -1462.335589)
(953.9356897 116.52858 -1462.335589)
(1228.873072 116.52858 -1462.335589)
(1503.810455 116.52858 -1462.335589)
(1778.747838 116.52858 -1462.335589)
(2053.685221 116.52858 -1462.335589)
(2328.622603 116.52858 -1462.335589)
(2603.559986 116.52858 -1462.335589)
(2878.497369 116.52858 -1462.335589)
(3153.434752 116.52858 -1462.335589)
(3428.372134 116.52858 -1462.335589)
(3703.309517 116.52858 -1462.335589)
(3978.2469 116.52858 -1462.335589)
(-3994.9372 344.33384 -1462.335589)
(-3719.999817 344.33384 -1462.335589)
(-3445.062434 344.33384 -1462.335589)
(-3170.125052 344.33384 -1462.335589)
(-2895.187669 344.33384 -1462.335589)
(-2620.250286 344.33384 -1462.335589)
(-2345.312903 344.33384 -1462.335589)
(-2070.375521 344.33384 -1462.335589)
(-1795.438138 344.33384 -1462.335589)
(-1520.500755 344.33384 -1462.335589)
(-1245.563372 344.33384 -1462.335589)
(-970.6259897 344.33384 -1462.335589)
(-695.6886069 344.33384 -1462.335589)
(-420.7512241 344.33384 -1462.335589)
(-145.8138414 344.33384 -1462.335589)
(129.1235414 344.33384 -1462.335589)
(404.0609241 344.33384 -1462.335589)
(678.9983069 344.33384 -1462.335589)
(953.9356897 344.33384 -1462.335589)
(1228.873072 344.33384 -1462.335589)
(1503.810455 344.33384 -1462.335589)
(1778.747838 344.33384 -1462.335589)
(2053.685221 344.33384 -1462.335589)
(2328.622603 344.33384 -1462.335589)
(2603.559986 344.33384 -1462.335589)
(2878.497369 344.33384 -1462.335589)
(3153.434752 344.33384 -1462.335589)
(3428.372134 344.33384 -1462.335589)
(3703.309517 344.33384 -1462.335589)
(3978.2469 344.33384 -1462.335589)
(-3994.9372 572.1391 -1462.335589)
(-3719.999817 572.1391 -1462.335589)
(-3445.062434 572.1391 -1462.335589)
(-3170.125052 572.1391 -1462.335589)
(-2895.187669 572.1391 -1462.335589)
(-2620.250286 572.1391 -1462.335589)
(-2345.312903 572.1391 -1462.335589)
(-2070.375521 572.1391 -1462.335589)
(-1795.438138 572.1391 -1462.335589)
(-1520.500755 572.1391 -1462.335589)
(-1245.563372 572.1391 -1462.335589)
(-970.6259897 572.1391 -1462.335589)
(-695.6886069 572.1391 -1462.335589)
(-420.7512241 572.1391 -1462.335589)
(-145.8138414 572.1391 -1462.335589)
(129.1235414 572.1391 -1462.335589)
(404.0609241 572.1391 -1462.335589)
(678.9983069 572.1391 -1462.335589)
(953.9356897 572.1391 -1462.335589)
(1228.873072 572.1391 -1462.335589)
(1503.810455 572.1391 -1462.335589)
(1778.747838 572.1391 -1462.335589)
(2053.685221 572.1391 -1462.335589)
(2328.622603 572.1391 -1462.335589)
(2603.559986 572.1391 -1462.335589)
(2878.497369 572.1391 -1462.335589)
(3153.434752 572.1391 -1462.335589)
(3428.372134 572.1391 -1462.335589)
(3703.309517 572.1391 -1462.335589)
(3978.2469 572.1391 -1462.335589)
(-3994.9372 799.94436 -1462.335589)
(-3719.999817 799.94436 -1462.335589)
(-3445.062434 799.94436 -1462.335589)
(-3170.125052 799.94436 -1462.335589)
(-2895.187669 799.94436 -1462.335589)
(-2620.250286 799.94436 -1462.335589)
(-2345.312903 799.94436 -1462.335589)
(-2070.375521 799.94436 -1462.335589)
(-1795.438138 799.94436 -1462.335589)
(-1520.500755 799.94436 -1462.335589)
(-1245.563372 799.94436 -1462.335589)
(-970.6259897 799.94436 -1462.335589)
(-695.6886069 799.94436 -1462.335589)
(-420.7512241 799.94436 -1462.335589)
(-145.8138414 799.94436 -1462.335589)
(129.1235414 799.94436 -1462.335589)
(404.0609241 799.94436 -1462.335589)
(678.9983069 799.94436 -1462.335589)
(953.9356897 799.94436 -1462.335589)
(1228.873072 799.94436 -1462.335589)
(1503.810455 799.94436 -1462.335589)
(1778.747838 799.94436 -1462.335589)
(2053.685221 799.94436 -1462.335589)
(2328.622603 799.94436 -1462.335589)
(2603.559986 799.94436 -1462.335589)
(2878.497369 799.94436 -1462.335589)
(3153.434752 799.94436 -1462.335589)
(3428.372134 799.94436 -1462.335589)
(3703.309517 799.94436 -1462.335589)
(3978.2469 799.94436 -1462.335589)
(-3994.9372 1027.74962 -1462.335589)
(-3719.999817 1027.74962 -1462.335589)
(-3445.062434 1027.74962 -1462.335589)
(-3170.125052 1027.74962 -1462.335589)
(-2895.187669 1027.74962 -1462.335589)
(-2620.250286 1027.74962 -1462.335589)
(-2345.312903 1027.74962 -1462.335589)
(-2070.375521 1027.74962 -1462.335589)
(-1795.438138 1027.74962 -1462.335589)
(-1520.500755 1027.74962 -1462.335589)
(-1245.563372 1027.74962 -1462.335589)
(-970.6259897 1027.74962 -1462.335589)
(-695.6886069 1027.74962 -1462.335589)
(-420.7512241 1027.74962 -1462.335589)
(-145.8138414 1027.74962 -1462.335589)
(129.1235414 1027.74962 -1462.335589)
(404.0609241 1027.74962 -1462.335589)
(678.9983069 1027.74962 -1462.335589)
(953.9356897 1027.74962 -1462.335589)
(1228.873072 1027.74962 -1462.335589)
(1503.810455 1027.74962 -1462.335589)
(1778.747838 1027.74962 -1462.335589)
(2053.685221 1027.74962 -1462.335589)
(2328.622603 1027.74962 -1462.335589)
(2603.559986 1027.74962 -1462.335589)
(2878.497369 1027.74962 -1462.335589)
(3153.434752 1027.74962 -1462.335589)
(3428.372134 1027.74962 -1462.335589)
(3703.309517 1027.74962 -1462.335589)
(3978.2469 1027.74962 -1462.335589)
(-3994.9372 1255.55488 -1462.335589)
(-3719.999817 1255.55488 -1462.335589)
(-3445.062434 1255.55488 -1462.335589)
(-3170.125052 1255.55488 -1462.335589)
(-2895.187669 1255.55488 -1462.335589)
(-2620.250286 1255.55488 -1462.335589)
(-2345.312903 1255.55488 -1462.335589)
(-2070.375521 1255.55488 -1462.335589)
(-1795.438138 1255.55488 -1462.335589)
(-1520.500755 1255.55488 -1462.335589)
(-1245.563372 1255.55488 -1462.335589)
(-970.6259897 1255.55488 -1462.335589)
(-695.6886069 1255.55488 -1462.335589)
(-420.7512241 1255.55488 -1462.335589)
(-145.8138414 1255.55488 -1462.335589)
(129.1235414 1255.55488 -1462.335589)
(404.0609241 1255.55488 -1462.335589)
(678.9983069 1255.55488 -1462.335589)
(953.9356897 1255.55488 -1462.335589)
(1228.873072 1255.55488 -1462.335589)
(1503.810455 1255.55488 -1462.335589)
(1778.747838 1255.55488 -1462.335589)
(2053.685221 1255.55488 -1462.335589)
(2328.622603 1255.55488 -1462.335589)
(2603.559986 1255.55488 -1462.335589)
(2878.497369 1255.55488 -1462.335589)
(3153.434752 1255.55488 -1462.335589)
(3428.372134 1255.55488 -1462.335589)
(3703.309517 1255.55488 -1462.335589)
(3978.2469 1255.55488 -1462.335589)
(-3994.9372 1483.36014 -1462.335589)
(-3719.999817 1483.36014 -1462.335589)
(-3445.062434 1483.36014 -1462.335589)
(-3170.125052 1483.36014 -1462.335589)
(-2895.187669 1483.36014 -1462.335589)
(-2620.250286 1483.36014 -1462.335589)
(-2345.312903 1483.36014 -1462.335589)
(-2070.375521 1483.36014 -1462.335589)
(-1795.438138 1483.36014 -1462.335589)
(-1520.500755 1483.36014 -1462.335589)
(-1245.563372 1483.36014 -1462.335589)
(-970.6259897 1483.36014 -1462.335589)
(-695.6886069 1483.36014 -1462.335589)
(-420.7512241 1483.36014 -1462.335589)
(-145.8138414 1483.36014 -1462.335589)
(129.1235414 1483.36014 -1462.335589)
(404.0609241 1483.36014 -1462.335589)
(678.9983069 1483.36014 -1462.335589)
(953.9356897 1483.36014 -1462.335589)
(1228.873072 1483.36014 -1462.335589)
(1503.810455 1483.36014 -1462.335589)
(1778.747838 1483.36014 -1462.335589)
(2053.685221 1483.36014 -1462.335589)
(2328.622603 1483.36014 -1462.335589)
(2603.559986 1483.36014 -1462.335589)
(2878.497369 1483.36014 -1462.335589)
(3153.434752 1483.36014 -1462.335589)
(3428.372134 1483.36014 -1462.335589)
(3703.309517 1483.36014 -1462.335589)
(3978.2469 1483.36014 -1462.335589)
(-3994.9372 1711.1654 -1462.335589)
(-3719.999817 1711.1654 -1462.335589)
(-3445.062434 1711.1654 -1462.335589)
(-3170.125052 1711.1654 -1462.335589)
(-2895.187669 1711.1654 -1462.335589)
(-2620.250286 1711.1654 -1462.335589)
(-2345.312903 1711.1654 -1462.335589)
(-2070.375521 1711.1654 -1462.335589)
(-1795.438138 1711.1654 -1462.335589)
(-1520.500755 1711.1654 -1462.335589)
(-1245.563372 1711.1654 -1462.335589)
(-970.6259897 1711.1654 -1462.335589)
(-695.6886069 1711.1654 -1462.335589)
(-420.7512241 1711.1654 -1462.335589)
(-145.8138414 1711.1654 -1462.335589)
(129.1235414 1711.1654 -1462.335589)
(404.0609241 1711.1654 -1462.335589)
(678.9983069 1711.1654 -1462.335589)
(953.9356897 1711.1654 -1462.335589)
(1228.873072 1711.1654 -1462.335589)
(1503.810455 1711.1654 -1462.335589)
(1778.747838 1711.1654 -1462.335589)
(2053.685221 1711.1654 -1462.335589)
(2328.622603 1711.1654 -1462.335589)
(2603.559986 1711.1654 -1462.335589)
(2878.497369 1711.1654 -1462.335589)
(3153.434752 1711.1654 -1462.335589)
(3428.372134 1711.1654 -1462.335589)
(3703.309517 1711.1654 -1462.335589)
(3978.2469 1711.1654 -1462.335589)
(-3994.9372 1938.97066 -1462.335589)
(-3719.999817 1938.97066 -1462.335589)
(-3445.062434 1938.97066 -1462.335589)
(-3170.125052 1938.97066 -1462.335589)
(-2895.187669 1938.97066 -1462.335589)
(-2620.250286 1938.97066 -1462.335589)
(-2345.312903 1938.97066 -1462.335589)
(-2070.375521 1938.97066 -1462.335589)
(-1795.438138 1938.97066 -1462.335589)
(-1520.500755 1938.97066 -1462.335589)
(-1245.563372 1938.97066 -1462.335589)
(-970.6259897 1938.97066 -1462.335589)
(-695.6886069 1938.97066 -1462.335589)
(-420.7512241 1938.97066 -1462.335589)
(-145.8138414 1938.97066 -1462.335589)
(129.1235414 1938.97066 -1462.335589)
(404.0609241 1938.97066 -1462.335589)
(678.9983069 1938.97066 -1462.335589)
(953.9356897 1938.97066 -1462.335589)
(1228.873072 1938.97066 -1462.335589)
(1503.810455 1938.97066 -1462.335589)
(1778.747838 1938.97066 -1462.335589)
(2053.685221 1938.97066 -1462.335589)
(2328.622603 1938.97066 -1462.335589)
(2603.559986 1938.97066 -1462.335589)
(2878.497369 1938.97066 -1462.335589)
(3153.434752 1938.97066 -1462.335589)
(3428.372134 1938.97066 -1462.335589)
(3703.309517 1938.97066 -1462.335589)
(3978.2469 1938.97066 -1462.335589)
(-3994.9372 2166.77592 -1462.335589)
(-3719.999817 2166.77592 -1462.335589)
(-3445.062434 2166.77592 -1462.335589)
(-3170.125052 2166.77592 -1462.335589)
(-2895.187669 2166.77592 -1462.335589)
(-2620.250286 2166.77592 -1462.335589)
(-2345.312903 2166.77592 -1462.335589)
(-2070.375521 2166.77592 -1462.335589)
(-1795.438138 2166.77592 -1462.335589)
(-1520.500755 2166.77592 -1462.335589)
(-1245.563372 2166.77592 -1462.335589)
(-970.6259897 2166.77592 -1462.335589)
(-695.6886069 2166.77592 -1462.335589)
(-420.7512241 2166.77592 -1462.335589)
(-145.8138414 2166.77592 -1462.335589)
(129.1235414 2166.77592 -1462.335589)
(404.0609241 2166.77592 -1462.335589)
(678.9983069 2166.77592 -1462.335589)
(953.9356897 2166.77592 -1462.335589)
(1228.873072 2166.77592 -1462.335589)
(1503.810455 2166.77592 -1462.335589)
(1778.747838 2166.77592 -1462.335589)
(2053.685221 2166.77592 -1462.335589)
(2328.622603 2166.77592 -1462.335589)
(2603.559986 2166.77592 -1462.335589)
(2878.497369 2166.77592 -1462.335589)
(3153.434752 2166.77592 -1462.335589)
(3428.372134 2166.77592 -1462.335589)
(3703.309517 2166.77592 -1462.335589)
(3978.2469 2166.77592 -1462.335589)
(-3994.9372 2394.58118 -1462.335589)
(-3719.999817 2394.58118 -1462.335589)
(-3445.062434 2394.58118 -1462.335589)
(-3170.125052 2394.58118 -1462.335589)
(-2895.187669 2394.58118 -1462.335589)
(-2620.250286 2394.58118 -1462.335589)
(-2345.312903 2394.58118 -1462.335589)
(-2070.375521 2394.58118 -1462.335589)
(-1795.438138 2394.58118 -1462.335589)
(-1520.500755 2394.58118 -1462.335589)
(-1245.563372 2394.58118 -1462.335589)
(-970.6259897 2394.58118 -1462.335589)
(-695.6886069 2394.58118 -1462.335589)
(-420.7512241 2394.58118 -1462.335589)
(-145.8138414 2394.58118 -1462.335589)
(129.1235414 2394.58118 -1462.335589)
(404.0609241 2394.58118 -1462.335589)
(678.9983069 2394.58118 -1462.335589)
(953.9356897 2394.58118 -1462.335589)
(1228.873072 2394.58118 -1462.335589)
(1503.810455 2394.58118 -1462.335589)
(1778.747838 2394.58118 -1462.335589)
(2053.685221 2394.58118 -1462.335589)
(2328.622603 2394.58118 -1462.335589)
(2603.559986 2394.58118 -1462.335589)
(2878.497369 2394.58118 -1462.335589)
(3153.434752 2394.58118 -1462.335589)
(3428.372134 2394.58118 -1462.335589)
(3703.309517 2394.58118 -1462.335589)
(3978.2469 2394.58118 -1462.335589)
(-3994.9372 2622.38644 -1462.335589)
(-3719.999817 2622.38644 -1462.335589)
(-3445.062434 2622.38644 -1462.335589)
(-3170.125052 2622.38644 -1462.335589)
(-2895.187669 2622.38644 -1462.335589)
(-2620.250286 2622.38644 -1462.335589)
(-2345.312903 2622.38644 -1462.335589)
(-2070.375521 2622.38644 -1462.335589)
(-1795.438138 2622.38644 -1462.335589)
(-1520.500755 2622.38644 -1462.335589)
(-1245.563372 2622.38644 -1462.335589)
(-970.6259897 2622.38644 -1462.335589)
(-695.6886069 2622.38644 -1462.335589)
(-420.7512241 2622.38644 -1462.335589)
(-145.8138414 2622.38644 -1462.335589)
(129.1235414 2622.38644 -1462.335589)
(404.0609241 2622.38644 -1462.335589)
(678.9983069 2622.38644 -1462.335589)
(953.9356897 2622.38644 -1462.335589)
(1228.873072 2622.38644 -1462.335589)
(1503.810455 2622.38644 -1462.335589)
(1778.747838 2622.38644 -1462.335589)
(2053.685221 2622.38644 -1462.335589)
(2328.622603 2622.38644 -1462.335589)
(2603.559986 2622.38644 -1462.335589)
(2878.497369 2622.38644 -1462.335589)
(3153.434752 2622.38644 -1462.335589)
(3428.372134 2622.38644 -1462.335589)
(3703.309517 2622.38644 -1462.335589)
(3978.2469 2622.38644 -1462.335589)
(-3994.9372 2850.1917 -1462.335589)
(-3719.999817 2850.1917 -1462.335589)
(-3445.062434 2850.1917 -1462.335589)
(-3170.125052 2850.1917 -1462.335589)
(-2895.187669 2850.1917 -1462.335589)
(-2620.250286 2850.1917 -1462.335589)
(-2345.312903 2850.1917 -1462.335589)
(-2070.375521 2850.1917 -1462.335589)
(-1795.438138 2850.1917 -1462.335589)
(-1520.500755 2850.1917 -1462.335589)
(-1245.563372 2850.1917 -1462.335589)
(-970.6259897 2850.1917 -1462.335589)
(-695.6886069 2850.1917 -1462.335589)
(-420.7512241 2850.1917 -1462.335589)
(-145.8138414 2850.1917 -1462.335589)
(129.1235414 2850.1917 -1462.335589)
(404.0609241 2850.1917 -1462.335589)
(678.9983069 2850.1917 -1462.335589)
(953.9356897 2850.1917 -1462.335589)
(1228.873072 2850.1917 -1462.335589)
(1503.810455 2850.1917 -1462.335589)
(1778.747838 2850.1917 -1462.335589)
(2053.685221 2850.1917 -1462.335589)
(2328.622603 2850.1917 -1462.335589)
(2603.559986 2850.1917 -1462.335589)
(2878.497369 2850.1917 -1462.335589)
(3153.434752 2850.1917 -1462.335589)
(3428.372134 2850.1917 -1462.335589)
(3703.309517 2850.1917 -1462.335589)
(3978.2469 2850.1917 -1462.335589)
(-3994.9372 3077.99696 -1462.335589)
(-3719.999817 3077.99696 -1462.335589)
(-3445.062434 3077.99696 -1462.335589)
(-3170.125052 3077.99696 -1462.335589)
(-2895.187669 3077.99696 -1462.335589)
(-2620.250286 3077.99696 -1462.335589)
(-2345.312903 3077.99696 -1462.335589)
(-2070.375521 3077.99696 -1462.335589)
(-1795.438138 3077.99696 -1462.335589)
(-1520.500755 3077.99696 -1462.335589)
(-1245.563372 3077.99696 -1462.335589)
(-970.6259897 3077.99696 -1462.335589)
(-695.6886069 3077.99696 -1462.335589)
(-420.7512241 3077.99696 -1462.335589)
(-145.8138414 3077.99696 -1462.335589)
(129.1235414 3077.99696 -1462.335589)
(404.0609241 3077.99696 -1462.335589)
(678.9983069 3077.99696 -1462.335589)
(953.9356897 3077.99696 -1462.335589)
(1228.873072 3077.99696 -1462.335589)
(1503.810455 3077.99696 -1462.335589)
(1778.747838 3077.99696 -1462.335589)
(2053.685221 3077.99696 -1462.335589)
(2328.622603 3077.99696 -1462.335589)
(2603.559986 3077.99696 -1462.335589)
(2878.497369 3077.99696 -1462.335589)
(3153.434752 3077.99696 -1462.335589)
(3428.372134 3077.99696 -1462.335589)
(3703.309517 3077.99696 -1462.335589)
(3978.2469 3077.99696 -1462.335589)
(-3994.9372 3305.80222 -1462.335589)
(-3719.999817 3305.80222 -1462.335589)
(-3445.062434 3305.80222 -1462.335589)
(-3170.125052 3305.80222 -1462.335589)
(-2895.187669 3305.80222 -1462.335589)
(-2620.250286 3305.80222 -1462.335589)
(-2345.312903 3305.80222 -1462.335589)
(-2070.375521 3305.80222 -1462.335589)
(-1795.438138 3305.80222 -1462.335589)
(-1520.500755 3305.80222 -1462.335589)
(-1245.563372 3305.80222 -1462.335589)
(-970.6259897 3305.80222 -1462.335589)
(-695.6886069 3305.80222 -1462.335589)
(-420.7512241 3305.80222 -1462.335589)
(-145.8138414 3305.80222 -1462.335589)
(129.1235414 3305.80222 -1462.335589)
(404.0609241 3305.80222 -1462.335589)
(678.9983069 3305.80222 -1462.335589)
(953.9356897 3305.80222 -1462.335589)
(1228.873072 3305.80222 -1462.335589)
(1503.810455 3305.80222 -1462.335589)
(1778.747838 3305.80222 -1462.335589)
(2053.685221 3305.80222 -1462.335589)
(2328.622603 3305.80222 -1462.335589)
(2603.559986 3305.80222 -1462.335589)
(2878.497369 3305.80222 -1462.335589)
(3153.434752 3305.80222 -1462.335589)
(3428.372134 3305.80222 -1462.335589)
(3703.309517 3305.80222 -1462.335589)
(3978.2469 3305.80222 -1462.335589)
(-3994.9372 3533.60748 -1462.335589)
(-3719.999817 3533.60748 -1462.335589)
(-3445.062434 3533.60748 -1462.335589)
(-3170.125052 3533.60748 -1462.335589)
(-2895.187669 3533.60748 -1462.335589)
(-2620.250286 3533.60748 -1462.335589)
(-2345.312903 3533.60748 -1462.335589)
(-2070.375521 3533.60748 -1462.335589)
(-1795.438138 3533.60748 -1462.335589)
(-1520.500755 3533.60748 -1462.335589)
(-1245.563372 3533.60748 -1462.335589)
(-970.6259897 3533.60748 -1462.335589)
(-695.6886069 3533.60748 -1462.335589)
(-420.7512241 3533.60748 -1462.335589)
(-145.8138414 3533.60748 -1462.335589)
(129.1235414 3533.60748 -1462.335589)
(404.0609241 3533.60748 -1462.335589)
(678.9983069 3533.60748 -1462.335589)
(953.9356897 3533.60748 -1462.335589)
(1228.873072 3533.60748 -1462.335589)
(1503.810455 3533.60748 -1462.335589)
(1778.747838 3533.60748 -1462.335589)
(2053.685221 3533.60748 -1462.335589)
(2328.622603 3533.60748 -1462.335589)
(2603.559986 3533.60748 -1462.335589)
(2878.497369 3533.60748 -1462.335589)
(3153.434752 3533.60748 -1462.335589)
(3428.372134 3533.60748 -1462.335589)
(3703.309517 3533.60748 -1462.335589)
(3978.2469 3533.60748 -1462.335589)
(-3994.9372 3761.41274 -1462.335589)
(-3719.999817 3761.41274 -1462.335589)
(-3445.062434 3761.41274 -1462.335589)
(-3170.125052 3761.41274 -1462.335589)
(-2895.187669 3761.41274 -1462.335589)
(-2620.250286 3761.41274 -1462.335589)
(-2345.312903 3761.41274 -1462.335589)
(-2070.375521 3761.41274 -1462.335589)
(-1795.438138 3761.41274 -1462.335589)
(-1520.500755 3761.41274 -1462.335589)
(-1245.563372 3761.41274 -1462.335589)
(-970.6259897 3761.41274 -1462.335589)
(-695.6886069 3761.41274 -1462.335589)
(-420.7512241 3761.41274 -1462.335589)
(-145.8138414 3761.41274 -1462.335589)
(129.1235414 3761.41274 -1462.335589)
(404.0609241 3761.41274 -1462.335589)
(678.9983069 3761.41274 -1462.335589)
(953.9356897 3761.41274 -1462.335589)
(1228.873072 3761.41274 -1462.335589)
(1503.810455 3761.41274 -1462.335589)
(1778.747838 3761.41274 -1462.335589)
(2053.685221 3761.41274 -1462.335589)
(2328.622603 3761.41274 -1462.335589)
(2603.559986 3761.41274 -1462.335589)
(2878.497369 3761.41274 -1462.335589)
(3153.434752 3761.41274 -1462.335589)
(3428.372134 3761.41274 -1462.335589)
(3703.309517 3761.41274 -1462.335589)
(3978.2469 3761.41274 -1462.335589)
(-3994.9372 3989.218 -1462.335589)
(-3719.999817 3989.218 -1462.335589)
(-3445.062434 3989.218 -1462.335589)
(-3170.125052 3989.218 -1462.335589)
(-2895.187669 3989.218 -1462.335589)
(-2620.250286 3989.218 -1462.335589)
(-2345.312903 3989.218 -1462.335589)
(-2070.375521 3989.218 -1462.335589)
(-1795.438138 3989.218 -1462.335589)
(-1520.500755 3989.218 -1462.335589)
(-1245.563372 3989.218 -1462.335589)
(-970.6259897 3989.218 -1462.335589)
(-695.6886069 3989.218 -1462.335589)
(-420.7512241 3989.218 -1462.335589)
(-145.8138414 3989.218 -1462.335589)
(129.1235414 3989.218 -1462.335589)
(404.0609241 3989.218 -1462.335589)
(678.9983069 3989.218 -1462.335589)
(953.9356897 3989.218 -1462.335589)
(1228.873072 3989.218 -1462.335589)
(1503.810455 3989.218 -1462.335589)
(1778.747838 3989.218 -1462.335589)
(2053.685221 3989.218 -1462.335589)
(2328.622603 3989.218 -1462.335589)
(2603.559986 3989.218 -1462.335589)
(2878.497369 3989.218 -1462.335589)
(3153.434752 3989.218 -1462.335589)
(3428.372134 3989.218 -1462.335589)
(3703.309517 3989.218 -1462.335589)
(3978.2469 3989.218 -1462.335589)
(-3994.9372 -3983.9661 -1042.694321)
(-3719.999817 -3983.9661 -1042.694321)
(-3445.062434 -3983.9661 -1042.694321)
(-3170.125052 -3983.9661 -1042.694321)
(-2895.187669 -3983.9661 -1042.694321)
(-2620.250286 -3983.9661 -1042.694321)
(-2345.312903 -3983.9661 -1042.694321)
(-2070.375521 -3983.9661 -1042.694321)
(-1795.438138 -3983.9661 -1042.694321)
(-1520.500755 -3983.9661 -1042.694321)
(-1245.563372 -3983.9661 -1042.694321)
(-970.6259897 -3983.9661 -1042.694321)
(-695.6886069 -3983.9661 -1042.694321)
(-420.7512241 -3983.9661 -1042.694321)
(-145.8138414 -3983.9661 -1042.694321)
(129.1235414 -3983.9661 -1042.694321)
(404.0609241 -3983.9661 -1042.694321)
(678.9983069 -3983.9661 -1042.694321)
(953.9356897 -3983.9661 -1042.694321)
(1228.873072 -3983.9661 -1042.694321)
(1503.810455 -3983.9661 -1042.694321)
(1778.747838 -3983.9661 -1042.694321)
(2053.685221 -3983.9661 -1042.694321)
(2328.622603 -3983.9661 -1042.694321)
(2603.559986 -3983.9661 -1042.694321)
(2878.497369 -3983.9661 -1042.694321)
(3153.434752 -3983.9661 -1042.694321)
(3428.372134 -3983.9661 -1042.694321)
(3703.309517 -3983.9661 -1042.694321)
(3978.2469 -3983.9661 -1042.694321)
(-3994.9372 -3756.16084 -1042.694321)
(-3719.999817 -3756.16084 -1042.694321)
(-3445.062434 -3756.16084 -1042.694321)
(-3170.125052 -3756.16084 -1042.694321)
(-2895.187669 -3756.16084 -1042.694321)
(-2620.250286 -3756.16084 -1042.694321)
(-2345.312903 -3756.16084 -1042.694321)
(-2070.375521 -3756.16084 -1042.694321)
(-1795.438138 -3756.16084 -1042.694321)
(-1520.500755 -3756.16084 -1042.694321)
(-1245.563372 -3756.16084 -1042.694321)
(-970.6259897 -3756.16084 -1042.694321)
(-695.6886069 -3756.16084 -1042.694321)
(-420.7512241 -3756.16084 -1042.694321)
(-145.8138414 -3756.16084 -1042.694321)
(129.1235414 -3756.16084 -1042.694321)
(404.0609241 -3756.16084 -1042.694321)
(678.9983069 -3756.16084 -1042.694321)
(953.9356897 -3756.16084 -1042.694321)
(1228.873072 -3756.16084 -1042.694321)
(1503.810455 -3756.16084 -1042.694321)
(1778.747838 -3756.16084 -1042.694321)
(2053.685221 -3756.16084 -1042.694321)
(2328.622603 -3756.16084 -1042.694321)
(2603.559986 -3756.16084 -1042.694321)
(2878.497369 -3756.16084 -1042.694321)
(3153.434752 -3756.16084 -1042.694321)
(3428.372134 -3756.16084 -1042.694321)
(3703.309517 -3756.16084 -1042.694321)
(3978.2469 -3756.16084 -1042.694321)
(-3994.9372 -3528.35558 -1042.694321)
(-3719.999817 -3528.35558 -1042.694321)
(-3445.062434 -3528.35558 -1042.694321)
(-3170.125052 -3528.35558 -1042.694321)
(-2895.187669 -3528.35558 -1042.694321)
(-2620.250286 -3528.35558 -1042.694321)
(-2345.312903 -3528.35558 -1042.694321)
(-2070.375521 -3528.35558 -1042.694321)
(-1795.438138 -3528.35558 -1042.694321)
(-1520.500755 -3528.35558 -1042.694321)
(-1245.563372 -3528.35558 -1042.694321)
(-970.6259897 -3528.35558 -1042.694321)
(-695.6886069 -3528.35558 -1042.694321)
(-420.7512241 -3528.35558 -1042.694321)
(-145.8138414 -3528.35558 -1042.694321)
(129.1235414 -3528.35558 -1042.694321)
(404.0609241 -3528.35558 -1042.694321)
(678.9983069 -3528.35558 -1042.694321)
(953.9356897 -3528.35558 -1042.694321)
(1228.873072 -3528.35558 -1042.694321)
(1503.810455 -3528.35558 -1042.694321)
(1778.747838 -3528.35558 -1042.694321)
(2053.685221 -3528.35558 -1042.694321)
(2328.622603 -3528.35558 -1042.694321)
(2603.559986 -3528.35558 -1042.694321)
(2878.497369 -3528.35558 -1042.694321)
(3153.434752 -3528.35558 -1042.694321)
(3428.372134 -3528.35558 -1042.694321)
(3703.309517 -3528.35558 -1042.694321)
(3978.2469 -3528.35558 -1042.694321)
(-3994.9372 -3300.55032 -1042.694321)
(-3719.999817 -3300.55032 -1042.694321)
(-3445.062434 -3300.55032 -1042.694321)
(-3170.125052 -3300.55032 -1042.694321)
(-2895.187669 -3300.55032 -1042.694321)
(-2620.250286 -3300.55032 -1042.694321)
(-2345.312903 -3300.55032 -1042.694321)
(-2070.375521 -3300.55032 -1042.694321)
(-1795.438138 -3300.55032 -1042.694321)
(-1520.500755 -3300.55032 -1042.694321)
(-1245.563372 -3300.55032 -1042.694321)
(-970.6259897 -3300.55032 -1042.694321)
(-695.6886069 -3300.55032 -1042.694321)
(-420.7512241 -3300.55032 -1042.694321)
(-145.8138414 -3300.55032 -1042.694321)
(129.1235414 -3300.55032 -1042.694321)
(404.0609241 -3300.55032 -1042.694321)
(678.9983069 -3300.55032 -1042.694321)
(953.9356897 -3300.55032 -1042.694321)
(1228.873072 -3300.55032 -1042.694321)
(1503.810455 -3300.55032 -1042.694321)
(1778.747838 -3300.55032 -1042.694321)
(2053.685221 -3300.55032 -1042.694321)
(2328.622603 -3300.55032 -1042.694321)
(2603.559986 -3300.55032 -1042.694321)
(2878.497369 -3300.55032 -1042.694321)
(3153.434752 -3300.55032 -1042.694321)
(3428.372134 -3300.55032 -1042.694321)
(3703.309517 -3300.55032 -1042.694321)
(3978.2469 -3300.55032 -1042.694321)
(-3994.9372 -3072.74506 -1042.694321)
(-3719.999817 -3072.74506 -1042.694321)
(-3445.062434 -3072.74506 -1042.694321)
(-3170.125052 -3072.74506 -1042.694321)
(-2895.187669 -3072.74506 -1042.694321)
(-2620.250286 -3072.74506 -1042.694321)
(-2345.312903 -3072.74506 -1042.694321)
(-2070.375521 -3072.74506 -1042.694321)
(-1795.438138 -3072.74506 -1042.694321)
(-1520.500755 -3072.74506 -1042.694321)
(-1245.563372 -3072.74506 -1042.694321)
(-970.6259897 -3072.74506 -1042.694321)
(-695.6886069 -3072.74506 -1042.694321)
(-420.7512241 -3072.74506 -1042.694321)
(-145.8138414 -3072.74506 -1042.694321)
(129.1235414 -3072.74506 -1042.694321)
(404.0609241 -3072.74506 -1042.694321)
(678.9983069 -3072.74506 -1042.694321)
(953.9356897 -3072.74506 -1042.694321)
(1228.873072 -3072.74506 -1042.694321)
(1503.810455 -3072.74506 -1042.694321)
(1778.747838 -3072.74506 -1042.694321)
(2053.685221 -3072.74506 -1042.694321)
(2328.622603 -3072.74506 -1042.694321)
(2603.559986 -3072.74506 -1042.694321)
(2878.497369 -3072.74506 -1042.694321)
(3153.434752 -3072.74506 -1042.694321)
(3428.372134 -3072.74506 -1042.694321)
(3703.309517 -3072.74506 -1042.694321)
(3978.2469 -3072.74506 -1042.694321)
(-3994.9372 -2844.9398 -1042.694321)
(-3719.999817 -2844.9398 -1042.694321)
(-3445.062434 -2844.9398 -1042.694321)
(-3170.125052 -2844.9398 -1042.694321)
(-2895.187669 -2844.9398 -1042.694321)
(-2620.250286 -2844.9398 -1042.694321)
(-2345.312903 -2844.9398 -1042.694321)
(-2070.375521 -2844.9398 -1042.694321)
(-1795.438138 -2844.9398 -1042.694321)
(-1520.500755 -2844.9398 -1042.694321)
(-1245.563372 -2844.9398 -1042.694321)
(-970.6259897 -2844.9398 -1042.694321)
(-695.6886069 -2844.9398 -1042.694321)
(-420.7512241 -2844.9398 -1042.694321)
(-145.8138414 -2844.9398 -1042.694321)
(129.1235414 -2844.9398 -1042.694321)
(404.0609241 -2844.9398 -1042.694321)
(678.9983069 -2844.9398 -1042.694321)
(953.9356897 -2844.9398 -1042.694321)
(1228.873072 -2844.9398 -1042.694321)
(1503.810455 -2844.9398 -1042.694321)
(1778.747838 -2844.9398 -1042.694321)
(2053.685221 -2844.9398 -1042.694321)
(2328.622603 -2844.9398 -1042.694321)
(2603.559986 -2844.9398 -1042.694321)
(2878.497369 -2844.9398 -1042.694321)
(3153.434752 -2844.9398 -1042.694321)
(3428.372134 -2844.9398 -1042.694321)
(3703.309517 -2844.9398 -1042.694321)
(3978.2469 -2844.9398 -1042.694321)
(-3994.9372 -2617.13454 -1042.694321)
(-3719.999817 -2617.13454 -1042.694321)
(-3445.062434 -2617.13454 -1042.694321)
(-3170.125052 -2617.13454 -1042.694321)
(-2895.187669 -2617.13454 -1042.694321)
(-2620.250286 -2617.13454 -1042.694321)
(-2345.312903 -2617.13454 -1042.694321)
(-2070.375521 -2617.13454 -1042.694321)
(-1795.438138 -2617.13454 -1042.694321)
(-1520.500755 -2617.13454 -1042.694321)
(-1245.563372 -2617.13454 -1042.694321)
(-970.6259897 -2617.13454 -1042.694321)
(-695.6886069 -2617.13454 -1042.694321)
(-420.7512241 -2617.13454 -1042.694321)
(-145.8138414 -2617.13454 -1042.694321)
(129.1235414 -2617.13454 -1042.694321)
(404.0609241 -2617.13454 -1042.694321)
(678.9983069 -2617.13454 -1042.694321)
(953.9356897 -2617.13454 -1042.694321)
(1228.873072 -2617.13454 -1042.694321)
(1503.810455 -2617.13454 -1042.694321)
(1778.747838 -2617.13454 -1042.694321)
(2053.685221 -2617.13454 -1042.694321)
(2328.622603 -2617.13454 -1042.694321)
(2603.559986 -2617.13454 -1042.694321)
(2878.497369 -2617.13454 -1042.694321)
(3153.434752 -2617.13454 -1042.694321)
(3428.372134 -2617.13454 -1042.694321)
(3703.309517 -2617.13454 -1042.694321)
(3978.2469 -2617.13454 -1042.694321)
(-3994.9372 -2389.32928 -1042.694321)
(-3719.999817 -2389.32928 -1042.694321)
(-3445.062434 -2389.32928 -1042.694321)
(-3170.125052 -2389.32928 -1042.694321)
(-2895.187669 -2389.32928 -1042.694321)
(-2620.250286 -2389.32928 -1042.694321)
(-2345.312903 -2389.32928 -1042.694321)
(-2070.375521 -2389.32928 -1042.694321)
(-1795.438138 -2389.32928 -1042.694321)
(-1520.500755 -2389.32928 -1042.694321)
(-1245.563372 -2389.32928 -1042.694321)
(-970.6259897 -2389.32928 -1042.694321)
(-695.6886069 -2389.32928 -1042.694321)
(-420.7512241 -2389.32928 -1042.694321)
(-145.8138414 -2389.32928 -1042.694321)
(129.1235414 -2389.32928 -1042.694321)
(404.0609241 -2389.32928 -1042.694321)
(678.9983069 -2389.32928 -1042.694321)
(953.9356897 -2389.32928 -1042.694321)
(1228.873072 -2389.32928 -1042.694321)
(1503.810455 -2389.32928 -1042.694321)
(1778.747838 -2389.32928 -1042.694321)
(2053.685221 -2389.32928 -1042.694321)
(2328.622603 -2389.32928 -1042.694321)
(2603.559986 -2389.32928 -1042.694321)
(2878.497369 -2389.32928 -1042.694321)
(3153.434752 -2389.32928 -1042.694321)
(3428.372134 -2389.32928 -1042.694321)
(3703.309517 -2389.32928 -1042.694321)
(3978.2469 -2389.32928 -1042.694321)
(-3994.9372 -2161.52402 -1042.694321)
(-3719.999817 -2161.52402 -1042.694321)
(-3445.062434 -2161.52402 -1042.694321)
(-3170.125052 -2161.52402 -1042.694321)
(-2895.187669 -2161.52402 -1042.694321)
(-2620.250286 -2161.52402 -1042.694321)
(-2345.312903 -2161.52402 -1042.694321)
(-2070.375521 -2161.52402 -1042.694321)
(-1795.438138 -2161.52402 -1042.694321)
(-1520.500755 -2161.52402 -1042.694321)
(-1245.563372 -2161.52402 -1042.694321)
(-970.6259897 -2161.52402 -1042.694321)
(-695.6886069 -2161.52402 -1042.694321)
(-420.7512241 -2161.52402 -1042.694321)
(-145.8138414 -2161.52402 -1042.694321)
(129.1235414 -2161.52402 -1042.694321)
(404.0609241 -2161.52402 -1042.694321)
(678.9983069 -2161.52402 -1042.694321)
(953.9356897 -2161.52402 -1042.694321)
(1228.873072 -2161.52402 -1042.694321)
(1503.810455 -2161.52402 -1042.694321)
(1778.747838 -2161.52402 -1042.694321)
(2053.685221 -2161.52402 -1042.694321)
(2328.622603 -2161.52402 -1042.694321)
(2603.559986 -2161.52402 -1042.694321)
(2878.497369 -2161.52402 -1042.694321)
(3153.434752 -2161.52402 -1042.694321)
(3428.372134 -2161.52402 -1042.694321)
(3703.309517 -2161.52402 -1042.694321)
(3978.2469 -2161.52402 -1042.694321)
(-3994.9372 -1933.71876 -1042.694321)
(-3719.999817 -1933.71876 -1042.694321)
(-3445.062434 -1933.71876 -1042.694321)
(-3170.125052 -1933.71876 -1042.694321)
(-2895.187669 -1933.71876 -1042.694321)
(-2620.250286 -1933.71876 -1042.694321)
(-2345.312903 -1933.71876 -1042.694321)
(-2070.375521 -1933.71876 -1042.694321)
(-1795.438138 -1933.71876 -1042.694321)
(-1520.500755 -1933.71876 -1042.694321)
(-1245.563372 -1933.71876 -1042.694321)
(-970.6259897 -1933.71876 -1042.694321)
(-695.6886069 -1933.71876 -1042.694321)
(-420.7512241 -1933.71876 -1042.694321)
(-145.8138414 -1933.71876 -1042.694321)
(129.1235414 -1933.71876 -1042.694321)
(404.0609241 -1933.71876 -1042.694321)
(678.9983069 -1933.71876 -1042.694321)
(953.9356897 -1933.71876 -1042.694321)
(1228.873072 -1933.71876 -1042.694321)
(1503.810455 -1933.71876 -1042.694321)
(1778.747838 -1933.71876 -1042.694321)
(2053.685221 -1933.71876 -1042.694321)
(2328.622603 -1933.71876 -1042.694321)
(2603.559986 -1933.71876 -1042.694321)
(2878.497369 -1933.71876 -1042.694321)
(3153.434752 -1933.71876 -1042.694321)
(3428.372134 -1933.71876 -1042.694321)
(3703.309517 -1933.71876 -1042.694321)
(3978.2469 -1933.71876 -1042.694321)
(-3994.9372 -1705.9135 -1042.694321)
(-3719.999817 -1705.9135 -1042.694321)
(-3445.062434 -1705.9135 -1042.694321)
(-3170.125052 -1705.9135 -1042.694321)
(-2895.187669 -1705.9135 -1042.694321)
(-2620.250286 -1705.9135 -1042.694321)
(-2345.312903 -1705.9135 -1042.694321)
(-2070.375521 -1705.9135 -1042.694321)
(-1795.438138 -1705.9135 -1042.694321)
(-1520.500755 -1705.9135 -1042.694321)
(-1245.563372 -1705.9135 -1042.694321)
(-970.6259897 -1705.9135 -1042.694321)
(-695.6886069 -1705.9135 -1042.694321)
(-420.7512241 -1705.9135 -1042.694321)
(-145.8138414 -1705.9135 -1042.694321)
(129.1235414 -1705.9135 -1042.694321)
(404.0609241 -1705.9135 -1042.694321)
(678.9983069 -1705.9135 -1042.694321)
(953.9356897 -1705.9135 -1042.694321)
(1228.873072 -1705.9135 -1042.694321)
(1503.810455 -1705.9135 -1042.694321)
(1778.747838 -1705.9135 -1042.694321)
(2053.685221 -1705.9135 -1042.694321)
(2328.622603 -1705.9135 -1042.694321)
(2603.559986 -1705.9135 -1042.694321)
(2878.497369 -1705.9135 -1042.694321)
(3153.434752 -1705.9135 -1042.694321)
(3428.372134 -1705.9135 -1042.694321)
(3703.309517 -1705.9135 -1042.694321)
(3978.2469 -1705.9135 -1042.694321)
(-3994.9372 -1478.10824 -1042.694321)
(-3719.999817 -1478.10824 -1042.694321)
(-3445.062434 -1478.10824 -1042.694321)
(-3170.125052 -1478.10824 -1042.694321)
(-2895.187669 -1478.10824 -1042.694321)
(-2620.250286 -1478.10824 -1042.694321)
(-2345.312903 -1478.10824 -1042.694321)
(-2070.375521 -1478.10824 -1042.694321)
(-1795.438138 -1478.10824 -1042.694321)
(-1520.500755 -1478.10824 -1042.694321)
(-1245.563372 -1478.10824 -1042.694321)
(-970.6259897 -1478.10824 -1042.694321)
(-695.6886069 -1478.10824 -1042.694321)
(-420.7512241 -1478.10824 -1042.694321)
(-145.8138414 -1478.10824 -1042.694321)
(129.1235414 -1478.10824 -1042.694321)
(404.0609241 -1478.10824 -1042.694321)
(678.9983069 -1478.10824 -1042.694321)
(953.9356897 -1478.10824 -1042.694321)
(1228.873072 -1478.10824 -1042.694321)
(1503.810455 -1478.10824 -1042.694321)
(1778.747838 -1478.10824 -1042.694321)
(2053.685221 -1478.10824 -1042.694321)
(2328.622603 -1478.10824 -1042.694321)
(2603.559986 -1478.10824 -1042.694321)
(2878.497369 -1478.10824 -1042.694321)
(3153.434752 -1478.10824 -1042.694321)
(3428.372134 -1478.10824 -1042.694321)
(3703.309517 -1478.10824 -1042.694321)
(3978.2469 -1478.10824 -1042.694321)
(-3994.9372 -1250.30298 -1042.694321)
(-3719.999817 -1250.30298 -1042.694321)
(-3445.062434 -1250.30298 -1042.694321)
(-3170.125052 -1250.30298 -1042.694321)
(-2895.187669 -1250.30298 -1042.694321)
(-2620.250286 -1250.30298 -1042.694321)
(-2345.312903 -1250.30298 -1042.694321)
(-2070.375521 -1250.30298 -1042.694321)
(-1795.438138 -1250.30298 -1042.694321)
(-1520.500755 -1250.30298 -1042.694321)
(-1245.563372 -1250.30298 -1042.694321)
(-970.6259897 -1250.30298 -1042.694321)
(-695.6886069 -1250.30298 -1042.694321)
(-420.7512241 -1250.30298 -1042.694321)
(-145.8138414 -1250.30298 -1042.694321)
(129.1235414 -1250.30298 -1042.694321)
(404.0609241 -1250.30298 -1042.694321)
(678.9983069 -1250.30298 -1042.694321)
(953.9356897 -1250.30298 -1042.694321)
(1228.873072 -1250.30298 -1042.694321)
(1503.810455 -1250.30298 -1042.694321)
(1778.747838 -1250.30298 -1042.694321)
(2053.685221 -1250.30298 -1042.694321)
(2328.622603 -1250.30298 -1042.694321)
(2603.559986 -1250.30298 -1042.694321)
(2878.497369 -1250.30298 -1042.694321)
(3153.434752 -1250.30298 -1042.694321)
(3428.372134 -1250.30298 -1042.694321)
(3703.309517 -1250.30298 -1042.694321)
(3978.2469 -1250.30298 -1042.694321)
(-3994.9372 -1022.49772 -1042.694321)
(-3719.999817 -1022.49772 -1042.694321)
(-3445.062434 -1022.49772 -1042.694321)
(-3170.125052 -1022.49772 -1042.694321)
(-2895.187669 -1022.49772 -1042.694321)
(-2620.250286 -1022.49772 -1042.694321)
(-2345.312903 -1022.49772 -1042.694321)
(-2070.375521 -1022.49772 -1042.694321)
(-1795.438138 -1022.49772 -1042.694321)
(-1520.500755 -1022.49772 -1042.694321)
(-1245.563372 -1022.49772 -1042.694321)
(-970.6259897 -1022.49772 -1042.694321)
(-695.6886069 -1022.49772 -1042.694321)
(-420.7512241 -1022.49772 -1042.694321)
(-145.8138414 -1022.49772 -1042.694321)
(129.1235414 -1022.49772 -1042.694321)
(404.0609241 -1022.49772 -1042.694321)
(678.9983069 -1022.49772 -1042.694321)
(953.9356897 -1022.49772 -1042.694321)
(1228.873072 -1022.49772 -1042.694321)
(1503.810455 -1022.49772 -1042.694321)
(1778.747838 -1022.49772 -1042.694321)
(2053.685221 -1022.49772 -1042.694321)
(2328.622603 -1022.49772 -1042.694321)
(2603.559986 -1022.49772 -1042.694321)
(2878.497369 -1022.49772 -1042.694321)
(3153.434752 -1022.49772 -1042.694321)
(3428.372134 -1022.49772 -1042.694321)
(3703.309517 -1022.49772 -1042.694321)
(3978.2469 -1022.49772 -1042.694321)
(-3994.9372 -794.69246 -1042.694321)
(-3719.999817 -794.69246 -1042.694321)
(-3445.062434 -794.69246 -1042.694321)
(-3170.125052 -794.69246 -1042.694321)
(-2895.187669 -794.69246 -1042.694321)
(-2620.250286 -794.69246 -1042.694321)
(-2345.312903 -794.69246 -1042.694321)
(-2070.375521 -794.69246 -1042.694321)
(-1795.438138 -794.69246 -1042.694321)
(-1520.500755 -794.69246 -1042.694321)
(-1245.563372 -794.69246 -1042.694321)
(-970.6259897 -794.69246 -1042.694321)
(-695.6886069 -794.69246 -1042.694321)
(-420.7512241 -794.69246 -1042.694321)
(-145.8138414 -794.69246 -1042.694321)
(129.1235414 -794.69246 -1042.694321)
(404.0609241 -794.69246 -1042.694321)
(678.9983069 -794.69246 -1042.694321)
(953.9356897 -794.69246 -1042.694321)
(1228.873072 -794.69246 -1042.694321)
(1503.810455 -794.69246 -1042.694321)
(1778.747838 -794.69246 -1042.694321)
(2053.685221 -794.69246 -1042.694321)
(2328.622603 -794.69246 -1042.694321)
(2603.559986 -794.69246 -1042.694321)
(2878.497369 -794.69246 -1042.694321)
(3153.434752 -794.69246 -1042.694321)
(3428.372134 -794.69246 -1042.694321)
(3703.309517 -794.69246 -1042.694321)
(3978.2469 -794.69246 -1042.694321)
(-3994.9372 -566.8872 -1042.694321)
(-3719.999817 -566.8872 -1042.694321)
(-3445.062434 -566.8872 -1042.694321)
(-3170.125052 -566.8872 -1042.694321)
(-2895.187669 -566.8872 -1042.694321)
(-2620.250286 -566.8872 -1042.694321)
(-2345.312903 -566.8872 -1042.694321)
(-2070.375521 -566.8872 -1042.694321)
(-1795.438138 -566.8872 -1042.694321)
(-1520.500755 -566.8872 -1042.694321)
(-1245.563372 -566.8872 -1042.694321)
(-970.6259897 -566.8872 -1042.694321)
(-695.6886069 -566.8872 -1042.694321)
(-420.7512241 -566.8872 -1042.694321)
(-145.8138414 -566.8872 -1042.694321)
(129.1235414 -566.8872 -1042.694321)
(404.0609241 -566.8872 -1042.694321)
(678.9983069 -566.8872 -1042.694321)
(953.9356897 -566.8872 -1042.694321)
(1228.873072 -566.8872 -1042.694321)
(1503.810455 -566.8872 -1042.694321)
(1778.747838 -566.8872 -1042.694321)
(2053.685221 -566.8872 -1042.694321)
(2328.622603 -566.8872 -1042.694321)
(2603.559986 -566.8872 -1042.694321)
(2878.497369 -566.8872 -1042.694321)
(3153.434752 -566.8872 -1042.694321)
(3428.372134 -566.8872 -1042.694321)
(3703.309517 -566.8872 -1042.694321)
(3978.2469 -566.8872 -1042.694321)
(-3994.9372 -339.08194 -1042.694321)
(-3719.999817 -339.08194 -1042.694321)
(-3445.062434 -339.08194 -1042.694321)
(-3170.125052 -339.08194 -1042.694321)
(-2895.187669 -339.08194 -1042.694321)
(-2620.250286 -339.08194 -1042.694321)
(-2345.312903 -339.08194 -1042.694321)
(-2070.375521 -339.08194 -1042.694321)
(-1795.438138 -339.08194 -1042.694321)
(-1520.500755 -339.08194 -1042.694321)
(-1245.563372 -339.08194 -1042.694321)
(-970.6259897 -339.08194 -1042.694321)
(-695.6886069 -339.08194 -1042.694321)
(-420.7512241 -339.08194 -1042.694321)
(-145.8138414 -339.08194 -1042.694321)
(129.1235414 -339.08194 -1042.694321)
(404.0609241 -339.08194 -1042.694321)
(678.9983069 -339.08194 -1042.694321)
(953.9356897 -339.08194 -1042.694321)
(1228.873072 -339.08194 -1042.694321)
(1503.810455 -339.08194 -1042.694321)
(1778.747838 -339.08194 -1042.694321)
(2053.685221 -339.08194 -1042.694321)
(2328.622603 -339.08194 -1042.694321)
(2603.559986 -339.08194 -1042.694321)
(2878.497369 -339.08194 -1042.694321)
(3153.434752 -339.08194 -1042.694321)
(3428.372134 -339.08194 -1042.694321)
(3703.309517 -339.08194 -1042.694321)
(3978.2469 -339.08194 -1042.694321)
(-3994.9372 -111.27668 -1042.694321)
(-3719.999817 -111.27668 -1042.694321)
(-3445.062434 -111.27668 -1042.694321)
(-3170.125052 -111.27668 -1042.694321)
(-2895.187669 -111.27668 -1042.694321)
(-2620.250286 -111.27668 -1042.694321)
(-2345.312903 -111.27668 -1042.694321)
(-2070.375521 -111.27668 -1042.694321)
(-1795.438138 -111.27668 -1042.694321)
(-1520.500755 -111.27668 -1042.694321)
(-1245.563372 -111.27668 -1042.694321)
(-970.6259897 -111.27668 -1042.694321)
(-695.6886069 -111.27668 -1042.694321)
(-420.7512241 -111.27668 -1042.694321)
(-145.8138414 -111.27668 -1042.694321)
(129.1235414 -111.27668 -1042.694321)
(404.0609241 -111.27668 -1042.694321)
(678.9983069 -111.27668 -1042.694321)
(953.9356897 -111.27668 -1042.694321)
(1228.873072 -111.27668 -1042.694321)
(1503.810455 -111.27668 -1042.694321)
(1778.747838 -111.27668 -1042.694321)
(2053.685221 -111.27668 -1042.694321)
(2328.622603 -111.27668 -1042.694321)
(2603.559986 -111.27668 -1042.694321)
(2878.497369 -111.27668 -1042.694321)
(3153.434752 -111.27668 -1042.694321)
(3428.372134 -111.27668 -1042.694321)
(3703.309517 -111.27668 -1042.694321)
(3978.2469 -111.27668 -1042.694321)
(-3994.9372 116.52858 -1042.694321)
(-3719.999817 116.52858 -1042.694321)
(-3445.062434 116.52858 -1042.694321)
(-3170.125052 116.52858 -1042.694321)
(-2895.187669 116.52858 -1042.694321)
(-2620.250286 116.52858 -1042.694321)
(-2345.312903 116.52858 -1042.694321)
(-2070.375521 116.52858 -1042.694321)
(-1795.438138 116.52858 -1042.694321)
(-1520.500755 116.52858 -1042.694321)
(-1245.563372 116.52858 -1042.694321)
(-970.6259897 116.52858 -1042.694321)
(-695.6886069 116.52858 -1042.694321)
(-420.7512241 116.52858 -1042.694321)
(-145.8138414 116.52858 -1042.694321)
(129.1235414 116.52858 -1042.694321)
(404.0609241 116.52858 -1042.694321)
(678.9983069 116.52858 -1042.694321)
(953.9356897 116.52858 -1042.694321)
(1228.873072 116.52858 -1042.694321)
(1503.810455 116.52858 -1042.694321)
(1778.747838 116.52858 -1042.694321)
(2053.685221 116.52858 -1042.694321)
(2328.622603 116.52858 -1042.694321)
(2603.559986 116.52858 -1042.694321)
(2878.497369 116.52858 -1042.694321)
(3153.434752 116.52858 -1042.694321)
(3428.372134 116.52858 -1042.694321)
(3703.309517 116.52858 -1042.694321)
(3978.2469 116.52858 -1042.694321)
(-3994.9372 344.33384 -1042.694321)
(-3719.999817 344.33384 -1042.694321)
(-3445.062434 344.33384 -1042.694321)
(-3170.125052 344.33384 -1042.694321)
(-2895.187669 344.33384 -1042.694321)
(-2620.250286 344.33384 -1042.694321)
(-2345.312903 344.33384 -1042.694321)
(-2070.375521 344.33384 -1042.694321)
(-1795.438138 344.33384 -1042.694321)
(-1520.500755 344.33384 -1042.694321)
(-1245.563372 344.33384 -1042.694321)
(-970.6259897 344.33384 -1042.694321)
(-695.6886069 344.33384 -1042.694321)
(-420.7512241 344.33384 -1042.694321)
(-145.8138414 344.33384 -1042.694321)
(129.1235414 344.33384 -1042.694321)
(404.0609241 344.33384 -1042.694321)
(678.9983069 344.33384 -1042.694321)
(953.9356897 344.33384 -1042.694321)
(1228.873072 344.33384 -1042.694321)
(1503.810455 344.33384 -1042.694321)
(1778.747838 344.33384 -1042.694321)
(2053.685221 344.33384 -1042.694321)
(2328.622603 344.33384 -1042.694321)
(2603.559986 344.33384 -1042.694321)
(2878.497369 344.33384 -1042.694321)
(3153.434752 344.33384 -1042.694321)
(3428.372134 344.33384 -1042.694321)
(3703.309517 344.33384 -1042.694321)
(3978.2469 344.33384 -1042.694321)
(-3994.9372 572.1391 -1042.694321)
(-3719.999817 572.1391 -1042.694321)
(-3445.062434 572.1391 -1042.694321)
(-3170.125052 572.1391 -1042.694321)
(-2895.187669 572.1391 -1042.694321)
(-2620.250286 572.1391 -1042.694321)
(-2345.312903 572.1391 -1042.694321)
(-2070.375521 572.1391 -1042.694321)
(-1795.438138 572.1391 -1042.694321)
(-1520.500755 572.1391 -1042.694321)
(-1245.563372 572.1391 -1042.694321)
(-970.6259897 572.1391 -1042.694321)
(-695.6886069 572.1391 -1042.694321)
(-420.7512241 572.1391 -1042.694321)
(-145.8138414 572.1391 -1042.694321)
(129.1235414 572.1391 -1042.694321)
(404.0609241 572.1391 -1042.694321)
(678.9983069 572.1391 -1042.694321)
(953.9356897 572.1391 -1042.694321)
(1228.873072 572.1391 -1042.694321)
(1503.810455 572.1391 -1042.694321)
(1778.747838 572.1391 -1042.694321)
(2053.685221 572.1391 -1042.694321)
(2328.622603 572.1391 -1042.694321)
(2603.559986 572.1391 -1042.694321)
(2878.497369 572.1391 -1042.694321)
(3153.434752 572.1391 -1042.694321)
(3428.372134 572.1391 -1042.694321)
(3703.309517 572.1391 -1042.694321)
(3978.2469 572.1391 -1042.694321)
(-3994.9372 799.94436 -1042.694321)
(-3719.999817 799.94436 -1042.694321)
(-3445.062434 799.94436 -1042.694321)
(-3170.125052 799.94436 -1042.694321)
(-2895.187669 799.94436 -1042.694321)
(-2620.250286 799.94436 -1042.694321)
(-2345.312903 799.94436 -1042.694321)
(-2070.375521 799.94436 -1042.694321)
(-1795.438138 799.94436 -1042.694321)
(-1520.500755 799.94436 -1042.694321)
(-1245.563372 799.94436 -1042.694321)
(-970.6259897 799.94436 -1042.694321)
(-695.6886069 799.94436 -1042.694321)
(-420.7512241 799.94436 -1042.694321)
(-145.8138414 799.94436 -1042.694321)
(129.1235414 799.94436 -1042.694321)
(404.0609241 799.94436 -1042.694321)
(678.9983069 799.94436 -1042.694321)
(953.9356897 799.94436 -1042.694321)
(1228.873072 799.94436 -1042.694321)
(1503.810455 799.94436 -1042.694321)
(1778.747838 799.94436 -1042.694321)
(2053.685221 799.94436 -1042.694321)
(2328.622603 799.94436 -1042.694321)
(2603.559986 799.94436 -1042.694321)
(2878.497369 799.94436 -1042.694321)
(3153.434752 799.94436 -1042.694321)
(3428.372134 799.94436 -1042.694321)
(3703.309517 799.94436 -1042.694321)
(3978.2469 799.94436 -1042.694321)
(-3994.9372 1027.74962 -1042.694321)
(-3719.999817 1027.74962 -1042.694321)
(-3445.062434 1027.74962 -1042.694321)
(-3170.125052 1027.74962 -1042.694321)
(-2895.187669 1027.74962 -1042.694321)
(-2620.250286 1027.74962 -1042.694321)
(-2345.312903 1027.74962 -1042.694321)
(-2070.375521 1027.74962 -1042.694321)
(-1795.438138 1027.74962 -1042.694321)
(-1520.500755 1027.74962 -1042.694321)
(-1245.563372 1027.74962 -1042.694321)
(-970.6259897 1027.74962 -1042.694321)
(-695.6886069 1027.74962 -1042.694321)
(-420.7512241 1027.74962 -1042.694321)
(-145.8138414 1027.74962 -1042.694321)
(129.1235414 1027.74962 -1042.694321)
(404.0609241 1027.74962 -1042.694321)
(678.9983069 1027.74962 -1042.694321)
(953.9356897 1027.74962 -1042.694321)
(1228.873072 1027.74962 -1042.694321)
(1503.810455 1027.74962 -1042.694321)
(1778.747838 1027.74962 -1042.694321)
(2053.685221 1027.74962 -1042.694321)
(2328.622603 1027.74962 -1042.694321)
(2603.559986 1027.74962 -1042.694321)
(2878.497369 1027.74962 -1042.694321)
(3153.434752 1027.74962 -1042.694321)
(3428.372134 1027.74962 -1042.694321)
(3703.309517 1027.74962 -1042.694321)
(3978.2469 1027.74962 -1042.694321)
(-3994.9372 1255.55488 -1042.694321)
(-3719.999817 1255.55488 -1042.694321)
(-3445.062434 1255.55488 -1042.694321)
(-3170.125052 1255.55488 -1042.694321)
(-2895.187669 1255.55488 -1042.694321)
(-2620.250286 1255.55488 -1042.694321)
(-2345.312903 1255.55488 -1042.694321)
(-2070.375521 1255.55488 -1042.694321)
(-1795.438138 1255.55488 -1042.694321)
(-1520.500755 1255.55488 -1042.694321)
(-1245.563372 1255.55488 -1042.694321)
(-970.6259897 1255.55488 -1042.694321)
(-695.6886069 1255.55488 -1042.694321)
(-420.7512241 1255.55488 -1042.694321)
(-145.8138414 1255.55488 -1042.694321)
(129.1235414 1255.55488 -1042.694321)
(404.0609241 1255.55488 -1042.694321)
(678.9983069 1255.55488 -1042.694321)
(953.9356897 1255.55488 -1042.694321)
(1228.873072 1255.55488 -1042.694321)
(1503.810455 1255.55488 -1042.694321)
(1778.747838 1255.55488 -1042.694321)
(2053.685221 1255.55488 -1042.694321)
(2328.622603 1255.55488 -1042.694321)
(2603.559986 1255.55488 -1042.694321)
(2878.497369 1255.55488 -1042.694321)
(3153.434752 1255.55488 -1042.694321)
(3428.372134 1255.55488 -1042.694321)
(3703.309517 1255.55488 -1042.694321)
(3978.2469 1255.55488 -1042.694321)
(-3994.9372 1483.36014 -1042.694321)
(-3719.999817 1483.36014 -1042.694321)
(-3445.062434 1483.36014 -1042.694321)
(-3170.125052 1483.36014 -1042.694321)
(-2895.187669 1483.36014 -1042.694321)
(-2620.250286 1483.36014 -1042.694321)
(-2345.312903 1483.36014 -1042.694321)
(-2070.375521 1483.36014 -1042.694321)
(-1795.438138 1483.36014 -1042.694321)
(-1520.500755 1483.36014 -1042.694321)
(-1245.563372 1483.36014 -1042.694321)
(-970.6259897 1483.36014 -1042.694321)
(-695.6886069 1483.36014 -1042.694321)
(-420.7512241 1483.36014 -1042.694321)
(-145.8138414 1483.36014 -1042.694321)
(129.1235414 1483.36014 -1042.694321)
(404.0609241 1483.36014 -1042.694321)
(678.9983069 1483.36014 -1042.694321)
(953.9356897 1483.36014 -1042.694321)
(1228.873072 1483.36014 -1042.694321)
(1503.810455 1483.36014 -1042.694321)
(1778.747838 1483.36014 -1042.694321)
(2053.685221 1483.36014 -1042.694321)
(2328.622603 1483.36014 -1042.694321)
(2603.559986 1483.36014 -1042.694321)
(2878.497369 1483.36014 -1042.694321)
(3153.434752 1483.36014 -1042.694321)
(3428.372134 1483.36014 -1042.694321)
(3703.309517 1483.36014 -1042.694321)
(3978.2469 1483.36014 -1042.694321)
(-3994.9372 1711.1654 -1042.694321)
(-3719.999817 1711.1654 -1042.694321)
(-3445.062434 1711.1654 -1042.694321)
(-3170.125052 1711.1654 -1042.694321)
(-2895.187669 1711.1654 -1042.694321)
(-2620.250286 1711.1654 -1042.694321)
(-2345.312903 1711.1654 -1042.694321)
(-2070.375521 1711.1654 -1042.694321)
(-1795.438138 1711.1654 -1042.694321)
(-1520.500755 1711.1654 -1042.694321)
(-1245.563372 1711.1654 -1042.694321)
(-970.6259897 1711.1654 -1042.694321)
(-695.6886069 1711.1654 -1042.694321)
(-420.7512241 1711.1654 -1042.694321)
(-145.8138414 1711.1654 -1042.694321)
(129.1235414 1711.1654 -1042.694321)
(404.0609241 1711.1654 -1042.694321)
(678.9983069 1711.1654 -1042.694321)
(953.9356897 1711.1654 -1042.694321)
(1228.873072 1711.1654 -1042.694321)
(1503.810455 1711.1654 -1042.694321)
(1778.747838 1711.1654 -1042.694321)
(2053.685221 1711.1654 -1042.694321)
(2328.622603 1711.1654 -1042.694321)
(2603.559986 1711.1654 -1042.694321)
(2878.497369 1711.1654 -1042.694321)
(3153.434752 1711.1654 -1042.694321)
(3428.372134 1711.1654 -1042.694321)
(3703.309517 1711.1654 -1042.694321)
(3978.2469 1711.1654 -1042.694321)
(-3994.9372 1938.97066 -1042.694321)
(-3719.999817 1938.97066 -1042.694321)
(-3445.062434 1938.97066 -1042.694321)
(-3170.125052 1938.97066 -1042.694321)
(-2895.187669 1938.97066 -1042.694321)
(-2620.250286 1938.97066 -1042.694321)
(-2345.312903 1938.97066 -1042.694321)
(-2070.375521 1938.97066 -1042.694321)
(-1795.438138 1938.97066 -1042.694321)
(-1520.500755 1938.97066 -1042.694321)
(-1245.563372 1938.97066 -1042.694321)
(-970.6259897 1938.97066 -1042.694321)
(-695.6886069 1938.97066 -1042.694321)
(-420.7512241 1938.97066 -1042.694321)
(-145.8138414 1938.97066 -1042.694321)
(129.1235414 1938.97066 -1042.694321)
(404.0609241 1938.97066 -1042.694321)
(678.9983069 1938.97066 -1042.694321)
(953.9356897 1938.97066 -1042.694321)
(1228.873072 1938.97066 -1042.694321)
(1503.810455 1938.97066 -1042.694321)
(1778.747838 1938.97066 -1042.694321)
(2053.685221 1938.97066 -1042.694321)
(2328.622603 1938.97066 -1042.694321)
(2603.559986 1938.97066 -1042.694321)
(2878.497369 1938.97066 -1042.694321)
(3153.434752 1938.97066 -1042.694321)
(3428.372134 1938.97066 -1042.694321)
(3703.309517 1938.97066 -1042.694321)
(3978.2469 1938.97066 -1042.694321)
(-3994.9372 2166.77592 -1042.694321)
(-3719.999817 2166.77592 -1042.694321)
(-3445.062434 2166.77592 -1042.694321)
(-3170.125052 2166.77592 -1042.694321)
(-2895.187669 2166.77592 -1042.694321)
(-2620.250286 2166.77592 -1042.694321)
(-2345.312903 2166.77592 -1042.694321)
(-2070.375521 2166.77592 -1042.694321)
(-1795.438138 2166.77592 -1042.694321)
(-1520.500755 2166.77592 -1042.694321)
(-1245.563372 2166.77592 -1042.694321)
(-970.6259897 2166.77592 -1042.694321)
(-695.6886069 2166.77592 -1042.694321)
(-420.7512241 2166.77592 -1042.694321)
(-145.8138414 2166.77592 -1042.694321)
(129.1235414 2166.77592 -1042.694321)
(404.0609241 2166.77592 -1042.694321)
(678.9983069 2166.77592 -1042.694321)
(953.9356897 2166.77592 -1042.694321)
(1228.873072 2166.77592 -1042.694321)
(1503.810455 2166.77592 -1042.694321)
(1778.747838 2166.77592 -1042.694321)
(2053.685221 2166.77592 -1042.694321)
(2328.622603 2166.77592 -1042.694321)
(2603.559986 2166.77592 -1042.694321)
(2878.497369 2166.77592 -1042.694321)
(3153.434752 2166.77592 -1042.694321)
(3428.372134 2166.77592 -1042.694321)
(3703.309517 2166.77592 -1042.694321)
(3978.2469 2166.77592 -1042.694321)
(-3994.9372 2394.58118 -1042.694321)
(-3719.999817 2394.58118 -1042.694321)
(-3445.062434 2394.58118 -1042.694321)
(-3170.125052 2394.58118 -1042.694321)
(-2895.187669 2394.58118 -1042.694321)
(-2620.250286 2394.58118 -1042.694321)
(-2345.312903 2394.58118 -1042.694321)
(-2070.375521 2394.58118 -1042.694321)
(-1795.438138 2394.58118 -1042.694321)
(-1520.500755 2394.58118 -1042.694321)
(-1245.563372 2394.58118 -1042.694321)
(-970.6259897 2394.58118 -1042.694321)
(-695.6886069 2394.58118 -1042.694321)
(-420.7512241 2394.58118 -1042.694321)
(-145.8138414 2394.58118 -1042.694321)
(129.1235414 2394.58118 -1042.694321)
(404.0609241 2394.58118 -1042.694321)
(678.9983069 2394.58118 -1042.694321)
(953.9356897 2394.58118 -1042.694321)
(1228.873072 2394.58118 -1042.694321)
(1503.810455 2394.58118 -1042.694321)
(1778.747838 2394.58118 -1042.694321)
(2053.685221 2394.58118 -1042.694321)
(2328.622603 2394.58118 -1042.694321)
(2603.559986 2394.58118 -1042.694321)
(2878.497369 2394.58118 -1042.694321)
(3153.434752 2394.58118 -1042.694321)
(3428.372134 2394.58118 -1042.694321)
(3703.309517 2394.58118 -1042.694321)
(3978.2469 2394.58118 -1042.694321)
(-3994.9372 2622.38644 -1042.694321)
(-3719.999817 2622.38644 -1042.694321)
(-3445.062434 2622.38644 -1042.694321)
(-3170.125052 2622.38644 -1042.694321)
(-2895.187669 2622.38644 -1042.694321)
(-2620.250286 2622.38644 -1042.694321)
(-2345.312903 2622.38644 -1042.694321)
(-2070.375521 2622.38644 -1042.694321)
(-1795.438138 2622.38644 -1042.694321)
(-1520.500755 2622.38644 -1042.694321)
(-1245.563372 2622.38644 -1042.694321)
(-970.6259897 2622.38644 -1042.694321)
(-695.6886069 2622.38644 -1042.694321)
(-420.7512241 2622.38644 -1042.694321)
(-145.8138414 2622.38644 -1042.694321)
(129.1235414 2622.38644 -1042.694321)
(404.0609241 2622.38644 -1042.694321)
(678.9983069 2622.38644 -1042.694321)
(953.9356897 2622.38644 -1042.694321)
(1228.873072 2622.38644 -1042.694321)
(1503.810455 2622.38644 -1042.694321)
(1778.747838 2622.38644 -1042.694321)
(2053.685221 2622.38644 -1042.694321)
(2328.622603 2622.38644 -1042.694321)
(2603.559986 2622.38644 -1042.694321)
(2878.497369 2622.38644 -1042.694321)
(3153.434752 2622.38644 -1042.694321)
(3428.372134 2622.38644 -1042.694321)
(3703.309517 2622.38644 -1042.694321)
(3978.2469 2622.38644 -1042.694321)
(-3994.9372 2850.1917 -1042.694321)
(-3719.999817 2850.1917 -1042.694321)
(-3445.062434 2850.1917 -1042.694321)
(-3170.125052 2850.1917 -1042.694321)
(-2895.187669 2850.1917 -1042.694321)
(-2620.250286 2850.1917 -1042.694321)
(-2345.312903 2850.1917 -1042.694321)
(-2070.375521 2850.1917 -1042.694321)
(-1795.438138 2850.1917 -1042.694321)
(-1520.500755 2850.1917 -1042.694321)
(-1245.563372 2850.1917 -1042.694321)
(-970.6259897 2850.1917 -1042.694321)
(-695.6886069 2850.1917 -1042.694321)
(-420.7512241 2850.1917 -1042.694321)
(-145.8138414 2850.1917 -1042.694321)
(129.1235414 2850.1917 -1042.694321)
(404.0609241 2850.1917 -1042.694321)
(678.9983069 2850.1917 -1042.694321)
(953.9356897 2850.1917 -1042.694321)
(1228.873072 2850.1917 -1042.694321)
(1503.810455 2850.1917 -1042.694321)
(1778.747838 2850.1917 -1042.694321)
(2053.685221 2850.1917 -1042.694321)
(2328.622603 2850.1917 -1042.694321)
(2603.559986 2850.1917 -1042.694321)
(2878.497369 2850.1917 -1042.694321)
(3153.434752 2850.1917 -1042.694321)
(3428.372134 2850.1917 -1042.694321)
(3703.309517 2850.1917 -1042.694321)
(3978.2469 2850.1917 -1042.694321)
(-3994.9372 3077.99696 -1042.694321)
(-3719.999817 3077.99696 -1042.694321)
(-3445.062434 3077.99696 -1042.694321)
(-3170.125052 3077.99696 -1042.694321)
(-2895.187669 3077.99696 -1042.694321)
(-2620.250286 3077.99696 -1042.694321)
(-2345.312903 3077.99696 -1042.694321)
(-2070.375521 3077.99696 -1042.694321)
(-1795.438138 3077.99696 -1042.694321)
(-1520.500755 3077.99696 -1042.694321)
(-1245.563372 3077.99696 -1042.694321)
(-970.6259897 3077.99696 -1042.694321)
(-695.6886069 3077.99696 -1042.694321)
(-420.7512241 3077.99696 -1042.694321)
(-145.8138414 3077.99696 -1042.694321)
(129.1235414 3077.99696 -1042.694321)
(404.0609241 3077.99696 -1042.694321)
(678.9983069 3077.99696 -1042.694321)
(953.9356897 3077.99696 -1042.694321)
(1228.873072 3077.99696 -1042.694321)
(1503.810455 3077.99696 -1042.694321)
(1778.747838 3077.99696 -1042.694321)
(2053.685221 3077.99696 -1042.694321)
(2328.622603 3077.99696 -1042.694321)
(2603.559986 3077.99696 -1042.694321)
(2878.497369 3077.99696 -1042.694321)
(3153.434752 3077.99696 -1042.694321)
(3428.372134 3077.99696 -1042.694321)
(3703.309517 3077.99696 -1042.694321)
(3978.2469 3077.99696 -1042.694321)
(-3994.9372 3305.80222 -1042.694321)
(-3719.999817 3305.80222 -1042.694321)
(-3445.062434 3305.80222 -1042.694321)
(-3170.125052 3305.80222 -1042.694321)
(-2895.187669 3305.80222 -1042.694321)
(-2620.250286 3305.80222 -1042.694321)
(-2345.312903 3305.80222 -1042.694321)
(-2070.375521 3305.80222 -1042.694321)
(-1795.438138 3305.80222 -1042.694321)
(-1520.500755 3305.80222 -1042.694321)
(-1245.563372 3305.80222 -1042.694321)
(-970.6259897 3305.80222 -1042.694321)
(-695.6886069 3305.80222 -1042.694321)
(-420.7512241 3305.80222 -1042.694321)
(-145.8138414 3305.80222 -1042.694321)
(129.1235414 3305.80222 -1042.694321)
(404.0609241 3305.80222 -1042.694321)
(678.9983069 3305.80222 -1042.694321)
(953.9356897 3305.80222 -1042.694321)
(1228.873072 3305.80222 -1042.694321)
(1503.810455 3305.80222 -1042.694321)
(1778.747838 3305.80222 -1042.694321)
(2053.685221 3305.80222 -1042.694321)
(2328.622603 3305.80222 -1042.694321)
(2603.559986 3305.80222 -1042.694321)
(2878.497369 3305.80222 -1042.694321)
(3153.434752 3305.80222 -1042.694321)
(3428.372134 3305.80222 -1042.694321)
(3703.309517 3305.80222 -1042.694321)
(3978.2469 3305.80222 -1042.694321)
(-3994.9372 3533.60748 -1042.694321)
(-3719.999817 3533.60748 -1042.694321)
(-3445.062434 3533.60748 -1042.694321)
(-3170.125052 3533.60748 -1042.694321)
(-2895.187669 3533.60748 -1042.694321)
(-2620.250286 3533.60748 -1042.694321)
(-2345.312903 3533.60748 -1042.694321)
(-2070.375521 3533.60748 -1042.694321)
(-1795.438138 3533.60748 -1042.694321)
(-1520.500755 3533.60748 -1042.694321)
(-1245.563372 3533.60748 -1042.694321)
(-970.6259897 3533.60748 -1042.694321)
(-695.6886069 3533.60748 -1042.694321)
(-420.7512241 3533.60748 -1042.694321)
(-145.8138414 3533.60748 -1042.694321)
(129.1235414 3533.60748 -1042.694321)
(404.0609241 3533.60748 -1042.694321)
(678.9983069 3533.60748 -1042.694321)
(953.9356897 3533.60748 -1042.694321)
(1228.873072 3533.60748 -1042.694321)
(1503.810455 3533.60748 -1042.694321)
(1778.747838 3533.60748 -1042.694321)
(2053.685221 3533.60748 -1042.694321)
(2328.622603 3533.60748 -1042.694321)
(2603.559986 3533.60748 -1042.694321)
(2878.497369 3533.60748 -1042.694321)
(3153.434752 3533.60748 -1042.694321)
(3428.372134 3533.60748 -1042.694321)
(3703.309517 3533.60748 -1042.694321)
(3978.2469 3533.60748 -1042.694321)
(-3994.9372 3761.41274 -1042.694321)
(-3719.999817 3761.41274 -1042.694321)
(-3445.062434 3761.41274 -1042.694321)
(-3170.125052 3761.41274 -1042.694321)
(-2895.187669 3761.41274 -1042.694321)
(-2620.250286 3761.41274 -1042.694321)
(-2345.312903 3761.41274 -1042.694321)
(-2070.375521 3761.41274 -1042.694321)
(-1795.438138 3761.41274 -1042.694321)
(-1520.500755 3761.41274 -1042.694321)
(-1245.563372 3761.41274 -1042.694321)
(-970.6259897 3761.41274 -1042.694321)
(-695.6886069 3761.41274 -1042.694321)
(-420.7512241 3761.41274 -1042.694321)
(-145.8138414 3761.41274 -1042.694321)
(129.1235414 3761.41274 -1042.694321)
(404.0609241 3761.41274 -1042.694321)
(678.9983069 3761.41274 -1042.694321)
(953.9356897 3761.41274 -1042.694321)
(1228.873072 3761.41274 -1042.694321)
(1503.810455 3761.41274 -1042.694321)
(1778.747838 3761.41274 -1042.694321)
(2053.685221 3761.41274 -1042.694321)
(2328.622603 3761.41274 -1042.694321)
(2603.559986 3761.41274 -1042.694321)
(2878.497369 3761.41274 -1042.694321)
(3153.434752 3761.41274 -1042.694321)
(3428.372134 3761.41274 -1042.694321)
(3703.309517 3761.41274 -1042.694321)
(3978.2469 3761.41274 -1042.694321)
(-3994.9372 3989.218 -1042.694321)
(-3719.999817 3989.218 -1042.694321)
(-3445.062434 3989.218 -1042.694321)
(-3170.125052 3989.218 -1042.694321)
(-2895.187669 3989.218 -1042.694321)
(-2620.250286 3989.218 -1042.694321)
(-2345.312903 3989.218 -1042.694321)
(-2070.375521 3989.218 -1042.694321)
(-1795.438138 3989.218 -1042.694321)
(-1520.500755 3989.218 -1042.694321)
(-1245.563372 3989.218 -1042.694321)
(-970.6259897 3989.218 -1042.694321)
(-695.6886069 3989.218 -1042.694321)
(-420.7512241 3989.218 -1042.694321)
(-145.8138414 3989.218 -1042.694321)
(129.1235414 3989.218 -1042.694321)
(404.0609241 3989.218 -1042.694321)
(678.9983069 3989.218 -1042.694321)
(953.9356897 3989.218 -1042.694321)
(1228.873072 3989.218 -1042.694321)
(1503.810455 3989.218 -1042.694321)
(1778.747838 3989.218 -1042.694321)
(2053.685221 3989.218 -1042.694321)
(2328.622603 3989.218 -1042.694321)
(2603.559986 3989.218 -1042.694321)
(2878.497369 3989.218 -1042.694321)
(3153.434752 3989.218 -1042.694321)
(3428.372134 3989.218 -1042.694321)
(3703.309517 3989.218 -1042.694321)
(3978.2469 3989.218 -1042.694321)
(-3994.9372 -3983.9661 -623.0530526)
(-3719.999817 -3983.9661 -623.0530526)
(-3445.062434 -3983.9661 -623.0530526)
(-3170.125052 -3983.9661 -623.0530526)
(-2895.187669 -3983.9661 -623.0530526)
(-2620.250286 -3983.9661 -623.0530526)
(-2345.312903 -3983.9661 -623.0530526)
(-2070.375521 -3983.9661 -623.0530526)
(-1795.438138 -3983.9661 -623.0530526)
(-1520.500755 -3983.9661 -623.0530526)
(-1245.563372 -3983.9661 -623.0530526)
(-970.6259897 -3983.9661 -623.0530526)
(-695.6886069 -3983.9661 -623.0530526)
(-420.7512241 -3983.9661 -623.0530526)
(-145.8138414 -3983.9661 -623.0530526)
(129.1235414 -3983.9661 -623.0530526)
(404.0609241 -3983.9661 -623.0530526)
(678.9983069 -3983.9661 -623.0530526)
(953.9356897 -3983.9661 -623.0530526)
(1228.873072 -3983.9661 -623.0530526)
(1503.810455 -3983.9661 -623.0530526)
(1778.747838 -3983.9661 -623.0530526)
(2053.685221 -3983.9661 -623.0530526)
(2328.622603 -3983.9661 -623.0530526)
(2603.559986 -3983.9661 -623.0530526)
(2878.497369 -3983.9661 -623.0530526)
(3153.434752 -3983.9661 -623.0530526)
(3428.372134 -3983.9661 -623.0530526)
(3703.309517 -3983.9661 -623.0530526)
(3978.2469 -3983.9661 -623.0530526)
(-3994.9372 -3756.16084 -623.0530526)
(-3719.999817 -3756.16084 -623.0530526)
(-3445.062434 -3756.16084 -623.0530526)
(-3170.125052 -3756.16084 -623.0530526)
(-2895.187669 -3756.16084 -623.0530526)
(-2620.250286 -3756.16084 -623.0530526)
(-2345.312903 -3756.16084 -623.0530526)
(-2070.375521 -3756.16084 -623.0530526)
(-1795.438138 -3756.16084 -623.0530526)
(-1520.500755 -3756.16084 -623.0530526)
(-1245.563372 -3756.16084 -623.0530526)
(-970.6259897 -3756.16084 -623.0530526)
(-695.6886069 -3756.16084 -623.0530526)
(-420.7512241 -3756.16084 -623.0530526)
(-145.8138414 -3756.16084 -623.0530526)
(129.1235414 -3756.16084 -623.0530526)
(404.0609241 -3756.16084 -623.0530526)
(678.9983069 -3756.16084 -623.0530526)
(953.9356897 -3756.16084 -623.0530526)
(1228.873072 -3756.16084 -623.0530526)
(1503.810455 -3756.16084 -623.0530526)
(1778.747838 -3756.16084 -623.0530526)
(2053.685221 -3756.16084 -623.0530526)
(2328.622603 -3756.16084 -623.0530526)
(2603.559986 -3756.16084 -623.0530526)
(2878.497369 -3756.16084 -623.0530526)
(3153.434752 -3756.16084 -623.0530526)
(3428.372134 -3756.16084 -623.0530526)
(3703.309517 -3756.16084 -623.0530526)
(3978.2469 -3756.16084 -623.0530526)
(-3994.9372 -3528.35558 -623.0530526)
(-3719.999817 -3528.35558 -623.0530526)
(-3445.062434 -3528.35558 -623.0530526)
(-3170.125052 -3528.35558 -623.0530526)
(-2895.187669 -3528.35558 -623.0530526)
(-2620.250286 -3528.35558 -623.0530526)
(-2345.312903 -3528.35558 -623.0530526)
(-2070.375521 -3528.35558 -623.0530526)
(-1795.438138 -3528.35558 -623.0530526)
(-1520.500755 -3528.35558 -623.0530526)
(-1245.563372 -3528.35558 -623.0530526)
(-970.6259897 -3528.35558 -623.0530526)
(-695.6886069 -3528.35558 -623.0530526)
(-420.7512241 -3528.35558 -623.0530526)
(-145.8138414 -3528.35558 -623.0530526)
(129.1235414 -3528.35558 -623.0530526)
(404.0609241 -3528.35558 -623.0530526)
(678.9983069 -3528.35558 -623.0530526)
(953.9356897 -3528.35558 -623.0530526)
(1228.873072 -3528.35558 -623.0530526)
(1503.810455 -3528.35558 -623.0530526)
(1778.747838 -3528.35558 -623.0530526)
(2053.685221 -3528.35558 -623.0530526)
(2328.622603 -3528.35558 -623.0530526)
(2603.559986 -3528.35558 -623.0530526)
(2878.497369 -3528.35558 -623.0530526)
(3153.434752 -3528.35558 -623.0530526)
(3428.372134 -3528.35558 -623.0530526)
(3703.309517 -3528.35558 -623.0530526)
(3978.2469 -3528.35558 -623.0530526)
(-3994.9372 -3300.55032 -623.0530526)
(-3719.999817 -3300.55032 -623.0530526)
(-3445.062434 -3300.55032 -623.0530526)
(-3170.125052 -3300.55032 -623.0530526)
(-2895.187669 -3300.55032 -623.0530526)
(-2620.250286 -3300.55032 -623.0530526)
(-2345.312903 -3300.55032 -623.0530526)
(-2070.375521 -3300.55032 -623.0530526)
(-1795.438138 -3300.55032 -623.0530526)
(-1520.500755 -3300.55032 -623.0530526)
(-1245.563372 -3300.55032 -623.0530526)
(-970.6259897 -3300.55032 -623.0530526)
(-695.6886069 -3300.55032 -623.0530526)
(-420.7512241 -3300.55032 -623.0530526)
(-145.8138414 -3300.55032 -623.0530526)
(129.1235414 -3300.55032 -623.0530526)
(404.0609241 -3300.55032 -623.0530526)
(678.9983069 -3300.55032 -623.0530526)
(953.9356897 -3300.55032 -623.0530526)
(1228.873072 -3300.55032 -623.0530526)
(1503.810455 -3300.55032 -623.0530526)
(1778.747838 -3300.55032 -623.0530526)
(2053.685221 -3300.55032 -623.0530526)
(2328.622603 -3300.55032 -623.0530526)
(2603.559986 -3300.55032 -623.0530526)
(2878.497369 -3300.55032 -623.0530526)
(3153.434752 -3300.55032 -623.0530526)
(3428.372134 -3300.55032 -623.0530526)
(3703.309517 -3300.55032 -623.0530526)
(3978.2469 -3300.55032 -623.0530526)
(-3994.9372 -3072.74506 -623.0530526)
(-3719.999817 -3072.74506 -623.0530526)
(-3445.062434 -3072.74506 -623.0530526)
(-3170.125052 -3072.74506 -623.0530526)
(-2895.187669 -3072.74506 -623.0530526)
(-2620.250286 -3072.74506 -623.0530526)
(-2345.312903 -3072.74506 -623.0530526)
(-2070.375521 -3072.74506 -623.0530526)
(-1795.438138 -3072.74506 -623.0530526)
(-1520.500755 -3072.74506 -623.0530526)
(-1245.563372 -3072.74506 -623.0530526)
(-970.6259897 -3072.74506 -623.0530526)
(-695.6886069 -3072.74506 -623.0530526)
(-420.7512241 -3072.74506 -623.0530526)
(-145.8138414 -3072.74506 -623.0530526)
(129.1235414 -3072.74506 -623.0530526)
(404.0609241 -3072.74506 -623.0530526)
(678.9983069 -3072.74506 -623.0530526)
(953.9356897 -3072.74506 -623.0530526)
(1228.873072 -3072.74506 -623.0530526)
(1503.810455 -3072.74506 -623.0530526)
(1778.747838 -3072.74506 -623.0530526)
(2053.685221 -3072.74506 -623.0530526)
(2328.622603 -3072.74506 -623.0530526)
(2603.559986 -3072.74506 -623.0530526)
(2878.497369 -3072.74506 -623.0530526)
(3153.434752 -3072.74506 -623.0530526)
(3428.372134 -3072.74506 -623.0530526)
(3703.309517 -3072.74506 -623.0530526)
(3978.2469 -3072.74506 -623.0530526)
(-3994.9372 -2844.9398 -623.0530526)
(-3719.999817 -2844.9398 -623.0530526)
(-3445.062434 -2844.9398 -623.0530526)
(-3170.125052 -2844.9398 -623.0530526)
(-2895.187669 -2844.9398 -623.0530526)
(-2620.250286 -2844.9398 -623.0530526)
(-2345.312903 -2844.9398 -623.0530526)
(-2070.375521 -2844.9398 -623.0530526)
(-1795.438138 -2844.9398 -623.0530526)
(-1520.500755 -2844.9398 -623.0530526)
(-1245.563372 -2844.9398 -623.0530526)
(-970.6259897 -2844.9398 -623.0530526)
(-695.6886069 -2844.9398 -623.0530526)
(-420.7512241 -2844.9398 -623.0530526)
(-145.8138414 -2844.9398 -623.0530526)
(129.1235414 -2844.9398 -623.0530526)
(404.0609241 -2844.9398 -623.0530526)
(678.9983069 -2844.9398 -623.0530526)
(953.9356897 -2844.9398 -623.0530526)
(1228.873072 -2844.9398 -623.0530526)
(1503.810455 -2844.9398 -623.0530526)
(1778.747838 -2844.9398 -623.0530526)
(2053.685221 -2844.9398 -623.0530526)
(2328.622603 -2844.9398 -623.0530526)
(2603.559986 -2844.9398 -623.0530526)
(2878.497369 -2844.9398 -623.0530526)
(3153.434752 -2844.9398 -623.0530526)
(3428.372134 -2844.9398 -623.0530526)
(3703.309517 -2844.9398 -623.0530526)
(3978.2469 -2844.9398 -623.0530526)
(-3994.9372 -2617.13454 -623.0530526)
(-3719.999817 -2617.13454 -623.0530526)
(-3445.062434 -2617.13454 -623.0530526)
(-3170.125052 -2617.13454 -623.0530526)
(-2895.187669 -2617.13454 -623.0530526)
(-2620.250286 -2617.13454 -623.0530526)
(-2345.312903 -2617.13454 -623.0530526)
(-2070.375521 -2617.13454 -623.0530526)
(-1795.438138 -2617.13454 -623.0530526)
(-1520.500755 -2617.13454 -623.0530526)
(-1245.563372 -2617.13454 -623.0530526)
(-970.6259897 -2617.13454 -623.0530526)
(-695.6886069 -2617.13454 -623.0530526)
(-420.7512241 -2617.13454 -623.0530526)
(-145.8138414 -2617.13454 -623.0530526)
(129.1235414 -2617.13454 -623.0530526)
(404.0609241 -2617.13454 -623.0530526)
(678.9983069 -2617.13454 -623.0530526)
(953.9356897 -2617.13454 -623.0530526)
(1228.873072 -2617.13454 -623.0530526)
(1503.810455 -2617.13454 -623.0530526)
(1778.747838 -2617.13454 -623.0530526)
(2053.685221 -2617.13454 -623.0530526)
(2328.622603 -2617.13454 -623.0530526)
(2603.559986 -2617.13454 -623.0530526)
(2878.497369 -2617.13454 -623.0530526)
(3153.434752 -2617.13454 -623.0530526)
(3428.372134 -2617.13454 -623.0530526)
(3703.309517 -2617.13454 -623.0530526)
(3978.2469 -2617.13454 -623.0530526)
(-3994.9372 -2389.32928 -623.0530526)
(-3719.999817 -2389.32928 -623.0530526)
(-3445.062434 -2389.32928 -623.0530526)
(-3170.125052 -2389.32928 -623.0530526)
(-2895.187669 -2389.32928 -623.0530526)
(-2620.250286 -2389.32928 -623.0530526)
(-2345.312903 -2389.32928 -623.0530526)
(-2070.375521 -2389.32928 -623.0530526)
(-1795.438138 -2389.32928 -623.0530526)
(-1520.500755 -2389.32928 -623.0530526)
(-1245.563372 -2389.32928 -623.0530526)
(-970.6259897 -2389.32928 -623.0530526)
(-695.6886069 -2389.32928 -623.0530526)
(-420.7512241 -2389.32928 -623.0530526)
(-145.8138414 -2389.32928 -623.0530526)
(129.1235414 -2389.32928 -623.0530526)
(404.0609241 -2389.32928 -623.0530526)
(678.9983069 -2389.32928 -623.0530526)
(953.9356897 -2389.32928 -623.0530526)
(1228.873072 -2389.32928 -623.0530526)
(1503.810455 -2389.32928 -623.0530526)
(1778.747838 -2389.32928 -623.0530526)
(2053.685221 -2389.32928 -623.0530526)
(2328.622603 -2389.32928 -623.0530526)
(2603.559986 -2389.32928 -623.0530526)
(2878.497369 -2389.32928 -623.0530526)
(3153.434752 -2389.32928 -623.0530526)
(3428.372134 -2389.32928 -623.0530526)
(3703.309517 -2389.32928 -623.0530526)
(3978.2469 -2389.32928 -623.0530526)
(-3994.9372 -2161.52402 -623.0530526)
(-3719.999817 -2161.52402 -623.0530526)
(-3445.062434 -2161.52402 -623.0530526)
(-3170.125052 -2161.52402 -623.0530526)
(-2895.187669 -2161.52402 -623.0530526)
(-2620.250286 -2161.52402 -623.0530526)
(-2345.312903 -2161.52402 -623.0530526)
(-2070.375521 -2161.52402 -623.0530526)
(-1795.438138 -2161.52402 -623.0530526)
(-1520.500755 -2161.52402 -623.0530526)
(-1245.563372 -2161.52402 -623.0530526)
(-970.6259897 -2161.52402 -623.0530526)
(-695.6886069 -2161.52402 -623.0530526)
(-420.7512241 -2161.52402 -623.0530526)
(-145.8138414 -2161.52402 -623.0530526)
(129.1235414 -2161.52402 -623.0530526)
(404.0609241 -2161.52402 -623.0530526)
(678.9983069 -2161.52402 -623.0530526)
(953.9356897 -2161.52402 -623.0530526)
(1228.873072 -2161.52402 -623.0530526)
(1503.810455 -2161.52402 -623.0530526)
(1778.747838 -2161.52402 -623.0530526)
(2053.685221 -2161.52402 -623.0530526)
(2328.622603 -2161.52402 -623.0530526)
(2603.559986 -2161.52402 -623.0530526)
(2878.497369 -2161.52402 -623.0530526)
(3153.434752 -2161.52402 -623.0530526)
(3428.372134 -2161.52402 -623.0530526)
(3703.309517 -2161.52402 -623.0530526)
(3978.2469 -2161.52402 -623.0530526)
(-3994.9372 -1933.71876 -623.0530526)
(-3719.999817 -1933.71876 -623.0530526)
(-3445.062434 -1933.71876 -623.0530526)
(-3170.125052 -1933.71876 -623.0530526)
(-2895.187669 -1933.71876 -623.0530526)
(-2620.250286 -1933.71876 -623.0530526)
(-2345.312903 -1933.71876 -623.0530526)
(-2070.375521 -1933.71876 -623.0530526)
(-1795.438138 -1933.71876 -623.0530526)
(-1520.500755 -1933.71876 -623.0530526)
(-1245.563372 -1933.71876 -623.0530526)
(-970.6259897 -1933.71876 -623.0530526)
(-695.6886069 -1933.71876 -623.0530526)
(-420.7512241 -1933.71876 -623.0530526)
(-145.8138414 -1933.71876 -623.0530526)
(129.1235414 -1933.71876 -623.0530526)
(404.0609241 -1933.71876 -623.0530526)
(678.9983069 -1933.71876 -623.0530526)
(953.9356897 -1933.71876 -623.0530526)
(1228.873072 -1933.71876 -623.0530526)
(1503.810455 -1933.71876 -623.0530526)
(1778.747838 -1933.71876 -623.0530526)
(2053.685221 -1933.71876 -623.0530526)
(2328.622603 -1933.71876 -623.0530526)
(2603.559986 -1933.71876 -623.0530526)
(2878.497369 -1933.71876 -623.0530526)
(3153.434752 -1933.71876 -623.0530526)
(3428.372134 -1933.71876 -623.0530526)
(3703.309517 -1933.71876 -623.0530526)
(3978.2469 -1933.71876 -623.0530526)
(-3994.9372 -1705.9135 -623.0530526)
(-3719.999817 -1705.9135 -623.0530526)
(-3445.062434 -1705.9135 -623.0530526)
(-3170.125052 -1705.9135 -623.0530526)
(-2895.187669 -1705.9135 -623.0530526)
(-2620.250286 -1705.9135 -623.0530526)
(-2345.312903 -1705.9135 -623.0530526)
(-2070.375521 -1705.9135 -623.0530526)
(-1795.438138 -1705.9135 -623.0530526)
(-1520.500755 -1705.9135 -623.0530526)
(-1245.563372 -1705.9135 -623.0530526)
(-970.6259897 -1705.9135 -623.0530526)
(-695.6886069 -1705.9135 -623.0530526)
(-420.7512241 -1705.9135 -623.0530526)
(-145.8138414 -1705.9135 -623.0530526)
(129.1235414 -1705.9135 -623.0530526)
(404.0609241 -1705.9135 -623.0530526)
(678.9983069 -1705.9135 -623.0530526)
(953.9356897 -1705.9135 -623.0530526)
(1228.873072 -1705.9135 -623.0530526)
(1503.810455 -1705.9135 -623.0530526)
(1778.747838 -1705.9135 -623.0530526)
(2053.685221 -1705.9135 -623.0530526)
(2328.622603 -1705.9135 -623.0530526)
(2603.559986 -1705.9135 -623.0530526)
(2878.497369 -1705.9135 -623.0530526)
(3153.434752 -1705.9135 -623.0530526)
(3428.372134 -1705.9135 -623.0530526)
(3703.309517 -1705.9135 -623.0530526)
(3978.2469 -1705.9135 -623.0530526)
(-3994.9372 -1478.10824 -623.0530526)
(-3719.999817 -1478.10824 -623.0530526)
(-3445.062434 -1478.10824 -623.0530526)
(-3170.125052 -1478.10824 -623.0530526)
(-2895.187669 -1478.10824 -623.0530526)
(-2620.250286 -1478.10824 -623.0530526)
(-2345.312903 -1478.10824 -623.0530526)
(-2070.375521 -1478.10824 -623.0530526)
(-1795.438138 -1478.10824 -623.0530526)
(-1520.500755 -1478.10824 -623.0530526)
(-1245.563372 -1478.10824 -623.0530526)
(-970.6259897 -1478.10824 -623.0530526)
(-695.6886069 -1478.10824 -623.0530526)
(-420.7512241 -1478.10824 -623.0530526)
(-145.8138414 -1478.10824 -623.0530526)
(129.1235414 -1478.10824 -623.0530526)
(404.0609241 -1478.10824 -623.0530526)
(678.9983069 -1478.10824 -623.0530526)
(953.9356897 -1478.10824 -623.0530526)
(1228.873072 -1478.10824 -623.0530526)
(1503.810455 -1478.10824 -623.0530526)
(1778.747838 -1478.10824 -623.0530526)
(2053.685221 -1478.10824 -623.0530526)
(2328.622603 -1478.10824 -623.0530526)
(2603.559986 -1478.10824 -623.0530526)
(2878.497369 -1478.10824 -623.0530526)
(3153.434752 -1478.10824 -623.0530526)
(3428.372134 -1478.10824 -623.0530526)
(3703.309517 -1478.10824 -623.0530526)
(3978.2469 -1478.10824 -623.0530526)
(-3994.9372 -1250.30298 -623.0530526)
(-3719.999817 -1250.30298 -623.0530526)
(-3445.062434 -1250.30298 -623.0530526)
(-3170.125052 -1250.30298 -623.0530526)
(-2895.187669 -1250.30298 -623.0530526)
(-2620.250286 -1250.30298 -623.0530526)
(-2345.312903 -1250.30298 -623.0530526)
(-2070.375521 -1250.30298 -623.0530526)
(-1795.438138 -1250.30298 -623.0530526)
(-1520.500755 -1250.30298 -623.0530526)
(-1245.563372 -1250.30298 -623.0530526)
(-970.6259897 -1250.30298 -623.0530526)
(-695.6886069 -1250.30298 -623.0530526)
(-420.7512241 -1250.30298 -623.0530526)
(-145.8138414 -1250.30298 -623.0530526)
(129.1235414 -1250.30298 -623.0530526)
(404.0609241 -1250.30298 -623.0530526)
(678.9983069 -1250.30298 -623.0530526)
(953.9356897 -1250.30298 -623.0530526)
(1228.873072 -1250.30298 -623.0530526)
(1503.810455 -1250.30298 -623.0530526)
(1778.747838 -1250.30298 -623.0530526)
(2053.685221 -1250.30298 -623.0530526)
(2328.622603 -1250.30298 -623.0530526)
(2603.559986 -1250.30298 -623.0530526)
(2878.497369 -1250.30298 -623.0530526)
(3153.434752 -1250.30298 -623.0530526)
(3428.372134 -1250.30298 -623.0530526)
(3703.309517 -1250.30298 -623.0530526)
(3978.2469 -1250.30298 -623.0530526)
(-3994.9372 -1022.49772 -623.0530526)
(-3719.999817 -1022.49772 -623.0530526)
(-3445.062434 -1022.49772 -623.0530526)
(-3170.125052 -1022.49772 -623.0530526)
(-2895.187669 -1022.49772 -623.0530526)
(-2620.250286 -1022.49772 -623.0530526)
(-2345.312903 -1022.49772 -623.0530526)
(-2070.375521 -1022.49772 -623.0530526)
(-1795.438138 -1022.49772 -623.0530526)
(-1520.500755 -1022.49772 -623.0530526)
(-1245.563372 -1022.49772 -623.0530526)
(-970.6259897 -1022.49772 -623.0530526)
(-695.6886069 -1022.49772 -623.0530526)
(-420.7512241 -1022.49772 -623.0530526)
(-145.8138414 -1022.49772 -623.0530526)
(129.1235414 -1022.49772 -623.0530526)
(404.0609241 -1022.49772 -623.0530526)
(678.9983069 -1022.49772 -623.0530526)
(953.9356897 -1022.49772 -623.0530526)
(1228.873072 -1022.49772 -623.0530526)
(1503.810455 -1022.49772 -623.0530526)
(1778.747838 -1022.49772 -623.0530526)
(2053.685221 -1022.49772 -623.0530526)
(2328.622603 -1022.49772 -623.0530526)
(2603.559986 -1022.49772 -623.0530526)
(2878.497369 -1022.49772 -623.0530526)
(3153.434752 -1022.49772 -623.0530526)
(3428.372134 -1022.49772 -623.0530526)
(3703.309517 -1022.49772 -623.0530526)
(3978.2469 -1022.49772 -623.0530526)
(-3994.9372 -794.69246 -623.0530526)
(-3719.999817 -794.69246 -623.0530526)
(-3445.062434 -794.69246 -623.0530526)
(-3170.125052 -794.69246 -623.0530526)
(-2895.187669 -794.69246 -623.0530526)
(-2620.250286 -794.69246 -623.0530526)
(-2345.312903 -794.69246 -623.0530526)
(-2070.375521 -794.69246 -623.0530526)
(-1795.438138 -794.69246 -623.0530526)
(-1520.500755 -794.69246 -623.0530526)
(-1245.563372 -794.69246 -623.0530526)
(-970.6259897 -794.69246 -623.0530526)
(-695.6886069 -794.69246 -623.0530526)
(-420.7512241 -794.69246 -623.0530526)
(-145.8138414 -794.69246 -623.0530526)
(129.1235414 -794.69246 -623.0530526)
(404.0609241 -794.69246 -623.0530526)
(678.9983069 -794.69246 -623.0530526)
(953.9356897 -794.69246 -623.0530526)
(1228.873072 -794.69246 -623.0530526)
(1503.810455 -794.69246 -623.0530526)
(1778.747838 -794.69246 -623.0530526)
(2053.685221 -794.69246 -623.0530526)
(2328.622603 -794.69246 -623.0530526)
(2603.559986 -794.69246 -623.0530526)
(2878.497369 -794.69246 -623.0530526)
(3153.434752 -794.69246 -623.0530526)
(3428.372134 -794.69246 -623.0530526)
(3703.309517 -794.69246 -623.0530526)
(3978.2469 -794.69246 -623.0530526)
(-3994.9372 -566.8872 -623.0530526)
(-3719.999817 -566.8872 -623.0530526)
(-3445.062434 -566.8872 -623.0530526)
(-3170.125052 -566.8872 -623.0530526)
(-2895.187669 -566.8872 -623.0530526)
(-2620.250286 -566.8872 -623.0530526)
(-2345.312903 -566.8872 -623.0530526)
(-2070.375521 -566.8872 -623.0530526)
(-1795.438138 -566.8872 -623.0530526)
(-1520.500755 -566.8872 -623.0530526)
(-1245.563372 -566.8872 -623.0530526)
(-970.6259897 -566.8872 -623.0530526)
(-695.6886069 -566.8872 -623.0530526)
(-420.7512241 -566.8872 -623.0530526)
(-145.8138414 -566.8872 -623.0530526)
(129.1235414 -566.8872 -623.0530526)
(404.0609241 -566.8872 -623.0530526)
(678.9983069 -566.8872 -623.0530526)
(953.9356897 -566.8872 -623.0530526)
(1228.873072 -566.8872 -623.0530526)
(1503.810455 -566.8872 -623.0530526)
(1778.747838 -566.8872 -623.0530526)
(2053.685221 -566.8872 -623.0530526)
(2328.622603 -566.8872 -623.0530526)
(2603.559986 -566.8872 -623.0530526)
(2878.497369 -566.8872 -623.0530526)
(3153.434752 -566.8872 -623.0530526)
(3428.372134 -566.8872 -623.0530526)
(3703.309517 -566.8872 -623.0530526)
(3978.2469 -566.8872 -623.0530526)
(-3994.9372 -339.08194 -623.0530526)
(-3719.999817 -339.08194 -623.0530526)
(-3445.062434 -339.08194 -623.0530526)
(-3170.125052 -339.08194 -623.0530526)
(-2895.187669 -339.08194 -623.0530526)
(-2620.250286 -339.08194 -623.0530526)
(-2345.312903 -339.08194 -623.0530526)
(-2070.375521 -339.08194 -623.0530526)
(-1795.438138 -339.08194 -623.0530526)
(-1520.500755 -339.08194 -623.0530526)
(-1245.563372 -339.08194 -623.0530526)
(-970.6259897 -339.08194 -623.0530526)
(-695.6886069 -339.08194 -623.0530526)
(-420.7512241 -339.08194 -623.0530526)
(-145.8138414 -339.08194 -623.0530526)
(129.1235414 -339.08194 -623.0530526)
(404.0609241 -339.08194 -623.0530526)
(678.9983069 -339.08194 -623.0530526)
(953.9356897 -339.08194 -623.0530526)
(1228.873072 -339.08194 -623.0530526)
(1503.810455 -339.08194 -623.0530526)
(1778.747838 -339.08194 -623.0530526)
(2053.685221 -339.08194 -623.0530526)
(2328.622603 -339.08194 -623.0530526)
(2603.559986 -339.08194 -623.0530526)
(2878.497369 -339.08194 -623.0530526)
(3153.434752 -339.08194 -623.0530526)
(3428.372134 -339.08194 -623.0530526)
(3703.309517 -339.08194 -623.0530526)
(3978.2469 -339.08194 -623.0530526)
(-3994.9372 -111.27668 -623.0530526)
(-3719.999817 -111.27668 -623.0530526)
(-3445.062434 -111.27668 -623.0530526)
(-3170.125052 -111.27668 -623.0530526)
(-2895.187669 -111.27668 -623.0530526)
(-2620.250286 -111.27668 -623.0530526)
(-2345.312903 -111.27668 -623.0530526)
(-2070.375521 -111.27668 -623.0530526)
(-1795.438138 -111.27668 -623.0530526)
(-1520.500755 -111.27668 -623.0530526)
(-1245.563372 -111.27668 -623.0530526)
(-970.6259897 -111.27668 -623.0530526)
(-695.6886069 -111.27668 -623.0530526)
(-420.7512241 -111.27668 -623.0530526)
(-145.8138414 -111.27668 -623.0530526)
(129.1235414 -111.27668 -623.0530526)
(404.0609241 -111.27668 -623.0530526)
(678.9983069 -111.27668 -623.0530526)
(953.9356897 -111.27668 -623.0530526)
(1228.873072 -111.27668 -623.0530526)
(1503.810455 -111.27668 -623.0530526)
(1778.747838 -111.27668 -623.0530526)
(2053.685221 -111.27668 -623.0530526)
(2328.622603 -111.27668 -623.0530526)
(2603.559986 -111.27668 -623.0530526)
(2878.497369 -111.27668 -623.0530526)
(3153.434752 -111.27668 -623.0530526)
(3428.372134 -111.27668 -623.0530526)
(3703.309517 -111.27668 -623.0530526)
(3978.2469 -111.27668 -623.0530526)
(-3994.9372 116.52858 -623.0530526)
(-3719.999817 116.52858 -623.0530526)
(-3445.062434 116.52858 -623.0530526)
(-3170.125052 116.52858 -623.0530526)
(-2895.187669 116.52858 -623.0530526)
(-2620.250286 116.52858 -623.0530526)
(-2345.312903 116.52858 -623.0530526)
(-2070.375521 116.52858 -623.0530526)
(-1795.438138 116.52858 -623.0530526)
(-1520.500755 116.52858 -623.0530526)
(-1245.563372 116.52858 -623.0530526)
(-970.6259897 116.52858 -623.0530526)
(-695.6886069 116.52858 -623.0530526)
(-420.7512241 116.52858 -623.0530526)
(-145.8138414 116.52858 -623.0530526)
(129.1235414 116.52858 -623.0530526)
(404.0609241 116.52858 -623.0530526)
(678.9983069 116.52858 -623.0530526)
(953.9356897 116.52858 -623.0530526)
(1228.873072 116.52858 -623.0530526)
(1503.810455 116.52858 -623.0530526)
(1778.747838 116.52858 -623.0530526)
(2053.685221 116.52858 -623.0530526)
(2328.622603 116.52858 -623.0530526)
(2603.559986 116.52858 -623.0530526)
(2878.497369 116.52858 -623.0530526)
(3153.434752 116.52858 -623.0530526)
(3428.372134 116.52858 -623.0530526)
(3703.309517 116.52858 -623.0530526)
(3978.2469 116.52858 -623.0530526)
(-3994.9372 344.33384 -623.0530526)
(-3719.999817 344.33384 -623.0530526)
(-3445.062434 344.33384 -623.0530526)
(-3170.125052 344.33384 -623.0530526)
(-2895.187669 344.33384 -623.0530526)
(-2620.250286 344.33384 -623.0530526)
(-2345.312903 344.33384 -623.0530526)
(-2070.375521 344.33384 -623.0530526)
(-1795.438138 344.33384 -623.0530526)
(-1520.500755 344.33384 -623.0530526)
(-1245.563372 344.33384 -623.0530526)
(-970.6259897 344.33384 -623.0530526)
(-695.6886069 344.33384 -623.0530526)
(-420.7512241 344.33384 -623.0530526)
(-145.8138414 344.33384 -623.0530526)
(129.1235414 344.33384 -623.0530526)
(404.0609241 344.33384 -623.0530526)
(678.9983069 344.33384 -623.0530526)
(953.9356897 344.33384 -623.0530526)
(1228.873072 344.33384 -623.0530526)
(1503.810455 344.33384 -623.0530526)
(1778.747838 344.33384 -623.0530526)
(2053.685221 344.33384 -623.0530526)
(2328.622603 344.33384 -623.0530526)
(2603.559986 344.33384 -623.0530526)
(2878.497369 344.33384 -623.0530526)
(3153.434752 344.33384 -623.0530526)
(3428.372134 344.33384 -623.0530526)
(3703.309517 344.33384 -623.0530526)
(3978.2469 344.33384 -623.0530526)
(-3994.9372 572.1391 -623.0530526)
(-3719.999817 572.1391 -623.0530526)
(-3445.062434 572.1391 -623.0530526)
(-3170.125052 572.1391 -623.0530526)
(-2895.187669 572.1391 -623.0530526)
(-2620.250286 572.1391 -623.0530526)
(-2345.312903 572.1391 -623.0530526)
(-2070.375521 572.1391 -623.0530526)
(-1795.438138 572.1391 -623.0530526)
(-1520.500755 572.1391 -623.0530526)
(-1245.563372 572.1391 -623.0530526)
(-970.6259897 572.1391 -623.0530526)
(-695.6886069 572.1391 -623.0530526)
(-420.7512241 572.1391 -623.0530526)
(-145.8138414 572.1391 -623.0530526)
(129.1235414 572.1391 -623.0530526)
(404.0609241 572.1391 -623.0530526)
(678.9983069 572.1391 -623.0530526)
(953.9356897 572.1391 -623.0530526)
(1228.873072 572.1391 -623.0530526)
(1503.810455 572.1391 -623.0530526)
(1778.747838 572.1391 -623.0530526)
(2053.685221 572.1391 -623.0530526)
(2328.622603 572.1391 -623.0530526)
(2603.559986 572.1391 -623.0530526)
(2878.497369 572.1391 -623.0530526)
(3153.434752 572.1391 -623.0530526)
(3428.372134 572.1391 -623.0530526)
(3703.309517 572.1391 -623.0530526)
(3978.2469 572.1391 -623.0530526)
(-3994.9372 799.94436 -623.0530526)
(-3719.999817 799.94436 -623.0530526)
(-3445.062434 799.94436 -623.0530526)
(-3170.125052 799.94436 -623.0530526)
(-2895.187669 799.94436 -623.0530526)
(-2620.250286 799.94436 -623.0530526)
(-2345.312903 799.94436 -623.0530526)
(-2070.375521 799.94436 -623.0530526)
(-1795.438138 799.94436 -623.0530526)
(-1520.500755 799.94436 -623.0530526)
(-1245.563372 799.94436 -623.0530526)
(-970.6259897 799.94436 -623.0530526)
(-695.6886069 799.94436 -623.0530526)
(-420.7512241 799.94436 -623.0530526)
(-145.8138414 799.94436 -623.0530526)
(129.1235414 799.94436 -623.0530526)
(404.0609241 799.94436 -623.0530526)
(678.9983069 799.94436 -623.0530526)
(953.9356897 799.94436 -623.0530526)
(1228.873072 799.94436 -623.0530526)
(1503.810455 799.94436 -623.0530526)
(1778.747838 799.94436 -623.0530526)
(2053.685221 799.94436 -623.0530526)
(2328.622603 799.94436 -623.0530526)
(2603.559986 799.94436 -623.0530526)
(2878.497369 799.94436 -623.0530526)
(3153.434752 799.94436 -623.0530526)
(3428.372134 799.94436 -623.0530526)
(3703.309517 799.94436 -623.0530526)
(3978.2469 799.94436 -623.0530526)
(-3994.9372 1027.74962 -623.0530526)
(-3719.999817 1027.74962 -623.0530526)
(-3445.062434 1027.74962 -623.0530526)
(-3170.125052 1027.74962 -623.0530526)
(-2895.187669 1027.74962 -623.0530526)
(-2620.250286 1027.74962 -623.0530526)
(-2345.312903 1027.74962 -623.0530526)
(-2070.375521 1027.74962 -623.0530526)
(-1795.438138 1027.74962 -623.0530526)
(-1520.500755 1027.74962 -623.0530526)
(-1245.563372 1027.74962 -623.0530526)
(-970.6259897 1027.74962 -623.0530526)
(-695.6886069 1027.74962 -623.0530526)
(-420.7512241 1027.74962 -623.0530526)
(-145.8138414 1027.74962 -623.0530526)
(129.1235414 1027.74962 -623.0530526)
(404.0609241 1027.74962 -623.0530526)
(678.9983069 1027.74962 -623.0530526)
(953.9356897 1027.74962 -623.0530526)
(1228.873072 1027.74962 -623.0530526)
(1503.810455 1027.74962 -623.0530526)
(1778.747838 1027.74962 -623.0530526)
(2053.685221 1027.74962 -623.0530526)
(2328.622603 1027.74962 -623.0530526)
(2603.559986 1027.74962 -623.0530526)
(2878.497369 1027.74962 -623.0530526)
(3153.434752 1027.74962 -623.0530526)
(3428.372134 1027.74962 -623.0530526)
(3703.309517 1027.74962 -623.0530526)
(3978.2469 1027.74962 -623.0530526)
(-3994.9372 1255.55488 -623.0530526)
(-3719.999817 1255.55488 -623.0530526)
(-3445.062434 1255.55488 -623.0530526)
(-3170.125052 1255.55488 -623.0530526)
(-2895.187669 1255.55488 -623.0530526)
(-2620.250286 1255.55488 -623.0530526)
(-2345.312903 1255.55488 -623.0530526)
(-2070.375521 1255.55488 -623.0530526)
(-1795.438138 1255.55488 -623.0530526)
(-1520.500755 1255.55488 -623.0530526)
(-1245.563372 1255.55488 -623.0530526)
(-970.6259897 1255.55488 -623.0530526)
(-695.6886069 1255.55488 -623.0530526)
(-420.7512241 1255.55488 -623.0530526)
(-145.8138414 1255.55488 -623.0530526)
(129.1235414 1255.55488 -623.0530526)
(404.0609241 1255.55488 -623.0530526)
(678.9983069 1255.55488 -623.0530526)
(953.9356897 1255.55488 -623.0530526)
(1228.873072 1255.55488 -623.0530526)
(1503.810455 1255.55488 -623.0530526)
(1778.747838 1255.55488 -623.0530526)
(2053.685221 1255.55488 -623.0530526)
(2328.622603 1255.55488 -623.0530526)
(2603.559986 1255.55488 -623.0530526)
(2878.497369 1255.55488 -623.0530526)
(3153.434752 1255.55488 -623.0530526)
(3428.372134 1255.55488 -623.0530526)
(3703.309517 1255.55488 -623.0530526)
(3978.2469 1255.55488 -623.0530526)
(-3994.9372 1483.36014 -623.0530526)
(-3719.999817 1483.36014 -623.0530526)
(-3445.062434 1483.36014 -623.0530526)
(-3170.125052 1483.36014 -623.0530526)
(-2895.187669 1483.36014 -623.0530526)
(-2620.250286 1483.36014 -623.0530526)
(-2345.312903 1483.36014 -623.0530526)
(-2070.375521 1483.36014 -623.0530526)
(-1795.438138 1483.36014 -623.0530526)
(-1520.500755 1483.36014 -623.0530526)
(-1245.563372 1483.36014 -623.0530526)
(-970.6259897 1483.36014 -623.0530526)
(-695.6886069 1483.36014 -623.0530526)
(-420.7512241 1483.36014 -623.0530526)
(-145.8138414 1483.36014 -623.0530526)
(129.1235414 1483.36014 -623.0530526)
(404.0609241 1483.36014 -623.0530526)
(678.9983069 1483.36014 -623.0530526)
(953.9356897 1483.36014 -623.0530526)
(1228.873072 1483.36014 -623.0530526)
(1503.810455 1483.36014 -623.0530526)
(1778.747838 1483.36014 -623.0530526)
(2053.685221 1483.36014 -623.0530526)
(2328.622603 1483.36014 -623.0530526)
(2603.559986 1483.36014 -623.0530526)
(2878.497369 1483.36014 -623.0530526)
(3153.434752 1483.36014 -623.0530526)
(3428.372134 1483.36014 -623.0530526)
(3703.309517 1483.36014 -623.0530526)
(3978.2469 1483.36014 -623.0530526)
(-3994.9372 1711.1654 -623.0530526)
(-3719.999817 1711.1654 -623.0530526)
(-3445.062434 1711.1654 -623.0530526)
(-3170.125052 1711.1654 -623.0530526)
(-2895.187669 1711.1654 -623.0530526)
(-2620.250286 1711.1654 -623.0530526)
(-2345.312903 1711.1654 -623.0530526)
(-2070.375521 1711.1654 -623.0530526)
(-1795.438138 1711.1654 -623.0530526)
(-1520.500755 1711.1654 -623.0530526)
(-1245.563372 1711.1654 -623.0530526)
(-970.6259897 1711.1654 -623.0530526)
(-695.6886069 1711.1654 -623.0530526)
(-420.7512241 1711.1654 -623.0530526)
(-145.8138414 1711.1654 -623.0530526)
(129.1235414 1711.1654 -623.0530526)
(404.0609241 1711.1654 -623.0530526)
(678.9983069 1711.1654 -623.0530526)
(953.9356897 1711.1654 -623.0530526)
(1228.873072 1711.1654 -623.0530526)
(1503.810455 1711.1654 -623.0530526)
(1778.747838 1711.1654 -623.0530526)
(2053.685221 1711.1654 -623.0530526)
(2328.622603 1711.1654 -623.0530526)
(2603.559986 1711.1654 -623.0530526)
(2878.497369 1711.1654 -623.0530526)
(3153.434752 1711.1654 -623.0530526)
(3428.372134 1711.1654 -623.0530526)
(3703.309517 1711.1654 -623.0530526)
(3978.2469 1711.1654 -623.0530526)
(-3994.9372 1938.97066 -623.0530526)
(-3719.999817 1938.97066 -623.0530526)
(-3445.062434 1938.97066 -623.0530526)
(-3170.125052 1938.97066 -623.0530526)
(-2895.187669 1938.97066 -623.0530526)
(-2620.250286 1938.97066 -623.0530526)
(-2345.312903 1938.97066 -623.0530526)
(-2070.375521 1938.97066 -623.0530526)
(-1795.438138 1938.97066 -623.0530526)
(-1520.500755 1938.97066 -623.0530526)
(-1245.563372 1938.97066 -623.0530526)
(-970.6259897 1938.97066 -623.0530526)
(-695.6886069 1938.97066 -623.0530526)
(-420.7512241 1938.97066 -623.0530526)
(-145.8138414 1938.97066 -623.0530526)
(129.1235414 1938.97066 -623.0530526)
(404.0609241 1938.97066 -623.0530526)
(678.9983069 1938.97066 -623.0530526)
(953.9356897 1938.97066 -623.0530526)
(1228.873072 1938.97066 -623.0530526)
(1503.810455 1938.97066 -623.0530526)
(1778.747838 1938.97066 -623.0530526)
(2053.685221 1938.97066 -623.0530526)
(2328.622603 1938.97066 -623.0530526)
(2603.559986 1938.97066 -623.0530526)
(2878.497369 1938.97066 -623.0530526)
(3153.434752 1938.97066 -623.0530526)
(3428.372134 1938.97066 -623.0530526)
(3703.309517 1938.97066 -623.0530526)
(3978.2469 1938.97066 -623.0530526)
(-3994.9372 2166.77592 -623.0530526)
(-3719.999817 2166.77592 -623.0530526)
(-3445.062434 2166.77592 -623.0530526)
(-3170.125052 2166.77592 -623.0530526)
(-2895.187669 2166.77592 -623.0530526)
(-2620.250286 2166.77592 -623.0530526)
(-2345.312903 2166.77592 -623.0530526)
(-2070.375521 2166.77592 -623.0530526)
(-1795.438138 2166.77592 -623.0530526)
(-1520.500755 2166.77592 -623.0530526)
(-1245.563372 2166.77592 -623.0530526)
(-970.6259897 2166.77592 -623.0530526)
(-695.6886069 2166.77592 -623.0530526)
(-420.7512241 2166.77592 -623.0530526)
(-145.8138414 2166.77592 -623.0530526)
(129.1235414 2166.77592 -623.0530526)
(404.0609241 2166.77592 -623.0530526)
(678.9983069 2166.77592 -623.0530526)
(953.9356897 2166.77592 -623.0530526)
(1228.873072 2166.77592 -623.0530526)
(1503.810455 2166.77592 -623.0530526)
(1778.747838 2166.77592 -623.0530526)
(2053.685221 2166.77592 -623.0530526)
(2328.622603 2166.77592 -623.0530526)
(2603.559986 2166.77592 -623.0530526)
(2878.497369 2166.77592 -623.0530526)
(3153.434752 2166.77592 -623.0530526)
(3428.372134 2166.77592 -623.0530526)
(3703.309517 2166.77592 -623.0530526)
(3978.2469 2166.77592 -623.0530526)
(-3994.9372 2394.58118 -623.0530526)
(-3719.999817 2394.58118 -623.0530526)
(-3445.062434 2394.58118 -623.0530526)
(-3170.125052 2394.58118 -623.0530526)
(-2895.187669 2394.58118 -623.0530526)
(-2620.250286 2394.58118 -623.0530526)
(-2345.312903 2394.58118 -623.0530526)
(-2070.375521 2394.58118 -623.0530526)
(-1795.438138 2394.58118 -623.0530526)
(-1520.500755 2394.58118 -623.0530526)
(-1245.563372 2394.58118 -623.0530526)
(-970.6259897 2394.58118 -623.0530526)
(-695.6886069 2394.58118 -623.0530526)
(-420.7512241 2394.58118 -623.0530526)
(-145.8138414 2394.58118 -623.0530526)
(129.1235414 2394.58118 -623.0530526)
(404.0609241 2394.58118 -623.0530526)
(678.9983069 2394.58118 -623.0530526)
(953.9356897 2394.58118 -623.0530526)
(1228.873072 2394.58118 -623.0530526)
(1503.810455 2394.58118 -623.0530526)
(1778.747838 2394.58118 -623.0530526)
(2053.685221 2394.58118 -623.0530526)
(2328.622603 2394.58118 -623.0530526)
(2603.559986 2394.58118 -623.0530526)
(2878.497369 2394.58118 -623.0530526)
(3153.434752 2394.58118 -623.0530526)
(3428.372134 2394.58118 -623.0530526)
(3703.309517 2394.58118 -623.0530526)
(3978.2469 2394.58118 -623.0530526)
(-3994.9372 2622.38644 -623.0530526)
(-3719.999817 2622.38644 -623.0530526)
(-3445.062434 2622.38644 -623.0530526)
(-3170.125052 2622.38644 -623.0530526)
(-2895.187669 2622.38644 -623.0530526)
(-2620.250286 2622.38644 -623.0530526)
(-2345.312903 2622.38644 -623.0530526)
(-2070.375521 2622.38644 -623.0530526)
(-1795.438138 2622.38644 -623.0530526)
(-1520.500755 2622.38644 -623.0530526)
(-1245.563372 2622.38644 -623.0530526)
(-970.6259897 2622.38644 -623.0530526)
(-695.6886069 2622.38644 -623.0530526)
(-420.7512241 2622.38644 -623.0530526)
(-145.8138414 2622.38644 -623.0530526)
(129.1235414 2622.38644 -623.0530526)
(404.0609241 2622.38644 -623.0530526)
(678.9983069 2622.38644 -623.0530526)
(953.9356897 2622.38644 -623.0530526)
(1228.873072 2622.38644 -623.0530526)
(1503.810455 2622.38644 -623.0530526)
(1778.747838 2622.38644 -623.0530526)
(2053.685221 2622.38644 -623.0530526)
(2328.622603 2622.38644 -623.0530526)
(2603.559986 2622.38644 -623.0530526)
(2878.497369 2622.38644 -623.0530526)
(3153.434752 2622.38644 -623.0530526)
(3428.372134 2622.38644 -623.0530526)
(3703.309517 2622.38644 -623.0530526)
(3978.2469 2622.38644 -623.0530526)
(-3994.9372 2850.1917 -623.0530526)
(-3719.999817 2850.1917 -623.0530526)
(-3445.062434 2850.1917 -623.0530526)
(-3170.125052 2850.1917 -623.0530526)
(-2895.187669 2850.1917 -623.0530526)
(-2620.250286 2850.1917 -623.0530526)
(-2345.312903 2850.1917 -623.0530526)
(-2070.375521 2850.1917 -623.0530526)
(-1795.438138 2850.1917 -623.0530526)
(-1520.500755 2850.1917 -623.0530526)
(-1245.563372 2850.1917 -623.0530526)
(-970.6259897 2850.1917 -623.0530526)
(-695.6886069 2850.1917 -623.0530526)
(-420.7512241 2850.1917 -623.0530526)
(-145.8138414 2850.1917 -623.0530526)
(129.1235414 2850.1917 -623.0530526)
(404.0609241 2850.1917 -623.0530526)
(678.9983069 2850.1917 -623.0530526)
(953.9356897 2850.1917 -623.0530526)
(1228.873072 2850.1917 -623.0530526)
(1503.810455 2850.1917 -623.0530526)
(1778.747838 2850.1917 -623.0530526)
(2053.685221 2850.1917 -623.0530526)
(2328.622603 2850.1917 -623.0530526)
(2603.559986 2850.1917 -623.0530526)
(2878.497369 2850.1917 -623.0530526)
(3153.434752 2850.1917 -623.0530526)
(3428.372134 2850.1917 -623.0530526)
(3703.309517 2850.1917 -623.0530526)
(3978.2469 2850.1917 -623.0530526)
(-3994.9372 3077.99696 -623.0530526)
(-3719.999817 3077.99696 -623.0530526)
(-3445.062434 3077.99696 -623.0530526)
(-3170.125052 3077.99696 -623.0530526)
(-2895.187669 3077.99696 -623.0530526)
(-2620.250286 3077.99696 -623.0530526)
(-2345.312903 3077.99696 -623.0530526)
(-2070.375521 3077.99696 -623.0530526)
(-1795.438138 3077.99696 -623.0530526)
(-1520.500755 3077.99696 -623.0530526)
(-1245.563372 3077.99696 -623.0530526)
(-970.6259897 3077.99696 -623.0530526)
(-695.6886069 3077.99696 -623.0530526)
(-420.7512241 3077.99696 -623.0530526)
(-145.8138414 3077.99696 -623.0530526)
(129.1235414 3077.99696 -623.0530526)
(404.0609241 3077.99696 -623.0530526)
(678.9983069 3077.99696 -623.0530526)
(953.9356897 3077.99696 -623.0530526)
(1228.873072 3077.99696 -623.0530526)
(1503.810455 3077.99696 -623.0530526)
(1778.747838 3077.99696 -623.0530526)
(2053.685221 3077.99696 -623.0530526)
(2328.622603 3077.99696 -623.0530526)
(2603.559986 3077.99696 -623.0530526)
(2878.497369 3077.99696 -623.0530526)
(3153.434752 3077.99696 -623.0530526)
(3428.372134 3077.99696 -623.0530526)
(3703.309517 3077.99696 -623.0530526)
(3978.2469 3077.99696 -623.0530526)
(-3994.9372 3305.80222 -623.0530526)
(-3719.999817 3305.80222 -623.0530526)
(-3445.062434 3305.80222 -623.0530526)
(-3170.125052 3305.80222 -623.0530526)
(-2895.187669 3305.80222 -623.0530526)
(-2620.250286 3305.80222 -623.0530526)
(-2345.312903 3305.80222 -623.0530526)
(-2070.375521 3305.80222 -623.0530526)
(-1795.438138 3305.80222 -623.0530526)
(-1520.500755 3305.80222 -623.0530526)
(-1245.563372 3305.80222 -623.0530526)
(-970.6259897 3305.80222 -623.0530526)
(-695.6886069 3305.80222 -623.0530526)
(-420.7512241 3305.80222 -623.0530526)
(-145.8138414 3305.80222 -623.0530526)
(129.1235414 3305.80222 -623.0530526)
(404.0609241 3305.80222 -623.0530526)
(678.9983069 3305.80222 -623.0530526)
(953.9356897 3305.80222 -623.0530526)
(1228.873072 3305.80222 -623.0530526)
(1503.810455 3305.80222 -623.0530526)
(1778.747838 3305.80222 -623.0530526)
(2053.685221 3305.80222 -623.0530526)
(2328.622603 3305.80222 -623.0530526)
(2603.559986 3305.80222 -623.0530526)
(2878.497369 3305.80222 -623.0530526)
(3153.434752 3305.80222 -623.0530526)
(3428.372134 3305.80222 -623.0530526)
(3703.309517 3305.80222 -623.0530526)
(3978.2469 3305.80222 -623.0530526)
(-3994.9372 3533.60748 -623.0530526)
(-3719.999817 3533.60748 -623.0530526)
(-3445.062434 3533.60748 -623.0530526)
(-3170.125052 3533.60748 -623.0530526)
(-2895.187669 3533.60748 -623.0530526)
(-2620.250286 3533.60748 -623.0530526)
(-2345.312903 3533.60748 -623.0530526)
(-2070.375521 3533.60748 -623.0530526)
(-1795.438138 3533.60748 -623.0530526)
(-1520.500755 3533.60748 -623.0530526)
(-1245.563372 3533.60748 -623.0530526)
(-970.6259897 3533.60748 -623.0530526)
(-695.6886069 3533.60748 -623.0530526)
(-420.7512241 3533.60748 -623.0530526)
(-145.8138414 3533.60748 -623.0530526)
(129.1235414 3533.60748 -623.0530526)
(404.0609241 3533.60748 -623.0530526)
(678.9983069 3533.60748 -623.0530526)
(953.9356897 3533.60748 -623.0530526)
(1228.873072 3533.60748 -623.0530526)
(1503.810455 3533.60748 -623.0530526)
(1778.747838 3533.60748 -623.0530526)
(2053.685221 3533.60748 -623.0530526)
(2328.622603 3533.60748 -623.0530526)
(2603.559986 3533.60748 -623.0530526)
(2878.497369 3533.60748 -623.0530526)
(3153.434752 3533.60748 -623.0530526)
(3428.372134 3533.60748 -623.0530526)
(3703.309517 3533.60748 -623.0530526)
(3978.2469 3533.60748 -623.0530526)
(-3994.9372 3761.41274 -623.0530526)
(-3719.999817 3761.41274 -623.0530526)
(-3445.062434 3761.41274 -623.0530526)
(-3170.125052 3761.41274 -623.0530526)
(-2895.187669 3761.41274 -623.0530526)
(-2620.250286 3761.41274 -623.0530526)
(-2345.312903 3761.41274 -623.0530526)
(-2070.375521 3761.41274 -623.0530526)
(-1795.438138 3761.41274 -623.0530526)
(-1520.500755 3761.41274 -623.0530526)
(-1245.563372 3761.41274 -623.0530526)
(-970.6259897 3761.41274 -623.0530526)
(-695.6886069 3761.41274 -623.0530526)
(-420.7512241 3761.41274 -623.0530526)
(-145.8138414 3761.41274 -623.0530526)
(129.1235414 3761.41274 -623.0530526)
(404.0609241 3761.41274 -623.0530526)
(678.9983069 3761.41274 -623.0530526)
(953.9356897 3761.41274 -623.0530526)
(1228.873072 3761.41274 -623.0530526)
(1503.810455 3761.41274 -623.0530526)
(1778.747838 3761.41274 -623.0530526)
(2053.685221 3761.41274 -623.0530526)
(2328.622603 3761.41274 -623.0530526)
(2603.559986 3761.41274 -623.0530526)
(2878.497369 3761.41274 -623.0530526)
(3153.434752 3761.41274 -623.0530526)
(3428.372134 3761.41274 -623.0530526)
(3703.309517 3761.41274 -623.0530526)
(3978.2469 3761.41274 -623.0530526)
(-3994.9372 3989.218 -623.0530526)
(-3719.999817 3989.218 -623.0530526)
(-3445.062434 3989.218 -623.0530526)
(-3170.125052 3989.218 -623.0530526)
(-2895.187669 3989.218 -623.0530526)
(-2620.250286 3989.218 -623.0530526)
(-2345.312903 3989.218 -623.0530526)
(-2070.375521 3989.218 -623.0530526)
(-1795.438138 3989.218 -623.0530526)
(-1520.500755 3989.218 -623.0530526)
(-1245.563372 3989.218 -623.0530526)
(-970.6259897 3989.218 -623.0530526)
(-695.6886069 3989.218 -623.0530526)
(-420.7512241 3989.218 -623.0530526)
(-145.8138414 3989.218 -623.0530526)
(129.1235414 3989.218 -623.0530526)
(404.0609241 3989.218 -623.0530526)
(678.9983069 3989.218 -623.0530526)
(953.9356897 3989.218 -623.0530526)
(1228.873072 3989.218 -623.0530526)
(1503.810455 3989.218 -623.0530526)
(1778.747838 3989.218 -623.0530526)
(2053.685221 3989.218 -623.0530526)
(2328.622603 3989.218 -623.0530526)
(2603.559986 3989.218 -623.0530526)
(2878.497369 3989.218 -623.0530526)
(3153.434752 3989.218 -623.0530526)
(3428.372134 3989.218 -623.0530526)
(3703.309517 3989.218 -623.0530526)
(3978.2469 3989.218 -623.0530526)
(-3994.9372 -3983.9661 -203.4117842)
(-3719.999817 -3983.9661 -203.4117842)
(-3445.062434 -3983.9661 -203.4117842)
(-3170.125052 -3983.9661 -203.4117842)
(-2895.187669 -3983.9661 -203.4117842)
(-2620.250286 -3983.9661 -203.4117842)
(-2345.312903 -3983.9661 -203.4117842)
(-2070.375521 -3983.9661 -203.4117842)
(-1795.438138 -3983.9661 -203.4117842)
(-1520.500755 -3983.9661 -203.4117842)
(-1245.563372 -3983.9661 -203.4117842)
(-970.6259897 -3983.9661 -203.4117842)
(-695.6886069 -3983.9661 -203.4117842)
(-420.7512241 -3983.9661 -203.4117842)
(-145.8138414 -3983.9661 -203.4117842)
(129.1235414 -3983.9661 -203.4117842)
(404.0609241 -3983.9661 -203.4117842)
(678.9983069 -3983.9661 -203.4117842)
(953.9356897 -3983.9661 -203.4117842)
(1228.873072 -3983.9661 -203.4117842)
(1503.810455 -3983.9661 -203.4117842)
(1778.747838 -3983.9661 -203.4117842)
(2053.685221 -3983.9661 -203.4117842)
(2328.622603 -3983.9661 -203.4117842)
(2603.559986 -3983.9661 -203.4117842)
(2878.497369 -3983.9661 -203.4117842)
(3153.434752 -3983.9661 -203.4117842)
(3428.372134 -3983.9661 -203.4117842)
(3703.309517 -3983.9661 -203.4117842)
(3978.2469 -3983.9661 -203.4117842)
(-3994.9372 -3756.16084 -203.4117842)
(-3719.999817 -3756.16084 -203.4117842)
(-3445.062434 -3756.16084 -203.4117842)
(-3170.125052 -3756.16084 -203.4117842)
(-2895.187669 -3756.16084 -203.4117842)
(-2620.250286 -3756.16084 -203.4117842)
(-2345.312903 -3756.16084 -203.4117842)
(-2070.375521 -3756.16084 -203.4117842)
(-1795.438138 -3756.16084 -203.4117842)
(-1520.500755 -3756.16084 -203.4117842)
(-1245.563372 -3756.16084 -203.4117842)
(-970.6259897 -3756.16084 -203.4117842)
(-695.6886069 -3756.16084 -203.4117842)
(-420.7512241 -3756.16084 -203.4117842)
(-145.8138414 -3756.16084 -203.4117842)
(129.1235414 -3756.16084 -203.4117842)
(404.0609241 -3756.16084 -203.4117842)
(678.9983069 -3756.16084 -203.4117842)
(953.9356897 -3756.16084 -203.4117842)
(1228.873072 -3756.16084 -203.4117842)
(1503.810455 -3756.16084 -203.4117842)
(1778.747838 -3756.16084 -203.4117842)
(2053.685221 -3756.16084 -203.4117842)
(2328.622603 -3756.16084 -203.4117842)
(2603.559986 -3756.16084 -203.4117842)
(2878.497369 -3756.16084 -203.4117842)
(3153.434752 -3756.16084 -203.4117842)
(3428.372134 -3756.16084 -203.4117842)
(3703.309517 -3756.16084 -203.4117842)
(3978.2469 -3756.16084 -203.4117842)
(-3994.9372 -3528.35558 -203.4117842)
(-3719.999817 -3528.35558 -203.4117842)
(-3445.062434 -3528.35558 -203.4117842)
(-3170.125052 -3528.35558 -203.4117842)
(-2895.187669 -3528.35558 -203.4117842)
(-2620.250286 -3528.35558 -203.4117842)
(-2345.312903 -3528.35558 -203.4117842)
(-2070.375521 -3528.35558 -203.4117842)
(-1795.438138 -3528.35558 -203.4117842)
(-1520.500755 -3528.35558 -203.4117842)
(-1245.563372 -3528.35558 -203.4117842)
(-970.6259897 -3528.35558 -203.4117842)
(-695.6886069 -3528.35558 -203.4117842)
(-420.7512241 -3528.35558 -203.4117842)
(-145.8138414 -3528.35558 -203.4117842)
(129.1235414 -3528.35558 -203.4117842)
(404.0609241 -3528.35558 -203.4117842)
(678.9983069 -3528.35558 -203.4117842)
(953.9356897 -3528.35558 -203.4117842)
(1228.873072 -3528.35558 -203.4117842)
(1503.810455 -3528.35558 -203.4117842)
(1778.747838 -3528.35558 -203.4117842)
(2053.685221 -3528.35558 -203.4117842)
(2328.622603 -3528.35558 -203.4117842)
(2603.559986 -3528.35558 -203.4117842)
(2878.497369 -3528.35558 -203.4117842)
(3153.434752 -3528.35558 -203.4117842)
(3428.372134 -3528.35558 -203.4117842)
(3703.309517 -3528.35558 -203.4117842)
(3978.2469 -3528.35558 -203.4117842)
(-3994.9372 -3300.55032 -203.4117842)
(-3719.999817 -3300.55032 -203.4117842)
(-3445.062434 -3300.55032 -203.4117842)
(-3170.125052 -3300.55032 -203.4117842)
(-2895.187669 -3300.55032 -203.4117842)
(-2620.250286 -3300.55032 -203.4117842)
(-2345.312903 -3300.55032 -203.4117842)
(-2070.375521 -3300.55032 -203.4117842)
(-1795.438138 -3300.55032 -203.4117842)
(-1520.500755 -3300.55032 -203.4117842)
(-1245.563372 -3300.55032 -203.4117842)
(-970.6259897 -3300.55032 -203.4117842)
(-695.6886069 -3300.55032 -203.4117842)
(-420.7512241 -3300.55032 -203.4117842)
(-145.8138414 -3300.55032 -203.4117842)
(129.1235414 -3300.55032 -203.4117842)
(404.0609241 -3300.55032 -203.4117842)
(678.9983069 -3300.55032 -203.4117842)
(953.9356897 -3300.55032 -203.4117842)
(1228.873072 -3300.55032 -203.4117842)
(1503.810455 -3300.55032 -203.4117842)
(1778.747838 -3300.55032 -203.4117842)
(2053.685221 -3300.55032 -203.4117842)
(2328.622603 -3300.55032 -203.4117842)
(2603.559986 -3300.55032 -203.4117842)
(2878.497369 -3300.55032 -203.4117842)
(3153.434752 -3300.55032 -203.4117842)
(3428.372134 -3300.55032 -203.4117842)
(3703.309517 -3300.55032 -203.4117842)
(3978.2469 -3300.55032 -203.4117842)
(-3994.9372 -3072.74506 -203.4117842)
(-3719.999817 -3072.74506 -203.4117842)
(-3445.062434 -3072.74506 -203.4117842)
(-3170.125052 -3072.74506 -203.4117842)
(-2895.187669 -3072.74506 -203.4117842)
(-2620.250286 -3072.74506 -203.4117842)
(-2345.312903 -3072.74506 -203.4117842)
(-2070.375521 -3072.74506 -203.4117842)
(-1795.438138 -3072.74506 -203.4117842)
(-1520.500755 -3072.74506 -203.4117842)
(-1245.563372 -3072.74506 -203.4117842)
(-970.6259897 -3072.74506 -203.4117842)
(-695.6886069 -3072.74506 -203.4117842)
(-420.7512241 -3072.74506 -203.4117842)
(-145.8138414 -3072.74506 -203.4117842)
(129.1235414 -3072.74506 -203.4117842)
(404.0609241 -3072.74506 -203.4117842)
(678.9983069 -3072.74506 -203.4117842)
(953.9356897 -3072.74506 -203.4117842)
(1228.873072 -3072.74506 -203.4117842)
(1503.810455 -3072.74506 -203.4117842)
(1778.747838 -3072.74506 -203.4117842)
(2053.685221 -3072.74506 -203.4117842)
(2328.622603 -3072.74506 -203.4117842)
(2603.559986 -3072.74506 -203.4117842)
(2878.497369 -3072.74506 -203.4117842)
(3153.434752 -3072.74506 -203.4117842)
(3428.372134 -3072.74506 -203.4117842)
(3703.309517 -3072.74506 -203.4117842)
(3978.2469 -3072.74506 -203.4117842)
(-3994.9372 -2844.9398 -203.4117842)
(-3719.999817 -2844.9398 -203.4117842)
(-3445.062434 -2844.9398 -203.4117842)
(-3170.125052 -2844.9398 -203.4117842)
(-2895.187669 -2844.9398 -203.4117842)
(-2620.250286 -2844.9398 -203.4117842)
(-2345.312903 -2844.9398 -203.4117842)
(-2070.375521 -2844.9398 -203.4117842)
(-1795.438138 -2844.9398 -203.4117842)
(-1520.500755 -2844.9398 -203.4117842)
(-1245.563372 -2844.9398 -203.4117842)
(-970.6259897 -2844.9398 -203.4117842)
(-695.6886069 -2844.9398 -203.4117842)
(-420.7512241 -2844.9398 -203.4117842)
(-145.8138414 -2844.9398 -203.4117842)
(129.1235414 -2844.9398 -203.4117842)
(404.0609241 -2844.9398 -203.4117842)
(678.9983069 -2844.9398 -203.4117842)
(953.9356897 -2844.9398 -203.4117842)
(1228.873072 -2844.9398 -203.4117842)
(1503.810455 -2844.9398 -203.4117842)
(1778.747838 -2844.9398 -203.4117842)
(2053.685221 -2844.9398 -203.4117842)
(2328.622603 -2844.9398 -203.4117842)
(2603.559986 -2844.9398 -203.4117842)
(2878.497369 -2844.9398 -203.4117842)
(3153.434752 -2844.9398 -203.4117842)
(3428.372134 -2844.9398 -203.4117842)
(3703.309517 -2844.9398 -203.4117842)
(3978.2469 -2844.9398 -203.4117842)
(-3994.9372 -2617.13454 -203.4117842)
(-3719.999817 -2617.13454 -203.4117842)
(-3445.062434 -2617.13454 -203.4117842)
(-3170.125052 -2617.13454 -203.4117842)
(-2895.187669 -2617.13454 -203.4117842)
(-2620.250286 -2617.13454 -203.4117842)
(-2345.312903 -2617.13454 -203.4117842)
(-2070.375521 -2617.13454 -203.4117842)
(-1795.438138 -2617.13454 -203.4117842)
(-1520.500755 -2617.13454 -203.4117842)
(-1245.563372 -2617.13454 -203.4117842)
(-970.6259897 -2617.13454 -203.4117842)
(-695.6886069 -2617.13454 -203.4117842)
(-420.7512241 -2617.13454 -203.4117842)
(-145.8138414 -2617.13454 -203.4117842)
(129.1235414 -2617.13454 -203.4117842)
(404.0609241 -2617.13454 -203.4117842)
(678.9983069 -2617.13454 -203.4117842)
(953.9356897 -2617.13454 -203.4117842)
(1228.873072 -2617.13454 -203.4117842)
(1503.810455 -2617.13454 -203.4117842)
(1778.747838 -2617.13454 -203.4117842)
(2053.685221 -2617.13454 -203.4117842)
(2328.622603 -2617.13454 -203.4117842)
(2603.559986 -2617.13454 -203.4117842)
(2878.497369 -2617.13454 -203.4117842)
(3153.434752 -2617.13454 -203.4117842)
(3428.372134 -2617.13454 -203.4117842)
(3703.309517 -2617.13454 -203.4117842)
(3978.2469 -2617.13454 -203.4117842)
(-3994.9372 -2389.32928 -203.4117842)
(-3719.999817 -2389.32928 -203.4117842)
(-3445.062434 -2389.32928 -203.4117842)
(-3170.125052 -2389.32928 -203.4117842)
(-2895.187669 -2389.32928 -203.4117842)
(-2620.250286 -2389.32928 -203.4117842)
(-2345.312903 -2389.32928 -203.4117842)
(-2070.375521 -2389.32928 -203.4117842)
(-1795.438138 -2389.32928 -203.4117842)
(-1520.500755 -2389.32928 -203.4117842)
(-1245.563372 -2389.32928 -203.4117842)
(-970.6259897 -2389.32928 -203.4117842)
(-695.6886069 -2389.32928 -203.4117842)
(-420.7512241 -2389.32928 -203.4117842)
(-145.8138414 -2389.32928 -203.4117842)
(129.1235414 -2389.32928 -203.4117842)
(404.0609241 -2389.32928 -203.4117842)
(678.9983069 -2389.32928 -203.4117842)
(953.9356897 -2389.32928 -203.4117842)
(1228.873072 -2389.32928 -203.4117842)
(1503.810455 -2389.32928 -203.4117842)
(1778.747838 -2389.32928 -203.4117842)
(2053.685221 -2389.32928 -203.4117842)
(2328.622603 -2389.32928 -203.4117842)
(2603.559986 -2389.32928 -203.4117842)
(2878.497369 -2389.32928 -203.4117842)
(3153.434752 -2389.32928 -203.4117842)
(3428.372134 -2389.32928 -203.4117842)
(3703.309517 -2389.32928 -203.4117842)
(3978.2469 -2389.32928 -203.4117842)
(-3994.9372 -2161.52402 -203.4117842)
(-3719.999817 -2161.52402 -203.4117842)
(-3445.062434 -2161.52402 -203.4117842)
(-3170.125052 -2161.52402 -203.4117842)
(-2895.187669 -2161.52402 -203.4117842)
(-2620.250286 -2161.52402 -203.4117842)
(-2345.312903 -2161.52402 -203.4117842)
(-2070.375521 -2161.52402 -203.4117842)
(-1795.438138 -2161.52402 -203.4117842)
(-1520.500755 -2161.52402 -203.4117842)
(-1245.563372 -2161.52402 -203.4117842)
(-970.6259897 -2161.52402 -203.4117842)
(-695.6886069 -2161.52402 -203.4117842)
(-420.7512241 -2161.52402 -203.4117842)
(-145.8138414 -2161.52402 -203.4117842)
(129.1235414 -2161.52402 -203.4117842)
(404.0609241 -2161.52402 -203.4117842)
(678.9983069 -2161.52402 -203.4117842)
(953.9356897 -2161.52402 -203.4117842)
(1228.873072 -2161.52402 -203.4117842)
(1503.810455 -2161.52402 -203.4117842)
(1778.747838 -2161.52402 -203.4117842)
(2053.685221 -2161.52402 -203.4117842)
(2328.622603 -2161.52402 -203.4117842)
(2603.559986 -2161.52402 -203.4117842)
(2878.497369 -2161.52402 -203.4117842)
(3153.434752 -2161.52402 -203.4117842)
(3428.372134 -2161.52402 -203.4117842)
(3703.309517 -2161.52402 -203.4117842)
(3978.2469 -2161.52402 -203.4117842)
(-3994.9372 -1933.71876 -203.4117842)
(-3719.999817 -1933.71876 -203.4117842)
(-3445.062434 -1933.71876 -203.4117842)
(-3170.125052 -1933.71876 -203.4117842)
(-2895.187669 -1933.71876 -203.4117842)
(-2620.250286 -1933.71876 -203.4117842)
(-2345.312903 -1933.71876 -203.4117842)
(-2070.375521 -1933.71876 -203.4117842)
(-1795.438138 -1933.71876 -203.4117842)
(-1520.500755 -1933.71876 -203.4117842)
(-1245.563372 -1933.71876 -203.4117842)
(-970.6259897 -1933.71876 -203.4117842)
(-695.6886069 -1933.71876 -203.4117842)
(-420.7512241 -1933.71876 -203.4117842)
(-145.8138414 -1933.71876 -203.4117842)
(129.1235414 -1933.71876 -203.4117842)
(404.0609241 -1933.71876 -203.4117842)
(678.9983069 -1933.71876 -203.4117842)
(953.9356897 -1933.71876 -203.4117842)
(1228.873072 -1933.71876 -203.4117842)
(1503.810455 -1933.71876 -203.4117842)
(1778.747838 -1933.71876 -203.4117842)
(2053.685221 -1933.71876 -203.4117842)
(2328.622603 -1933.71876 -203.4117842)
(2603.559986 -1933.71876 -203.4117842)
(2878.497369 -1933.71876 -203.4117842)
(3153.434752 -1933.71876 -203.4117842)
(3428.372134 -1933.71876 -203.4117842)
(3703.309517 -1933.71876 -203.4117842)
(3978.2469 -1933.71876 -203.4117842)
(-3994.9372 -1705.9135 -203.4117842)
(-3719.999817 -1705.9135 -203.4117842)
(-3445.062434 -1705.9135 -203.4117842)
(-3170.125052 -1705.9135 -203.4117842)
(-2895.187669 -1705.9135 -203.4117842)
(-2620.250286 -1705.9135 -203.4117842)
(-2345.312903 -1705.9135 -203.4117842)
(-2070.375521 -1705.9135 -203.4117842)
(-1795.438138 -1705.9135 -203.4117842)
(-1520.500755 -1705.9135 -203.4117842)
(-1245.563372 -1705.9135 -203.4117842)
(-970.6259897 -1705.9135 -203.4117842)
(-695.6886069 -1705.9135 -203.4117842)
(-420.7512241 -1705.9135 -203.4117842)
(-145.8138414 -1705.9135 -203.4117842)
(129.1235414 -1705.9135 -203.4117842)
(404.0609241 -1705.9135 -203.4117842)
(678.9983069 -1705.9135 -203.4117842)
(953.9356897 -1705.9135 -203.4117842)
(1228.873072 -1705.9135 -203.4117842)
(1503.810455 -1705.9135 -203.4117842)
(1778.747838 -1705.9135 -203.4117842)
(2053.685221 -1705.9135 -203.4117842)
(2328.622603 -1705.9135 -203.4117842)
(2603.559986 -1705.9135 -203.4117842)
(2878.497369 -1705.9135 -203.4117842)
(3153.434752 -1705.9135 -203.4117842)
(3428.372134 -1705.9135 -203.4117842)
(3703.309517 -1705.9135 -203.4117842)
(3978.2469 -1705.9135 -203.4117842)
(-3994.9372 -1478.10824 -203.4117842)
(-3719.999817 -1478.10824 -203.4117842)
(-3445.062434 -1478.10824 -203.4117842)
(-3170.125052 -1478.10824 -203.4117842)
(-2895.187669 -1478.10824 -203.4117842)
(-2620.250286 -1478.10824 -203.4117842)
(-2345.312903 -1478.10824 -203.4117842)
(-2070.375521 -1478.10824 -203.4117842)
(-1795.438138 -1478.10824 -203.4117842)
(-1520.500755 -1478.10824 -203.4117842)
(-1245.563372 -1478.10824 -203.4117842)
(-970.6259897 -1478.10824 -203.4117842)
(-695.6886069 -1478.10824 -203.4117842)
(-420.7512241 -1478.10824 -203.4117842)
(-145.8138414 -1478.10824 -203.4117842)
(129.1235414 -1478.10824 -203.4117842)
(404.0609241 -1478.10824 -203.4117842)
(678.9983069 -1478.10824 -203.4117842)
(953.9356897 -1478.10824 -203.4117842)
(1228.873072 -1478.10824 -203.4117842)
(1503.810455 -1478.10824 -203.4117842)
(1778.747838 -1478.10824 -203.4117842)
(2053.685221 -1478.10824 -203.4117842)
(2328.622603 -1478.10824 -203.4117842)
(2603.559986 -1478.10824 -203.4117842)
(2878.497369 -1478.10824 -203.4117842)
(3153.434752 -1478.10824 -203.4117842)
(3428.372134 -1478.10824 -203.4117842)
(3703.309517 -1478.10824 -203.4117842)
(3978.2469 -1478.10824 -203.4117842)
(-3994.9372 -1250.30298 -203.4117842)
(-3719.999817 -1250.30298 -203.4117842)
(-3445.062434 -1250.30298 -203.4117842)
(-3170.125052 -1250.30298 -203.4117842)
(-2895.187669 -1250.30298 -203.4117842)
(-2620.250286 -1250.30298 -203.4117842)
(-2345.312903 -1250.30298 -203.4117842)
(-2070.375521 -1250.30298 -203.4117842)
(-1795.438138 -1250.30298 -203.4117842)
(-1520.500755 -1250.30298 -203.4117842)
(-1245.563372 -1250.30298 -203.4117842)
(-970.6259897 -1250.30298 -203.4117842)
(-695.6886069 -1250.30298 -203.4117842)
(-420.7512241 -1250.30298 -203.4117842)
(-145.8138414 -1250.30298 -203.4117842)
(129.1235414 -1250.30298 -203.4117842)
(404.0609241 -1250.30298 -203.4117842)
(678.9983069 -1250.30298 -203.4117842)
(953.9356897 -1250.30298 -203.4117842)
(1228.873072 -1250.30298 -203.4117842)
(1503.810455 -1250.30298 -203.4117842)
(1778.747838 -1250.30298 -203.4117842)
(2053.685221 -1250.30298 -203.4117842)
(2328.622603 -1250.30298 -203.4117842)
(2603.559986 -1250.30298 -203.4117842)
(2878.497369 -1250.30298 -203.4117842)
(3153.434752 -1250.30298 -203.4117842)
(3428.372134 -1250.30298 -203.4117842)
(3703.309517 -1250.30298 -203.4117842)
(3978.2469 -1250.30298 -203.4117842)
(-3994.9372 -1022.49772 -203.4117842)
(-3719.999817 -1022.49772 -203.4117842)
(-3445.062434 -1022.49772 -203.4117842)
(-3170.125052 -1022.49772 -203.4117842)
(-2895.187669 -1022.49772 -203.4117842)
(-2620.250286 -1022.49772 -203.4117842)
(-2345.312903 -1022.49772 -203.4117842)
(-2070.375521 -1022.49772 -203.4117842)
(-1795.438138 -1022.49772 -203.4117842)
(-1520.500755 -1022.49772 -203.4117842)
(-1245.563372 -1022.49772 -203.4117842)
(-970.6259897 -1022.49772 -203.4117842)
(-695.6886069 -1022.49772 -203.4117842)
(-420.7512241 -1022.49772 -203.4117842)
(-145.8138414 -1022.49772 -203.4117842)
(129.1235414 -1022.49772 -203.4117842)
(404.0609241 -1022.49772 -203.4117842)
(678.9983069 -1022.49772 -203.4117842)
(953.9356897 -1022.49772 -203.4117842)
(1228.873072 -1022.49772 -203.4117842)
(1503.810455 -1022.49772 -203.4117842)
(1778.747838 -1022.49772 -203.4117842)
(2053.685221 -1022.49772 -203.4117842)
(2328.622603 -1022.49772 -203.4117842)
(2603.559986 -1022.49772 -203.4117842)
(2878.497369 -1022.49772 -203.4117842)
(3153.434752 -1022.49772 -203.4117842)
(3428.372134 -1022.49772 -203.4117842)
(3703.309517 -1022.49772 -203.4117842)
(3978.2469 -1022.49772 -203.4117842)
(-3994.9372 -794.69246 -203.4117842)
(-3719.999817 -794.69246 -203.4117842)
(-3445.062434 -794.69246 -203.4117842)
(-3170.125052 -794.69246 -203.4117842)
(-2895.187669 -794.69246 -203.4117842)
(-2620.250286 -794.69246 -203.4117842)
(-2345.312903 -794.69246 -203.4117842)
(-2070.375521 -794.69246 -203.4117842)
(-1795.438138 -794.69246 -203.4117842)
(-1520.500755 -794.69246 -203.4117842)
(-1245.563372 -794.69246 -203.4117842)
(-970.6259897 -794.69246 -203.4117842)
(-695.6886069 -794.69246 -203.4117842)
(-420.7512241 -794.69246 -203.4117842)
(-145.8138414 -794.69246 -203.4117842)
(129.1235414 -794.69246 -203.4117842)
(404.0609241 -794.69246 -203.4117842)
(678.9983069 -794.69246 -203.4117842)
(953.9356897 -794.69246 -203.4117842)
(1228.873072 -794.69246 -203.4117842)
(1503.810455 -794.69246 -203.4117842)
(1778.747838 -794.69246 -203.4117842)
(2053.685221 -794.69246 -203.4117842)
(2328.622603 -794.69246 -203.4117842)
(2603.559986 -794.69246 -203.4117842)
(2878.497369 -794.69246 -203.4117842)
(3153.434752 -794.69246 -203.4117842)
(3428.372134 -794.69246 -203.4117842)
(3703.309517 -794.69246 -203.4117842)
(3978.2469 -794.69246 -203.4117842)
(-3994.9372 -566.8872 -203.4117842)
(-3719.999817 -566.8872 -203.4117842)
(-3445.062434 -566.8872 -203.4117842)
(-3170.125052 -566.8872 -203.4117842)
(-2895.187669 -566.8872 -203.4117842)
(-2620.250286 -566.8872 -203.4117842)
(-2345.312903 -566.8872 -203.4117842)
(-2070.375521 -566.8872 -203.4117842)
(-1795.438138 -566.8872 -203.4117842)
(-1520.500755 -566.8872 -203.4117842)
(-1245.563372 -566.8872 -203.4117842)
(-970.6259897 -566.8872 -203.4117842)
(-695.6886069 -566.8872 -203.4117842)
(-420.7512241 -566.8872 -203.4117842)
(-145.8138414 -566.8872 -203.4117842)
(129.1235414 -566.8872 -203.4117842)
(404.0609241 -566.8872 -203.4117842)
(678.9983069 -566.8872 -203.4117842)
(953.9356897 -566.8872 -203.4117842)
(1228.873072 -566.8872 -203.4117842)
(1503.810455 -566.8872 -203.4117842)
(1778.747838 -566.8872 -203.4117842)
(2053.685221 -566.8872 -203.4117842)
(2328.622603 -566.8872 -203.4117842)
(2603.559986 -566.8872 -203.4117842)
(2878.497369 -566.8872 -203.4117842)
(3153.434752 -566.8872 -203.4117842)
(3428.372134 -566.8872 -203.4117842)
(3703.309517 -566.8872 -203.4117842)
(3978.2469 -566.8872 -203.4117842)
(-3994.9372 -339.08194 -203.4117842)
(-3719.999817 -339.08194 -203.4117842)
(-3445.062434 -339.08194 -203.4117842)
(-3170.125052 -339.08194 -203.4117842)
(-2895.187669 -339.08194 -203.4117842)
(-2620.250286 -339.08194 -203.4117842)
(-2345.312903 -339.08194 -203.4117842)
(-2070.375521 -339.08194 -203.4117842)
(-1795.438138 -339.08194 -203.4117842)
(-1520.500755 -339.08194 -203.4117842)
(-1245.563372 -339.08194 -203.4117842)
(-970.6259897 -339.08194 -203.4117842)
(-695.6886069 -339.08194 -203.4117842)
(-420.7512241 -339.08194 -203.4117842)
(-145.8138414 -339.08194 -203.4117842)
(129.1235414 -339.08194 -203.4117842)
(404.0609241 -339.08194 -203.4117842)
(678.9983069 -339.08194 -203.4117842)
(953.9356897 -339.08194 -203.4117842)
(1228.873072 -339.08194 -203.4117842)
(1503.810455 -339.08194 -203.4117842)
(1778.747838 -339.08194 -203.4117842)
(2053.685221 -339.08194 -203.4117842)
(2328.622603 -339.08194 -203.4117842)
(2603.559986 -339.08194 -203.4117842)
(2878.497369 -339.08194 -203.4117842)
(3153.434752 -339.08194 -203.4117842)
(3428.372134 -339.08194 -203.4117842)
(3703.309517 -339.08194 -203.4117842)
(3978.2469 -339.08194 -203.4117842)
(-3994.9372 -111.27668 -203.4117842)
(-3719.999817 -111.27668 -203.4117842)
(-3445.062434 -111.27668 -203.4117842)
(-3170.125052 -111.27668 -203.4117842)
(-2895.187669 -111.27668 -203.4117842)
(-2620.250286 -111.27668 -203.4117842)
(-2345.312903 -111.27668 -203.4117842)
(-2070.375521 -111.27668 -203.4117842)
(-1795.438138 -111.27668 -203.4117842)
(-1520.500755 -111.27668 -203.4117842)
(-1245.563372 -111.27668 -203.4117842)
(-970.6259897 -111.27668 -203.4117842)
(-695.6886069 -111.27668 -203.4117842)
(-420.7512241 -111.27668 -203.4117842)
(-145.8138414 -111.27668 -203.4117842)
(129.1235414 -111.27668 -203.4117842)
(404.0609241 -111.27668 -203.4117842)
(678.9983069 -111.27668 -203.4117842)
(953.9356897 -111.27668 -203.4117842)
(1228.873072 -111.27668 -203.4117842)
(1503.810455 -111.27668 -203.4117842)
(1778.747838 -111.27668 -203.4117842)
(2053.685221 -111.27668 -203.4117842)
(2328.622603 -111.27668 -203.4117842)
(2603.559986 -111.27668 -203.4117842)
(2878.497369 -111.27668 -203.4117842)
(3153.434752 -111.27668 -203.4117842)
(3428.372134 -111.27668 -203.4117842)
(3703.309517 -111.27668 -203.4117842)
(3978.2469 -111.27668 -203.4117842)
(-3994.9372 116.52858 -203.4117842)
(-3719.999817 116.52858 -203.4117842)
(-3445.062434 116.52858 -203.4117842)
(-3170.125052 116.52858 -203.4117842)
(-2895.187669 116.52858 -203.4117842)
(-2620.250286 116.52858 -203.4117842)
(-2345.312903 116.52858 -203.4117842)
(-2070.375521 116.52858 -203.4117842)
(-1795.438138 116.52858 -203.4117842)
(-1520.500755 116.52858 -203.4117842)
(-1245.563372 116.52858 -203.4117842)
(-970.6259897 116.52858 -203.4117842)
(-695.6886069 116.52858 -203.4117842)
(-420.7512241 116.52858 -203.4117842)
(-145.8138414 116.52858 -203.4117842)
(129.1235414 116.52858 -203.4117842)
(404.0609241 116.52858 -203.4117842)
(678.9983069 116.52858 -203.4117842)
(953.9356897 116.52858 -203.4117842)
(1228.873072 116.52858 -203.4117842)
(1503.810455 116.52858 -203.4117842)
(1778.747838 116.52858 -203.4117842)
(2053.685221 116.52858 -203.4117842)
(2328.622603 116.52858 -203.4117842)
(2603.559986 116.52858 -203.4117842)
(2878.497369 116.52858 -203.4117842)
(3153.434752 116.52858 -203.4117842)
(3428.372134 116.52858 -203.4117842)
(3703.309517 116.52858 -203.4117842)
(3978.2469 116.52858 -203.4117842)
(-3994.9372 344.33384 -203.4117842)
(-3719.999817 344.33384 -203.4117842)
(-3445.062434 344.33384 -203.4117842)
(-3170.125052 344.33384 -203.4117842)
(-2895.187669 344.33384 -203.4117842)
(-2620.250286 344.33384 -203.4117842)
(-2345.312903 344.33384 -203.4117842)
(-2070.375521 344.33384 -203.4117842)
(-1795.438138 344.33384 -203.4117842)
(-1520.500755 344.33384 -203.4117842)
(-1245.563372 344.33384 -203.4117842)
(-970.6259897 344.33384 -203.4117842)
(-695.6886069 344.33384 -203.4117842)
(-420.7512241 344.33384 -203.4117842)
(-145.8138414 344.33384 -203.4117842)
(129.1235414 344.33384 -203.4117842)
(404.0609241 344.33384 -203.4117842)
(678.9983069 344.33384 -203.4117842)
(953.9356897 344.33384 -203.4117842)
(1228.873072 344.33384 -203.4117842)
(1503.810455 344.33384 -203.4117842)
(1778.747838 344.33384 -203.4117842)
(2053.685221 344.33384 -203.4117842)
(2328.622603 344.33384 -203.4117842)
(2603.559986 344.33384 -203.4117842)
(2878.497369 344.33384 -203.4117842)
(3153.434752 344.33384 -203.4117842)
(3428.372134 344.33384 -203.4117842)
(3703.309517 344.33384 -203.4117842)
(3978.2469 344.33384 -203.4117842)
(-3994.9372 572.1391 -203.4117842)
(-3719.999817 572.1391 -203.4117842)
(-3445.062434 572.1391 -203.4117842)
(-3170.125052 572.1391 -203.4117842)
(-2895.187669 572.1391 -203.4117842)
(-2620.250286 572.1391 -203.4117842)
(-2345.312903 572.1391 -203.4117842)
(-2070.375521 572.1391 -203.4117842)
(-1795.438138 572.1391 -203.4117842)
(-1520.500755 572.1391 -203.4117842)
(-1245.563372 572.1391 -203.4117842)
(-970.6259897 572.1391 -203.4117842)
(-695.6886069 572.1391 -203.4117842)
(-420.7512241 572.1391 -203.4117842)
(-145.8138414 572.1391 -203.4117842)
(129.1235414 572.1391 -203.4117842)
(404.0609241 572.1391 -203.4117842)
(678.9983069 572.1391 -203.4117842)
(953.9356897 572.1391 -203.4117842)
(1228.873072 572.1391 -203.4117842)
(1503.810455 572.1391 -203.4117842)
(1778.747838 572.1391 -203.4117842)
(2053.685221 572.1391 -203.4117842)
(2328.622603 572.1391 -203.4117842)
(2603.559986 572.1391 -203.4117842)
(2878.497369 572.1391 -203.4117842)
(3153.434752 572.1391 -203.4117842)
(3428.372134 572.1391 -203.4117842)
(3703.309517 572.1391 -203.4117842)
(3978.2469 572.1391 -203.4117842)
(-3994.9372 799.94436 -203.4117842)
(-3719.999817 799.94436 -203.4117842)
(-3445.062434 799.94436 -203.4117842)
(-3170.125052 799.94436 -203.4117842)
(-2895.187669 799.94436 -203.4117842)
(-2620.250286 799.94436 -203.4117842)
(-2345.312903 799.94436 -203.4117842)
(-2070.375521 799.94436 -203.4117842)
(-1795.438138 799.94436 -203.4117842)
(-1520.500755 799.94436 -203.4117842)
(-1245.563372 799.94436 -203.4117842)
(-970.6259897 799.94436 -203.4117842)
(-695.6886069 799.94436 -203.4117842)
(-420.7512241 799.94436 -203.4117842)
(-145.8138414 799.94436 -203.4117842)
(129.1235414 799.94436 -203.4117842)
(404.0609241 799.94436 -203.4117842)
(678.9983069 799.94436 -203.4117842)
(953.9356897 799.94436 -203.4117842)
(1228.873072 799.94436 -203.4117842)
(1503.810455 799.94436 -203.4117842)
(1778.747838 799.94436 -203.4117842)
(2053.685221 799.94436 -203.4117842)
(2328.622603 799.94436 -203.4117842)
(2603.559986 799.94436 -203.4117842)
(2878.497369 799.94436 -203.4117842)
(3153.434752 799.94436 -203.4117842)
(3428.372134 799.94436 -203.4117842)
(3703.309517 799.94436 -203.4117842)
(3978.2469 799.94436 -203.4117842)
(-3994.9372 1027.74962 -203.4117842)
(-3719.999817 1027.74962 -203.4117842)
(-3445.062434 1027.74962 -203.4117842)
(-3170.125052 1027.74962 -203.4117842)
(-2895.187669 1027.74962 -203.4117842)
(-2620.250286 1027.74962 -203.4117842)
(-2345.312903 1027.74962 -203.4117842)
(-2070.375521 1027.74962 -203.4117842)
(-1795.438138 1027.74962 -203.4117842)
(-1520.500755 1027.74962 -203.4117842)
(-1245.563372 1027.74962 -203.4117842)
(-970.6259897 1027.74962 -203.4117842)
(-695.6886069 1027.74962 -203.4117842)
(-420.7512241 1027.74962 -203.4117842)
(-145.8138414 1027.74962 -203.4117842)
(129.1235414 1027.74962 -203.4117842)
(404.0609241 1027.74962 -203.4117842)
(678.9983069 1027.74962 -203.4117842)
(953.9356897 1027.74962 -203.4117842)
(1228.873072 1027.74962 -203.4117842)
(1503.810455 1027.74962 -203.4117842)
(1778.747838 1027.74962 -203.4117842)
(2053.685221 1027.74962 -203.4117842)
(2328.622603 1027.74962 -203.4117842)
(2603.559986 1027.74962 -203.4117842)
(2878.497369 1027.74962 -203.4117842)
(3153.434752 1027.74962 -203.4117842)
(3428.372134 1027.74962 -203.4117842)
(3703.309517 1027.74962 -203.4117842)
(3978.2469 1027.74962 -203.4117842)
(-3994.9372 1255.55488 -203.4117842)
(-3719.999817 1255.55488 -203.4117842)
(-3445.062434 1255.55488 -203.4117842)
(-3170.125052 1255.55488 -203.4117842)
(-2895.187669 1255.55488 -203.4117842)
(-2620.250286 1255.55488 -203.4117842)
(-2345.312903 1255.55488 -203.4117842)
(-2070.375521 1255.55488 -203.4117842)
(-1795.438138 1255.55488 -203.4117842)
(-1520.500755 1255.55488 -203.4117842)
(-1245.563372 1255.55488 -203.4117842)
(-970.6259897 1255.55488 -203.4117842)
(-695.6886069 1255.55488 -203.4117842)
(-420.7512241 1255.55488 -203.4117842)
(-145.8138414 1255.55488 -203.4117842)
(129.1235414 1255.55488 -203.4117842)
(404.0609241 1255.55488 -203.4117842)
(678.9983069 1255.55488 -203.4117842)
(953.9356897 1255.55488 -203.4117842)
(1228.873072 1255.55488 -203.4117842)
(1503.810455 1255.55488 -203.4117842)
(1778.747838 1255.55488 -203.4117842)
(2053.685221 1255.55488 -203.4117842)
(2328.622603 1255.55488 -203.4117842)
(2603.559986 1255.55488 -203.4117842)
(2878.497369 1255.55488 -203.4117842)
(3153.434752 1255.55488 -203.4117842)
(3428.372134 1255.55488 -203.4117842)
(3703.309517 1255.55488 -203.4117842)
(3978.2469 1255.55488 -203.4117842)
(-3994.9372 1483.36014 -203.4117842)
(-3719.999817 1483.36014 -203.4117842)
(-3445.062434 1483.36014 -203.4117842)
(-3170.125052 1483.36014 -203.4117842)
(-2895.187669 1483.36014 -203.4117842)
(-2620.250286 1483.36014 -203.4117842)
(-2345.312903 1483.36014 -203.4117842)
(-2070.375521 1483.36014 -203.4117842)
(-1795.438138 1483.36014 -203.4117842)
(-1520.500755 1483.36014 -203.4117842)
(-1245.563372 1483.36014 -203.4117842)
(-970.6259897 1483.36014 -203.4117842)
(-695.6886069 1483.36014 -203.4117842)
(-420.7512241 1483.36014 -203.4117842)
(-145.8138414 1483.36014 -203.4117842)
(129.1235414 1483.36014 -203.4117842)
(404.0609241 1483.36014 -203.4117842)
(678.9983069 1483.36014 -203.4117842)
(953.9356897 1483.36014 -203.4117842)
(1228.873072 1483.36014 -203.4117842)
(1503.810455 1483.36014 -203.4117842)
(1778.747838 1483.36014 -203.4117842)
(2053.685221 1483.36014 -203.4117842)
(2328.622603 1483.36014 -203.4117842)
(2603.559986 1483.36014 -203.4117842)
(2878.497369 1483.36014 -203.4117842)
(3153.434752 1483.36014 -203.4117842)
(3428.372134 1483.36014 -203.4117842)
(3703.309517 1483.36014 -203.4117842)
(3978.2469 1483.36014 -203.4117842)
(-3994.9372 1711.1654 -203.4117842)
(-3719.999817 1711.1654 -203.4117842)
(-3445.062434 1711.1654 -203.4117842)
(-3170.125052 1711.1654 -203.4117842)
(-2895.187669 1711.1654 -203.4117842)
(-2620.250286 1711.1654 -203.4117842)
(-2345.312903 1711.1654 -203.4117842)
(-2070.375521 1711.1654 -203.4117842)
(-1795.438138 1711.1654 -203.4117842)
(-1520.500755 1711.1654 -203.4117842)
(-1245.563372 1711.1654 -203.4117842)
(-970.6259897 1711.1654 -203.4117842)
(-695.6886069 1711.1654 -203.4117842)
(-420.7512241 1711.1654 -203.4117842)
(-145.8138414 1711.1654 -203.4117842)
(129.1235414 1711.1654 -203.4117842)
(404.0609241 1711.1654 -203.4117842)
(678.9983069 1711.1654 -203.4117842)
(953.9356897 1711.1654 -203.4117842)
(1228.873072 1711.1654 -203.4117842)
(1503.810455 1711.1654 -203.4117842)
(1778.747838 1711.1654 -203.4117842)
(2053.685221 1711.1654 -203.4117842)
(2328.622603 1711.1654 -203.4117842)
(2603.559986 1711.1654 -203.4117842)
(2878.497369 1711.1654 -203.4117842)
(3153.434752 1711.1654 -203.4117842)
(3428.372134 1711.1654 -203.4117842)
(3703.309517 1711.1654 -203.4117842)
(3978.2469 1711.1654 -203.4117842)
(-3994.9372 1938.97066 -203.4117842)
(-3719.999817 1938.97066 -203.4117842)
(-3445.062434 1938.97066 -203.4117842)
(-3170.125052 1938.97066 -203.4117842)
(-2895.187669 1938.97066 -203.4117842)
(-2620.250286 1938.97066 -203.4117842)
(-2345.312903 1938.97066 -203.4117842)
(-2070.375521 1938.97066 -203.4117842)
(-1795.438138 1938.97066 -203.4117842)
(-1520.500755 1938.97066 -203.4117842)
(-1245.563372 1938.97066 -203.4117842)
(-970.6259897 1938.97066 -203.4117842)
(-695.6886069 1938.97066 -203.4117842)
(-420.7512241 1938.97066 -203.4117842)
(-145.8138414 1938.97066 -203.4117842)
(129.1235414 1938.97066 -203.4117842)
(404.0609241 1938.97066 -203.4117842)
(678.9983069 1938.97066 -203.4117842)
(953.9356897 1938.97066 -203.4117842)
(1228.873072 1938.97066 -203.4117842)
(1503.810455 1938.97066 -203.4117842)
(1778.747838 1938.97066 -203.4117842)
(2053.685221 1938.97066 -203.4117842)
(2328.622603 1938.97066 -203.4117842)
(2603.559986 1938.97066 -203.4117842)
(2878.497369 1938.97066 -203.4117842)
(3153.434752 1938.97066 -203.4117842)
(3428.372134 1938.97066 -203.4117842)
(3703.309517 1938.97066 -203.4117842)
(3978.2469 1938.97066 -203.4117842)
(-3994.9372 2166.77592 -203.4117842)
(-3719.999817 2166.77592 -203.4117842)
(-3445.062434 2166.77592 -203.4117842)
(-3170.125052 2166.77592 -203.4117842)
(-2895.187669 2166.77592 -203.4117842)
(-2620.250286 2166.77592 -203.4117842)
(-2345.312903 2166.77592 -203.4117842)
(-2070.375521 2166.77592 -203.4117842)
(-1795.438138 2166.77592 -203.4117842)
(-1520.500755 2166.77592 -203.4117842)
(-1245.563372 2166.77592 -203.4117842)
(-970.6259897 2166.77592 -203.4117842)
(-695.6886069 2166.77592 -203.4117842)
(-420.7512241 2166.77592 -203.4117842)
(-145.8138414 2166.77592 -203.4117842)
(129.1235414 2166.77592 -203.4117842)
(404.0609241 2166.77592 -203.4117842)
(678.9983069 2166.77592 -203.4117842)
(953.9356897 2166.77592 -203.4117842)
(1228.873072 2166.77592 -203.4117842)
(1503.810455 2166.77592 -203.4117842)
(1778.747838 2166.77592 -203.4117842)
(2053.685221 2166.77592 -203.4117842)
(2328.622603 2166.77592 -203.4117842)
(2603.559986 2166.77592 -203.4117842)
(2878.497369 2166.77592 -203.4117842)
(3153.434752 2166.77592 -203.4117842)
(3428.372134 2166.77592 -203.4117842)
(3703.309517 2166.77592 -203.4117842)
(3978.2469 2166.77592 -203.4117842)
(-3994.9372 2394.58118 -203.4117842)
(-3719.999817 2394.58118 -203.4117842)
(-3445.062434 2394.58118 -203.4117842)
(-3170.125052 2394.58118 -203.4117842)
(-2895.187669 2394.58118 -203.4117842)
(-2620.250286 2394.58118 -203.4117842)
(-2345.312903 2394.58118 -203.4117842)
(-2070.375521 2394.58118 -203.4117842)
(-1795.438138 2394.58118 -203.4117842)
(-1520.500755 2394.58118 -203.4117842)
(-1245.563372 2394.58118 -203.4117842)
(-970.6259897 2394.58118 -203.4117842)
(-695.6886069 2394.58118 -203.4117842)
(-420.7512241 2394.58118 -203.4117842)
(-145.8138414 2394.58118 -203.4117842)
(129.1235414 2394.58118 -203.4117842)
(404.0609241 2394.58118 -203.4117842)
(678.9983069 2394.58118 -203.4117842)
(953.9356897 2394.58118 -203.4117842)
(1228.873072 2394.58118 -203.4117842)
(1503.810455 2394.58118 -203.4117842)
(1778.747838 2394.58118 -203.4117842)
(2053.685221 2394.58118 -203.4117842)
(2328.622603 2394.58118 -203.4117842)
(2603.559986 2394.58118 -203.4117842)
(2878.497369 2394.58118 -203.4117842)
(3153.434752 2394.58118 -203.4117842)
(3428.372134 2394.58118 -203.4117842)
(3703.309517 2394.58118 -203.4117842)
(3978.2469 2394.58118 -203.4117842)
(-3994.9372 2622.38644 -203.4117842)
(-3719.999817 2622.38644 -203.4117842)
(-3445.062434 2622.38644 -203.4117842)
(-3170.125052 2622.38644 -203.4117842)
(-2895.187669 2622.38644 -203.4117842)
(-2620.250286 2622.38644 -203.4117842)
(-2345.312903 2622.38644 -203.4117842)
(-2070.375521 2622.38644 -203.4117842)
(-1795.438138 2622.38644 -203.4117842)
(-1520.500755 2622.38644 -203.4117842)
(-1245.563372 2622.38644 -203.4117842)
(-970.6259897 2622.38644 -203.4117842)
(-695.6886069 2622.38644 -203.4117842)
(-420.7512241 2622.38644 -203.4117842)
(-145.8138414 2622.38644 -203.4117842)
(129.1235414 2622.38644 -203.4117842)
(404.0609241 2622.38644 -203.4117842)
(678.9983069 2622.38644 -203.4117842)
(953.9356897 2622.38644 -203.4117842)
(1228.873072 2622.38644 -203.4117842)
(1503.810455 2622.38644 -203.4117842)
(1778.747838 2622.38644 -203.4117842)
(2053.685221 2622.38644 -203.4117842)
(2328.622603 2622.38644 -203.4117842)
(2603.559986 2622.38644 -203.4117842)
(2878.497369 2622.38644 -203.4117842)
(3153.434752 2622.38644 -203.4117842)
(3428.372134 2622.38644 -203.4117842)
(3703.309517 2622.38644 -203.4117842)
(3978.2469 2622.38644 -203.4117842)
(-3994.9372 2850.1917 -203.4117842)
(-3719.999817 2850.1917 -203.4117842)
(-3445.062434 2850.1917 -203.4117842)
(-3170.125052 2850.1917 -203.4117842)
(-2895.187669 2850.1917 -203.4117842)
(-2620.250286 2850.1917 -203.4117842)
(-2345.312903 2850.1917 -203.4117842)
(-2070.375521 2850.1917 -203.4117842)
(-1795.438138 2850.1917 -203.4117842)
(-1520.500755 2850.1917 -203.4117842)
(-1245.563372 2850.1917 -203.4117842)
(-970.6259897 2850.1917 -203.4117842)
(-695.6886069 2850.1917 -203.4117842)
(-420.7512241 2850.1917 -203.4117842)
(-145.8138414 2850.1917 -203.4117842)
(129.1235414 2850.1917 -203.4117842)
(404.0609241 2850.1917 -203.4117842)
(678.9983069 2850.1917 -203.4117842)
(953.9356897 2850.1917 -203.4117842)
(1228.873072 2850.1917 -203.4117842)
(1503.810455 2850.1917 -203.4117842)
(1778.747838 2850.1917 -203.4117842)
(2053.685221 2850.1917 -203.4117842)
(2328.622603 2850.1917 -203.4117842)
(2603.559986 2850.1917 -203.4117842)
(2878.497369 2850.1917 -203.4117842)
(3153.434752 2850.1917 -203.4117842)
(3428.372134 2850.1917 -203.4117842)
(3703.309517 2850.1917 -203.4117842)
(3978.2469 2850.1917 -203.4117842)
(-3994.9372 3077.99696 -203.4117842)
(-3719.999817 3077.99696 -203.4117842)
(-3445.062434 3077.99696 -203.4117842)
(-3170.125052 3077.99696 -203.4117842)
(-2895.187669 3077.99696 -203.4117842)
(-2620.250286 3077.99696 -203.4117842)
(-2345.312903 3077.99696 -203.4117842)
(-2070.375521 3077.99696 -203.4117842)
(-1795.438138 3077.99696 -203.4117842)
(-1520.500755 3077.99696 -203.4117842)
(-1245.563372 3077.99696 -203.4117842)
(-970.6259897 3077.99696 -203.4117842)
(-695.6886069 3077.99696 -203.4117842)
(-420.7512241 3077.99696 -203.4117842)
(-145.8138414 3077.99696 -203.4117842)
(129.1235414 3077.99696 -203.4117842)
(404.0609241 3077.99696 -203.4117842)
(678.9983069 3077.99696 -203.4117842)
(953.9356897 3077.99696 -203.4117842)
(1228.873072 3077.99696 -203.4117842)
(1503.810455 3077.99696 -203.4117842)
(1778.747838 3077.99696 -203.4117842)
(2053.685221 3077.99696 -203.4117842)
(2328.622603 3077.99696 -203.4117842)
(2603.559986 3077.99696 -203.4117842)
(2878.497369 3077.99696 -203.4117842)
(3153.434752 3077.99696 -203.4117842)
(3428.372134 3077.99696 -203.4117842)
(3703.309517 3077.99696 -203.4117842)
(3978.2469 3077.99696 -203.4117842)
(-3994.9372 3305.80222 -203.4117842)
(-3719.999817 3305.80222 -203.4117842)
(-3445.062434 3305.80222 -203.4117842)
(-3170.125052 3305.80222 -203.4117842)
(-2895.187669 3305.80222 -203.4117842)
(-2620.250286 3305.80222 -203.4117842)
(-2345.312903 3305.80222 -203.4117842)
(-2070.375521 3305.80222 -203.4117842)
(-1795.438138 3305.80222 -203.4117842)
(-1520.500755 3305.80222 -203.4117842)
(-1245.563372 3305.80222 -203.4117842)
(-970.6259897 3305.80222 -203.4117842)
(-695.6886069 3305.80222 -203.4117842)
(-420.7512241 3305.80222 -203.4117842)
(-145.8138414 3305.80222 -203.4117842)
(129.1235414 3305.80222 -203.4117842)
(404.0609241 3305.80222 -203.4117842)
(678.9983069 3305.80222 -203.4117842)
(953.9356897 3305.80222 -203.4117842)
(1228.873072 3305.80222 -203.4117842)
(1503.810455 3305.80222 -203.4117842)
(1778.747838 3305.80222 -203.4117842)
(2053.685221 3305.80222 -203.4117842)
(2328.622603 3305.80222 -203.4117842)
(2603.559986 3305.80222 -203.4117842)
(2878.497369 3305.80222 -203.4117842)
(3153.434752 3305.80222 -203.4117842)
(3428.372134 3305.80222 -203.4117842)
(3703.309517 3305.80222 -203.4117842)
(3978.2469 3305.80222 -203.4117842)
(-3994.9372 3533.60748 -203.4117842)
(-3719.999817 3533.60748 -203.4117842)
(-3445.062434 3533.60748 -203.4117842)
(-3170.125052 3533.60748 -203.4117842)
(-2895.187669 3533.60748 -203.4117842)
(-2620.250286 3533.60748 -203.4117842)
(-2345.312903 3533.60748 -203.4117842)
(-2070.375521 3533.60748 -203.4117842)
(-1795.438138 3533.60748 -203.4117842)
(-1520.500755 3533.60748 -203.4117842)
(-1245.563372 3533.60748 -203.4117842)
(-970.6259897 3533.60748 -203.4117842)
(-695.6886069 3533.60748 -203.4117842)
(-420.7512241 3533.60748 -203.4117842)
(-145.8138414 3533.60748 -203.4117842)
(129.1235414 3533.60748 -203.4117842)
(404.0609241 3533.60748 -203.4117842)
(678.9983069 3533.60748 -203.4117842)
(953.9356897 3533.60748 -203.4117842)
(1228.873072 3533.60748 -203.4117842)
(1503.810455 3533.60748 -203.4117842)
(1778.747838 3533.60748 -203.4117842)
(2053.685221 3533.60748 -203.4117842)
(2328.622603 3533.60748 -203.4117842)
(2603.559986 3533.60748 -203.4117842)
(2878.497369 3533.60748 -203.4117842)
(3153.434752 3533.60748 -203.4117842)
(3428.372134 3533.60748 -203.4117842)
(3703.309517 3533.60748 -203.4117842)
(3978.2469 3533.60748 -203.4117842)
(-3994.9372 3761.41274 -203.4117842)
(-3719.999817 3761.41274 -203.4117842)
(-3445.062434 3761.41274 -203.4117842)
(-3170.125052 3761.41274 -203.4117842)
(-2895.187669 3761.41274 -203.4117842)
(-2620.250286 3761.41274 -203.4117842)
(-2345.312903 3761.41274 -203.4117842)
(-2070.375521 3761.41274 -203.4117842)
(-1795.438138 3761.41274 -203.4117842)
(-1520.500755 3761.41274 -203.4117842)
(-1245.563372 3761.41274 -203.4117842)
(-970.6259897 3761.41274 -203.4117842)
(-695.6886069 3761.41274 -203.4117842)
(-420.7512241 3761.41274 -203.4117842)
(-145.8138414 3761.41274 -203.4117842)
(129.1235414 3761.41274 -203.4117842)
(404.0609241 3761.41274 -203.4117842)
(678.9983069 3761.41274 -203.4117842)
(953.9356897 3761.41274 -203.4117842)
(1228.873072 3761.41274 -203.4117842)
(1503.810455 3761.41274 -203.4117842)
(1778.747838 3761.41274 -203.4117842)
(2053.685221 3761.41274 -203.4117842)
(2328.622603 3761.41274 -203.4117842)
(2603.559986 3761.41274 -203.4117842)
(2878.497369 3761.41274 -203.4117842)
(3153.434752 3761.41274 -203.4117842)
(3428.372134 3761.41274 -203.4117842)
(3703.309517 3761.41274 -203.4117842)
(3978.2469 3761.41274 -203.4117842)
(-3994.9372 3989.218 -203.4117842)
(-3719.999817 3989.218 -203.4117842)
(-3445.062434 3989.218 -203.4117842)
(-3170.125052 3989.218 -203.4117842)
(-2895.187669 3989.218 -203.4117842)
(-2620.250286 3989.218 -203.4117842)
(-2345.312903 3989.218 -203.4117842)
(-2070.375521 3989.218 -203.4117842)
(-1795.438138 3989.218 -203.4117842)
(-1520.500755 3989.218 -203.4117842)
(-1245.563372 3989.218 -203.4117842)
(-970.6259897 3989.218 -203.4117842)
(-695.6886069 3989.218 -203.4117842)
(-420.7512241 3989.218 -203.4117842)
(-145.8138414 3989.218 -203.4117842)
(129.1235414 3989.218 -203.4117842)
(404.0609241 3989.218 -203.4117842)
(678.9983069 3989.218 -203.4117842)
(953.9356897 3989.218 -203.4117842)
(1228.873072 3989.218 -203.4117842)
(1503.810455 3989.218 -203.4117842)
(1778.747838 3989.218 -203.4117842)
(2053.685221 3989.218 -203.4117842)
(2328.622603 3989.218 -203.4117842)
(2603.559986 3989.218 -203.4117842)
(2878.497369 3989.218 -203.4117842)
(3153.434752 3989.218 -203.4117842)
(3428.372134 3989.218 -203.4117842)
(3703.309517 3989.218 -203.4117842)
(3978.2469 3989.218 -203.4117842)
(-3994.9372 -3983.9661 216.2294842)
(-3719.999817 -3983.9661 216.2294842)
(-3445.062434 -3983.9661 216.2294842)
(-3170.125052 -3983.9661 216.2294842)
(-2895.187669 -3983.9661 216.2294842)
(-2620.250286 -3983.9661 216.2294842)
(-2345.312903 -3983.9661 216.2294842)
(-2070.375521 -3983.9661 216.2294842)
(-1795.438138 -3983.9661 216.2294842)
(-1520.500755 -3983.9661 216.2294842)
(-1245.563372 -3983.9661 216.2294842)
(-970.6259897 -3983.9661 216.2294842)
(-695.6886069 -3983.9661 216.2294842)
(-420.7512241 -3983.9661 216.2294842)
(-145.8138414 -3983.9661 216.2294842)
(129.1235414 -3983.9661 216.2294842)
(404.0609241 -3983.9661 216.2294842)
(678.9983069 -3983.9661 216.2294842)
(953.9356897 -3983.9661 216.2294842)
(1228.873072 -3983.9661 216.2294842)
(1503.810455 -3983.9661 216.2294842)
(1778.747838 -3983.9661 216.2294842)
(2053.685221 -3983.9661 216.2294842)
(2328.622603 -3983.9661 216.2294842)
(2603.559986 -3983.9661 216.2294842)
(2878.497369 -3983.9661 216.2294842)
(3153.434752 -3983.9661 216.2294842)
(3428.372134 -3983.9661 216.2294842)
(3703.309517 -3983.9661 216.2294842)
(3978.2469 -3983.9661 216.2294842)
(-3994.9372 -3756.16084 216.2294842)
(-3719.999817 -3756.16084 216.2294842)
(-3445.062434 -3756.16084 216.2294842)
(-3170.125052 -3756.16084 216.2294842)
(-2895.187669 -3756.16084 216.2294842)
(-2620.250286 -3756.16084 216.2294842)
(-2345.312903 -3756.16084 216.2294842)
(-2070.375521 -3756.16084 216.2294842)
(-1795.438138 -3756.16084 216.2294842)
(-1520.500755 -3756.16084 216.2294842)
(-1245.563372 -3756.16084 216.2294842)
(-970.6259897 -3756.16084 216.2294842)
(-695.6886069 -3756.16084 216.2294842)
(-420.7512241 -3756.16084 216.2294842)
(-145.8138414 -3756.16084 216.2294842)
(129.1235414 -3756.16084 216.2294842)
(404.0609241 -3756.16084 216.2294842)
(678.9983069 -3756.16084 216.2294842)
(953.9356897 -3756.16084 216.2294842)
(1228.873072 -3756.16084 216.2294842)
(1503.810455 -3756.16084 216.2294842)
(1778.747838 -3756.16084 216.2294842)
(2053.685221 -3756.16084 216.2294842)
(2328.622603 -3756.16084 216.2294842)
(2603.559986 -3756.16084 216.2294842)
(2878.497369 -3756.16084 216.2294842)
(3153.434752 -3756.16084 216.2294842)
(3428.372134 -3756.16084 216.2294842)
(3703.309517 -3756.16084 216.2294842)
(3978.2469 -3756.16084 216.2294842)
(-3994.9372 -3528.35558 216.2294842)
(-3719.999817 -3528.35558 216.2294842)
(-3445.062434 -3528.35558 216.2294842)
(-3170.125052 -3528.35558 216.2294842)
(-2895.187669 -3528.35558 216.2294842)
(-2620.250286 -3528.35558 216.2294842)
(-2345.312903 -3528.35558 216.2294842)
(-2070.375521 -3528.35558 216.2294842)
(-1795.438138 -3528.35558 216.2294842)
(-1520.500755 -3528.35558 216.2294842)
(-1245.563372 -3528.35558 216.2294842)
(-970.6259897 -3528.35558 216.2294842)
(-695.6886069 -3528.35558 216.2294842)
(-420.7512241 -3528.35558 216.2294842)
(-145.8138414 -3528.35558 216.2294842)
(129.1235414 -3528.35558 216.2294842)
(404.0609241 -3528.35558 216.2294842)
(678.9983069 -3528.35558 216.2294842)
(953.9356897 -3528.35558 216.2294842)
(1228.873072 -3528.35558 216.2294842)
(1503.810455 -3528.35558 216.2294842)
(1778.747838 -3528.35558 216.2294842)
(2053.685221 -3528.35558 216.2294842)
(2328.622603 -3528.35558 216.2294842)
(2603.559986 -3528.35558 216.2294842)
(2878.497369 -3528.35558 216.2294842)
(3153.434752 -3528.35558 216.2294842)
(3428.372134 -3528.35558 216.2294842)
(3703.309517 -3528.35558 216.2294842)
(3978.2469 -3528.35558 216.2294842)
(-3994.9372 -3300.55032 216.2294842)
(-3719.999817 -3300.55032 216.2294842)
(-3445.062434 -3300.55032 216.2294842)
(-3170.125052 -3300.55032 216.2294842)
(-2895.187669 -3300.55032 216.2294842)
(-2620.250286 -3300.55032 216.2294842)
(-2345.312903 -3300.55032 216.2294842)
(-2070.375521 -3300.55032 216.2294842)
(-1795.438138 -3300.55032 216.2294842)
(-1520.500755 -3300.55032 216.2294842)
(-1245.563372 -3300.55032 216.2294842)
(-970.6259897 -3300.55032 216.2294842)
(-695.6886069 -3300.55032 216.2294842)
(-420.7512241 -3300.55032 216.2294842)
(-145.8138414 -3300.55032 216.2294842)
(129.1235414 -3300.55032 216.2294842)
(404.0609241 -3300.55032 216.2294842)
(678.9983069 -3300.55032 216.2294842)
(953.9356897 -3300.55032 216.2294842)
(1228.873072 -3300.55032 216.2294842)
(1503.810455 -3300.55032 216.2294842)
(1778.747838 -3300.55032 216.2294842)
(2053.685221 -3300.55032 216.2294842)
(2328.622603 -3300.55032 216.2294842)
(2603.559986 -3300.55032 216.2294842)
(2878.497369 -3300.55032 216.2294842)
(3153.434752 -3300.55032 216.2294842)
(3428.372134 -3300.55032 216.2294842)
(3703.309517 -3300.55032 216.2294842)
(3978.2469 -3300.55032 216.2294842)
(-3994.9372 -3072.74506 216.2294842)
(-3719.999817 -3072.74506 216.2294842)
(-3445.062434 -3072.74506 216.2294842)
(-3170.125052 -3072.74506 216.2294842)
(-2895.187669 -3072.74506 216.2294842)
(-2620.250286 -3072.74506 216.2294842)
(-2345.312903 -3072.74506 216.2294842)
(-2070.375521 -3072.74506 216.2294842)
(-1795.438138 -3072.74506 216.2294842)
(-1520.500755 -3072.74506 216.2294842)
(-1245.563372 -3072.74506 216.2294842)
(-970.6259897 -3072.74506 216.2294842)
(-695.6886069 -3072.74506 216.2294842)
(-420.7512241 -3072.74506 216.2294842)
(-145.8138414 -3072.74506 216.2294842)
(129.1235414 -3072.74506 216.2294842)
(404.0609241 -3072.74506 216.2294842)
(678.9983069 -3072.74506 216.2294842)
(953.9356897 -3072.74506 216.2294842)
(1228.873072 -3072.74506 216.2294842)
(1503.810455 -3072.74506 216.2294842)
(1778.747838 -3072.74506 216.2294842)
(2053.685221 -3072.74506 216.2294842)
(2328.622603 -3072.74506 216.2294842)
(2603.559986 -3072.74506 216.2294842)
(2878.497369 -3072.74506 216.2294842)
(3153.434752 -3072.74506 216.2294842)
(3428.372134 -3072.74506 216.2294842)
(3703.309517 -3072.74506 216.2294842)
(3978.2469 -3072.74506 216.2294842)
(-3994.9372 -2844.9398 216.2294842)
(-3719.999817 -2844.9398 216.2294842)
(-3445.062434 -2844.9398 216.2294842)
(-3170.125052 -2844.9398 216.2294842)
(-2895.187669 -2844.9398 216.2294842)
(-2620.250286 -2844.9398 216.2294842)
(-2345.312903 -2844.9398 216.2294842)
(-2070.375521 -2844.9398 216.2294842)
(-1795.438138 -2844.9398 216.2294842)
(-1520.500755 -2844.9398 216.2294842)
(-1245.563372 -2844.9398 216.2294842)
(-970.6259897 -2844.9398 216.2294842)
(-695.6886069 -2844.9398 216.2294842)
(-420.7512241 -2844.9398 216.2294842)
(-145.8138414 -2844.9398 216.2294842)
(129.1235414 -2844.9398 216.2294842)
(404.0609241 -2844.9398 216.2294842)
(678.9983069 -2844.9398 216.2294842)
(953.9356897 -2844.9398 216.2294842)
(1228.873072 -2844.9398 216.2294842)
(1503.810455 -2844.9398 216.2294842)
(1778.747838 -2844.9398 216.2294842)
(2053.685221 -2844.9398 216.2294842)
(2328.622603 -2844.9398 216.2294842)
(2603.559986 -2844.9398 216.2294842)
(2878.497369 -2844.9398 216.2294842)
(3153.434752 -2844.9398 216.2294842)
(3428.372134 -2844.9398 216.2294842)
(3703.309517 -2844.9398 216.2294842)
(3978.2469 -2844.9398 216.2294842)
(-3994.9372 -2617.13454 216.2294842)
(-3719.999817 -2617.13454 216.2294842)
(-3445.062434 -2617.13454 216.2294842)
(-3170.125052 -2617.13454 216.2294842)
(-2895.187669 -2617.13454 216.2294842)
(-2620.250286 -2617.13454 216.2294842)
(-2345.312903 -2617.13454 216.2294842)
(-2070.375521 -2617.13454 216.2294842)
(-1795.438138 -2617.13454 216.2294842)
(-1520.500755 -2617.13454 216.2294842)
(-1245.563372 -2617.13454 216.2294842)
(-970.6259897 -2617.13454 216.2294842)
(-695.6886069 -2617.13454 216.2294842)
(-420.7512241 -2617.13454 216.2294842)
(-145.8138414 -2617.13454 216.2294842)
(129.1235414 -2617.13454 216.2294842)
(404.0609241 -2617.13454 216.2294842)
(678.9983069 -2617.13454 216.2294842)
(953.9356897 -2617.13454 216.2294842)
(1228.873072 -2617.13454 216.2294842)
(1503.810455 -2617.13454 216.2294842)
(1778.747838 -2617.13454 216.2294842)
(2053.685221 -2617.13454 216.2294842)
(2328.622603 -2617.13454 216.2294842)
(2603.559986 -2617.13454 216.2294842)
(2878.497369 -2617.13454 216.2294842)
(3153.434752 -2617.13454 216.2294842)
(3428.372134 -2617.13454 216.2294842)
(3703.309517 -2617.13454 216.2294842)
(3978.2469 -2617.13454 216.2294842)
(-3994.9372 -2389.32928 216.2294842)
(-3719.999817 -2389.32928 216.2294842)
(-3445.062434 -2389.32928 216.2294842)
(-3170.125052 -2389.32928 216.2294842)
(-2895.187669 -2389.32928 216.2294842)
(-2620.250286 -2389.32928 216.2294842)
(-2345.312903 -2389.32928 216.2294842)
(-2070.375521 -2389.32928 216.2294842)
(-1795.438138 -2389.32928 216.2294842)
(-1520.500755 -2389.32928 216.2294842)
(-1245.563372 -2389.32928 216.2294842)
(-970.6259897 -2389.32928 216.2294842)
(-695.6886069 -2389.32928 216.2294842)
(-420.7512241 -2389.32928 216.2294842)
(-145.8138414 -2389.32928 216.2294842)
(129.1235414 -2389.32928 216.2294842)
(404.0609241 -2389.32928 216.2294842)
(678.9983069 -2389.32928 216.2294842)
(953.9356897 -2389.32928 216.2294842)
(1228.873072 -2389.32928 216.2294842)
(1503.810455 -2389.32928 216.2294842)
(1778.747838 -2389.32928 216.2294842)
(2053.685221 -2389.32928 216.2294842)
(2328.622603 -2389.32928 216.2294842)
(2603.559986 -2389.32928 216.2294842)
(2878.497369 -2389.32928 216.2294842)
(3153.434752 -2389.32928 216.2294842)
(3428.372134 -2389.32928 216.2294842)
(3703.309517 -2389.32928 216.2294842)
(3978.2469 -2389.32928 216.2294842)
(-3994.9372 -2161.52402 216.2294842)
(-3719.999817 -2161.52402 216.2294842)
(-3445.062434 -2161.52402 216.2294842)
(-3170.125052 -2161.52402 216.2294842)
(-2895.187669 -2161.52402 216.2294842)
(-2620.250286 -2161.52402 216.2294842)
(-2345.312903 -2161.52402 216.2294842)
(-2070.375521 -2161.52402 216.2294842)
(-1795.438138 -2161.52402 216.2294842)
(-1520.500755 -2161.52402 216.2294842)
(-1245.563372 -2161.52402 216.2294842)
(-970.6259897 -2161.52402 216.2294842)
(-695.6886069 -2161.52402 216.2294842)
(-420.7512241 -2161.52402 216.2294842)
(-145.8138414 -2161.52402 216.2294842)
(129.1235414 -2161.52402 216.2294842)
(404.0609241 -2161.52402 216.2294842)
(678.9983069 -2161.52402 216.2294842)
(953.9356897 -2161.52402 216.2294842)
(1228.873072 -2161.52402 216.2294842)
(1503.810455 -2161.52402 216.2294842)
(1778.747838 -2161.52402 216.2294842)
(2053.685221 -2161.52402 216.2294842)
(2328.622603 -2161.52402 216.2294842)
(2603.559986 -2161.52402 216.2294842)
(2878.497369 -2161.52402 216.2294842)
(3153.434752 -2161.52402 216.2294842)
(3428.372134 -2161.52402 216.2294842)
(3703.309517 -2161.52402 216.2294842)
(3978.2469 -2161.52402 216.2294842)
(-3994.9372 -1933.71876 216.2294842)
(-3719.999817 -1933.71876 216.2294842)
(-3445.062434 -1933.71876 216.2294842)
(-3170.125052 -1933.71876 216.2294842)
(-2895.187669 -1933.71876 216.2294842)
(-2620.250286 -1933.71876 216.2294842)
(-2345.312903 -1933.71876 216.2294842)
(-2070.375521 -1933.71876 216.2294842)
(-1795.438138 -1933.71876 216.2294842)
(-1520.500755 -1933.71876 216.2294842)
(-1245.563372 -1933.71876 216.2294842)
(-970.6259897 -1933.71876 216.2294842)
(-695.6886069 -1933.71876 216.2294842)
(-420.7512241 -1933.71876 216.2294842)
(-145.8138414 -1933.71876 216.2294842)
(129.1235414 -1933.71876 216.2294842)
(404.0609241 -1933.71876 216.2294842)
(678.9983069 -1933.71876 216.2294842)
(953.9356897 -1933.71876 216.2294842)
(1228.873072 -1933.71876 216.2294842)
(1503.810455 -1933.71876 216.2294842)
(1778.747838 -1933.71876 216.2294842)
(2053.685221 -1933.71876 216.2294842)
(2328.622603 -1933.71876 216.2294842)
(2603.559986 -1933.71876 216.2294842)
(2878.497369 -1933.71876 216.2294842)
(3153.434752 -1933.71876 216.2294842)
(3428.372134 -1933.71876 216.2294842)
(3703.309517 -1933.71876 216.2294842)
(3978.2469 -1933.71876 216.2294842)
(-3994.9372 -1705.9135 216.2294842)
(-3719.999817 -1705.9135 216.2294842)
(-3445.062434 -1705.9135 216.2294842)
(-3170.125052 -1705.9135 216.2294842)
(-2895.187669 -1705.9135 216.2294842)
(-2620.250286 -1705.9135 216.2294842)
(-2345.312903 -1705.9135 216.2294842)
(-2070.375521 -1705.9135 216.2294842)
(-1795.438138 -1705.9135 216.2294842)
(-1520.500755 -1705.9135 216.2294842)
(-1245.563372 -1705.9135 216.2294842)
(-970.6259897 -1705.9135 216.2294842)
(-695.6886069 -1705.9135 216.2294842)
(-420.7512241 -1705.9135 216.2294842)
(-145.8138414 -1705.9135 216.2294842)
(129.1235414 -1705.9135 216.2294842)
(404.0609241 -1705.9135 216.2294842)
(678.9983069 -1705.9135 216.2294842)
(953.9356897 -1705.9135 216.2294842)
(1228.873072 -1705.9135 216.2294842)
(1503.810455 -1705.9135 216.2294842)
(1778.747838 -1705.9135 216.2294842)
(2053.685221 -1705.9135 216.2294842)
(2328.622603 -1705.9135 216.2294842)
(2603.559986 -1705.9135 216.2294842)
(2878.497369 -1705.9135 216.2294842)
(3153.434752 -1705.9135 216.2294842)
(3428.372134 -1705.9135 216.2294842)
(3703.309517 -1705.9135 216.2294842)
(3978.2469 -1705.9135 216.2294842)
(-3994.9372 -1478.10824 216.2294842)
(-3719.999817 -1478.10824 216.2294842)
(-3445.062434 -1478.10824 216.2294842)
(-3170.125052 -1478.10824 216.2294842)
(-2895.187669 -1478.10824 216.2294842)
(-2620.250286 -1478.10824 216.2294842)
(-2345.312903 -1478.10824 216.2294842)
(-2070.375521 -1478.10824 216.2294842)
(-1795.438138 -1478.10824 216.2294842)
(-1520.500755 -1478.10824 216.2294842)
(-1245.563372 -1478.10824 216.2294842)
(-970.6259897 -1478.10824 216.2294842)
(-695.6886069 -1478.10824 216.2294842)
(-420.7512241 -1478.10824 216.2294842)
(-145.8138414 -1478.10824 216.2294842)
(129.1235414 -1478.10824 216.2294842)
(404.0609241 -1478.10824 216.2294842)
(678.9983069 -1478.10824 216.2294842)
(953.9356897 -1478.10824 216.2294842)
(1228.873072 -1478.10824 216.2294842)
(1503.810455 -1478.10824 216.2294842)
(1778.747838 -1478.10824 216.2294842)
(2053.685221 -1478.10824 216.2294842)
(2328.622603 -1478.10824 216.2294842)
(2603.559986 -1478.10824 216.2294842)
(2878.497369 -1478.10824 216.2294842)
(3153.434752 -1478.10824 216.2294842)
(3428.372134 -1478.10824 216.2294842)
(3703.309517 -1478.10824 216.2294842)
(3978.2469 -1478.10824 216.2294842)
(-3994.9372 -1250.30298 216.2294842)
(-3719.999817 -1250.30298 216.2294842)
(-3445.062434 -1250.30298 216.2294842)
(-3170.125052 -1250.30298 216.2294842)
(-2895.187669 -1250.30298 216.2294842)
(-2620.250286 -1250.30298 216.2294842)
(-2345.312903 -1250.30298 216.2294842)
(-2070.375521 -1250.30298 216.2294842)
(-1795.438138 -1250.30298 216.2294842)
(-1520.500755 -1250.30298 216.2294842)
(-1245.563372 -1250.30298 216.2294842)
(-970.6259897 -1250.30298 216.2294842)
(-695.6886069 -1250.30298 216.2294842)
(-420.7512241 -1250.30298 216.2294842)
(-145.8138414 -1250.30298 216.2294842)
(129.1235414 -1250.30298 216.2294842)
(404.0609241 -1250.30298 216.2294842)
(678.9983069 -1250.30298 216.2294842)
(953.9356897 -1250.30298 216.2294842)
(1228.873072 -1250.30298 216.2294842)
(1503.810455 -1250.30298 216.2294842)
(1778.747838 -1250.30298 216.2294842)
(2053.685221 -1250.30298 216.2294842)
(2328.622603 -1250.30298 216.2294842)
(2603.559986 -1250.30298 216.2294842)
(2878.497369 -1250.30298 216.2294842)
(3153.434752 -1250.30298 216.2294842)
(3428.372134 -1250.30298 216.2294842)
(3703.309517 -1250.30298 216.2294842)
(3978.2469 -1250.30298 216.2294842)
(-3994.9372 -1022.49772 216.2294842)
(-3719.999817 -1022.49772 216.2294842)
(-3445.062434 -1022.49772 216.2294842)
(-3170.125052 -1022.49772 216.2294842)
(-2895.187669 -1022.49772 216.2294842)
(-2620.250286 -1022.49772 216.2294842)
(-2345.312903 -1022.49772 216.2294842)
(-2070.375521 -1022.49772 216.2294842)
(-1795.438138 -1022.49772 216.2294842)
(-1520.500755 -1022.49772 216.2294842)
(-1245.563372 -1022.49772 216.2294842)
(-970.6259897 -1022.49772 216.2294842)
(-695.6886069 -1022.49772 216.2294842)
(-420.7512241 -1022.49772 216.2294842)
(-145.8138414 -1022.49772 216.2294842)
(129.1235414 -1022.49772 216.2294842)
(404.0609241 -1022.49772 216.2294842)
(678.9983069 -1022.49772 216.2294842)
(953.9356897 -1022.49772 216.2294842)
(1228.873072 -1022.49772 216.2294842)
(1503.810455 -1022.49772 216.2294842)
(1778.747838 -1022.49772 216.2294842)
(2053.685221 -1022.49772 216.2294842)
(2328.622603 -1022.49772 216.2294842)
(2603.559986 -1022.49772 216.2294842)
(2878.497369 -1022.49772 216.2294842)
(3153.434752 -1022.49772 216.2294842)
(3428.372134 -1022.49772 216.2294842)
(3703.309517 -1022.49772 216.2294842)
(3978.2469 -1022.49772 216.2294842)
(-3994.9372 -794.69246 216.2294842)
(-3719.999817 -794.69246 216.2294842)
(-3445.062434 -794.69246 216.2294842)
(-3170.125052 -794.69246 216.2294842)
(-2895.187669 -794.69246 216.2294842)
(-2620.250286 -794.69246 216.2294842)
(-2345.312903 -794.69246 216.2294842)
(-2070.375521 -794.69246 216.2294842)
(-1795.438138 -794.69246 216.2294842)
(-1520.500755 -794.69246 216.2294842)
(-1245.563372 -794.69246 216.2294842)
(-970.6259897 -794.69246 216.2294842)
(-695.6886069 -794.69246 216.2294842)
(-420.7512241 -794.69246 216.2294842)
(-145.8138414 -794.69246 216.2294842)
(129.1235414 -794.69246 216.2294842)
(404.0609241 -794.69246 216.2294842)
(678.9983069 -794.69246 216.2294842)
(953.9356897 -794.69246 216.2294842)
(1228.873072 -794.69246 216.2294842)
(1503.810455 -794.69246 216.2294842)
(1778.747838 -794.69246 216.2294842)
(2053.685221 -794.69246 216.2294842)
(2328.622603 -794.69246 216.2294842)
(2603.559986 -794.69246 216.2294842)
(2878.497369 -794.69246 216.2294842)
(3153.434752 -794.69246 216.2294842)
(3428.372134 -794.69246 216.2294842)
(3703.309517 -794.69246 216.2294842)
(3978.2469 -794.69246 216.2294842)
(-3994.9372 -566.8872 216.2294842)
(-3719.999817 -566.8872 216.2294842)
(-3445.062434 -566.8872 216.2294842)
(-3170.125052 -566.8872 216.2294842)
(-2895.187669 -566.8872 216.2294842)
(-2620.250286 -566.8872 216.2294842)
(-2345.312903 -566.8872 216.2294842)
(-2070.375521 -566.8872 216.2294842)
(-1795.438138 -566.8872 216.2294842)
(-1520.500755 -566.8872 216.2294842)
(-1245.563372 -566.8872 216.2294842)
(-970.6259897 -566.8872 216.2294842)
(-695.6886069 -566.8872 216.2294842)
(-420.7512241 -566.8872 216.2294842)
(-145.8138414 -566.8872 216.2294842)
(129.1235414 -566.8872 216.2294842)
(404.0609241 -566.8872 216.2294842)
(678.9983069 -566.8872 216.2294842)
(953.9356897 -566.8872 216.2294842)
(1228.873072 -566.8872 216.2294842)
(1503.810455 -566.8872 216.2294842)
(1778.747838 -566.8872 216.2294842)
(2053.685221 -566.8872 216.2294842)
(2328.622603 -566.8872 216.2294842)
(2603.559986 -566.8872 216.2294842)
(2878.497369 -566.8872 216.2294842)
(3153.434752 -566.8872 216.2294842)
(3428.372134 -566.8872 216.2294842)
(3703.309517 -566.8872 216.2294842)
(3978.2469 -566.8872 216.2294842)
(-3994.9372 -339.08194 216.2294842)
(-3719.999817 -339.08194 216.2294842)
(-3445.062434 -339.08194 216.2294842)
(-3170.125052 -339.08194 216.2294842)
(-2895.187669 -339.08194 216.2294842)
(-2620.250286 -339.08194 216.2294842)
(-2345.312903 -339.08194 216.2294842)
(-2070.375521 -339.08194 216.2294842)
(-1795.438138 -339.08194 216.2294842)
(-1520.500755 -339.08194 216.2294842)
(-1245.563372 -339.08194 216.2294842)
(-970.6259897 -339.08194 216.2294842)
(-695.6886069 -339.08194 216.2294842)
(-420.7512241 -339.08194 216.2294842)
(-145.8138414 -339.08194 216.2294842)
(129.1235414 -339.08194 216.2294842)
(404.0609241 -339.08194 216.2294842)
(678.9983069 -339.08194 216.2294842)
(953.9356897 -339.08194 216.2294842)
(1228.873072 -339.08194 216.2294842)
(1503.810455 -339.08194 216.2294842)
(1778.747838 -339.08194 216.2294842)
(2053.685221 -339.08194 216.2294842)
(2328.622603 -339.08194 216.2294842)
(2603.559986 -339.08194 216.2294842)
(2878.497369 -339.08194 216.2294842)
(3153.434752 -339.08194 216.2294842)
(3428.372134 -339.08194 216.2294842)
(3703.309517 -339.08194 216.2294842)
(3978.2469 -339.08194 216.2294842)
(-3994.9372 -111.27668 216.2294842)
(-3719.999817 -111.27668 216.2294842)
(-3445.062434 -111.27668 216.2294842)
(-3170.125052 -111.27668 216.2294842)
(-2895.187669 -111.27668 216.2294842)
(-2620.250286 -111.27668 216.2294842)
(-2345.312903 -111.27668 216.2294842)
(-2070.375521 -111.27668 216.2294842)
(-1795.438138 -111.27668 216.2294842)
(-1520.500755 -111.27668 216.2294842)
(-1245.563372 -111.27668 216.2294842)
(-970.6259897 -111.27668 216.2294842)
(-695.6886069 -111.27668 216.2294842)
(-420.7512241 -111.27668 216.2294842)
(-145.8138414 -111.27668 216.2294842)
(129.1235414 -111.27668 216.2294842)
(404.0609241 -111.27668 216.2294842)
(678.9983069 -111.27668 216.2294842)
(953.9356897 -111.27668 216.2294842)
(1228.873072 -111.27668 216.2294842)
(1503.810455 -111.27668 216.2294842)
(1778.747838 -111.27668 216.2294842)
(2053.685221 -111.27668 216.2294842)
(2328.622603 -111.27668 216.2294842)
(2603.559986 -111.27668 216.2294842)
(2878.497369 -111.27668 216.2294842)
(3153.434752 -111.27668 216.2294842)
(3428.372134 -111.27668 216.2294842)
(3703.309517 -111.27668 216.2294842)
(3978.2469 -111.27668 216.2294842)
(-3994.9372 116.52858 216.2294842)
(-3719.999817 116.52858 216.2294842)
(-3445.062434 116.52858 216.2294842)
(-3170.125052 116.52858 216.2294842)
(-2895.187669 116.52858 216.2294842)
(-2620.250286 116.52858 216.2294842)
(-2345.312903 116.52858 216.2294842)
(-2070.375521 116.52858 216.2294842)
(-1795.438138 116.52858 216.2294842)
(-1520.500755 116.52858 216.2294842)
(-1245.563372 116.52858 216.2294842)
(-970.6259897 116.52858 216.2294842)
(-695.6886069 116.52858 216.2294842)
(-420.7512241 116.52858 216.2294842)
(-145.8138414 116.52858 216.2294842)
(129.1235414 116.52858 216.2294842)
(404.0609241 116.52858 216.2294842)
(678.9983069 116.52858 216.2294842)
(953.9356897 116.52858 216.2294842)
(1228.873072 116.52858 216.2294842)
(1503.810455 116.52858 216.2294842)
(1778.747838 116.52858 216.2294842)
(2053.685221 116.52858 216.2294842)
(2328.622603 116.52858 216.2294842)
(2603.559986 116.52858 216.2294842)
(2878.497369 116.52858 216.2294842)
(3153.434752 116.52858 216.2294842)
(3428.372134 116.52858 216.2294842)
(3703.309517 116.52858 216.2294842)
(3978.2469 116.52858 216.2294842)
(-3994.9372 344.33384 216.2294842)
(-3719.999817 344.33384 216.2294842)
(-3445.062434 344.33384 216.2294842)
(-3170.125052 344.33384 216.2294842)
(-2895.187669 344.33384 216.2294842)
(-2620.250286 344.33384 216.2294842)
(-2345.312903 344.33384 216.2294842)
(-2070.375521 344.33384 216.2294842)
(-1795.438138 344.33384 216.2294842)
(-1520.500755 344.33384 216.2294842)
(-1245.563372 344.33384 216.2294842)
(-970.6259897 344.33384 216.2294842)
(-695.6886069 344.33384 216.2294842)
(-420.7512241 344.33384 216.2294842)
(-145.8138414 344.33384 216.2294842)
(129.1235414 344.33384 216.2294842)
(404.0609241 344.33384 216.2294842)
(678.9983069 344.33384 216.2294842)
(953.9356897 344.33384 216.2294842)
(1228.873072 344.33384 216.2294842)
(1503.810455 344.33384 216.2294842)
(1778.747838 344.33384 216.2294842)
(2053.685221 344.33384 216.2294842)
(2328.622603 344.33384 216.2294842)
(2603.559986 344.33384 216.2294842)
(2878.497369 344.33384 216.2294842)
(3153.434752 344.33384 216.2294842)
(3428.372134 344.33384 216.2294842)
(3703.309517 344.33384 216.2294842)
(3978.2469 344.33384 216.2294842)
(-3994.9372 572.1391 216.2294842)
(-3719.999817 572.1391 216.2294842)
(-3445.062434 572.1391 216.2294842)
(-3170.125052 572.1391 216.2294842)
(-2895.187669 572.1391 216.2294842)
(-2620.250286 572.1391 216.2294842)
(-2345.312903 572.1391 216.2294842)
(-2070.375521 572.1391 216.2294842)
(-1795.438138 572.1391 216.2294842)
(-1520.500755 572.1391 216.2294842)
(-1245.563372 572.1391 216.2294842)
(-970.6259897 572.1391 216.2294842)
(-695.6886069 572.1391 216.2294842)
(-420.7512241 572.1391 216.2294842)
(-145.8138414 572.1391 216.2294842)
(129.1235414 572.1391 216.2294842)
(404.0609241 572.1391 216.2294842)
(678.9983069 572.1391 216.2294842)
(953.9356897 572.1391 216.2294842)
(1228.873072 572.1391 216.2294842)
(1503.810455 572.1391 216.2294842)
(1778.747838 572.1391 216.2294842)
(2053.685221 572.1391 216.2294842)
(2328.622603 572.1391 216.2294842)
(2603.559986 572.1391 216.2294842)
(2878.497369 572.1391 216.2294842)
(3153.434752 572.1391 216.2294842)
(3428.372134 572.1391 216.2294842)
(3703.309517 572.1391 216.2294842)
(3978.2469 572.1391 216.2294842)
(-3994.9372 799.94436 216.2294842)
(-3719.999817 799.94436 216.2294842)
(-3445.062434 799.94436 216.2294842)
(-3170.125052 799.94436 216.2294842)
(-2895.187669 799.94436 216.2294842)
(-2620.250286 799.94436 216.2294842)
(-2345.312903 799.94436 216.2294842)
(-2070.375521 799.94436 216.2294842)
(-1795.438138 799.94436 216.2294842)
(-1520.500755 799.94436 216.2294842)
(-1245.563372 799.94436 216.2294842)
(-970.6259897 799.94436 216.2294842)
(-695.6886069 799.94436 216.2294842)
(-420.7512241 799.94436 216.2294842)
(-145.8138414 799.94436 216.2294842)
(129.1235414 799.94436 216.2294842)
(404.0609241 799.94436 216.2294842)
(678.9983069 799.94436 216.2294842)
(953.9356897 799.94436 216.2294842)
(1228.873072 799.94436 216.2294842)
(1503.810455 799.94436 216.2294842)
(1778.747838 799.94436 216.2294842)
(2053.685221 799.94436 216.2294842)
(2328.622603 799.94436 216.2294842)
(2603.559986 799.94436 216.2294842)
(2878.497369 799.94436 216.2294842)
(3153.434752 799.94436 216.2294842)
(3428.372134 799.94436 216.2294842)
(3703.309517 799.94436 216.2294842)
(3978.2469 799.94436 216.2294842)
(-3994.9372 1027.74962 216.2294842)
(-3719.999817 1027.74962 216.2294842)
(-3445.062434 1027.74962 216.2294842)
(-3170.125052 1027.74962 216.2294842)
(-2895.187669 1027.74962 216.2294842)
(-2620.250286 1027.74962 216.2294842)
(-2345.312903 1027.74962 216.2294842)
(-2070.375521 1027.74962 216.2294842)
(-1795.438138 1027.74962 216.2294842)
(-1520.500755 1027.74962 216.2294842)
(-1245.563372 1027.74962 216.2294842)
(-970.6259897 1027.74962 216.2294842)
(-695.6886069 1027.74962 216.2294842)
(-420.7512241 1027.74962 216.2294842)
(-145.8138414 1027.74962 216.2294842)
(129.1235414 1027.74962 216.2294842)
(404.0609241 1027.74962 216.2294842)
(678.9983069 1027.74962 216.2294842)
(953.9356897 1027.74962 216.2294842)
(1228.873072 1027.74962 216.2294842)
(1503.810455 1027.74962 216.2294842)
(1778.747838 1027.74962 216.2294842)
(2053.685221 1027.74962 216.2294842)
(2328.622603 1027.74962 216.2294842)
(2603.559986 1027.74962 216.2294842)
(2878.497369 1027.74962 216.2294842)
(3153.434752 1027.74962 216.2294842)
(3428.372134 1027.74962 216.2294842)
(3703.309517 1027.74962 216.2294842)
(3978.2469 1027.74962 216.2294842)
(-3994.9372 1255.55488 216.2294842)
(-3719.999817 1255.55488 216.2294842)
(-3445.062434 1255.55488 216.2294842)
(-3170.125052 1255.55488 216.2294842)
(-2895.187669 1255.55488 216.2294842)
(-2620.250286 1255.55488 216.2294842)
(-2345.312903 1255.55488 216.2294842)
(-2070.375521 1255.55488 216.2294842)
(-1795.438138 1255.55488 216.2294842)
(-1520.500755 1255.55488 216.2294842)
(-1245.563372 1255.55488 216.2294842)
(-970.6259897 1255.55488 216.2294842)
(-695.6886069 1255.55488 216.2294842)
(-420.7512241 1255.55488 216.2294842)
(-145.8138414 1255.55488 216.2294842)
(129.1235414 1255.55488 216.2294842)
(404.0609241 1255.55488 216.2294842)
(678.9983069 1255.55488 216.2294842)
(953.9356897 1255.55488 216.2294842)
(1228.873072 1255.55488 216.2294842)
(1503.810455 1255.55488 216.2294842)
(1778.747838 1255.55488 216.2294842)
(2053.685221 1255.55488 216.2294842)
(2328.622603 1255.55488 216.2294842)
(2603.559986 1255.55488 216.2294842)
(2878.497369 1255.55488 216.2294842)
(3153.434752 1255.55488 216.2294842)
(3428.372134 1255.55488 216.2294842)
(3703.309517 1255.55488 216.2294842)
(3978.2469 1255.55488 216.2294842)
(-3994.9372 1483.36014 216.2294842)
(-3719.999817 1483.36014 216.2294842)
(-3445.062434 1483.36014 216.2294842)
(-3170.125052 1483.36014 216.2294842)
(-2895.187669 1483.36014 216.2294842)
(-2620.250286 1483.36014 216.2294842)
(-2345.312903 1483.36014 216.2294842)
(-2070.375521 1483.36014 216.2294842)
(-1795.438138 1483.36014 216.2294842)
(-1520.500755 1483.36014 216.2294842)
(-1245.563372 1483.36014 216.2294842)
(-970.6259897 1483.36014 216.2294842)
(-695.6886069 1483.36014 216.2294842)
(-420.7512241 1483.36014 216.2294842)
(-145.8138414 1483.36014 216.2294842)
(129.1235414 1483.36014 216.2294842)
(404.0609241 1483.36014 216.2294842)
(678.9983069 1483.36014 216.2294842)
(953.9356897 1483.36014 216.2294842)
(1228.873072 1483.36014 216.2294842)
(1503.810455 1483.36014 216.2294842)
(1778.747838 1483.36014 216.2294842)
(2053.685221 1483.36014 216.2294842)
(2328.622603 1483.36014 216.2294842)
(2603.559986 1483.36014 216.2294842)
(2878.497369 1483.36014 216.2294842)
(3153.434752 1483.36014 216.2294842)
(3428.372134 1483.36014 216.2294842)
(3703.309517 1483.36014 216.2294842)
(3978.2469 1483.36014 216.2294842)
(-3994.9372 1711.1654 216.2294842)
(-3719.999817 1711.1654 216.2294842)
(-3445.062434 1711.1654 216.2294842)
(-3170.125052 1711.1654 216.2294842)
(-2895.187669 1711.1654 216.2294842)
(-2620.250286 1711.1654 216.2294842)
(-2345.312903 1711.1654 216.2294842)
(-2070.375521 1711.1654 216.2294842)
(-1795.438138 1711.1654 216.2294842)
(-1520.500755 1711.1654 216.2294842)
(-1245.563372 1711.1654 216.2294842)
(-970.6259897 1711.1654 216.2294842)
(-695.6886069 1711.1654 216.2294842)
(-420.7512241 1711.1654 216.2294842)
(-145.8138414 1711.1654 216.2294842)
(129.1235414 1711.1654 216.2294842)
(404.0609241 1711.1654 216.2294842)
(678.9983069 1711.1654 216.2294842)
(953.9356897 1711.1654 216.2294842)
(1228.873072 1711.1654 216.2294842)
(1503.810455 1711.1654 216.2294842)
(1778.747838 1711.1654 216.2294842)
(2053.685221 1711.1654 216.2294842)
(2328.622603 1711.1654 216.2294842)
(2603.559986 1711.1654 216.2294842)
(2878.497369 1711.1654 216.2294842)
(3153.434752 1711.1654 216.2294842)
(3428.372134 1711.1654 216.2294842)
(3703.309517 1711.1654 216.2294842)
(3978.2469 1711.1654 216.2294842)
(-3994.9372 1938.97066 216.2294842)
(-3719.999817 1938.97066 216.2294842)
(-3445.062434 1938.97066 216.2294842)
(-3170.125052 1938.97066 216.2294842)
(-2895.187669 1938.97066 216.2294842)
(-2620.250286 1938.97066 216.2294842)
(-2345.312903 1938.97066 216.2294842)
(-2070.375521 1938.97066 216.2294842)
(-1795.438138 1938.97066 216.2294842)
(-1520.500755 1938.97066 216.2294842)
(-1245.563372 1938.97066 216.2294842)
(-970.6259897 1938.97066 216.2294842)
(-695.6886069 1938.97066 216.2294842)
(-420.7512241 1938.97066 216.2294842)
(-145.8138414 1938.97066 216.2294842)
(129.1235414 1938.97066 216.2294842)
(404.0609241 1938.97066 216.2294842)
(678.9983069 1938.97066 216.2294842)
(953.9356897 1938.97066 216.2294842)
(1228.873072 1938.97066 216.2294842)
(1503.810455 1938.97066 216.2294842)
(1778.747838 1938.97066 216.2294842)
(2053.685221 1938.97066 216.2294842)
(2328.622603 1938.97066 216.2294842)
(2603.559986 1938.97066 216.2294842)
(2878.497369 1938.97066 216.2294842)
(3153.434752 1938.97066 216.2294842)
(3428.372134 1938.97066 216.2294842)
(3703.309517 1938.97066 216.2294842)
(3978.2469 1938.97066 216.2294842)
(-3994.9372 2166.77592 216.2294842)
(-3719.999817 2166.77592 216.2294842)
(-3445.062434 2166.77592 216.2294842)
(-3170.125052 2166.77592 216.2294842)
(-2895.187669 2166.77592 216.2294842)
(-2620.250286 2166.77592 216.2294842)
(-2345.312903 2166.77592 216.2294842)
(-2070.375521 2166.77592 216.2294842)
(-1795.438138 2166.77592 216.2294842)
(-1520.500755 2166.77592 216.2294842)
(-1245.563372 2166.77592 216.2294842)
(-970.6259897 2166.77592 216.2294842)
(-695.6886069 2166.77592 216.2294842)
(-420.7512241 2166.77592 216.2294842)
(-145.8138414 2166.77592 216.2294842)
(129.1235414 2166.77592 216.2294842)
(404.0609241 2166.77592 216.2294842)
(678.9983069 2166.77592 216.2294842)
(953.9356897 2166.77592 216.2294842)
(1228.873072 2166.77592 216.2294842)
(1503.810455 2166.77592 216.2294842)
(1778.747838 2166.77592 216.2294842)
(2053.685221 2166.77592 216.2294842)
(2328.622603 2166.77592 216.2294842)
(2603.559986 2166.77592 216.2294842)
(2878.497369 2166.77592 216.2294842)
(3153.434752 2166.77592 216.2294842)
(3428.372134 2166.77592 216.2294842)
(3703.309517 2166.77592 216.2294842)
(3978.2469 2166.77592 216.2294842)
(-3994.9372 2394.58118 216.2294842)
(-3719.999817 2394.58118 216.2294842)
(-3445.062434 2394.58118 216.2294842)
(-3170.125052 2394.58118 216.2294842)
(-2895.187669 2394.58118 216.2294842)
(-2620.250286 2394.58118 216.2294842)
(-2345.312903 2394.58118 216.2294842)
(-2070.375521 2394.58118 216.2294842)
(-1795.438138 2394.58118 216.2294842)
(-1520.500755 2394.58118 216.2294842)
(-1245.563372 2394.58118 216.2294842)
(-970.6259897 2394.58118 216.2294842)
(-695.6886069 2394.58118 216.2294842)
(-420.7512241 2394.58118 216.2294842)
(-145.8138414 2394.58118 216.2294842)
(129.1235414 2394.58118 216.2294842)
(404.0609241 2394.58118 216.2294842)
(678.9983069 2394.58118 216.2294842)
(953.9356897 2394.58118 216.2294842)
(1228.873072 2394.58118 216.2294842)
(1503.810455 2394.58118 216.2294842)
(1778.747838 2394.58118 216.2294842)
(2053.685221 2394.58118 216.2294842)
(2328.622603 2394.58118 216.2294842)
(2603.559986 2394.58118 216.2294842)
(2878.497369 2394.58118 216.2294842)
(3153.434752 2394.58118 216.2294842)
(3428.372134 2394.58118 216.2294842)
(3703.309517 2394.58118 216.2294842)
(3978.2469 2394.58118 216.2294842)
(-3994.9372 2622.38644 216.2294842)
(-3719.999817 2622.38644 216.2294842)
(-3445.062434 2622.38644 216.2294842)
(-3170.125052 2622.38644 216.2294842)
(-2895.187669 2622.38644 216.2294842)
(-2620.250286 2622.38644 216.2294842)
(-2345.312903 2622.38644 216.2294842)
(-2070.375521 2622.38644 216.2294842)
(-1795.438138 2622.38644 216.2294842)
(-1520.500755 2622.38644 216.2294842)
(-1245.563372 2622.38644 216.2294842)
(-970.6259897 2622.38644 216.2294842)
(-695.6886069 2622.38644 216.2294842)
(-420.7512241 2622.38644 216.2294842)
(-145.8138414 2622.38644 216.2294842)
(129.1235414 2622.38644 216.2294842)
(404.0609241 2622.38644 216.2294842)
(678.9983069 2622.38644 216.2294842)
(953.9356897 2622.38644 216.2294842)
(1228.873072 2622.38644 216.2294842)
(1503.810455 2622.38644 216.2294842)
(1778.747838 2622.38644 216.2294842)
(2053.685221 2622.38644 216.2294842)
(2328.622603 2622.38644 216.2294842)
(2603.559986 2622.38644 216.2294842)
(2878.497369 2622.38644 216.2294842)
(3153.434752 2622.38644 216.2294842)
(3428.372134 2622.38644 216.2294842)
(3703.309517 2622.38644 216.2294842)
(3978.2469 2622.38644 216.2294842)
(-3994.9372 2850.1917 216.2294842)
(-3719.999817 2850.1917 216.2294842)
(-3445.062434 2850.1917 216.2294842)
(-3170.125052 2850.1917 216.2294842)
(-2895.187669 2850.1917 216.2294842)
(-2620.250286 2850.1917 216.2294842)
(-2345.312903 2850.1917 216.2294842)
(-2070.375521 2850.1917 216.2294842)
(-1795.438138 2850.1917 216.2294842)
(-1520.500755 2850.1917 216.2294842)
(-1245.563372 2850.1917 216.2294842)
(-970.6259897 2850.1917 216.2294842)
(-695.6886069 2850.1917 216.2294842)
(-420.7512241 2850.1917 216.2294842)
(-145.8138414 2850.1917 216.2294842)
(129.1235414 2850.1917 216.2294842)
(404.0609241 2850.1917 216.2294842)
(678.9983069 2850.1917 216.2294842)
(953.9356897 2850.1917 216.2294842)
(1228.873072 2850.1917 216.2294842)
(1503.810455 2850.1917 216.2294842)
(1778.747838 2850.1917 216.2294842)
(2053.685221 2850.1917 216.2294842)
(2328.622603 2850.1917 216.2294842)
(2603.559986 2850.1917 216.2294842)
(2878.497369 2850.1917 216.2294842)
(3153.434752 2850.1917 216.2294842)
(3428.372134 2850.1917 216.2294842)
(3703.309517 2850.1917 216.2294842)
(3978.2469 2850.1917 216.2294842)
(-3994.9372 3077.99696 216.2294842)
(-3719.999817 3077.99696 216.2294842)
(-3445.062434 3077.99696 216.2294842)
(-3170.125052 3077.99696 216.2294842)
(-2895.187669 3077.99696 216.2294842)
(-2620.250286 3077.99696 216.2294842)
(-2345.312903 3077.99696 216.2294842)
(-2070.375521 3077.99696 216.2294842)
(-1795.438138 3077.99696 216.2294842)
(-1520.500755 3077.99696 216.2294842)
(-1245.563372 3077.99696 216.2294842)
(-970.6259897 3077.99696 216.2294842)
(-695.6886069 3077.99696 216.2294842)
(-420.7512241 3077.99696 216.2294842)
(-145.8138414 3077.99696 216.2294842)
(129.1235414 3077.99696 216.2294842)
(404.0609241 3077.99696 216.2294842)
(678.9983069 3077.99696 216.2294842)
(953.9356897 3077.99696 216.2294842)
(1228.873072 3077.99696 216.2294842)
(1503.810455 3077.99696 216.2294842)
(1778.747838 3077.99696 216.2294842)
(2053.685221 3077.99696 216.2294842)
(2328.622603 3077.99696 216.2294842)
(2603.559986 3077.99696 216.2294842)
(2878.497369 3077.99696 216.2294842)
(3153.434752 3077.99696 216.2294842)
(3428.372134 3077.99696 216.2294842)
(3703.309517 3077.99696 216.2294842)
(3978.2469 3077.99696 216.2294842)
(-3994.9372 3305.80222 216.2294842)
(-3719.999817 3305.80222 216.2294842)
(-3445.062434 3305.80222 216.2294842)
(-3170.125052 3305.80222 216.2294842)
(-2895.187669 3305.80222 216.2294842)
(-2620.250286 3305.80222 216.2294842)
(-2345.312903 3305.80222 216.2294842)
(-2070.375521 3305.80222 216.2294842)
(-1795.438138 3305.80222 216.2294842)
(-1520.500755 3305.80222 216.2294842)
(-1245.563372 3305.80222 216.2294842)
(-970.6259897 3305.80222 216.2294842)
(-695.6886069 3305.80222 216.2294842)
(-420.7512241 3305.80222 216.2294842)
(-145.8138414 3305.80222 216.2294842)
(129.1235414 3305.80222 216.2294842)
(404.0609241 3305.80222 216.2294842)
(678.9983069 3305.80222 216.2294842)
(953.9356897 3305.80222 216.2294842)
(1228.873072 3305.80222 216.2294842)
(1503.810455 3305.80222 216.2294842)
(1778.747838 3305.80222 216.2294842)
(2053.685221 3305.80222 216.2294842)
(2328.622603 3305.80222 216.2294842)
(2603.559986 3305.80222 216.2294842)
(2878.497369 3305.80222 216.2294842)
(3153.434752 3305.80222 216.2294842)
(3428.372134 3305.80222 216.2294842)
(3703.309517 3305.80222 216.2294842)
(3978.2469 3305.80222 216.2294842)
(-3994.9372 3533.60748 216.2294842)
(-3719.999817 3533.60748 216.2294842)
(-3445.062434 3533.60748 216.2294842)
(-3170.125052 3533.60748 216.2294842)
(-2895.187669 3533.60748 216.2294842)
(-2620.250286 3533.60748 216.2294842)
(-2345.312903 3533.60748 216.2294842)
(-2070.375521 3533.60748 216.2294842)
(-1795.438138 3533.60748 216.2294842)
(-1520.500755 3533.60748 216.2294842)
(-1245.563372 3533.60748 216.2294842)
(-970.6259897 3533.60748 216.2294842)
(-695.6886069 3533.60748 216.2294842)
(-420.7512241 3533.60748 216.2294842)
(-145.8138414 3533.60748 216.2294842)
(129.1235414 3533.60748 216.2294842)
(404.0609241 3533.60748 216.2294842)
(678.9983069 3533.60748 216.2294842)
(953.9356897 3533.60748 216.2294842)
(1228.873072 3533.60748 216.2294842)
(1503.810455 3533.60748 216.2294842)
(1778.747838 3533.60748 216.2294842)
(2053.685221 3533.60748 216.2294842)
(2328.622603 3533.60748 216.2294842)
(2603.559986 3533.60748 216.2294842)
(2878.497369 3533.60748 216.2294842)
(3153.434752 3533.60748 216.2294842)
(3428.372134 3533.60748 216.2294842)
(3703.309517 3533.60748 216.2294842)
(3978.2469 3533.60748 216.2294842)
(-3994.9372 3761.41274 216.2294842)
(-3719.999817 3761.41274 216.2294842)
(-3445.062434 3761.41274 216.2294842)
(-3170.125052 3761.41274 216.2294842)
(-2895.187669 3761.41274 216.2294842)
(-2620.250286 3761.41274 216.2294842)
(-2345.312903 3761.41274 216.2294842)
(-2070.375521 3761.41274 216.2294842)
(-1795.438138 3761.41274 216.2294842)
(-1520.500755 3761.41274 216.2294842)
(-1245.563372 3761.41274 216.2294842)
(-970.6259897 3761.41274 216.2294842)
(-695.6886069 3761.41274 216.2294842)
(-420.7512241 3761.41274 216.2294842)
(-145.8138414 3761.41274 216.2294842)
(129.1235414 3761.41274 216.2294842)
(404.0609241 3761.41274 216.2294842)
(678.9983069 3761.41274 216.2294842)
(953.9356897 3761.41274 216.2294842)
(1228.873072 3761.41274 216.2294842)
(1503.810455 3761.41274 216.2294842)
(1778.747838 3761.41274 216.2294842)
(2053.685221 3761.41274 216.2294842)
(2328.622603 3761.41274 216.2294842)
(2603.559986 3761.41274 216.2294842)
(2878.497369 3761.41274 216.2294842)
(3153.434752 3761.41274 216.2294842)
(3428.372134 3761.41274 216.2294842)
(3703.309517 3761.41274 216.2294842)
(3978.2469 3761.41274 216.2294842)
(-3994.9372 3989.218 216.2294842)
(-3719.999817 3989.218 216.2294842)
(-3445.062434 3989.218 216.2294842)
(-3170.125052 3989.218 216.2294842)
(-2895.187669 3989.218 216.2294842)
(-2620.250286 3989.218 216.2294842)
(-2345.312903 3989.218 216.2294842)
(-2070.375521 3989.218 216.2294842)
(-1795.438138 3989.218 216.2294842)
(-1520.500755 3989.218 216.2294842)
(-1245.563372 3989.218 216.2294842)
(-970.6259897 3989.218 216.2294842)
(-695.6886069 3989.218 216.2294842)
(-420.7512241 3989.218 216.2294842)
(-145.8138414 3989.218 216.2294842)
(129.1235414 3989.218 216.2294842)
(404.0609241 3989.218 216.2294842)
(678.9983069 3989.218 216.2294842)
(953.9356897 3989.218 216.2294842)
(1228.873072 3989.218 216.2294842)
(1503.810455 3989.218 216.2294842)
(1778.747838 3989.218 216.2294842)
(2053.685221 3989.218 216.2294842)
(2328.622603 3989.218 216.2294842)
(2603.559986 3989.218 216.2294842)
(2878.497369 3989.218 216.2294842)
(3153.434752 3989.218 216.2294842)
(3428.372134 3989.218 216.2294842)
(3703.309517 3989.218 216.2294842)
(3978.2469 3989.218 216.2294842)
(-3994.9372 -3983.9661 635.8707526)
(-3719.999817 -3983.9661 635.8707526)
(-3445.062434 -3983.9661 635.8707526)
(-3170.125052 -3983.9661 635.8707526)
(-2895.187669 -3983.9661 635.8707526)
(-2620.250286 -3983.9661 635.8707526)
(-2345.312903 -3983.9661 635.8707526)
(-2070.375521 -3983.9661 635.8707526)
(-1795.438138 -3983.9661 635.8707526)
(-1520.500755 -3983.9661 635.8707526)
(-1245.563372 -3983.9661 635.8707526)
(-970.6259897 -3983.9661 635.8707526)
(-695.6886069 -3983.9661 635.8707526)
(-420.7512241 -3983.9661 635.8707526)
(-145.8138414 -3983.9661 635.8707526)
(129.1235414 -3983.9661 635.8707526)
(404.0609241 -3983.9661 635.8707526)
(678.9983069 -3983.9661 635.8707526)
(953.9356897 -3983.9661 635.8707526)
(1228.873072 -3983.9661 635.8707526)
(1503.810455 -3983.9661 635.8707526)
(1778.747838 -3983.9661 635.8707526)
(2053.685221 -3983.9661 635.8707526)
(2328.622603 -3983.9661 635.8707526)
(2603.559986 -3983.9661 635.8707526)
(2878.497369 -3983.9661 635.8707526)
(3153.434752 -3983.9661 635.8707526)
(3428.372134 -3983.9661 635.8707526)
(3703.309517 -3983.9661 635.8707526)
(3978.2469 -3983.9661 635.8707526)
(-3994.9372 -3756.16084 635.8707526)
(-3719.999817 -3756.16084 635.8707526)
(-3445.062434 -3756.16084 635.8707526)
(-3170.125052 -3756.16084 635.8707526)
(-2895.187669 -3756.16084 635.8707526)
(-2620.250286 -3756.16084 635.8707526)
(-2345.312903 -3756.16084 635.8707526)
(-2070.375521 -3756.16084 635.8707526)
(-1795.438138 -3756.16084 635.8707526)
(-1520.500755 -3756.16084 635.8707526)
(-1245.563372 -3756.16084 635.8707526)
(-970.6259897 -3756.16084 635.8707526)
(-695.6886069 -3756.16084 635.8707526)
(-420.7512241 -3756.16084 635.8707526)
(-145.8138414 -3756.16084 635.8707526)
(129.1235414 -3756.16084 635.8707526)
(404.0609241 -3756.16084 635.8707526)
(678.9983069 -3756.16084 635.8707526)
(953.9356897 -3756.16084 635.8707526)
(1228.873072 -3756.16084 635.8707526)
(1503.810455 -3756.16084 635.8707526)
(1778.747838 -3756.16084 635.8707526)
(2053.685221 -3756.16084 635.8707526)
(2328.622603 -3756.16084 635.8707526)
(2603.559986 -3756.16084 635.8707526)
(2878.497369 -3756.16084 635.8707526)
(3153.434752 -3756.16084 635.8707526)
(3428.372134 -3756.16084 635.8707526)
(3703.309517 -3756.16084 635.8707526)
(3978.2469 -3756.16084 635.8707526)
(-3994.9372 -3528.35558 635.8707526)
(-3719.999817 -3528.35558 635.8707526)
(-3445.062434 -3528.35558 635.8707526)
(-3170.125052 -3528.35558 635.8707526)
(-2895.187669 -3528.35558 635.8707526)
(-2620.250286 -3528.35558 635.8707526)
(-2345.312903 -3528.35558 635.8707526)
(-2070.375521 -3528.35558 635.8707526)
(-1795.438138 -3528.35558 635.8707526)
(-1520.500755 -3528.35558 635.8707526)
(-1245.563372 -3528.35558 635.8707526)
(-970.6259897 -3528.35558 635.8707526)
(-695.6886069 -3528.35558 635.8707526)
(-420.7512241 -3528.35558 635.8707526)
(-145.8138414 -3528.35558 635.8707526)
(129.1235414 -3528.35558 635.8707526)
(404.0609241 -3528.35558 635.8707526)
(678.9983069 -3528.35558 635.8707526)
(953.9356897 -3528.35558 635.8707526)
(1228.873072 -3528.35558 635.8707526)
(1503.810455 -3528.35558 635.8707526)
(1778.747838 -3528.35558 635.8707526)
(2053.685221 -3528.35558 635.8707526)
(2328.622603 -3528.35558 635.8707526)
(2603.559986 -3528.35558 635.8707526)
(2878.497369 -3528.35558 635.8707526)
(3153.434752 -3528.35558 635.8707526)
(3428.372134 -3528.35558 635.8707526)
(3703.309517 -3528.35558 635.8707526)
(3978.2469 -3528.35558 635.8707526)
(-3994.9372 -3300.55032 635.8707526)
(-3719.999817 -3300.55032 635.8707526)
(-3445.062434 -3300.55032 635.8707526)
(-3170.125052 -3300.55032 635.8707526)
(-2895.187669 -3300.55032 635.8707526)
(-2620.250286 -3300.55032 635.8707526)
(-2345.312903 -3300.55032 635.8707526)
(-2070.375521 -3300.55032 635.8707526)
(-1795.438138 -3300.55032 635.8707526)
(-1520.500755 -3300.55032 635.8707526)
(-1245.563372 -3300.55032 635.8707526)
(-970.6259897 -3300.55032 635.8707526)
(-695.6886069 -3300.55032 635.8707526)
(-420.7512241 -3300.55032 635.8707526)
(-145.8138414 -3300.55032 635.8707526)
(129.1235414 -3300.55032 635.8707526)
(404.0609241 -3300.55032 635.8707526)
(678.9983069 -3300.55032 635.8707526)
(953.9356897 -3300.55032 635.8707526)
(1228.873072 -3300.55032 635.8707526)
(1503.810455 -3300.55032 635.8707526)
(1778.747838 -3300.55032 635.8707526)
(2053.685221 -3300.55032 635.8707526)
(2328.622603 -3300.55032 635.8707526)
(2603.559986 -3300.55032 635.8707526)
(2878.497369 -3300.55032 635.8707526)
(3153.434752 -3300.55032 635.8707526)
(3428.372134 -3300.55032 635.8707526)
(3703.309517 -3300.55032 635.8707526)
(3978.2469 -3300.55032 635.8707526)
(-3994.9372 -3072.74506 635.8707526)
(-3719.999817 -3072.74506 635.8707526)
(-3445.062434 -3072.74506 635.8707526)
(-3170.125052 -3072.74506 635.8707526)
(-2895.187669 -3072.74506 635.8707526)
(-2620.250286 -3072.74506 635.8707526)
(-2345.312903 -3072.74506 635.8707526)
(-2070.375521 -3072.74506 635.8707526)
(-1795.438138 -3072.74506 635.8707526)
(-1520.500755 -3072.74506 635.8707526)
(-1245.563372 -3072.74506 635.8707526)
(-970.6259897 -3072.74506 635.8707526)
(-695.6886069 -3072.74506 635.8707526)
(-420.7512241 -3072.74506 635.8707526)
(-145.8138414 -3072.74506 635.8707526)
(129.1235414 -3072.74506 635.8707526)
(404.0609241 -3072.74506 635.8707526)
(678.9983069 -3072.74506 635.8707526)
(953.9356897 -3072.74506 635.8707526)
(1228.873072 -3072.74506 635.8707526)
(1503.810455 -3072.74506 635.8707526)
(1778.747838 -3072.74506 635.8707526)
(2053.685221 -3072.74506 635.8707526)
(2328.622603 -3072.74506 635.8707526)
(2603.559986 -3072.74506 635.8707526)
(2878.497369 -3072.74506 635.8707526)
(3153.434752 -3072.74506 635.8707526)
(3428.372134 -3072.74506 635.8707526)
(3703.309517 -3072.74506 635.8707526)
(3978.2469 -3072.74506 635.8707526)
(-3994.9372 -2844.9398 635.8707526)
(-3719.999817 -2844.9398 635.8707526)
(-3445.062434 -2844.9398 635.8707526)
(-3170.125052 -2844.9398 635.8707526)
(-2895.187669 -2844.9398 635.8707526)
(-2620.250286 -2844.9398 635.8707526)
(-2345.312903 -2844.9398 635.8707526)
(-2070.375521 -2844.9398 635.8707526)
(-1795.438138 -2844.9398 635.8707526)
(-1520.500755 -2844.9398 635.8707526)
(-1245.563372 -2844.9398 635.8707526)
(-970.6259897 -2844.9398 635.8707526)
(-695.6886069 -2844.9398 635.8707526)
(-420.7512241 -2844.9398 635.8707526)
(-145.8138414 -2844.9398 635.8707526)
(129.1235414 -2844.9398 635.8707526)
(404.0609241 -2844.9398 635.8707526)
(678.9983069 -2844.9398 635.8707526)
(953.9356897 -2844.9398 635.8707526)
(1228.873072 -2844.9398 635.8707526)
(1503.810455 -2844.9398 635.8707526)
(1778.747838 -2844.9398 635.8707526)
(2053.685221 -2844.9398 635.8707526)
(2328.622603 -2844.9398 635.8707526)
(2603.559986 -2844.9398 635.8707526)
(2878.497369 -2844.9398 635.8707526)
(3153.434752 -2844.9398 635.8707526)
(3428.372134 -2844.9398 635.8707526)
(3703.309517 -2844.9398 635.8707526)
(3978.2469 -2844.9398 635.8707526)
(-3994.9372 -2617.13454 635.8707526)
(-3719.999817 -2617.13454 635.8707526)
(-3445.062434 -2617.13454 635.8707526)
(-3170.125052 -2617.13454 635.8707526)
(-2895.187669 -2617.13454 635.8707526)
(-2620.250286 -2617.13454 635.8707526)
(-2345.312903 -2617.13454 635.8707526)
(-2070.375521 -2617.13454 635.8707526)
(-1795.438138 -2617.13454 635.8707526)
(-1520.500755 -2617.13454 635.8707526)
(-1245.563372 -2617.13454 635.8707526)
(-970.6259897 -2617.13454 635.8707526)
(-695.6886069 -2617.13454 635.8707526)
(-420.7512241 -2617.13454 635.8707526)
(-145.8138414 -2617.13454 635.8707526)
(129.1235414 -2617.13454 635.8707526)
(404.0609241 -2617.13454 635.8707526)
(678.9983069 -2617.13454 635.8707526)
(953.9356897 -2617.13454 635.8707526)
(1228.873072 -2617.13454 635.8707526)
(1503.810455 -2617.13454 635.8707526)
(1778.747838 -2617.13454 635.8707526)
(2053.685221 -2617.13454 635.8707526)
(2328.622603 -2617.13454 635.8707526)
(2603.559986 -2617.13454 635.8707526)
(2878.497369 -2617.13454 635.8707526)
(3153.434752 -2617.13454 635.8707526)
(3428.372134 -2617.13454 635.8707526)
(3703.309517 -2617.13454 635.8707526)
(3978.2469 -2617.13454 635.8707526)
(-3994.9372 -2389.32928 635.8707526)
(-3719.999817 -2389.32928 635.8707526)
(-3445.062434 -2389.32928 635.8707526)
(-3170.125052 -2389.32928 635.8707526)
(-2895.187669 -2389.32928 635.8707526)
(-2620.250286 -2389.32928 635.8707526)
(-2345.312903 -2389.32928 635.8707526)
(-2070.375521 -2389.32928 635.8707526)
(-1795.438138 -2389.32928 635.8707526)
(-1520.500755 -2389.32928 635.8707526)
(-1245.563372 -2389.32928 635.8707526)
(-970.6259897 -2389.32928 635.8707526)
(-695.6886069 -2389.32928 635.8707526)
(-420.7512241 -2389.32928 635.8707526)
(-145.8138414 -2389.32928 635.8707526)
(129.1235414 -2389.32928 635.8707526)
(404.0609241 -2389.32928 635.8707526)
(678.9983069 -2389.32928 635.8707526)
(953.9356897 -2389.32928 635.8707526)
(1228.873072 -2389.32928 635.8707526)
(1503.810455 -2389.32928 635.8707526)
(1778.747838 -2389.32928 635.8707526)
(2053.685221 -2389.32928 635.8707526)
(2328.622603 -2389.32928 635.8707526)
(2603.559986 -2389.32928 635.8707526)
(2878.497369 -2389.32928 635.8707526)
(3153.434752 -2389.32928 635.8707526)
(3428.372134 -2389.32928 635.8707526)
(3703.309517 -2389.32928 635.8707526)
(3978.2469 -2389.32928 635.8707526)
(-3994.9372 -2161.52402 635.8707526)
(-3719.999817 -2161.52402 635.8707526)
(-3445.062434 -2161.52402 635.8707526)
(-3170.125052 -2161.52402 635.8707526)
(-2895.187669 -2161.52402 635.8707526)
(-2620.250286 -2161.52402 635.8707526)
(-2345.312903 -2161.52402 635.8707526)
(-2070.375521 -2161.52402 635.8707526)
(-1795.438138 -2161.52402 635.8707526)
(-1520.500755 -2161.52402 635.8707526)
(-1245.563372 -2161.52402 635.8707526)
(-970.6259897 -2161.52402 635.8707526)
(-695.6886069 -2161.52402 635.8707526)
(-420.7512241 -2161.52402 635.8707526)
(-145.8138414 -2161.52402 635.8707526)
(129.1235414 -2161.52402 635.8707526)
(404.0609241 -2161.52402 635.8707526)
(678.9983069 -2161.52402 635.8707526)
(953.9356897 -2161.52402 635.8707526)
(1228.873072 -2161.52402 635.8707526)
(1503.810455 -2161.52402 635.8707526)
(1778.747838 -2161.52402 635.8707526)
(2053.685221 -2161.52402 635.8707526)
(2328.622603 -2161.52402 635.8707526)
(2603.559986 -2161.52402 635.8707526)
(2878.497369 -2161.52402 635.8707526)
(3153.434752 -2161.52402 635.8707526)
(3428.372134 -2161.52402 635.8707526)
(3703.309517 -2161.52402 635.8707526)
(3978.2469 -2161.52402 635.8707526)
(-3994.9372 -1933.71876 635.8707526)
(-3719.999817 -1933.71876 635.8707526)
(-3445.062434 -1933.71876 635.8707526)
(-3170.125052 -1933.71876 635.8707526)
(-2895.187669 -1933.71876 635.8707526)
(-2620.250286 -1933.71876 635.8707526)
(-2345.312903 -1933.71876 635.8707526)
(-2070.375521 -1933.71876 635.8707526)
(-1795.438138 -1933.71876 635.8707526)
(-1520.500755 -1933.71876 635.8707526)
(-1245.563372 -1933.71876 635.8707526)
(-970.6259897 -1933.71876 635.8707526)
(-695.6886069 -1933.71876 635.8707526)
(-420.7512241 -1933.71876 635.8707526)
(-145.8138414 -1933.71876 635.8707526)
(129.1235414 -1933.71876 635.8707526)
(404.0609241 -1933.71876 635.8707526)
(678.9983069 -1933.71876 635.8707526)
(953.9356897 -1933.71876 635.8707526)
(1228.873072 -1933.71876 635.8707526)
(1503.810455 -1933.71876 635.8707526)
(1778.747838 -1933.71876 635.8707526)
(2053.685221 -1933.71876 635.8707526)
(2328.622603 -1933.71876 635.8707526)
(2603.559986 -1933.71876 635.8707526)
(2878.497369 -1933.71876 635.8707526)
(3153.434752 -1933.71876 635.8707526)
(3428.372134 -1933.71876 635.8707526)
(3703.309517 -1933.71876 635.8707526)
(3978.2469 -1933.71876 635.8707526)
(-3994.9372 -1705.9135 635.8707526)
(-3719.999817 -1705.9135 635.8707526)
(-3445.062434 -1705.9135 635.8707526)
(-3170.125052 -1705.9135 635.8707526)
(-2895.187669 -1705.9135 635.8707526)
(-2620.250286 -1705.9135 635.8707526)
(-2345.312903 -1705.9135 635.8707526)
(-2070.375521 -1705.9135 635.8707526)
(-1795.438138 -1705.9135 635.8707526)
(-1520.500755 -1705.9135 635.8707526)
(-1245.563372 -1705.9135 635.8707526)
(-970.6259897 -1705.9135 635.8707526)
(-695.6886069 -1705.9135 635.8707526)
(-420.7512241 -1705.9135 635.8707526)
(-145.8138414 -1705.9135 635.8707526)
(129.1235414 -1705.9135 635.8707526)
(404.0609241 -1705.9135 635.8707526)
(678.9983069 -1705.9135 635.8707526)
(953.9356897 -1705.9135 635.8707526)
(1228.873072 -1705.9135 635.8707526)
(1503.810455 -1705.9135 635.8707526)
(1778.747838 -1705.9135 635.8707526)
(2053.685221 -1705.9135 635.8707526)
(2328.622603 -1705.9135 635.8707526)
(2603.559986 -1705.9135 635.8707526)
(2878.497369 -1705.9135 635.8707526)
(3153.434752 -1705.9135 635.8707526)
(3428.372134 -1705.9135 635.8707526)
(3703.309517 -1705.9135 635.8707526)
(3978.2469 -1705.9135 635.8707526)
(-3994.9372 -1478.10824 635.8707526)
(-3719.999817 -1478.10824 635.8707526)
(-3445.062434 -1478.10824 635.8707526)
(-3170.125052 -1478.10824 635.8707526)
(-2895.187669 -1478.10824 635.8707526)
(-2620.250286 -1478.10824 635.8707526)
(-2345.312903 -1478.10824 635.8707526)
(-2070.375521 -1478.10824 635.8707526)
(-1795.438138 -1478.10824 635.8707526)
(-1520.500755 -1478.10824 635.8707526)
(-1245.563372 -1478.10824 635.8707526)
(-970.6259897 -1478.10824 635.8707526)
(-695.6886069 -1478.10824 635.8707526)
(-420.7512241 -1478.10824 635.8707526)
(-145.8138414 -1478.10824 635.8707526)
(129.1235414 -1478.10824 635.8707526)
(404.0609241 -1478.10824 635.8707526)
(678.9983069 -1478.10824 635.8707526)
(953.9356897 -1478.10824 635.8707526)
(1228.873072 -1478.10824 635.8707526)
(1503.810455 -1478.10824 635.8707526)
(1778.747838 -1478.10824 635.8707526)
(2053.685221 -1478.10824 635.8707526)
(2328.622603 -1478.10824 635.8707526)
(2603.559986 -1478.10824 635.8707526)
(2878.497369 -1478.10824 635.8707526)
(3153.434752 -1478.10824 635.8707526)
(3428.372134 -1478.10824 635.8707526)
(3703.309517 -1478.10824 635.8707526)
(3978.2469 -1478.10824 635.8707526)
(-3994.9372 -1250.30298 635.8707526)
(-3719.999817 -1250.30298 635.8707526)
(-3445.062434 -1250.30298 635.8707526)
(-3170.125052 -1250.30298 635.8707526)
(-2895.187669 -1250.30298 635.8707526)
(-2620.250286 -1250.30298 635.8707526)
(-2345.312903 -1250.30298 635.8707526)
(-2070.375521 -1250.30298 635.8707526)
(-1795.438138 -1250.30298 635.8707526)
(-1520.500755 -1250.30298 635.8707526)
(-1245.563372 -1250.30298 635.8707526)
(-970.6259897 -1250.30298 635.8707526)
(-695.6886069 -1250.30298 635.8707526)
(-420.7512241 -1250.30298 635.8707526)
(-145.8138414 -1250.30298 635.8707526)
(129.1235414 -1250.30298 635.8707526)
(404.0609241 -1250.30298 635.8707526)
(678.9983069 -1250.30298 635.8707526)
(953.9356897 -1250.30298 635.8707526)
(1228.873072 -1250.30298 635.8707526)
(1503.810455 -1250.30298 635.8707526)
(1778.747838 -1250.30298 635.8707526)
(2053.685221 -1250.30298 635.8707526)
(2328.622603 -1250.30298 635.8707526)
(2603.559986 -1250.30298 635.8707526)
(2878.497369 -1250.30298 635.8707526)
(3153.434752 -1250.30298 635.8707526)
(3428.372134 -1250.30298 635.8707526)
(3703.309517 -1250.30298 635.8707526)
(3978.2469 -1250.30298 635.8707526)
(-3994.9372 -1022.49772 635.8707526)
(-3719.999817 -1022.49772 635.8707526)
(-3445.062434 -1022.49772 635.8707526)
(-3170.125052 -1022.49772 635.8707526)
(-2895.187669 -1022.49772 635.8707526)
(-2620.250286 -1022.49772 635.8707526)
(-2345.312903 -1022.49772 635.8707526)
(-2070.375521 -1022.49772 635.8707526)
(-1795.438138 -1022.49772 635.8707526)
(-1520.500755 -1022.49772 635.8707526)
(-1245.563372 -1022.49772 635.8707526)
(-970.6259897 -1022.49772 635.8707526)
(-695.6886069 -1022.49772 635.8707526)
(-420.7512241 -1022.49772 635.8707526)
(-145.8138414 -1022.49772 635.8707526)
(129.1235414 -1022.49772 635.8707526)
(404.0609241 -1022.49772 635.8707526)
(678.9983069 -1022.49772 635.8707526)
(953.9356897 -1022.49772 635.8707526)
(1228.873072 -1022.49772 635.8707526)
(1503.810455 -1022.49772 635.8707526)
(1778.747838 -1022.49772 635.8707526)
(2053.685221 -1022.49772 635.8707526)
(2328.622603 -1022.49772 635.8707526)
(2603.559986 -1022.49772 635.8707526)
(2878.497369 -1022.49772 635.8707526)
(3153.434752 -1022.49772 635.8707526)
(3428.372134 -1022.49772 635.8707526)
(3703.309517 -1022.49772 635.8707526)
(3978.2469 -1022.49772 635.8707526)
(-3994.9372 -794.69246 635.8707526)
(-3719.999817 -794.69246 635.8707526)
(-3445.062434 -794.69246 635.8707526)
(-3170.125052 -794.69246 635.8707526)
(-2895.187669 -794.69246 635.8707526)
(-2620.250286 -794.69246 635.8707526)
(-2345.312903 -794.69246 635.8707526)
(-2070.375521 -794.69246 635.8707526)
(-1795.438138 -794.69246 635.8707526)
(-1520.500755 -794.69246 635.8707526)
(-1245.563372 -794.69246 635.8707526)
(-970.6259897 -794.69246 635.8707526)
(-695.6886069 -794.69246 635.8707526)
(-420.7512241 -794.69246 635.8707526)
(-145.8138414 -794.69246 635.8707526)
(129.1235414 -794.69246 635.8707526)
(404.0609241 -794.69246 635.8707526)
(678.9983069 -794.69246 635.8707526)
(953.9356897 -794.69246 635.8707526)
(1228.873072 -794.69246 635.8707526)
(1503.810455 -794.69246 635.8707526)
(1778.747838 -794.69246 635.8707526)
(2053.685221 -794.69246 635.8707526)
(2328.622603 -794.69246 635.8707526)
(2603.559986 -794.69246 635.8707526)
(2878.497369 -794.69246 635.8707526)
(3153.434752 -794.69246 635.8707526)
(3428.372134 -794.69246 635.8707526)
(3703.309517 -794.69246 635.8707526)
(3978.2469 -794.69246 635.8707526)
(-3994.9372 -566.8872 635.8707526)
(-3719.999817 -566.8872 635.8707526)
(-3445.062434 -566.8872 635.8707526)
(-3170.125052 -566.8872 635.8707526)
(-2895.187669 -566.8872 635.8707526)
(-2620.250286 -566.8872 635.8707526)
(-2345.312903 -566.8872 635.8707526)
(-2070.375521 -566.8872 635.8707526)
(-1795.438138 -566.8872 635.8707526)
(-1520.500755 -566.8872 635.8707526)
(-1245.563372 -566.8872 635.8707526)
(-970.6259897 -566.8872 635.8707526)
(-695.6886069 -566.8872 635.8707526)
(-420.7512241 -566.8872 635.8707526)
(-145.8138414 -566.8872 635.8707526)
(129.1235414 -566.8872 635.8707526)
(404.0609241 -566.8872 635.8707526)
(678.9983069 -566.8872 635.8707526)
(953.9356897 -566.8872 635.8707526)
(1228.873072 -566.8872 635.8707526)
(1503.810455 -566.8872 635.8707526)
(1778.747838 -566.8872 635.8707526)
(2053.685221 -566.8872 635.8707526)
(2328.622603 -566.8872 635.8707526)
(2603.559986 -566.8872 635.8707526)
(2878.497369 -566.8872 635.8707526)
(3153.434752 -566.8872 635.8707526)
(3428.372134 -566.8872 635.8707526)
(3703.309517 -566.8872 635.8707526)
(3978.2469 -566.8872 635.8707526)
(-3994.9372 -339.08194 635.8707526)
(-3719.999817 -339.08194 635.8707526)
(-3445.062434 -339.08194 635.8707526)
(-3170.125052 -339.08194 635.8707526)
(-2895.187669 -339.08194 635.8707526)
(-2620.250286 -339.08194 635.8707526)
(-2345.312903 -339.08194 635.8707526)
(-2070.375521 -339.08194 635.8707526)
(-1795.438138 -339.08194 635.8707526)
(-1520.500755 -339.08194 635.8707526)
(-1245.563372 -339.08194 635.8707526)
(-970.6259897 -339.08194 635.8707526)
(-695.6886069 -339.08194 635.8707526)
(-420.7512241 -339.08194 635.8707526)
(-145.8138414 -339.08194 635.8707526)
(129.1235414 -339.08194 635.8707526)
(404.0609241 -339.08194 635.8707526)
(678.9983069 -339.08194 635.8707526)
(953.9356897 -339.08194 635.8707526)
(1228.873072 -339.08194 635.8707526)
(1503.810455 -339.08194 635.8707526)
(1778.747838 -339.08194 635.8707526)
(2053.685221 -339.08194 635.8707526)
(2328.622603 -339.08194 635.8707526)
(2603.559986 -339.08194 635.8707526)
(2878.497369 -339.08194 635.8707526)
(3153.434752 -339.08194 635.8707526)
(3428.372134 -339.08194 635.8707526)
(3703.309517 -339.08194 635.8707526)
(3978.2469 -339.08194 635.8707526)
(-3994.9372 -111.27668 635.8707526)
(-3719.999817 -111.27668 635.8707526)
(-3445.062434 -111.27668 635.8707526)
(-3170.125052 -111.27668 635.8707526)
(-2895.187669 -111.27668 635.8707526)
(-2620.250286 -111.27668 635.8707526)
(-2345.312903 -111.27668 635.8707526)
(-2070.375521 -111.27668 635.8707526)
(-1795.438138 -111.27668 635.8707526)
(-1520.500755 -111.27668 635.8707526)
(-1245.563372 -111.27668 635.8707526)
(-970.6259897 -111.27668 635.8707526)
(-695.6886069 -111.27668 635.8707526)
(-420.7512241 -111.27668 635.8707526)
(-145.8138414 -111.27668 635.8707526)
(129.1235414 -111.27668 635.8707526)
(404.0609241 -111.27668 635.8707526)
(678.9983069 -111.27668 635.8707526)
(953.9356897 -111.27668 635.8707526)
(1228.873072 -111.27668 635.8707526)
(1503.810455 -111.27668 635.8707526)
(1778.747838 -111.27668 635.8707526)
(2053.685221 -111.27668 635.8707526)
(2328.622603 -111.27668 635.8707526)
(2603.559986 -111.27668 635.8707526)
(2878.497369 -111.27668 635.8707526)
(3153.434752 -111.27668 635.8707526)
(3428.372134 -111.27668 635.8707526)
(3703.309517 -111.27668 635.8707526)
(3978.2469 -111.27668 635.8707526)
(-3994.9372 116.52858 635.8707526)
(-3719.999817 116.52858 635.8707526)
(-3445.062434 116.52858 635.8707526)
(-3170.125052 116.52858 635.8707526)
(-2895.187669 116.52858 635.8707526)
(-2620.250286 116.52858 635.8707526)
(-2345.312903 116.52858 635.8707526)
(-2070.375521 116.52858 635.8707526)
(-1795.438138 116.52858 635.8707526)
(-1520.500755 116.52858 635.8707526)
(-1245.563372 116.52858 635.8707526)
(-970.6259897 116.52858 635.8707526)
(-695.6886069 116.52858 635.8707526)
(-420.7512241 116.52858 635.8707526)
(-145.8138414 116.52858 635.8707526)
(129.1235414 116.52858 635.8707526)
(404.0609241 116.52858 635.8707526)
(678.9983069 116.52858 635.8707526)
(953.9356897 116.52858 635.8707526)
(1228.873072 116.52858 635.8707526)
(1503.810455 116.52858 635.8707526)
(1778.747838 116.52858 635.8707526)
(2053.685221 116.52858 635.8707526)
(2328.622603 116.52858 635.8707526)
(2603.559986 116.52858 635.8707526)
(2878.497369 116.52858 635.8707526)
(3153.434752 116.52858 635.8707526)
(3428.372134 116.52858 635.8707526)
(3703.309517 116.52858 635.8707526)
(3978.2469 116.52858 635.8707526)
(-3994.9372 344.33384 635.8707526)
(-3719.999817 344.33384 635.8707526)
(-3445.062434 344.33384 635.8707526)
(-3170.125052 344.33384 635.8707526)
(-2895.187669 344.33384 635.8707526)
(-2620.250286 344.33384 635.8707526)
(-2345.312903 344.33384 635.8707526)
(-2070.375521 344.33384 635.8707526)
(-1795.438138 344.33384 635.8707526)
(-1520.500755 344.33384 635.8707526)
(-1245.563372 344.33384 635.8707526)
(-970.6259897 344.33384 635.8707526)
(-695.6886069 344.33384 635.8707526)
(-420.7512241 344.33384 635.8707526)
(-145.8138414 344.33384 635.8707526)
(129.1235414 344.33384 635.8707526)
(404.0609241 344.33384 635.8707526)
(678.9983069 344.33384 635.8707526)
(953.9356897 344.33384 635.8707526)
(1228.873072 344.33384 635.8707526)
(1503.810455 344.33384 635.8707526)
(1778.747838 344.33384 635.8707526)
(2053.685221 344.33384 635.8707526)
(2328.622603 344.33384 635.8707526)
(2603.559986 344.33384 635.8707526)
(2878.497369 344.33384 635.8707526)
(3153.434752 344.33384 635.8707526)
(3428.372134 344.33384 635.8707526)
(3703.309517 344.33384 635.8707526)
(3978.2469 344.33384 635.8707526)
(-3994.9372 572.1391 635.8707526)
(-3719.999817 572.1391 635.8707526)
(-3445.062434 572.1391 635.8707526)
(-3170.125052 572.1391 635.8707526)
(-2895.187669 572.1391 635.8707526)
(-2620.250286 572.1391 635.8707526)
(-2345.312903 572.1391 635.8707526)
(-2070.375521 572.1391 635.8707526)
(-1795.438138 572.1391 635.8707526)
(-1520.500755 572.1391 635.8707526)
(-1245.563372 572.1391 635.8707526)
(-970.6259897 572.1391 635.8707526)
(-695.6886069 572.1391 635.8707526)
(-420.7512241 572.1391 635.8707526)
(-145.8138414 572.1391 635.8707526)
(129.1235414 572.1391 635.8707526)
(404.0609241 572.1391 635.8707526)
(678.9983069 572.1391 635.8707526)
(953.9356897 572.1391 635.8707526)
(1228.873072 572.1391 635.8707526)
(1503.810455 572.1391 635.8707526)
(1778.747838 572.1391 635.8707526)
(2053.685221 572.1391 635.8707526)
(2328.622603 572.1391 635.8707526)
(2603.559986 572.1391 635.8707526)
(2878.497369 572.1391 635.8707526)
(3153.434752 572.1391 635.8707526)
(3428.372134 572.1391 635.8707526)
(3703.309517 572.1391 635.8707526)
(3978.2469 572.1391 635.8707526)
(-3994.9372 799.94436 635.8707526)
(-3719.999817 799.94436 635.8707526)
(-3445.062434 799.94436 635.8707526)
(-3170.125052 799.94436 635.8707526)
(-2895.187669 799.94436 635.8707526)
(-2620.250286 799.94436 635.8707526)
(-2345.312903 799.94436 635.8707526)
(-2070.375521 799.94436 635.8707526)
(-1795.438138 799.94436 635.8707526)
(-1520.500755 799.94436 635.8707526)
(-1245.563372 799.94436 635.8707526)
(-970.6259897 799.94436 635.8707526)
(-695.6886069 799.94436 635.8707526)
(-420.7512241 799.94436 635.8707526)
(-145.8138414 799.94436 635.8707526)
(129.1235414 799.94436 635.8707526)
(404.0609241 799.94436 635.8707526)
(678.9983069 799.94436 635.8707526)
(953.9356897 799.94436 635.8707526)
(1228.873072 799.94436 635.8707526)
(1503.810455 799.94436 635.8707526)
(1778.747838 799.94436 635.8707526)
(2053.685221 799.94436 635.8707526)
(2328.622603 799.94436 635.8707526)
(2603.559986 799.94436 635.8707526)
(2878.497369 799.94436 635.8707526)
(3153.434752 799.94436 635.8707526)
(3428.372134 799.94436 635.8707526)
(3703.309517 799.94436 635.8707526)
(3978.2469 799.94436 635.8707526)
(-3994.9372 1027.74962 635.8707526)
(-3719.999817 1027.74962 635.8707526)
(-3445.062434 1027.74962 635.8707526)
(-3170.125052 1027.74962 635.8707526)
(-2895.187669 1027.74962 635.8707526)
(-2620.250286 1027.74962 635.8707526)
(-2345.312903 1027.74962 635.8707526)
(-2070.375521 1027.74962 635.8707526)
(-1795.438138 1027.74962 635.8707526)
(-1520.500755 1027.74962 635.8707526)
(-1245.563372 1027.74962 635.8707526)
(-970.6259897 1027.74962 635.8707526)
(-695.6886069 1027.74962 635.8707526)
(-420.7512241 1027.74962 635.8707526)
(-145.8138414 1027.74962 635.8707526)
(129.1235414 1027.74962 635.8707526)
(404.0609241 1027.74962 635.8707526)
(678.9983069 1027.74962 635.8707526)
(953.9356897 1027.74962 635.8707526)
(1228.873072 1027.74962 635.8707526)
(1503.810455 1027.74962 635.8707526)
(1778.747838 1027.74962 635.8707526)
(2053.685221 1027.74962 635.8707526)
(2328.622603 1027.74962 635.8707526)
(2603.559986 1027.74962 635.8707526)
(2878.497369 1027.74962 635.8707526)
(3153.434752 1027.74962 635.8707526)
(3428.372134 1027.74962 635.8707526)
(3703.309517 1027.74962 635.8707526)
(3978.2469 1027.74962 635.8707526)
(-3994.9372 1255.55488 635.8707526)
(-3719.999817 1255.55488 635.8707526)
(-3445.062434 1255.55488 635.8707526)
(-3170.125052 1255.55488 635.8707526)
(-2895.187669 1255.55488 635.8707526)
(-2620.250286 1255.55488 635.8707526)
(-2345.312903 1255.55488 635.8707526)
(-2070.375521 1255.55488 635.8707526)
(-1795.438138 1255.55488 635.8707526)
(-1520.500755 1255.55488 635.8707526)
(-1245.563372 1255.55488 635.8707526)
(-970.6259897 1255.55488 635.8707526)
(-695.6886069 1255.55488 635.8707526)
(-420.7512241 1255.55488 635.8707526)
(-145.8138414 1255.55488 635.8707526)
(129.1235414 1255.55488 635.8707526)
(404.0609241 1255.55488 635.8707526)
(678.9983069 1255.55488 635.8707526)
(953.9356897 1255.55488 635.8707526)
(1228.873072 1255.55488 635.8707526)
(1503.810455 1255.55488 635.8707526)
(1778.747838 1255.55488 635.8707526)
(2053.685221 1255.55488 635.8707526)
(2328.622603 1255.55488 635.8707526)
(2603.559986 1255.55488 635.8707526)
(2878.497369 1255.55488 635.8707526)
(3153.434752 1255.55488 635.8707526)
(3428.372134 1255.55488 635.8707526)
(3703.309517 1255.55488 635.8707526)
(3978.2469 1255.55488 635.8707526)
(-3994.9372 1483.36014 635.8707526)
(-3719.999817 1483.36014 635.8707526)
(-3445.062434 1483.36014 635.8707526)
(-3170.125052 1483.36014 635.8707526)
(-2895.187669 1483.36014 635.8707526)
(-2620.250286 1483.36014 635.8707526)
(-2345.312903 1483.36014 635.8707526)
(-2070.375521 1483.36014 635.8707526)
(-1795.438138 1483.36014 635.8707526)
(-1520.500755 1483.36014 635.8707526)
(-1245.563372 1483.36014 635.8707526)
(-970.6259897 1483.36014 635.8707526)
(-695.6886069 1483.36014 635.8707526)
(-420.7512241 1483.36014 635.8707526)
(-145.8138414 1483.36014 635.8707526)
(129.1235414 1483.36014 635.8707526)
(404.0609241 1483.36014 635.8707526)
(678.9983069 1483.36014 635.8707526)
(953.9356897 1483.36014 635.8707526)
(1228.873072 1483.36014 635.8707526)
(1503.810455 1483.36014 635.8707526)
(1778.747838 1483.36014 635.8707526)
(2053.685221 1483.36014 635.8707526)
(2328.622603 1483.36014 635.8707526)
(2603.559986 1483.36014 635.8707526)
(2878.497369 1483.36014 635.8707526)
(3153.434752 1483.36014 635.8707526)
(3428.372134 1483.36014 635.8707526)
(3703.309517 1483.36014 635.8707526)
(3978.2469 1483.36014 635.8707526)
(-3994.9372 1711.1654 635.8707526)
(-3719.999817 1711.1654 635.8707526)
(-3445.062434 1711.1654 635.8707526)
(-3170.125052 1711.1654 635.8707526)
(-2895.187669 1711.1654 635.8707526)
(-2620.250286 1711.1654 635.8707526)
(-2345.312903 1711.1654 635.8707526)
(-2070.375521 1711.1654 635.8707526)
(-1795.438138 1711.1654 635.8707526)
(-1520.500755 1711.1654 635.8707526)
(-1245.563372 1711.1654 635.8707526)
(-970.6259897 1711.1654 635.8707526)
(-695.6886069 1711.1654 635.8707526)
(-420.7512241 1711.1654 635.8707526)
(-145.8138414 1711.1654 635.8707526)
(129.1235414 1711.1654 635.8707526)
(404.0609241 1711.1654 635.8707526)
(678.9983069 1711.1654 635.8707526)
(953.9356897 1711.1654 635.8707526)
(1228.873072 1711.1654 635.8707526)
(1503.810455 1711.1654 635.8707526)
(1778.747838 1711.1654 635.8707526)
(2053.685221 1711.1654 635.8707526)
(2328.622603 1711.1654 635.8707526)
(2603.559986 1711.1654 635.8707526)
(2878.497369 1711.1654 635.8707526)
(3153.434752 1711.1654 635.8707526)
(3428.372134 1711.1654 635.8707526)
(3703.309517 1711.1654 635.8707526)
(3978.2469 1711.1654 635.8707526)
(-3994.9372 1938.97066 635.8707526)
(-3719.999817 1938.97066 635.8707526)
(-3445.062434 1938.97066 635.8707526)
(-3170.125052 1938.97066 635.8707526)
(-2895.187669 1938.97066 635.8707526)
(-2620.250286 1938.97066 635.8707526)
(-2345.312903 1938.97066 635.8707526)
(-2070.375521 1938.97066 635.8707526)
(-1795.438138 1938.97066 635.8707526)
(-1520.500755 1938.97066 635.8707526)
(-1245.563372 1938.97066 635.8707526)
(-970.6259897 1938.97066 635.8707526)
(-695.6886069 1938.97066 635.8707526)
(-420.7512241 1938.97066 635.8707526)
(-145.8138414 1938.97066 635.8707526)
(129.1235414 1938.97066 635.8707526)
(404.0609241 1938.97066 635.8707526)
(678.9983069 1938.97066 635.8707526)
(953.9356897 1938.97066 635.8707526)
(1228.873072 1938.97066 635.8707526)
(1503.810455 1938.97066 635.8707526)
(1778.747838 1938.97066 635.8707526)
(2053.685221 1938.97066 635.8707526)
(2328.622603 1938.97066 635.8707526)
(2603.559986 1938.97066 635.8707526)
(2878.497369 1938.97066 635.8707526)
(3153.434752 1938.97066 635.8707526)
(3428.372134 1938.97066 635.8707526)
(3703.309517 1938.97066 635.8707526)
(3978.2469 1938.97066 635.8707526)
(-3994.9372 2166.77592 635.8707526)
(-3719.999817 2166.77592 635.8707526)
(-3445.062434 2166.77592 635.8707526)
(-3170.125052 2166.77592 635.8707526)
(-2895.187669 2166.77592 635.8707526)
(-2620.250286 2166.77592 635.8707526)
(-2345.312903 2166.77592 635.8707526)
(-2070.375521 2166.77592 635.8707526)
(-1795.438138 2166.77592 635.8707526)
(-1520.500755 2166.77592 635.8707526)
(-1245.563372 2166.77592 635.8707526)
(-970.6259897 2166.77592 635.8707526)
(-695.6886069 2166.77592 635.8707526)
(-420.7512241 2166.77592 635.8707526)
(-145.8138414 2166.77592 635.8707526)
(129.1235414 2166.77592 635.8707526)
(404.0609241 2166.77592 635.8707526)
(678.9983069 2166.77592 635.8707526)
(953.9356897 2166.77592 635.8707526)
(1228.873072 2166.77592 635.8707526)
(1503.810455 2166.77592 635.8707526)
(1778.747838 2166.77592 635.8707526)
(2053.685221 2166.77592 635.8707526)
(2328.622603 2166.77592 635.8707526)
(2603.559986 2166.77592 635.8707526)
(2878.497369 2166.77592 635.8707526)
(3153.434752 2166.77592 635.8707526)
(3428.372134 2166.77592 635.8707526)
(3703.309517 2166.77592 635.8707526)
(3978.2469 2166.77592 635.8707526)
(-3994.9372 2394.58118 635.8707526)
(-3719.999817 2394.58118 635.8707526)
(-3445.062434 2394.58118 635.8707526)
(-3170.125052 2394.58118 635.8707526)
(-2895.187669 2394.58118 635.8707526)
(-2620.250286 2394.58118 635.8707526)
(-2345.312903 2394.58118 635.8707526)
(-2070.375521 2394.58118 635.8707526)
(-1795.438138 2394.58118 635.8707526)
(-1520.500755 2394.58118 635.8707526)
(-1245.563372 2394.58118 635.8707526)
(-970.6259897 2394.58118 635.8707526)
(-695.6886069 2394.58118 635.8707526)
(-420.7512241 2394.58118 635.8707526)
(-145.8138414 2394.58118 635.8707526)
(129.1235414 2394.58118 635.8707526)
(404.0609241 2394.58118 635.8707526)
(678.9983069 2394.58118 635.8707526)
(953.9356897 2394.58118 635.8707526)
(1228.873072 2394.58118 635.8707526)
(1503.810455 2394.58118 635.8707526)
(1778.747838 2394.58118 635.8707526)
(2053.685221 2394.58118 635.8707526)
(2328.622603 2394.58118 635.8707526)
(2603.559986 2394.58118 635.8707526)
(2878.497369 2394.58118 635.8707526)
(3153.434752 2394.58118 635.8707526)
(3428.372134 2394.58118 635.8707526)
(3703.309517 2394.58118 635.8707526)
(3978.2469 2394.58118 635.8707526)
(-3994.9372 2622.38644 635.8707526)
(-3719.999817 2622.38644 635.8707526)
(-3445.062434 2622.38644 635.8707526)
(-3170.125052 2622.38644 635.8707526)
(-2895.187669 2622.38644 635.8707526)
(-2620.250286 2622.38644 635.8707526)
(-2345.312903 2622.38644 635.8707526)
(-2070.375521 2622.38644 635.8707526)
(-1795.438138 2622.38644 635.8707526)
(-1520.500755 2622.38644 635.8707526)
(-1245.563372 2622.38644 635.8707526)
(-970.6259897 2622.38644 635.8707526)
(-695.6886069 2622.38644 635.8707526)
(-420.7512241 2622.38644 635.8707526)
(-145.8138414 2622.38644 635.8707526)
(129.1235414 2622.38644 635.8707526)
(404.0609241 2622.38644 635.8707526)
(678.9983069 2622.38644 635.8707526)
(953.9356897 2622.38644 635.8707526)
(1228.873072 2622.38644 635.8707526)
(1503.810455 2622.38644 635.8707526)
(1778.747838 2622.38644 635.8707526)
(2053.685221 2622.38644 635.8707526)
(2328.622603 2622.38644 635.8707526)
(2603.559986 2622.38644 635.8707526)
(2878.497369 2622.38644 635.8707526)
(3153.434752 2622.38644 635.8707526)
(3428.372134 2622.38644 635.8707526)
(3703.309517 2622.38644 635.8707526)
(3978.2469 2622.38644 635.8707526)
(-3994.9372 2850.1917 635.8707526)
(-3719.999817 2850.1917 635.8707526)
(-3445.062434 2850.1917 635.8707526)
(-3170.125052 2850.1917 635.8707526)
(-2895.187669 2850.1917 635.8707526)
(-2620.250286 2850.1917 635.8707526)
(-2345.312903 2850.1917 635.8707526)
(-2070.375521 2850.1917 635.8707526)
(-1795.438138 2850.1917 635.8707526)
(-1520.500755 2850.1917 635.8707526)
(-1245.563372 2850.1917 635.8707526)
(-970.6259897 2850.1917 635.8707526)
(-695.6886069 2850.1917 635.8707526)
(-420.7512241 2850.1917 635.8707526)
(-145.8138414 2850.1917 635.8707526)
(129.1235414 2850.1917 635.8707526)
(404.0609241 2850.1917 635.8707526)
(678.9983069 2850.1917 635.8707526)
(953.9356897 2850.1917 635.8707526)
(1228.873072 2850.1917 635.8707526)
(1503.810455 2850.1917 635.8707526)
(1778.747838 2850.1917 635.8707526)
(2053.685221 2850.1917 635.8707526)
(2328.622603 2850.1917 635.8707526)
(2603.559986 2850.1917 635.8707526)
(2878.497369 2850.1917 635.8707526)
(3153.434752 2850.1917 635.8707526)
(3428.372134 2850.1917 635.8707526)
(3703.309517 2850.1917 635.8707526)
(3978.2469 2850.1917 635.8707526)
(-3994.9372 3077.99696 635.8707526)
(-3719.999817 3077.99696 635.8707526)
(-3445.062434 3077.99696 635.8707526)
(-3170.125052 3077.99696 635.8707526)
(-2895.187669 3077.99696 635.8707526)
(-2620.250286 3077.99696 635.8707526)
(-2345.312903 3077.99696 635.8707526)
(-2070.375521 3077.99696 635.8707526)
(-1795.438138 3077.99696 635.8707526)
(-1520.500755 3077.99696 635.8707526)
(-1245.563372 3077.99696 635.8707526)
(-970.6259897 3077.99696 635.8707526)
(-695.6886069 3077.99696 635.8707526)
(-420.7512241 3077.99696 635.8707526)
(-145.8138414 3077.99696 635.8707526)
(129.1235414 3077.99696 635.8707526)
(404.0609241 3077.99696 635.8707526)
(678.9983069 3077.99696 635.8707526)
(953.9356897 3077.99696 635.8707526)
(1228.873072 3077.99696 635.8707526)
(1503.810455 3077.99696 635.8707526)
(1778.747838 3077.99696 635.8707526)
(2053.685221 3077.99696 635.8707526)
(2328.622603 3077.99696 635.8707526)
(2603.559986 3077.99696 635.8707526)
(2878.497369 3077.99696 635.8707526)
(3153.434752 3077.99696 635.8707526)
(3428.372134 3077.99696 635.8707526)
(3703.309517 3077.99696 635.8707526)
(3978.2469 3077.99696 635.8707526)
(-3994.9372 3305.80222 635.8707526)
(-3719.999817 3305.80222 635.8707526)
(-3445.062434 3305.80222 635.8707526)
(-3170.125052 3305.80222 635.8707526)
(-2895.187669 3305.80222 635.8707526)
(-2620.250286 3305.80222 635.8707526)
(-2345.312903 3305.80222 635.8707526)
(-2070.375521 3305.80222 635.8707526)
(-1795.438138 3305.80222 635.8707526)
(-1520.500755 3305.80222 635.8707526)
(-1245.563372 3305.80222 635.8707526)
(-970.6259897 3305.80222 635.8707526)
(-695.6886069 3305.80222 635.8707526)
(-420.7512241 3305.80222 635.8707526)
(-145.8138414 3305.80222 635.8707526)
(129.1235414 3305.80222 635.8707526)
(404.0609241 3305.80222 635.8707526)
(678.9983069 3305.80222 635.8707526)
(953.9356897 3305.80222 635.8707526)
(1228.873072 3305.80222 635.8707526)
(1503.810455 3305.80222 635.8707526)
(1778.747838 3305.80222 635.8707526)
(2053.685221 3305.80222 635.8707526)
(2328.622603 3305.80222 635.8707526)
(2603.559986 3305.80222 635.8707526)
(2878.497369 3305.80222 635.8707526)
(3153.434752 3305.80222 635.8707526)
(3428.372134 3305.80222 635.8707526)
(3703.309517 3305.80222 635.8707526)
(3978.2469 3305.80222 635.8707526)
(-3994.9372 3533.60748 635.8707526)
(-3719.999817 3533.60748 635.8707526)
(-3445.062434 3533.60748 635.8707526)
(-3170.125052 3533.60748 635.8707526)
(-2895.187669 3533.60748 635.8707526)
(-2620.250286 3533.60748 635.8707526)
(-2345.312903 3533.60748 635.8707526)
(-2070.375521 3533.60748 635.8707526)
(-1795.438138 3533.60748 635.8707526)
(-1520.500755 3533.60748 635.8707526)
(-1245.563372 3533.60748 635.8707526)
(-970.6259897 3533.60748 635.8707526)
(-695.6886069 3533.60748 635.8707526)
(-420.7512241 3533.60748 635.8707526)
(-145.8138414 3533.60748 635.8707526)
(129.1235414 3533.60748 635.8707526)
(404.0609241 3533.60748 635.8707526)
(678.9983069 3533.60748 635.8707526)
(953.9356897 3533.60748 635.8707526)
(1228.873072 3533.60748 635.8707526)
(1503.810455 3533.60748 635.8707526)
(1778.747838 3533.60748 635.8707526)
(2053.685221 3533.60748 635.8707526)
(2328.622603 3533.60748 635.8707526)
(2603.559986 3533.60748 635.8707526)
(2878.497369 3533.60748 635.8707526)
(3153.434752 3533.60748 635.8707526)
(3428.372134 3533.60748 635.8707526)
(3703.309517 3533.60748 635.8707526)
(3978.2469 3533.60748 635.8707526)
(-3994.9372 3761.41274 635.8707526)
(-3719.999817 3761.41274 635.8707526)
(-3445.062434 3761.41274 635.8707526)
(-3170.125052 3761.41274 635.8707526)
(-2895.187669 3761.41274 635.8707526)
(-2620.250286 3761.41274 635.8707526)
(-2345.312903 3761.41274 635.8707526)
(-2070.375521 3761.41274 635.8707526)
(-1795.438138 3761.41274 635.8707526)
(-1520.500755 3761.41274 635.8707526)
(-1245.563372 3761.41274 635.8707526)
(-970.6259897 3761.41274 635.8707526)
(-695.6886069 3761.41274 635.8707526)
(-420.7512241 3761.41274 635.8707526)
(-145.8138414 3761.41274 635.8707526)
(129.1235414 3761.41274 635.8707526)
(404.0609241 3761.41274 635.8707526)
(678.9983069 3761.41274 635.8707526)
(953.9356897 3761.41274 635.8707526)
(1228.873072 3761.41274 635.8707526)
(1503.810455 3761.41274 635.8707526)
(1778.747838 3761.41274 635.8707526)
(2053.685221 3761.41274 635.8707526)
(2328.622603 3761.41274 635.8707526)
(2603.559986 3761.41274 635.8707526)
(2878.497369 3761.41274 635.8707526)
(3153.434752 3761.41274 635.8707526)
(3428.372134 3761.41274 635.8707526)
(3703.309517 3761.41274 635.8707526)
(3978.2469 3761.41274 635.8707526)
(-3994.9372 3989.218 635.8707526)
(-3719.999817 3989.218 635.8707526)
(-3445.062434 3989.218 635.8707526)
(-3170.125052 3989.218 635.8707526)
(-2895.187669 3989.218 635.8707526)
(-2620.250286 3989.218 635.8707526)
(-2345.312903 3989.218 635.8707526)
(-2070.375521 3989.218 635.8707526)
(-1795.438138 3989.218 635.8707526)
(-1520.500755 3989.218 635.8707526)
(-1245.563372 3989.218 635.8707526)
(-970.6259897 3989.218 635.8707526)
(-695.6886069 3989.218 635.8707526)
(-420.7512241 3989.218 635.8707526)
(-145.8138414 3989.218 635.8707526)
(129.1235414 3989.218 635.8707526)
(404.0609241 3989.218 635.8707526)
(678.9983069 3989.218 635.8707526)
(953.9356897 3989.218 635.8707526)
(1228.873072 3989.218 635.8707526)
(1503.810455 3989.218 635.8707526)
(1778.747838 3989.218 635.8707526)
(2053.685221 3989.218 635.8707526)
(2328.622603 3989.218 635.8707526)
(2603.559986 3989.218 635.8707526)
(2878.497369 3989.218 635.8707526)
(3153.434752 3989.218 635.8707526)
(3428.372134 3989.218 635.8707526)
(3703.309517 3989.218 635.8707526)
(3978.2469 3989.218 635.8707526)
(-3994.9372 -3983.9661 1055.512021)
(-3719.999817 -3983.9661 1055.512021)
(-3445.062434 -3983.9661 1055.512021)
(-3170.125052 -3983.9661 1055.512021)
(-2895.187669 -3983.9661 1055.512021)
(-2620.250286 -3983.9661 1055.512021)
(-2345.312903 -3983.9661 1055.512021)
(-2070.375521 -3983.9661 1055.512021)
(-1795.438138 -3983.9661 1055.512021)
(-1520.500755 -3983.9661 1055.512021)
(-1245.563372 -3983.9661 1055.512021)
(-970.6259897 -3983.9661 1055.512021)
(-695.6886069 -3983.9661 1055.512021)
(-420.7512241 -3983.9661 1055.512021)
(-145.8138414 -3983.9661 1055.512021)
(129.1235414 -3983.9661 1055.512021)
(404.0609241 -3983.9661 1055.512021)
(678.9983069 -3983.9661 1055.512021)
(953.9356897 -3983.9661 1055.512021)
(1228.873072 -3983.9661 1055.512021)
(1503.810455 -3983.9661 1055.512021)
(1778.747838 -3983.9661 1055.512021)
(2053.685221 -3983.9661 1055.512021)
(2328.622603 -3983.9661 1055.512021)
(2603.559986 -3983.9661 1055.512021)
(2878.497369 -3983.9661 1055.512021)
(3153.434752 -3983.9661 1055.512021)
(3428.372134 -3983.9661 1055.512021)
(3703.309517 -3983.9661 1055.512021)
(3978.2469 -3983.9661 1055.512021)
(-3994.9372 -3756.16084 1055.512021)
(-3719.999817 -3756.16084 1055.512021)
(-3445.062434 -3756.16084 1055.512021)
(-3170.125052 -3756.16084 1055.512021)
(-2895.187669 -3756.16084 1055.512021)
(-2620.250286 -3756.16084 1055.512021)
(-2345.312903 -3756.16084 1055.512021)
(-2070.375521 -3756.16084 1055.512021)
(-1795.438138 -3756.16084 1055.512021)
(-1520.500755 -3756.16084 1055.512021)
(-1245.563372 -3756.16084 1055.512021)
(-970.6259897 -3756.16084 1055.512021)
(-695.6886069 -3756.16084 1055.512021)
(-420.7512241 -3756.16084 1055.512021)
(-145.8138414 -3756.16084 1055.512021)
(129.1235414 -3756.16084 1055.512021)
(404.0609241 -3756.16084 1055.512021)
(678.9983069 -3756.16084 1055.512021)
(953.9356897 -3756.16084 1055.512021)
(1228.873072 -3756.16084 1055.512021)
(1503.810455 -3756.16084 1055.512021)
(1778.747838 -3756.16084 1055.512021)
(2053.685221 -3756.16084 1055.512021)
(2328.622603 -3756.16084 1055.512021)
(2603.559986 -3756.16084 1055.512021)
(2878.497369 -3756.16084 1055.512021)
(3153.434752 -3756.16084 1055.512021)
(3428.372134 -3756.16084 1055.512021)
(3703.309517 -3756.16084 1055.512021)
(3978.2469 -3756.16084 1055.512021)
(-3994.9372 -3528.35558 1055.512021)
(-3719.999817 -3528.35558 1055.512021)
(-3445.062434 -3528.35558 1055.512021)
(-3170.125052 -3528.35558 1055.512021)
(-2895.187669 -3528.35558 1055.512021)
(-2620.250286 -3528.35558 1055.512021)
(-2345.312903 -3528.35558 1055.512021)
(-2070.375521 -3528.35558 1055.512021)
(-1795.438138 -3528.35558 1055.512021)
(-1520.500755 -3528.35558 1055.512021)
(-1245.563372 -3528.35558 1055.512021)
(-970.6259897 -3528.35558 1055.512021)
(-695.6886069 -3528.35558 1055.512021)
(-420.7512241 -3528.35558 1055.512021)
(-145.8138414 -3528.35558 1055.512021)
(129.1235414 -3528.35558 1055.512021)
(404.0609241 -3528.35558 1055.512021)
(678.9983069 -3528.35558 1055.512021)
(953.9356897 -3528.35558 1055.512021)
(1228.873072 -3528.35558 1055.512021)
(1503.810455 -3528.35558 1055.512021)
(1778.747838 -3528.35558 1055.512021)
(2053.685221 -3528.35558 1055.512021)
(2328.622603 -3528.35558 1055.512021)
(2603.559986 -3528.35558 1055.512021)
(2878.497369 -3528.35558 1055.512021)
(3153.434752 -3528.35558 1055.512021)
(3428.372134 -3528.35558 1055.512021)
(3703.309517 -3528.35558 1055.512021)
(3978.2469 -3528.35558 1055.512021)
(-3994.9372 -3300.55032 1055.512021)
(-3719.999817 -3300.55032 1055.512021)
(-3445.062434 -3300.55032 1055.512021)
(-3170.125052 -3300.55032 1055.512021)
(-2895.187669 -3300.55032 1055.512021)
(-2620.250286 -3300.55032 1055.512021)
(-2345.312903 -3300.55032 1055.512021)
(-2070.375521 -3300.55032 1055.512021)
(-1795.438138 -3300.55032 1055.512021)
(-1520.500755 -3300.55032 1055.512021)
(-1245.563372 -3300.55032 1055.512021)
(-970.6259897 -3300.55032 1055.512021)
(-695.6886069 -3300.55032 1055.512021)
(-420.7512241 -3300.55032 1055.512021)
(-145.8138414 -3300.55032 1055.512021)
(129.1235414 -3300.55032 1055.512021)
(404.0609241 -3300.55032 1055.512021)
(678.9983069 -3300.55032 1055.512021)
(953.9356897 -3300.55032 1055.512021)
(1228.873072 -3300.55032 1055.512021)
(1503.810455 -3300.55032 1055.512021)
(1778.747838 -3300.55032 1055.512021)
(2053.685221 -3300.55032 1055.512021)
(2328.622603 -3300.55032 1055.512021)
(2603.559986 -3300.55032 1055.512021)
(2878.497369 -3300.55032 1055.512021)
(3153.434752 -3300.55032 1055.512021)
(3428.372134 -3300.55032 1055.512021)
(3703.309517 -3300.55032 1055.512021)
(3978.2469 -3300.55032 1055.512021)
(-3994.9372 -3072.74506 1055.512021)
(-3719.999817 -3072.74506 1055.512021)
(-3445.062434 -3072.74506 1055.512021)
(-3170.125052 -3072.74506 1055.512021)
(-2895.187669 -3072.74506 1055.512021)
(-2620.250286 -3072.74506 1055.512021)
(-2345.312903 -3072.74506 1055.512021)
(-2070.375521 -3072.74506 1055.512021)
(-1795.438138 -3072.74506 1055.512021)
(-1520.500755 -3072.74506 1055.512021)
(-1245.563372 -3072.74506 1055.512021)
(-970.6259897 -3072.74506 1055.512021)
(-695.6886069 -3072.74506 1055.512021)
(-420.7512241 -3072.74506 1055.512021)
(-145.8138414 -3072.74506 1055.512021)
(129.1235414 -3072.74506 1055.512021)
(404.0609241 -3072.74506 1055.512021)
(678.9983069 -3072.74506 1055.512021)
(953.9356897 -3072.74506 1055.512021)
(1228.873072 -3072.74506 1055.512021)
(1503.810455 -3072.74506 1055.512021)
(1778.747838 -3072.74506 1055.512021)
(2053.685221 -3072.74506 1055.512021)
(2328.622603 -3072.74506 1055.512021)
(2603.559986 -3072.74506 1055.512021)
(2878.497369 -3072.74506 1055.512021)
(3153.434752 -3072.74506 1055.512021)
(3428.372134 -3072.74506 1055.512021)
(3703.309517 -3072.74506 1055.512021)
(3978.2469 -3072.74506 1055.512021)
(-3994.9372 -2844.9398 1055.512021)
(-3719.999817 -2844.9398 1055.512021)
(-3445.062434 -2844.9398 1055.512021)
(-3170.125052 -2844.9398 1055.512021)
(-2895.187669 -2844.9398 1055.512021)
(-2620.250286 -2844.9398 1055.512021)
(-2345.312903 -2844.9398 1055.512021)
(-2070.375521 -2844.9398 1055.512021)
(-1795.438138 -2844.9398 1055.512021)
(-1520.500755 -2844.9398 1055.512021)
(-1245.563372 -2844.9398 1055.512021)
(-970.6259897 -2844.9398 1055.512021)
(-695.6886069 -2844.9398 1055.512021)
(-420.7512241 -2844.9398 1055.512021)
(-145.8138414 -2844.9398 1055.512021)
(129.1235414 -2844.9398 1055.512021)
(404.0609241 -2844.9398 1055.512021)
(678.9983069 -2844.9398 1055.512021)
(953.9356897 -2844.9398 1055.512021)
(1228.873072 -2844.9398 1055.512021)
(1503.810455 -2844.9398 1055.512021)
(1778.747838 -2844.9398 1055.512021)
(2053.685221 -2844.9398 1055.512021)
(2328.622603 -2844.9398 1055.512021)
(2603.559986 -2844.9398 1055.512021)
(2878.497369 -2844.9398 1055.512021)
(3153.434752 -2844.9398 1055.512021)
(3428.372134 -2844.9398 1055.512021)
(3703.309517 -2844.9398 1055.512021)
(3978.2469 -2844.9398 1055.512021)
(-3994.9372 -2617.13454 1055.512021)
(-3719.999817 -2617.13454 1055.512021)
(-3445.062434 -2617.13454 1055.512021)
(-3170.125052 -2617.13454 1055.512021)
(-2895.187669 -2617.13454 1055.512021)
(-2620.250286 -2617.13454 1055.512021)
(-2345.312903 -2617.13454 1055.512021)
(-2070.375521 -2617.13454 1055.512021)
(-1795.438138 -2617.13454 1055.512021)
(-1520.500755 -2617.13454 1055.512021)
(-1245.563372 -2617.13454 1055.512021)
(-970.6259897 -2617.13454 1055.512021)
(-695.6886069 -2617.13454 1055.512021)
(-420.7512241 -2617.13454 1055.512021)
(-145.8138414 -2617.13454 1055.512021)
(129.1235414 -2617.13454 1055.512021)
(404.0609241 -2617.13454 1055.512021)
(678.9983069 -2617.13454 1055.512021)
(953.9356897 -2617.13454 1055.512021)
(1228.873072 -2617.13454 1055.512021)
(1503.810455 -2617.13454 1055.512021)
(1778.747838 -2617.13454 1055.512021)
(2053.685221 -2617.13454 1055.512021)
(2328.622603 -2617.13454 1055.512021)
(2603.559986 -2617.13454 1055.512021)
(2878.497369 -2617.13454 1055.512021)
(3153.434752 -2617.13454 1055.512021)
(3428.372134 -2617.13454 1055.512021)
(3703.309517 -2617.13454 1055.512021)
(3978.2469 -2617.13454 1055.512021)
(-3994.9372 -2389.32928 1055.512021)
(-3719.999817 -2389.32928 1055.512021)
(-3445.062434 -2389.32928 1055.512021)
(-3170.125052 -2389.32928 1055.512021)
(-2895.187669 -2389.32928 1055.512021)
(-2620.250286 -2389.32928 1055.512021)
(-2345.312903 -2389.32928 1055.512021)
(-2070.375521 -2389.32928 1055.512021)
(-1795.438138 -2389.32928 1055.512021)
(-1520.500755 -2389.32928 1055.512021)
(-1245.563372 -2389.32928 1055.512021)
(-970.6259897 -2389.32928 1055.512021)
(-695.6886069 -2389.32928 1055.512021)
(-420.7512241 -2389.32928 1055.512021)
(-145.8138414 -2389.32928 1055.512021)
(129.1235414 -2389.32928 1055.512021)
(404.0609241 -2389.32928 1055.512021)
(678.9983069 -2389.32928 1055.512021)
(953.9356897 -2389.32928 1055.512021)
(1228.873072 -2389.32928 1055.512021)
(1503.810455 -2389.32928 1055.512021)
(1778.747838 -2389.32928 1055.512021)
(2053.685221 -2389.32928 1055.512021)
(2328.622603 -2389.32928 1055.512021)
(2603.559986 -2389.32928 1055.512021)
(2878.497369 -2389.32928 1055.512021)
(3153.434752 -2389.32928 1055.512021)
(3428.372134 -2389.32928 1055.512021)
(3703.309517 -2389.32928 1055.512021)
(3978.2469 -2389.32928 1055.512021)
(-3994.9372 -2161.52402 1055.512021)
(-3719.999817 -2161.52402 1055.512021)
(-3445.062434 -2161.52402 1055.512021)
(-3170.125052 -2161.52402 1055.512021)
(-2895.187669 -2161.52402 1055.512021)
(-2620.250286 -2161.52402 1055.512021)
(-2345.312903 -2161.52402 1055.512021)
(-2070.375521 -2161.52402 1055.512021)
(-1795.438138 -2161.52402 1055.512021)
(-1520.500755 -2161.52402 1055.512021)
(-1245.563372 -2161.52402 1055.512021)
(-970.6259897 -2161.52402 1055.512021)
(-695.6886069 -2161.52402 1055.512021)
(-420.7512241 -2161.52402 1055.512021)
(-145.8138414 -2161.52402 1055.512021)
(129.1235414 -2161.52402 1055.512021)
(404.0609241 -2161.52402 1055.512021)
(678.9983069 -2161.52402 1055.512021)
(953.9356897 -2161.52402 1055.512021)
(1228.873072 -2161.52402 1055.512021)
(1503.810455 -2161.52402 1055.512021)
(1778.747838 -2161.52402 1055.512021)
(2053.685221 -2161.52402 1055.512021)
(2328.622603 -2161.52402 1055.512021)
(2603.559986 -2161.52402 1055.512021)
(2878.497369 -2161.52402 1055.512021)
(3153.434752 -2161.52402 1055.512021)
(3428.372134 -2161.52402 1055.512021)
(3703.309517 -2161.52402 1055.512021)
(3978.2469 -2161.52402 1055.512021)
(-3994.9372 -1933.71876 1055.512021)
(-3719.999817 -1933.71876 1055.512021)
(-3445.062434 -1933.71876 1055.512021)
(-3170.125052 -1933.71876 1055.512021)
(-2895.187669 -1933.71876 1055.512021)
(-2620.250286 -1933.71876 1055.512021)
(-2345.312903 -1933.71876 1055.512021)
(-2070.375521 -1933.71876 1055.512021)
(-1795.438138 -1933.71876 1055.512021)
(-1520.500755 -1933.71876 1055.512021)
(-1245.563372 -1933.71876 1055.512021)
(-970.6259897 -1933.71876 1055.512021)
(-695.6886069 -1933.71876 1055.512021)
(-420.7512241 -1933.71876 1055.512021)
(-145.8138414 -1933.71876 1055.512021)
(129.1235414 -1933.71876 1055.512021)
(404.0609241 -1933.71876 1055.512021)
(678.9983069 -1933.71876 1055.512021)
(953.9356897 -1933.71876 1055.512021)
(1228.873072 -1933.71876 1055.512021)
(1503.810455 -1933.71876 1055.512021)
(1778.747838 -1933.71876 1055.512021)
(2053.685221 -1933.71876 1055.512021)
(2328.622603 -1933.71876 1055.512021)
(2603.559986 -1933.71876 1055.512021)
(2878.497369 -1933.71876 1055.512021)
(3153.434752 -1933.71876 1055.512021)
(3428.372134 -1933.71876 1055.512021)
(3703.309517 -1933.71876 1055.512021)
(3978.2469 -1933.71876 1055.512021)
(-3994.9372 -1705.9135 1055.512021)
(-3719.999817 -1705.9135 1055.512021)
(-3445.062434 -1705.9135 1055.512021)
(-3170.125052 -1705.9135 1055.512021)
(-2895.187669 -1705.9135 1055.512021)
(-2620.250286 -1705.9135 1055.512021)
(-2345.312903 -1705.9135 1055.512021)
(-2070.375521 -1705.9135 1055.512021)
(-1795.438138 -1705.9135 1055.512021)
(-1520.500755 -1705.9135 1055.512021)
(-1245.563372 -1705.9135 1055.512021)
(-970.6259897 -1705.9135 1055.512021)
(-695.6886069 -1705.9135 1055.512021)
(-420.7512241 -1705.9135 1055.512021)
(-145.8138414 -1705.9135 1055.512021)
(129.1235414 -1705.9135 1055.512021)
(404.0609241 -1705.9135 1055.512021)
(678.9983069 -1705.9135 1055.512021)
(953.9356897 -1705.9135 1055.512021)
(1228.873072 -1705.9135 1055.512021)
(1503.810455 -1705.9135 1055.512021)
(1778.747838 -1705.9135 1055.512021)
(2053.685221 -1705.9135 1055.512021)
(2328.622603 -1705.9135 1055.512021)
(2603.559986 -1705.9135 1055.512021)
(2878.497369 -1705.9135 1055.512021)
(3153.434752 -1705.9135 1055.512021)
(3428.372134 -1705.9135 1055.512021)
(3703.309517 -1705.9135 1055.512021)
(3978.2469 -1705.9135 1055.512021)
(-3994.9372 -1478.10824 1055.512021)
(-3719.999817 -1478.10824 1055.512021)
(-3445.062434 -1478.10824 1055.512021)
(-3170.125052 -1478.10824 1055.512021)
(-2895.187669 -1478.10824 1055.512021)
(-2620.250286 -1478.10824 1055.512021)
(-2345.312903 -1478.10824 1055.512021)
(-2070.375521 -1478.10824 1055.512021)
(-1795.438138 -1478.10824 1055.512021)
(-1520.500755 -1478.10824 1055.512021)
(-1245.563372 -1478.10824 1055.512021)
(-970.6259897 -1478.10824 1055.512021)
(-695.6886069 -1478.10824 1055.512021)
(-420.7512241 -1478.10824 1055.512021)
(-145.8138414 -1478.10824 1055.512021)
(129.1235414 -1478.10824 1055.512021)
(404.0609241 -1478.10824 1055.512021)
(678.9983069 -1478.10824 1055.512021)
(953.9356897 -1478.10824 1055.512021)
(1228.873072 -1478.10824 1055.512021)
(1503.810455 -1478.10824 1055.512021)
(1778.747838 -1478.10824 1055.512021)
(2053.685221 -1478.10824 1055.512021)
(2328.622603 -1478.10824 1055.512021)
(2603.559986 -1478.10824 1055.512021)
(2878.497369 -1478.10824 1055.512021)
(3153.434752 -1478.10824 1055.512021)
(3428.372134 -1478.10824 1055.512021)
(3703.309517 -1478.10824 1055.512021)
(3978.2469 -1478.10824 1055.512021)
(-3994.9372 -1250.30298 1055.512021)
(-3719.999817 -1250.30298 1055.512021)
(-3445.062434 -1250.30298 1055.512021)
(-3170.125052 -1250.30298 1055.512021)
(-2895.187669 -1250.30298 1055.512021)
(-2620.250286 -1250.30298 1055.512021)
(-2345.312903 -1250.30298 1055.512021)
(-2070.375521 -1250.30298 1055.512021)
(-1795.438138 -1250.30298 1055.512021)
(-1520.500755 -1250.30298 1055.512021)
(-1245.563372 -1250.30298 1055.512021)
(-970.6259897 -1250.30298 1055.512021)
(-695.6886069 -1250.30298 1055.512021)
(-420.7512241 -1250.30298 1055.512021)
(-145.8138414 -1250.30298 1055.512021)
(129.1235414 -1250.30298 1055.512021)
(404.0609241 -1250.30298 1055.512021)
(678.9983069 -1250.30298 1055.512021)
(953.9356897 -1250.30298 1055.512021)
(1228.873072 -1250.30298 1055.512021)
(1503.810455 -1250.30298 1055.512021)
(1778.747838 -1250.30298 1055.512021)
(2053.685221 -1250.30298 1055.512021)
(2328.622603 -1250.30298 1055.512021)
(2603.559986 -1250.30298 1055.512021)
(2878.497369 -1250.30298 1055.512021)
(3153.434752 -1250.30298 1055.512021)
(3428.372134 -1250.30298 1055.512021)
(3703.309517 -1250.30298 1055.512021)
(3978.2469 -1250.30298 1055.512021)
(-3994.9372 -1022.49772 1055.512021)
(-3719.999817 -1022.49772 1055.512021)
(-3445.062434 -1022.49772 1055.512021)
(-3170.125052 -1022.49772 1055.512021)
(-2895.187669 -1022.49772 1055.512021)
(-2620.250286 -1022.49772 1055.512021)
(-2345.312903 -1022.49772 1055.512021)
(-2070.375521 -1022.49772 1055.512021)
(-1795.438138 -1022.49772 1055.512021)
(-1520.500755 -1022.49772 1055.512021)
(-1245.563372 -1022.49772 1055.512021)
(-970.6259897 -1022.49772 1055.512021)
(-695.6886069 -1022.49772 1055.512021)
(-420.7512241 -1022.49772 1055.512021)
(-145.8138414 -1022.49772 1055.512021)
(129.1235414 -1022.49772 1055.512021)
(404.0609241 -1022.49772 1055.512021)
(678.9983069 -1022.49772 1055.512021)
(953.9356897 -1022.49772 1055.512021)
(1228.873072 -1022.49772 1055.512021)
(1503.810455 -1022.49772 1055.512021)
(1778.747838 -1022.49772 1055.512021)
(2053.685221 -1022.49772 1055.512021)
(2328.622603 -1022.49772 1055.512021)
(2603.559986 -1022.49772 1055.512021)
(2878.497369 -1022.49772 1055.512021)
(3153.434752 -1022.49772 1055.512021)
(3428.372134 -1022.49772 1055.512021)
(3703.309517 -1022.49772 1055.512021)
(3978.2469 -1022.49772 1055.512021)
(-3994.9372 -794.69246 1055.512021)
(-3719.999817 -794.69246 1055.512021)
(-3445.062434 -794.69246 1055.512021)
(-3170.125052 -794.69246 1055.512021)
(-2895.187669 -794.69246 1055.512021)
(-2620.250286 -794.69246 1055.512021)
(-2345.312903 -794.69246 1055.512021)
(-2070.375521 -794.69246 1055.512021)
(-1795.438138 -794.69246 1055.512021)
(-1520.500755 -794.69246 1055.512021)
(-1245.563372 -794.69246 1055.512021)
(-970.6259897 -794.69246 1055.512021)
(-695.6886069 -794.69246 1055.512021)
(-420.7512241 -794.69246 1055.512021)
(-145.8138414 -794.69246 1055.512021)
(129.1235414 -794.69246 1055.512021)
(404.0609241 -794.69246 1055.512021)
(678.9983069 -794.69246 1055.512021)
(953.9356897 -794.69246 1055.512021)
(1228.873072 -794.69246 1055.512021)
(1503.810455 -794.69246 1055.512021)
(1778.747838 -794.69246 1055.512021)
(2053.685221 -794.69246 1055.512021)
(2328.622603 -794.69246 1055.512021)
(2603.559986 -794.69246 1055.512021)
(2878.497369 -794.69246 1055.512021)
(3153.434752 -794.69246 1055.512021)
(3428.372134 -794.69246 1055.512021)
(3703.309517 -794.69246 1055.512021)
(3978.2469 -794.69246 1055.512021)
(-3994.9372 -566.8872 1055.512021)
(-3719.999817 -566.8872 1055.512021)
(-3445.062434 -566.8872 1055.512021)
(-3170.125052 -566.8872 1055.512021)
(-2895.187669 -566.8872 1055.512021)
(-2620.250286 -566.8872 1055.512021)
(-2345.312903 -566.8872 1055.512021)
(-2070.375521 -566.8872 1055.512021)
(-1795.438138 -566.8872 1055.512021)
(-1520.500755 -566.8872 1055.512021)
(-1245.563372 -566.8872 1055.512021)
(-970.6259897 -566.8872 1055.512021)
(-695.6886069 -566.8872 1055.512021)
(-420.7512241 -566.8872 1055.512021)
(-145.8138414 -566.8872 1055.512021)
(129.1235414 -566.8872 1055.512021)
(404.0609241 -566.8872 1055.512021)
(678.9983069 -566.8872 1055.512021)
(953.9356897 -566.8872 1055.512021)
(1228.873072 -566.8872 1055.512021)
(1503.810455 -566.8872 1055.512021)
(1778.747838 -566.8872 1055.512021)
(2053.685221 -566.8872 1055.512021)
(2328.622603 -566.8872 1055.512021)
(2603.559986 -566.8872 1055.512021)
(2878.497369 -566.8872 1055.512021)
(3153.434752 -566.8872 1055.512021)
(3428.372134 -566.8872 1055.512021)
(3703.309517 -566.8872 1055.512021)
(3978.2469 -566.8872 1055.512021)
(-3994.9372 -339.08194 1055.512021)
(-3719.999817 -339.08194 1055.512021)
(-3445.062434 -339.08194 1055.512021)
(-3170.125052 -339.08194 1055.512021)
(-2895.187669 -339.08194 1055.512021)
(-2620.250286 -339.08194 1055.512021)
(-2345.312903 -339.08194 1055.512021)
(-2070.375521 -339.08194 1055.512021)
(-1795.438138 -339.08194 1055.512021)
(-1520.500755 -339.08194 1055.512021)
(-1245.563372 -339.08194 1055.512021)
(-970.6259897 -339.08194 1055.512021)
(-695.6886069 -339.08194 1055.512021)
(-420.7512241 -339.08194 1055.512021)
(-145.8138414 -339.08194 1055.512021)
(129.1235414 -339.08194 1055.512021)
(404.0609241 -339.08194 1055.512021)
(678.9983069 -339.08194 1055.512021)
(953.9356897 -339.08194 1055.512021)
(1228.873072 -339.08194 1055.512021)
(1503.810455 -339.08194 1055.512021)
(1778.747838 -339.08194 1055.512021)
(2053.685221 -339.08194 1055.512021)
(2328.622603 -339.08194 1055.512021)
(2603.559986 -339.08194 1055.512021)
(2878.497369 -339.08194 1055.512021)
(3153.434752 -339.08194 1055.512021)
(3428.372134 -339.08194 1055.512021)
(3703.309517 -339.08194 1055.512021)
(3978.2469 -339.08194 1055.512021)
(-3994.9372 -111.27668 1055.512021)
(-3719.999817 -111.27668 1055.512021)
(-3445.062434 -111.27668 1055.512021)
(-3170.125052 -111.27668 1055.512021)
(-2895.187669 -111.27668 1055.512021)
(-2620.250286 -111.27668 1055.512021)
(-2345.312903 -111.27668 1055.512021)
(-2070.375521 -111.27668 1055.512021)
(-1795.438138 -111.27668 1055.512021)
(-1520.500755 -111.27668 1055.512021)
(-1245.563372 -111.27668 1055.512021)
(-970.6259897 -111.27668 1055.512021)
(-695.6886069 -111.27668 1055.512021)
(-420.7512241 -111.27668 1055.512021)
(-145.8138414 -111.27668 1055.512021)
(129.1235414 -111.27668 1055.512021)
(404.0609241 -111.27668 1055.512021)
(678.9983069 -111.27668 1055.512021)
(953.9356897 -111.27668 1055.512021)
(1228.873072 -111.27668 1055.512021)
(1503.810455 -111.27668 1055.512021)
(1778.747838 -111.27668 1055.512021)
(2053.685221 -111.27668 1055.512021)
(2328.622603 -111.27668 1055.512021)
(2603.559986 -111.27668 1055.512021)
(2878.497369 -111.27668 1055.512021)
(3153.434752 -111.27668 1055.512021)
(3428.372134 -111.27668 1055.512021)
(3703.309517 -111.27668 1055.512021)
(3978.2469 -111.27668 1055.512021)
(-3994.9372 116.52858 1055.512021)
(-3719.999817 116.52858 1055.512021)
(-3445.062434 116.52858 1055.512021)
(-3170.125052 116.52858 1055.512021)
(-2895.187669 116.52858 1055.512021)
(-2620.250286 116.52858 1055.512021)
(-2345.312903 116.52858 1055.512021)
(-2070.375521 116.52858 1055.512021)
(-1795.438138 116.52858 1055.512021)
(-1520.500755 116.52858 1055.512021)
(-1245.563372 116.52858 1055.512021)
(-970.6259897 116.52858 1055.512021)
(-695.6886069 116.52858 1055.512021)
(-420.7512241 116.52858 1055.512021)
(-145.8138414 116.52858 1055.512021)
(129.1235414 116.52858 1055.512021)
(404.0609241 116.52858 1055.512021)
(678.9983069 116.52858 1055.512021)
(953.9356897 116.52858 1055.512021)
(1228.873072 116.52858 1055.512021)
(1503.810455 116.52858 1055.512021)
(1778.747838 116.52858 1055.512021)
(2053.685221 116.52858 1055.512021)
(2328.622603 116.52858 1055.512021)
(2603.559986 116.52858 1055.512021)
(2878.497369 116.52858 1055.512021)
(3153.434752 116.52858 1055.512021)
(3428.372134 116.52858 1055.512021)
(3703.309517 116.52858 1055.512021)
(3978.2469 116.52858 1055.512021)
(-3994.9372 344.33384 1055.512021)
(-3719.999817 344.33384 1055.512021)
(-3445.062434 344.33384 1055.512021)
(-3170.125052 344.33384 1055.512021)
(-2895.187669 344.33384 1055.512021)
(-2620.250286 344.33384 1055.512021)
(-2345.312903 344.33384 1055.512021)
(-2070.375521 344.33384 1055.512021)
(-1795.438138 344.33384 1055.512021)
(-1520.500755 344.33384 1055.512021)
(-1245.563372 344.33384 1055.512021)
(-970.6259897 344.33384 1055.512021)
(-695.6886069 344.33384 1055.512021)
(-420.7512241 344.33384 1055.512021)
(-145.8138414 344.33384 1055.512021)
(129.1235414 344.33384 1055.512021)
(404.0609241 344.33384 1055.512021)
(678.9983069 344.33384 1055.512021)
(953.9356897 344.33384 1055.512021)
(1228.873072 344.33384 1055.512021)
(1503.810455 344.33384 1055.512021)
(1778.747838 344.33384 1055.512021)
(2053.685221 344.33384 1055.512021)
(2328.622603 344.33384 1055.512021)
(2603.559986 344.33384 1055.512021)
(2878.497369 344.33384 1055.512021)
(3153.434752 344.33384 1055.512021)
(3428.372134 344.33384 1055.512021)
(3703.309517 344.33384 1055.512021)
(3978.2469 344.33384 1055.512021)
(-3994.9372 572.1391 1055.512021)
(-3719.999817 572.1391 1055.512021)
(-3445.062434 572.1391 1055.512021)
(-3170.125052 572.1391 1055.512021)
(-2895.187669 572.1391 1055.512021)
(-2620.250286 572.1391 1055.512021)
(-2345.312903 572.1391 1055.512021)
(-2070.375521 572.1391 1055.512021)
(-1795.438138 572.1391 1055.512021)
(-1520.500755 572.1391 1055.512021)
(-1245.563372 572.1391 1055.512021)
(-970.6259897 572.1391 1055.512021)
(-695.6886069 572.1391 1055.512021)
(-420.7512241 572.1391 1055.512021)
(-145.8138414 572.1391 1055.512021)
(129.1235414 572.1391 1055.512021)
(404.0609241 572.1391 1055.512021)
(678.9983069 572.1391 1055.512021)
(953.9356897 572.1391 1055.512021)
(1228.873072 572.1391 1055.512021)
(1503.810455 572.1391 1055.512021)
(1778.747838 572.1391 1055.512021)
(2053.685221 572.1391 1055.512021)
(2328.622603 572.1391 1055.512021)
(2603.559986 572.1391 1055.512021)
(2878.497369 572.1391 1055.512021)
(3153.434752 572.1391 1055.512021)
(3428.372134 572.1391 1055.512021)
(3703.309517 572.1391 1055.512021)
(3978.2469 572.1391 1055.512021)
(-3994.9372 799.94436 1055.512021)
(-3719.999817 799.94436 1055.512021)
(-3445.062434 799.94436 1055.512021)
(-3170.125052 799.94436 1055.512021)
(-2895.187669 799.94436 1055.512021)
(-2620.250286 799.94436 1055.512021)
(-2345.312903 799.94436 1055.512021)
(-2070.375521 799.94436 1055.512021)
(-1795.438138 799.94436 1055.512021)
(-1520.500755 799.94436 1055.512021)
(-1245.563372 799.94436 1055.512021)
(-970.6259897 799.94436 1055.512021)
(-695.6886069 799.94436 1055.512021)
(-420.7512241 799.94436 1055.512021)
(-145.8138414 799.94436 1055.512021)
(129.1235414 799.94436 1055.512021)
(404.0609241 799.94436 1055.512021)
(678.9983069 799.94436 1055.512021)
(953.9356897 799.94436 1055.512021)
(1228.873072 799.94436 1055.512021)
(1503.810455 799.94436 1055.512021)
(1778.747838 799.94436 1055.512021)
(2053.685221 799.94436 1055.512021)
(2328.622603 799.94436 1055.512021)
(2603.559986 799.94436 1055.512021)
(2878.497369 799.94436 1055.512021)
(3153.434752 799.94436 1055.512021)
(3428.372134 799.94436 1055.512021)
(3703.309517 799.94436 1055.512021)
(3978.2469 799.94436 1055.512021)
(-3994.9372 1027.74962 1055.512021)
(-3719.999817 1027.74962 1055.512021)
(-3445.062434 1027.74962 1055.512021)
(-3170.125052 1027.74962 1055.512021)
(-2895.187669 1027.74962 1055.512021)
(-2620.250286 1027.74962 1055.512021)
(-2345.312903 1027.74962 1055.512021)
(-2070.375521 1027.74962 1055.512021)
(-1795.438138 1027.74962 1055.512021)
(-1520.500755 1027.74962 1055.512021)
(-1245.563372 1027.74962 1055.512021)
(-970.6259897 1027.74962 1055.512021)
(-695.6886069 1027.74962 1055.512021)
(-420.7512241 1027.74962 1055.512021)
(-145.8138414 1027.74962 1055.512021)
(129.1235414 1027.74962 1055.512021)
(404.0609241 1027.74962 1055.512021)
(678.9983069 1027.74962 1055.512021)
(953.9356897 1027.74962 1055.512021)
(1228.873072 1027.74962 1055.512021)
(1503.810455 1027.74962 1055.512021)
(1778.747838 1027.74962 1055.512021)
(2053.685221 1027.74962 1055.512021)
(2328.622603 1027.74962 1055.512021)
(2603.559986 1027.74962 1055.512021)
(2878.497369 1027.74962 1055.512021)
(3153.434752 1027.74962 1055.512021)
(3428.372134 1027.74962 1055.512021)
(3703.309517 1027.74962 1055.512021)
(3978.2469 1027.74962 1055.512021)
(-3994.9372 1255.55488 1055.512021)
(-3719.999817 1255.55488 1055.512021)
(-3445.062434 1255.55488 1055.512021)
(-3170.125052 1255.55488 1055.512021)
(-2895.187669 1255.55488 1055.512021)
(-2620.250286 1255.55488 1055.512021)
(-2345.312903 1255.55488 1055.512021)
(-2070.375521 1255.55488 1055.512021)
(-1795.438138 1255.55488 1055.512021)
(-1520.500755 1255.55488 1055.512021)
(-1245.563372 1255.55488 1055.512021)
(-970.6259897 1255.55488 1055.512021)
(-695.6886069 1255.55488 1055.512021)
(-420.7512241 1255.55488 1055.512021)
(-145.8138414 1255.55488 1055.512021)
(129.1235414 1255.55488 1055.512021)
(404.0609241 1255.55488 1055.512021)
(678.9983069 1255.55488 1055.512021)
(953.9356897 1255.55488 1055.512021)
(1228.873072 1255.55488 1055.512021)
(1503.810455 1255.55488 1055.512021)
(1778.747838 1255.55488 1055.512021)
(2053.685221 1255.55488 1055.512021)
(2328.622603 1255.55488 1055.512021)
(2603.559986 1255.55488 1055.512021)
(2878.497369 1255.55488 1055.512021)
(3153.434752 1255.55488 1055.512021)
(3428.372134 1255.55488 1055.512021)
(3703.309517 1255.55488 1055.512021)
(3978.2469 1255.55488 1055.512021)
(-3994.9372 1483.36014 1055.512021)
(-3719.999817 1483.36014 1055.512021)
(-3445.062434 1483.36014 1055.512021)
(-3170.125052 1483.36014 1055.512021)
(-2895.187669 1483.36014 1055.512021)
(-2620.250286 1483.36014 1055.512021)
(-2345.312903 1483.36014 1055.512021)
(-2070.375521 1483.36014 1055.512021)
(-1795.438138 1483.36014 1055.512021)
(-1520.500755 1483.36014 1055.512021)
(-1245.563372 1483.36014 1055.512021)
(-970.6259897 1483.36014 1055.512021)
(-695.6886069 1483.36014 1055.512021)
(-420.7512241 1483.36014 1055.512021)
(-145.8138414 1483.36014 1055.512021)
(129.1235414 1483.36014 1055.512021)
(404.0609241 1483.36014 1055.512021)
(678.9983069 1483.36014 1055.512021)
(953.9356897 1483.36014 1055.512021)
(1228.873072 1483.36014 1055.512021)
(1503.810455 1483.36014 1055.512021)
(1778.747838 1483.36014 1055.512021)
(2053.685221 1483.36014 1055.512021)
(2328.622603 1483.36014 1055.512021)
(2603.559986 1483.36014 1055.512021)
(2878.497369 1483.36014 1055.512021)
(3153.434752 1483.36014 1055.512021)
(3428.372134 1483.36014 1055.512021)
(3703.309517 1483.36014 1055.512021)
(3978.2469 1483.36014 1055.512021)
(-3994.9372 1711.1654 1055.512021)
(-3719.999817 1711.1654 1055.512021)
(-3445.062434 1711.1654 1055.512021)
(-3170.125052 1711.1654 1055.512021)
(-2895.187669 1711.1654 1055.512021)
(-2620.250286 1711.1654 1055.512021)
(-2345.312903 1711.1654 1055.512021)
(-2070.375521 1711.1654 1055.512021)
(-1795.438138 1711.1654 1055.512021)
(-1520.500755 1711.1654 1055.512021)
(-1245.563372 1711.1654 1055.512021)
(-970.6259897 1711.1654 1055.512021)
(-695.6886069 1711.1654 1055.512021)
(-420.7512241 1711.1654 1055.512021)
(-145.8138414 1711.1654 1055.512021)
(129.1235414 1711.1654 1055.512021)
(404.0609241 1711.1654 1055.512021)
(678.9983069 1711.1654 1055.512021)
(953.9356897 1711.1654 1055.512021)
(1228.873072 1711.1654 1055.512021)
(1503.810455 1711.1654 1055.512021)
(1778.747838 1711.1654 1055.512021)
(2053.685221 1711.1654 1055.512021)
(2328.622603 1711.1654 1055.512021)
(2603.559986 1711.1654 1055.512021)
(2878.497369 1711.1654 1055.512021)
(3153.434752 1711.1654 1055.512021)
(3428.372134 1711.1654 1055.512021)
(3703.309517 1711.1654 1055.512021)
(3978.2469 1711.1654 1055.512021)
(-3994.9372 1938.97066 1055.512021)
(-3719.999817 1938.97066 1055.512021)
(-3445.062434 1938.97066 1055.512021)
(-3170.125052 1938.97066 1055.512021)
(-2895.187669 1938.97066 1055.512021)
(-2620.250286 1938.97066 1055.512021)
(-2345.312903 1938.97066 1055.512021)
(-2070.375521 1938.97066 1055.512021)
(-1795.438138 1938.97066 1055.512021)
(-1520.500755 1938.97066 1055.512021)
(-1245.563372 1938.97066 1055.512021)
(-970.6259897 1938.97066 1055.512021)
(-695.6886069 1938.97066 1055.512021)
(-420.7512241 1938.97066 1055.512021)
(-145.8138414 1938.97066 1055.512021)
(129.1235414 1938.97066 1055.512021)
(404.0609241 1938.97066 1055.512021)
(678.9983069 1938.97066 1055.512021)
(953.9356897 1938.97066 1055.512021)
(1228.873072 1938.97066 1055.512021)
(1503.810455 1938.97066 1055.512021)
(1778.747838 1938.97066 1055.512021)
(2053.685221 1938.97066 1055.512021)
(2328.622603 1938.97066 1055.512021)
(2603.559986 1938.97066 1055.512021)
(2878.497369 1938.97066 1055.512021)
(3153.434752 1938.97066 1055.512021)
(3428.372134 1938.97066 1055.512021)
(3703.309517 1938.97066 1055.512021)
(3978.2469 1938.97066 1055.512021)
(-3994.9372 2166.77592 1055.512021)
(-3719.999817 2166.77592 1055.512021)
(-3445.062434 2166.77592 1055.512021)
(-3170.125052 2166.77592 1055.512021)
(-2895.187669 2166.77592 1055.512021)
(-2620.250286 2166.77592 1055.512021)
(-2345.312903 2166.77592 1055.512021)
(-2070.375521 2166.77592 1055.512021)
(-1795.438138 2166.77592 1055.512021)
(-1520.500755 2166.77592 1055.512021)
(-1245.563372 2166.77592 1055.512021)
(-970.6259897 2166.77592 1055.512021)
(-695.6886069 2166.77592 1055.512021)
(-420.7512241 2166.77592 1055.512021)
(-145.8138414 2166.77592 1055.512021)
(129.1235414 2166.77592 1055.512021)
(404.0609241 2166.77592 1055.512021)
(678.9983069 2166.77592 1055.512021)
(953.9356897 2166.77592 1055.512021)
(1228.873072 2166.77592 1055.512021)
(1503.810455 2166.77592 1055.512021)
(1778.747838 2166.77592 1055.512021)
(2053.685221 2166.77592 1055.512021)
(2328.622603 2166.77592 1055.512021)
(2603.559986 2166.77592 1055.512021)
(2878.497369 2166.77592 1055.512021)
(3153.434752 2166.77592 1055.512021)
(3428.372134 2166.77592 1055.512021)
(3703.309517 2166.77592 1055.512021)
(3978.2469 2166.77592 1055.512021)
(-3994.9372 2394.58118 1055.512021)
(-3719.999817 2394.58118 1055.512021)
(-3445.062434 2394.58118 1055.512021)
(-3170.125052 2394.58118 1055.512021)
(-2895.187669 2394.58118 1055.512021)
(-2620.250286 2394.58118 1055.512021)
(-2345.312903 2394.58118 1055.512021)
(-2070.375521 2394.58118 1055.512021)
(-1795.438138 2394.58118 1055.512021)
(-1520.500755 2394.58118 1055.512021)
(-1245.563372 2394.58118 1055.512021)
(-970.6259897 2394.58118 1055.512021)
(-695.6886069 2394.58118 1055.512021)
(-420.7512241 2394.58118 1055.512021)
(-145.8138414 2394.58118 1055.512021)
(129.1235414 2394.58118 1055.512021)
(404.0609241 2394.58118 1055.512021)
(678.9983069 2394.58118 1055.512021)
(953.9356897 2394.58118 1055.512021)
(1228.873072 2394.58118 1055.512021)
(1503.810455 2394.58118 1055.512021)
(1778.747838 2394.58118 1055.512021)
(2053.685221 2394.58118 1055.512021)
(2328.622603 2394.58118 1055.512021)
(2603.559986 2394.58118 1055.512021)
(2878.497369 2394.58118 1055.512021)
(3153.434752 2394.58118 1055.512021)
(3428.372134 2394.58118 1055.512021)
(3703.309517 2394.58118 1055.512021)
(3978.2469 2394.58118 1055.512021)
(-3994.9372 2622.38644 1055.512021)
(-3719.999817 2622.38644 1055.512021)
(-3445.062434 2622.38644 1055.512021)
(-3170.125052 2622.38644 1055.512021)
(-2895.187669 2622.38644 1055.512021)
(-2620.250286 2622.38644 1055.512021)
(-2345.312903 2622.38644 1055.512021)
(-2070.375521 2622.38644 1055.512021)
(-1795.438138 2622.38644 1055.512021)
(-1520.500755 2622.38644 1055.512021)
(-1245.563372 2622.38644 1055.512021)
(-970.6259897 2622.38644 1055.512021)
(-695.6886069 2622.38644 1055.512021)
(-420.7512241 2622.38644 1055.512021)
(-145.8138414 2622.38644 1055.512021)
(129.1235414 2622.38644 1055.512021)
(404.0609241 2622.38644 1055.512021)
(678.9983069 2622.38644 1055.512021)
(953.9356897 2622.38644 1055.512021)
(1228.873072 2622.38644 1055.512021)
(1503.810455 2622.38644 1055.512021)
(1778.747838 2622.38644 1055.512021)
(2053.685221 2622.38644 1055.512021)
(2328.622603 2622.38644 1055.512021)
(2603.559986 2622.38644 1055.512021)
(2878.497369 2622.38644 1055.512021)
(3153.434752 2622.38644 1055.512021)
(3428.372134 2622.38644 1055.512021)
(3703.309517 2622.38644 1055.512021)
(3978.2469 2622.38644 1055.512021)
(-3994.9372 2850.1917 1055.512021)
(-3719.999817 2850.1917 1055.512021)
(-3445.062434 2850.1917 1055.512021)
(-3170.125052 2850.1917 1055.512021)
(-2895.187669 2850.1917 1055.512021)
(-2620.250286 2850.1917 1055.512021)
(-2345.312903 2850.1917 1055.512021)
(-2070.375521 2850.1917 1055.512021)
(-1795.438138 2850.1917 1055.512021)
(-1520.500755 2850.1917 1055.512021)
(-1245.563372 2850.1917 1055.512021)
(-970.6259897 2850.1917 1055.512021)
(-695.6886069 2850.1917 1055.512021)
(-420.7512241 2850.1917 1055.512021)
(-145.8138414 2850.1917 1055.512021)
(129.1235414 2850.1917 1055.512021)
(404.0609241 2850.1917 1055.512021)
(678.9983069 2850.1917 1055.512021)
(953.9356897 2850.1917 1055.512021)
(1228.873072 2850.1917 1055.512021)
(1503.810455 2850.1917 1055.512021)
(1778.747838 2850.1917 1055.512021)
(2053.685221 2850.1917 1055.512021)
(2328.622603 2850.1917 1055.512021)
(2603.559986 2850.1917 1055.512021)
(2878.497369 2850.1917 1055.512021)
(3153.434752 2850.1917 1055.512021)
(3428.372134 2850.1917 1055.512021)
(3703.309517 2850.1917 1055.512021)
(3978.2469 2850.1917 1055.512021)
(-3994.9372 3077.99696 1055.512021)
(-3719.999817 3077.99696 1055.512021)
(-3445.062434 3077.99696 1055.512021)
(-3170.125052 3077.99696 1055.512021)
(-2895.187669 3077.99696 1055.512021)
(-2620.250286 3077.99696 1055.512021)
(-2345.312903 3077.99696 1055.512021)
(-2070.375521 3077.99696 1055.512021)
(-1795.438138 3077.99696 1055.512021)
(-1520.500755 3077.99696 1055.512021)
(-1245.563372 3077.99696 1055.512021)
(-970.6259897 3077.99696 1055.512021)
(-695.6886069 3077.99696 1055.512021)
(-420.7512241 3077.99696 1055.512021)
(-145.8138414 3077.99696 1055.512021)
(129.1235414 3077.99696 1055.512021)
(404.0609241 3077.99696 1055.512021)
(678.9983069 3077.99696 1055.512021)
(953.9356897 3077.99696 1055.512021)
(1228.873072 3077.99696 1055.512021)
(1503.810455 3077.99696 1055.512021)
(1778.747838 3077.99696 1055.512021)
(2053.685221 3077.99696 1055.512021)
(2328.622603 3077.99696 1055.512021)
(2603.559986 3077.99696 1055.512021)
(2878.497369 3077.99696 1055.512021)
(3153.434752 3077.99696 1055.512021)
(3428.372134 3077.99696 1055.512021)
(3703.309517 3077.99696 1055.512021)
(3978.2469 3077.99696 1055.512021)
(-3994.9372 3305.80222 1055.512021)
(-3719.999817 3305.80222 1055.512021)
(-3445.062434 3305.80222 1055.512021)
(-3170.125052 3305.80222 1055.512021)
(-2895.187669 3305.80222 1055.512021)
(-2620.250286 3305.80222 1055.512021)
(-2345.312903 3305.80222 1055.512021)
(-2070.375521 3305.80222 1055.512021)
(-1795.438138 3305.80222 1055.512021)
(-1520.500755 3305.80222 1055.512021)
(-1245.563372 3305.80222 1055.512021)
(-970.6259897 3305.80222 1055.512021)
(-695.6886069 3305.80222 1055.512021)
(-420.7512241 3305.80222 1055.512021)
(-145.8138414 3305.80222 1055.512021)
(129.1235414 3305.80222 1055.512021)
(404.0609241 3305.80222 1055.512021)
(678.9983069 3305.80222 1055.512021)
(953.9356897 3305.80222 1055.512021)
(1228.873072 3305.80222 1055.512021)
(1503.810455 3305.80222 1055.512021)
(1778.747838 3305.80222 1055.512021)
(2053.685221 3305.80222 1055.512021)
(2328.622603 3305.80222 1055.512021)
(2603.559986 3305.80222 1055.512021)
(2878.497369 3305.80222 1055.512021)
(3153.434752 3305.80222 1055.512021)
(3428.372134 3305.80222 1055.512021)
(3703.309517 3305.80222 1055.512021)
(3978.2469 3305.80222 1055.512021)
(-3994.9372 3533.60748 1055.512021)
(-3719.999817 3533.60748 1055.512021)
(-3445.062434 3533.60748 1055.512021)
(-3170.125052 3533.60748 1055.512021)
(-2895.187669 3533.60748 1055.512021)
(-2620.250286 3533.60748 1055.512021)
(-2345.312903 3533.60748 1055.512021)
(-2070.375521 3533.60748 1055.512021)
(-1795.438138 3533.60748 1055.512021)
(-1520.500755 3533.60748 1055.512021)
(-1245.563372 3533.60748 1055.512021)
(-970.6259897 3533.60748 1055.512021)
(-695.6886069 3533.60748 1055.512021)
(-420.7512241 3533.60748 1055.512021)
(-145.8138414 3533.60748 1055.512021)
(129.1235414 3533.60748 1055.512021)
(404.0609241 3533.60748 1055.512021)
(678.9983069 3533.60748 1055.512021)
(953.9356897 3533.60748 1055.512021)
(1228.873072 3533.60748 1055.512021)
(1503.810455 3533.60748 1055.512021)
(1778.747838 3533.60748 1055.512021)
(2053.685221 3533.60748 1055.512021)
(2328.622603 3533.60748 1055.512021)
(2603.559986 3533.60748 1055.512021)
(2878.497369 3533.60748 1055.512021)
(3153.434752 3533.60748 1055.512021)
(3428.372134 3533.60748 1055.512021)
(3703.309517 3533.60748 1055.512021)
(3978.2469 3533.60748 1055.512021)
(-3994.9372 3761.41274 1055.512021)
(-3719.999817 3761.41274 1055.512021)
(-3445.062434 3761.41274 1055.512021)
(-3170.125052 3761.41274 1055.512021)
(-2895.187669 3761.41274 1055.512021)
(-2620.250286 3761.41274 1055.512021)
(-2345.312903 3761.41274 1055.512021)
(-2070.375521 3761.41274 1055.512021)
(-1795.438138 3761.41274 1055.512021)
(-1520.500755 3761.41274 1055.512021)
(-1245.563372 3761.41274 1055.512021)
(-970.6259897 3761.41274 1055.512021)
(-695.6886069 3761.41274 1055.512021)
(-420.7512241 3761.41274 1055.512021)
(-145.8138414 3761.41274 1055.512021)
(129.1235414 3761.41274 1055.512021)
(404.0609241 3761.41274 1055.512021)
(678.9983069 3761.41274 1055.512021)
(953.9356897 3761.41274 1055.512021)
(1228.873072 3761.41274 1055.512021)
(1503.810455 3761.41274 1055.512021)
(1778.747838 3761.41274 1055.512021)
(2053.685221 3761.41274 1055.512021)
(2328.622603 3761.41274 1055.512021)
(2603.559986 3761.41274 1055.512021)
(2878.497369 3761.41274 1055.512021)
(3153.434752 3761.41274 1055.512021)
(3428.372134 3761.41274 1055.512021)
(3703.309517 3761.41274 1055.512021)
(3978.2469 3761.41274 1055.512021)
(-3994.9372 3989.218 1055.512021)
(-3719.999817 3989.218 1055.512021)
(-3445.062434 3989.218 1055.512021)
(-3170.125052 3989.218 1055.512021)
(-2895.187669 3989.218 1055.512021)
(-2620.250286 3989.218 1055.512021)
(-2345.312903 3989.218 1055.512021)
(-2070.375521 3989.218 1055.512021)
(-1795.438138 3989.218 1055.512021)
(-1520.500755 3989.218 1055.512021)
(-1245.563372 3989.218 1055.512021)
(-970.6259897 3989.218 1055.512021)
(-695.6886069 3989.218 1055.512021)
(-420.7512241 3989.218 1055.512021)
(-145.8138414 3989.218 1055.512021)
(129.1235414 3989.218 1055.512021)
(404.0609241 3989.218 1055.512021)
(678.9983069 3989.218 1055.512021)
(953.9356897 3989.218 1055.512021)
(1228.873072 3989.218 1055.512021)
(1503.810455 3989.218 1055.512021)
(1778.747838 3989.218 1055.512021)
(2053.685221 3989.218 1055.512021)
(2328.622603 3989.218 1055.512021)
(2603.559986 3989.218 1055.512021)
(2878.497369 3989.218 1055.512021)
(3153.434752 3989.218 1055.512021)
(3428.372134 3989.218 1055.512021)
(3703.309517 3989.218 1055.512021)
(3978.2469 3989.218 1055.512021)
(-3994.9372 -3983.9661 1475.153289)
(-3719.999817 -3983.9661 1475.153289)
(-3445.062434 -3983.9661 1475.153289)
(-3170.125052 -3983.9661 1475.153289)
(-2895.187669 -3983.9661 1475.153289)
(-2620.250286 -3983.9661 1475.153289)
(-2345.312903 -3983.9661 1475.153289)
(-2070.375521 -3983.9661 1475.153289)
(-1795.438138 -3983.9661 1475.153289)
(-1520.500755 -3983.9661 1475.153289)
(-1245.563372 -3983.9661 1475.153289)
(-970.6259897 -3983.9661 1475.153289)
(-695.6886069 -3983.9661 1475.153289)
(-420.7512241 -3983.9661 1475.153289)
(-145.8138414 -3983.9661 1475.153289)
(129.1235414 -3983.9661 1475.153289)
(404.0609241 -3983.9661 1475.153289)
(678.9983069 -3983.9661 1475.153289)
(953.9356897 -3983.9661 1475.153289)
(1228.873072 -3983.9661 1475.153289)
(1503.810455 -3983.9661 1475.153289)
(1778.747838 -3983.9661 1475.153289)
(2053.685221 -3983.9661 1475.153289)
(2328.622603 -3983.9661 1475.153289)
(2603.559986 -3983.9661 1475.153289)
(2878.497369 -3983.9661 1475.153289)
(3153.434752 -3983.9661 1475.153289)
(3428.372134 -3983.9661 1475.153289)
(3703.309517 -3983.9661 1475.153289)
(3978.2469 -3983.9661 1475.153289)
(-3994.9372 -3756.16084 1475.153289)
(-3719.999817 -3756.16084 1475.153289)
(-3445.062434 -3756.16084 1475.153289)
(-3170.125052 -3756.16084 1475.153289)
(-2895.187669 -3756.16084 1475.153289)
(-2620.250286 -3756.16084 1475.153289)
(-2345.312903 -3756.16084 1475.153289)
(-2070.375521 -3756.16084 1475.153289)
(-1795.438138 -3756.16084 1475.153289)
(-1520.500755 -3756.16084 1475.153289)
(-1245.563372 -3756.16084 1475.153289)
(-970.6259897 -3756.16084 1475.153289)
(-695.6886069 -3756.16084 1475.153289)
(-420.7512241 -3756.16084 1475.153289)
(-145.8138414 -3756.16084 1475.153289)
(129.1235414 -3756.16084 1475.153289)
(404.0609241 -3756.16084 1475.153289)
(678.9983069 -3756.16084 1475.153289)
(953.9356897 -3756.16084 1475.153289)
(1228.873072 -3756.16084 1475.153289)
(1503.810455 -3756.16084 1475.153289)
(1778.747838 -3756.16084 1475.153289)
(2053.685221 -3756.16084 1475.153289)
(2328.622603 -3756.16084 1475.153289)
(2603.559986 -3756.16084 1475.153289)
(2878.497369 -3756.16084 1475.153289)
(3153.434752 -3756.16084 1475.153289)
(3428.372134 -3756.16084 1475.153289)
(3703.309517 -3756.16084 1475.153289)
(3978.2469 -3756.16084 1475.153289)
(-3994.9372 -3528.35558 1475.153289)
(-3719.999817 -3528.35558 1475.153289)
(-3445.062434 -3528.35558 1475.153289)
(-3170.125052 -3528.35558 1475.153289)
(-2895.187669 -3528.35558 1475.153289)
(-2620.250286 -3528.35558 1475.153289)
(-2345.312903 -3528.35558 1475.153289)
(-2070.375521 -3528.35558 1475.153289)
(-1795.438138 -3528.35558 1475.153289)
(-1520.500755 -3528.35558 1475.153289)
(-1245.563372 -3528.35558 1475.153289)
(-970.6259897 -3528.35558 1475.153289)
(-695.6886069 -3528.35558 1475.153289)
(-420.7512241 -3528.35558 1475.153289)
(-145.8138414 -3528.35558 1475.153289)
(129.1235414 -3528.35558 1475.153289)
(404.0609241 -3528.35558 1475.153289)
(678.9983069 -3528.35558 1475.153289)
(953.9356897 -3528.35558 1475.153289)
(1228.873072 -3528.35558 1475.153289)
(1503.810455 -3528.35558 1475.153289)
(1778.747838 -3528.35558 1475.153289)
(2053.685221 -3528.35558 1475.153289)
(2328.622603 -3528.35558 1475.153289)
(2603.559986 -3528.35558 1475.153289)
(2878.497369 -3528.35558 1475.153289)
(3153.434752 -3528.35558 1475.153289)
(3428.372134 -3528.35558 1475.153289)
(3703.309517 -3528.35558 1475.153289)
(3978.2469 -3528.35558 1475.153289)
(-3994.9372 -3300.55032 1475.153289)
(-3719.999817 -3300.55032 1475.153289)
(-3445.062434 -3300.55032 1475.153289)
(-3170.125052 -3300.55032 1475.153289)
(-2895.187669 -3300.55032 1475.153289)
(-2620.250286 -3300.55032 1475.153289)
(-2345.312903 -3300.55032 1475.153289)
(-2070.375521 -3300.55032 1475.153289)
(-1795.438138 -3300.55032 1475.153289)
(-1520.500755 -3300.55032 1475.153289)
(-1245.563372 -3300.55032 1475.153289)
(-970.6259897 -3300.55032 1475.153289)
(-695.6886069 -3300.55032 1475.153289)
(-420.7512241 -3300.55032 1475.153289)
(-145.8138414 -3300.55032 1475.153289)
(129.1235414 -3300.55032 1475.153289)
(404.0609241 -3300.55032 1475.153289)
(678.9983069 -3300.55032 1475.153289)
(953.9356897 -3300.55032 1475.153289)
(1228.873072 -3300.55032 1475.153289)
(1503.810455 -3300.55032 1475.153289)
(1778.747838 -3300.55032 1475.153289)
(2053.685221 -3300.55032 1475.153289)
(2328.622603 -3300.55032 1475.153289)
(2603.559986 -3300.55032 1475.153289)
(2878.497369 -3300.55032 1475.153289)
(3153.434752 -3300.55032 1475.153289)
(3428.372134 -3300.55032 1475.153289)
(3703.309517 -3300.55032 1475.153289)
(3978.2469 -3300.55032 1475.153289)
(-3994.9372 -3072.74506 1475.153289)
(-3719.999817 -3072.74506 1475.153289)
(-3445.062434 -3072.74506 1475.153289)
(-3170.125052 -3072.74506 1475.153289)
(-2895.187669 -3072.74506 1475.153289)
(-2620.250286 -3072.74506 1475.153289)
(-2345.312903 -3072.74506 1475.153289)
(-2070.375521 -3072.74506 1475.153289)
(-1795.438138 -3072.74506 1475.153289)
(-1520.500755 -3072.74506 1475.153289)
(-1245.563372 -3072.74506 1475.153289)
(-970.6259897 -3072.74506 1475.153289)
(-695.6886069 -3072.74506 1475.153289)
(-420.7512241 -3072.74506 1475.153289)
(-145.8138414 -3072.74506 1475.153289)
(129.1235414 -3072.74506 1475.153289)
(404.0609241 -3072.74506 1475.153289)
(678.9983069 -3072.74506 1475.153289)
(953.9356897 -3072.74506 1475.153289)
(1228.873072 -3072.74506 1475.153289)
(1503.810455 -3072.74506 1475.153289)
(1778.747838 -3072.74506 1475.153289)
(2053.685221 -3072.74506 1475.153289)
(2328.622603 -3072.74506 1475.153289)
(2603.559986 -3072.74506 1475.153289)
(2878.497369 -3072.74506 1475.153289)
(3153.434752 -3072.74506 1475.153289)
(3428.372134 -3072.74506 1475.153289)
(3703.309517 -3072.74506 1475.153289)
(3978.2469 -3072.74506 1475.153289)
(-3994.9372 -2844.9398 1475.153289)
(-3719.999817 -2844.9398 1475.153289)
(-3445.062434 -2844.9398 1475.153289)
(-3170.125052 -2844.9398 1475.153289)
(-2895.187669 -2844.9398 1475.153289)
(-2620.250286 -2844.9398 1475.153289)
(-2345.312903 -2844.9398 1475.153289)
(-2070.375521 -2844.9398 1475.153289)
(-1795.438138 -2844.9398 1475.153289)
(-1520.500755 -2844.9398 1475.153289)
(-1245.563372 -2844.9398 1475.153289)
(-970.6259897 -2844.9398 1475.153289)
(-695.6886069 -2844.9398 1475.153289)
(-420.7512241 -2844.9398 1475.153289)
(-145.8138414 -2844.9398 1475.153289)
(129.1235414 -2844.9398 1475.153289)
(404.0609241 -2844.9398 1475.153289)
(678.9983069 -2844.9398 1475.153289)
(953.9356897 -2844.9398 1475.153289)
(1228.873072 -2844.9398 1475.153289)
(1503.810455 -2844.9398 1475.153289)
(1778.747838 -2844.9398 1475.153289)
(2053.685221 -2844.9398 1475.153289)
(2328.622603 -2844.9398 1475.153289)
(2603.559986 -2844.9398 1475.153289)
(2878.497369 -2844.9398 1475.153289)
(3153.434752 -2844.9398 1475.153289)
(3428.372134 -2844.9398 1475.153289)
(3703.309517 -2844.9398 1475.153289)
(3978.2469 -2844.9398 1475.153289)
(-3994.9372 -2617.13454 1475.153289)
(-3719.999817 -2617.13454 1475.153289)
(-3445.062434 -2617.13454 1475.153289)
(-3170.125052 -2617.13454 1475.153289)
(-2895.187669 -2617.13454 1475.153289)
(-2620.250286 -2617.13454 1475.153289)
(-2345.312903 -2617.13454 1475.153289)
(-2070.375521 -2617.13454 1475.153289)
(-1795.438138 -2617.13454 1475.153289)
(-1520.500755 -2617.13454 1475.153289)
(-1245.563372 -2617.13454 1475.153289)
(-970.6259897 -2617.13454 1475.153289)
(-695.6886069 -2617.13454 1475.153289)
(-420.7512241 -2617.13454 1475.153289)
(-145.8138414 -2617.13454 1475.153289)
(129.1235414 -2617.13454 1475.153289)
(404.0609241 -2617.13454 1475.153289)
(678.9983069 -2617.13454 1475.153289)
(953.9356897 -2617.13454 1475.153289)
(1228.873072 -2617.13454 1475.153289)
(1503.810455 -2617.13454 1475.153289)
(1778.747838 -2617.13454 1475.153289)
(2053.685221 -2617.13454 1475.153289)
(2328.622603 -2617.13454 1475.153289)
(2603.559986 -2617.13454 1475.153289)
(2878.497369 -2617.13454 1475.153289)
(3153.434752 -2617.13454 1475.153289)
(3428.372134 -2617.13454 1475.153289)
(3703.309517 -2617.13454 1475.153289)
(3978.2469 -2617.13454 1475.153289)
(-3994.9372 -2389.32928 1475.153289)
(-3719.999817 -2389.32928 1475.153289)
(-3445.062434 -2389.32928 1475.153289)
(-3170.125052 -2389.32928 1475.153289)
(-2895.187669 -2389.32928 1475.153289)
(-2620.250286 -2389.32928 1475.153289)
(-2345.312903 -2389.32928 1475.153289)
(-2070.375521 -2389.32928 1475.153289)
(-1795.438138 -2389.32928 1475.153289)
(-1520.500755 -2389.32928 1475.153289)
(-1245.563372 -2389.32928 1475.153289)
(-970.6259897 -2389.32928 1475.153289)
(-695.6886069 -2389.32928 1475.153289)
(-420.7512241 -2389.32928 1475.153289)
(-145.8138414 -2389.32928 1475.153289)
(129.1235414 -2389.32928 1475.153289)
(404.0609241 -2389.32928 1475.153289)
(678.9983069 -2389.32928 1475.153289)
(953.9356897 -2389.32928 1475.153289)
(1228.873072 -2389.32928 1475.153289)
(1503.810455 -2389.32928 1475.153289)
(1778.747838 -2389.32928 1475.153289)
(2053.685221 -2389.32928 1475.153289)
(2328.622603 -2389.32928 1475.153289)
(2603.559986 -2389.32928 1475.153289)
(2878.497369 -2389.32928 1475.153289)
(3153.434752 -2389.32928 1475.153289)
(3428.372134 -2389.32928 1475.153289)
(3703.309517 -2389.32928 1475.153289)
(3978.2469 -2389.32928 1475.153289)
(-3994.9372 -2161.52402 1475.153289)
(-3719.999817 -2161.52402 1475.153289)
(-3445.062434 -2161.52402 1475.153289)
(-3170.125052 -2161.52402 1475.153289)
(-2895.187669 -2161.52402 1475.153289)
(-2620.250286 -2161.52402 1475.153289)
(-2345.312903 -2161.52402 1475.153289)
(-2070.375521 -2161.52402 1475.153289)
(-1795.438138 -2161.52402 1475.153289)
(-1520.500755 -2161.52402 1475.153289)
(-1245.563372 -2161.52402 1475.153289)
(-970.6259897 -2161.52402 1475.153289)
(-695.6886069 -2161.52402 1475.153289)
(-420.7512241 -2161.52402 1475.153289)
(-145.8138414 -2161.52402 1475.153289)
(129.1235414 -2161.52402 1475.153289)
(404.0609241 -2161.52402 1475.153289)
(678.9983069 -2161.52402 1475.153289)
(953.9356897 -2161.52402 1475.153289)
(1228.873072 -2161.52402 1475.153289)
(1503.810455 -2161.52402 1475.153289)
(1778.747838 -2161.52402 1475.153289)
(2053.685221 -2161.52402 1475.153289)
(2328.622603 -2161.52402 1475.153289)
(2603.559986 -2161.52402 1475.153289)
(2878.497369 -2161.52402 1475.153289)
(3153.434752 -2161.52402 1475.153289)
(3428.372134 -2161.52402 1475.153289)
(3703.309517 -2161.52402 1475.153289)
(3978.2469 -2161.52402 1475.153289)
(-3994.9372 -1933.71876 1475.153289)
(-3719.999817 -1933.71876 1475.153289)
(-3445.062434 -1933.71876 1475.153289)
(-3170.125052 -1933.71876 1475.153289)
(-2895.187669 -1933.71876 1475.153289)
(-2620.250286 -1933.71876 1475.153289)
(-2345.312903 -1933.71876 1475.153289)
(-2070.375521 -1933.71876 1475.153289)
(-1795.438138 -1933.71876 1475.153289)
(-1520.500755 -1933.71876 1475.153289)
(-1245.563372 -1933.71876 1475.153289)
(-970.6259897 -1933.71876 1475.153289)
(-695.6886069 -1933.71876 1475.153289)
(-420.7512241 -1933.71876 1475.153289)
(-145.8138414 -1933.71876 1475.153289)
(129.1235414 -1933.71876 1475.153289)
(404.0609241 -1933.71876 1475.153289)
(678.9983069 -1933.71876 1475.153289)
(953.9356897 -1933.71876 1475.153289)
(1228.873072 -1933.71876 1475.153289)
(1503.810455 -1933.71876 1475.153289)
(1778.747838 -1933.71876 1475.153289)
(2053.685221 -1933.71876 1475.153289)
(2328.622603 -1933.71876 1475.153289)
(2603.559986 -1933.71876 1475.153289)
(2878.497369 -1933.71876 1475.153289)
(3153.434752 -1933.71876 1475.153289)
(3428.372134 -1933.71876 1475.153289)
(3703.309517 -1933.71876 1475.153289)
(3978.2469 -1933.71876 1475.153289)
(-3994.9372 -1705.9135 1475.153289)
(-3719.999817 -1705.9135 1475.153289)
(-3445.062434 -1705.9135 1475.153289)
(-3170.125052 -1705.9135 1475.153289)
(-2895.187669 -1705.9135 1475.153289)
(-2620.250286 -1705.9135 1475.153289)
(-2345.312903 -1705.9135 1475.153289)
(-2070.375521 -1705.9135 1475.153289)
(-1795.438138 -1705.9135 1475.153289)
(-1520.500755 -1705.9135 1475.153289)
(-1245.563372 -1705.9135 1475.153289)
(-970.6259897 -1705.9135 1475.153289)
(-695.6886069 -1705.9135 1475.153289)
(-420.7512241 -1705.9135 1475.153289)
(-145.8138414 -1705.9135 1475.153289)
(129.1235414 -1705.9135 1475.153289)
(404.0609241 -1705.9135 1475.153289)
(678.9983069 -1705.9135 1475.153289)
(953.9356897 -1705.9135 1475.153289)
(1228.873072 -1705.9135 1475.153289)
(1503.810455 -1705.9135 1475.153289)
(1778.747838 -1705.9135 1475.153289)
(2053.685221 -1705.9135 1475.153289)
(2328.622603 -1705.9135 1475.153289)
(2603.559986 -1705.9135 1475.153289)
(2878.497369 -1705.9135 1475.153289)
(3153.434752 -1705.9135 1475.153289)
(3428.372134 -1705.9135 1475.153289)
(3703.309517 -1705.9135 1475.153289)
(3978.2469 -1705.9135 1475.153289)
(-3994.9372 -1478.10824 1475.153289)
(-3719.999817 -1478.10824 1475.153289)
(-3445.062434 -1478.10824 1475.153289)
(-3170.125052 -1478.10824 1475.153289)
(-2895.187669 -1478.10824 1475.153289)
(-2620.250286 -1478.10824 1475.153289)
(-2345.312903 -1478.10824 1475.153289)
(-2070.375521 -1478.10824 1475.153289)
(-1795.438138 -1478.10824 1475.153289)
(-1520.500755 -1478.10824 1475.153289)
(-1245.563372 -1478.10824 1475.153289)
(-970.6259897 -1478.10824 1475.153289)
(-695.6886069 -1478.10824 1475.153289)
(-420.7512241 -1478.10824 1475.153289)
(-145.8138414 -1478.10824 1475.153289)
(129.1235414 -1478.10824 1475.153289)
(404.0609241 -1478.10824 1475.153289)
(678.9983069 -1478.10824 1475.153289)
(953.9356897 -1478.10824 1475.153289)
(1228.873072 -1478.10824 1475.153289)
(1503.810455 -1478.10824 1475.153289)
(1778.747838 -1478.10824 1475.153289)
(2053.685221 -1478.10824 1475.153289)
(2328.622603 -1478.10824 1475.153289)
(2603.559986 -1478.10824 1475.153289)
(2878.497369 -1478.10824 1475.153289)
(3153.434752 -1478.10824 1475.153289)
(3428.372134 -1478.10824 1475.153289)
(3703.309517 -1478.10824 1475.153289)
(3978.2469 -1478.10824 1475.153289)
(-3994.9372 -1250.30298 1475.153289)
(-3719.999817 -1250.30298 1475.153289)
(-3445.062434 -1250.30298 1475.153289)
(-3170.125052 -1250.30298 1475.153289)
(-2895.187669 -1250.30298 1475.153289)
(-2620.250286 -1250.30298 1475.153289)
(-2345.312903 -1250.30298 1475.153289)
(-2070.375521 -1250.30298 1475.153289)
(-1795.438138 -1250.30298 1475.153289)
(-1520.500755 -1250.30298 1475.153289)
(-1245.563372 -1250.30298 1475.153289)
(-970.6259897 -1250.30298 1475.153289)
(-695.6886069 -1250.30298 1475.153289)
(-420.7512241 -1250.30298 1475.153289)
(-145.8138414 -1250.30298 1475.153289)
(129.1235414 -1250.30298 1475.153289)
(404.0609241 -1250.30298 1475.153289)
(678.9983069 -1250.30298 1475.153289)
(953.9356897 -1250.30298 1475.153289)
(1228.873072 -1250.30298 1475.153289)
(1503.810455 -1250.30298 1475.153289)
(1778.747838 -1250.30298 1475.153289)
(2053.685221 -1250.30298 1475.153289)
(2328.622603 -1250.30298 1475.153289)
(2603.559986 -1250.30298 1475.153289)
(2878.497369 -1250.30298 1475.153289)
(3153.434752 -1250.30298 1475.153289)
(3428.372134 -1250.30298 1475.153289)
(3703.309517 -1250.30298 1475.153289)
(3978.2469 -1250.30298 1475.153289)
(-3994.9372 -1022.49772 1475.153289)
(-3719.999817 -1022.49772 1475.153289)
(-3445.062434 -1022.49772 1475.153289)
(-3170.125052 -1022.49772 1475.153289)
(-2895.187669 -1022.49772 1475.153289)
(-2620.250286 -1022.49772 1475.153289)
(-2345.312903 -1022.49772 1475.153289)
(-2070.375521 -1022.49772 1475.153289)
(-1795.438138 -1022.49772 1475.153289)
(-1520.500755 -1022.49772 1475.153289)
(-1245.563372 -1022.49772 1475.153289)
(-970.6259897 -1022.49772 1475.153289)
(-695.6886069 -1022.49772 1475.153289)
(-420.7512241 -1022.49772 1475.153289)
(-145.8138414 -1022.49772 1475.153289)
(129.1235414 -1022.49772 1475.153289)
(404.0609241 -1022.49772 1475.153289)
(678.9983069 -1022.49772 1475.153289)
(953.9356897 -1022.49772 1475.153289)
(1228.873072 -1022.49772 1475.153289)
(1503.810455 -1022.49772 1475.153289)
(1778.747838 -1022.49772 1475.153289)
(2053.685221 -1022.49772 1475.153289)
(2328.622603 -1022.49772 1475.153289)
(2603.559986 -1022.49772 1475.153289)
(2878.497369 -1022.49772 1475.153289)
(3153.434752 -1022.49772 1475.153289)
(3428.372134 -1022.49772 1475.153289)
(3703.309517 -1022.49772 1475.153289)
(3978.2469 -1022.49772 1475.153289)
(-3994.9372 -794.69246 1475.153289)
(-3719.999817 -794.69246 1475.153289)
(-3445.062434 -794.69246 1475.153289)
(-3170.125052 -794.69246 1475.153289)
(-2895.187669 -794.69246 1475.153289)
(-2620.250286 -794.69246 1475.153289)
(-2345.312903 -794.69246 1475.153289)
(-2070.375521 -794.69246 1475.153289)
(-1795.438138 -794.69246 1475.153289)
(-1520.500755 -794.69246 1475.153289)
(-1245.563372 -794.69246 1475.153289)
(-970.6259897 -794.69246 1475.153289)
(-695.6886069 -794.69246 1475.153289)
(-420.7512241 -794.69246 1475.153289)
(-145.8138414 -794.69246 1475.153289)
(129.1235414 -794.69246 1475.153289)
(404.0609241 -794.69246 1475.153289)
(678.9983069 -794.69246 1475.153289)
(953.9356897 -794.69246 1475.153289)
(1228.873072 -794.69246 1475.153289)
(1503.810455 -794.69246 1475.153289)
(1778.747838 -794.69246 1475.153289)
(2053.685221 -794.69246 1475.153289)
(2328.622603 -794.69246 1475.153289)
(2603.559986 -794.69246 1475.153289)
(2878.497369 -794.69246 1475.153289)
(3153.434752 -794.69246 1475.153289)
(3428.372134 -794.69246 1475.153289)
(3703.309517 -794.69246 1475.153289)
(3978.2469 -794.69246 1475.153289)
(-3994.9372 -566.8872 1475.153289)
(-3719.999817 -566.8872 1475.153289)
(-3445.062434 -566.8872 1475.153289)
(-3170.125052 -566.8872 1475.153289)
(-2895.187669 -566.8872 1475.153289)
(-2620.250286 -566.8872 1475.153289)
(-2345.312903 -566.8872 1475.153289)
(-2070.375521 -566.8872 1475.153289)
(-1795.438138 -566.8872 1475.153289)
(-1520.500755 -566.8872 1475.153289)
(-1245.563372 -566.8872 1475.153289)
(-970.6259897 -566.8872 1475.153289)
(-695.6886069 -566.8872 1475.153289)
(-420.7512241 -566.8872 1475.153289)
(-145.8138414 -566.8872 1475.153289)
(129.1235414 -566.8872 1475.153289)
(404.0609241 -566.8872 1475.153289)
(678.9983069 -566.8872 1475.153289)
(953.9356897 -566.8872 1475.153289)
(1228.873072 -566.8872 1475.153289)
(1503.810455 -566.8872 1475.153289)
(1778.747838 -566.8872 1475.153289)
(2053.685221 -566.8872 1475.153289)
(2328.622603 -566.8872 1475.153289)
(2603.559986 -566.8872 1475.153289)
(2878.497369 -566.8872 1475.153289)
(3153.434752 -566.8872 1475.153289)
(3428.372134 -566.8872 1475.153289)
(3703.309517 -566.8872 1475.153289)
(3978.2469 -566.8872 1475.153289)
(-3994.9372 -339.08194 1475.153289)
(-3719.999817 -339.08194 1475.153289)
(-3445.062434 -339.08194 1475.153289)
(-3170.125052 -339.08194 1475.153289)
(-2895.187669 -339.08194 1475.153289)
(-2620.250286 -339.08194 1475.153289)
(-2345.312903 -339.08194 1475.153289)
(-2070.375521 -339.08194 1475.153289)
(-1795.438138 -339.08194 1475.153289)
(-1520.500755 -339.08194 1475.153289)
(-1245.563372 -339.08194 1475.153289)
(-970.6259897 -339.08194 1475.153289)
(-695.6886069 -339.08194 1475.153289)
(-420.7512241 -339.08194 1475.153289)
(-145.8138414 -339.08194 1475.153289)
(129.1235414 -339.08194 1475.153289)
(404.0609241 -339.08194 1475.153289)
(678.9983069 -339.08194 1475.153289)
(953.9356897 -339.08194 1475.153289)
(1228.873072 -339.08194 1475.153289)
(1503.810455 -339.08194 1475.153289)
(1778.747838 -339.08194 1475.153289)
(2053.685221 -339.08194 1475.153289)
(2328.622603 -339.08194 1475.153289)
(2603.559986 -339.08194 1475.153289)
(2878.497369 -339.08194 1475.153289)
(3153.434752 -339.08194 1475.153289)
(3428.372134 -339.08194 1475.153289)
(3703.309517 -339.08194 1475.153289)
(3978.2469 -339.08194 1475.153289)
(-3994.9372 -111.27668 1475.153289)
(-3719.999817 -111.27668 1475.153289)
(-3445.062434 -111.27668 1475.153289)
(-3170.125052 -111.27668 1475.153289)
(-2895.187669 -111.27668 1475.153289)
(-2620.250286 -111.27668 1475.153289)
(-2345.312903 -111.27668 1475.153289)
(-2070.375521 -111.27668 1475.153289)
(-1795.438138 -111.27668 1475.153289)
(-1520.500755 -111.27668 1475.153289)
(-1245.563372 -111.27668 1475.153289)
(-970.6259897 -111.27668 1475.153289)
(-695.6886069 -111.27668 1475.153289)
(-420.7512241 -111.27668 1475.153289)
(-145.8138414 -111.27668 1475.153289)
(129.1235414 -111.27668 1475.153289)
(404.0609241 -111.27668 1475.153289)
(678.9983069 -111.27668 1475.153289)
(953.9356897 -111.27668 1475.153289)
(1228.873072 -111.27668 1475.153289)
(1503.810455 -111.27668 1475.153289)
(1778.747838 -111.27668 1475.153289)
(2053.685221 -111.27668 1475.153289)
(2328.622603 -111.27668 1475.153289)
(2603.559986 -111.27668 1475.153289)
(2878.497369 -111.27668 1475.153289)
(3153.434752 -111.27668 1475.153289)
(3428.372134 -111.27668 1475.153289)
(3703.309517 -111.27668 1475.153289)
(3978.2469 -111.27668 1475.153289)
(-3994.9372 116.52858 1475.153289)
(-3719.999817 116.52858 1475.153289)
(-3445.062434 116.52858 1475.153289)
(-3170.125052 116.52858 1475.153289)
(-2895.187669 116.52858 1475.153289)
(-2620.250286 116.52858 1475.153289)
(-2345.312903 116.52858 1475.153289)
(-2070.375521 116.52858 1475.153289)
(-1795.438138 116.52858 1475.153289)
(-1520.500755 116.52858 1475.153289)
(-1245.563372 116.52858 1475.153289)
(-970.6259897 116.52858 1475.153289)
(-695.6886069 116.52858 1475.153289)
(-420.7512241 116.52858 1475.153289)
(-145.8138414 116.52858 1475.153289)
(129.1235414 116.52858 1475.153289)
(404.0609241 116.52858 1475.153289)
(678.9983069 116.52858 1475.153289)
(953.9356897 116.52858 1475.153289)
(1228.873072 116.52858 1475.153289)
(1503.810455 116.52858 1475.153289)
(1778.747838 116.52858 1475.153289)
(2053.685221 116.52858 1475.153289)
(2328.622603 116.52858 1475.153289)
(2603.559986 116.52858 1475.153289)
(2878.497369 116.52858 1475.153289)
(3153.434752 116.52858 1475.153289)
(3428.372134 116.52858 1475.153289)
(3703.309517 116.52858 1475.153289)
(3978.2469 116.52858 1475.153289)
(-3994.9372 344.33384 1475.153289)
(-3719.999817 344.33384 1475.153289)
(-3445.062434 344.33384 1475.153289)
(-3170.125052 344.33384 1475.153289)
(-2895.187669 344.33384 1475.153289)
(-2620.250286 344.33384 1475.153289)
(-2345.312903 344.33384 1475.153289)
(-2070.375521 344.33384 1475.153289)
(-1795.438138 344.33384 1475.153289)
(-1520.500755 344.33384 1475.153289)
(-1245.563372 344.33384 1475.153289)
(-970.6259897 344.33384 1475.153289)
(-695.6886069 344.33384 1475.153289)
(-420.7512241 344.33384 1475.153289)
(-145.8138414 344.33384 1475.153289)
(129.1235414 344.33384 1475.153289)
(404.0609241 344.33384 1475.153289)
(678.9983069 344.33384 1475.153289)
(953.9356897 344.33384 1475.153289)
(1228.873072 344.33384 1475.153289)
(1503.810455 344.33384 1475.153289)
(1778.747838 344.33384 1475.153289)
(2053.685221 344.33384 1475.153289)
(2328.622603 344.33384 1475.153289)
(2603.559986 344.33384 1475.153289)
(2878.497369 344.33384 1475.153289)
(3153.434752 344.33384 1475.153289)
(3428.372134 344.33384 1475.153289)
(3703.309517 344.33384 1475.153289)
(3978.2469 344.33384 1475.153289)
(-3994.9372 572.1391 1475.153289)
(-3719.999817 572.1391 1475.153289)
(-3445.062434 572.1391 1475.153289)
(-3170.125052 572.1391 1475.153289)
(-2895.187669 572.1391 1475.153289)
(-2620.250286 572.1391 1475.153289)
(-2345.312903 572.1391 1475.153289)
(-2070.375521 572.1391 1475.153289)
(-1795.438138 572.1391 1475.153289)
(-1520.500755 572.1391 1475.153289)
(-1245.563372 572.1391 1475.153289)
(-970.6259897 572.1391 1475.153289)
(-695.6886069 572.1391 1475.153289)
(-420.7512241 572.1391 1475.153289)
(-145.8138414 572.1391 1475.153289)
(129.1235414 572.1391 1475.153289)
(404.0609241 572.1391 1475.153289)
(678.9983069 572.1391 1475.153289)
(953.9356897 572.1391 1475.153289)
(1228.873072 572.1391 1475.153289)
(1503.810455 572.1391 1475.153289)
(1778.747838 572.1391 1475.153289)
(2053.685221 572.1391 1475.153289)
(2328.622603 572.1391 1475.153289)
(2603.559986 572.1391 1475.153289)
(2878.497369 572.1391 1475.153289)
(3153.434752 572.1391 1475.153289)
(3428.372134 572.1391 1475.153289)
(3703.309517 572.1391 1475.153289)
(3978.2469 572.1391 1475.153289)
(-3994.9372 799.94436 1475.153289)
(-3719.999817 799.94436 1475.153289)
(-3445.062434 799.94436 1475.153289)
(-3170.125052 799.94436 1475.153289)
(-2895.187669 799.94436 1475.153289)
(-2620.250286 799.94436 1475.153289)
(-2345.312903 799.94436 1475.153289)
(-2070.375521 799.94436 1475.153289)
(-1795.438138 799.94436 1475.153289)
(-1520.500755 799.94436 1475.153289)
(-1245.563372 799.94436 1475.153289)
(-970.6259897 799.94436 1475.153289)
(-695.6886069 799.94436 1475.153289)
(-420.7512241 799.94436 1475.153289)
(-145.8138414 799.94436 1475.153289)
(129.1235414 799.94436 1475.153289)
(404.0609241 799.94436 1475.153289)
(678.9983069 799.94436 1475.153289)
(953.9356897 799.94436 1475.153289)
(1228.873072 799.94436 1475.153289)
(1503.810455 799.94436 1475.153289)
(1778.747838 799.94436 1475.153289)
(2053.685221 799.94436 1475.153289)
(2328.622603 799.94436 1475.153289)
(2603.559986 799.94436 1475.153289)
(2878.497369 799.94436 1475.153289)
(3153.434752 799.94436 1475.153289)
(3428.372134 799.94436 1475.153289)
(3703.309517 799.94436 1475.153289)
(3978.2469 799.94436 1475.153289)
(-3994.9372 1027.74962 1475.153289)
(-3719.999817 1027.74962 1475.153289)
(-3445.062434 1027.74962 1475.153289)
(-3170.125052 1027.74962 1475.153289)
(-2895.187669 1027.74962 1475.153289)
(-2620.250286 1027.74962 1475.153289)
(-2345.312903 1027.74962 1475.153289)
(-2070.375521 1027.74962 1475.153289)
(-1795.438138 1027.74962 1475.153289)
(-1520.500755 1027.74962 1475.153289)
(-1245.563372 1027.74962 1475.153289)
(-970.6259897 1027.74962 1475.153289)
(-695.6886069 1027.74962 1475.153289)
(-420.7512241 1027.74962 1475.153289)
(-145.8138414 1027.74962 1475.153289)
(129.1235414 1027.74962 1475.153289)
(404.0609241 1027.74962 1475.153289)
(678.9983069 1027.74962 1475.153289)
(953.9356897 1027.74962 1475.153289)
(1228.873072 1027.74962 1475.153289)
(1503.810455 1027.74962 1475.153289)
(1778.747838 1027.74962 1475.153289)
(2053.685221 1027.74962 1475.153289)
(2328.622603 1027.74962 1475.153289)
(2603.559986 1027.74962 1475.153289)
(2878.497369 1027.74962 1475.153289)
(3153.434752 1027.74962 1475.153289)
(3428.372134 1027.74962 1475.153289)
(3703.309517 1027.74962 1475.153289)
(3978.2469 1027.74962 1475.153289)
(-3994.9372 1255.55488 1475.153289)
(-3719.999817 1255.55488 1475.153289)
(-3445.062434 1255.55488 1475.153289)
(-3170.125052 1255.55488 1475.153289)
(-2895.187669 1255.55488 1475.153289)
(-2620.250286 1255.55488 1475.153289)
(-2345.312903 1255.55488 1475.153289)
(-2070.375521 1255.55488 1475.153289)
(-1795.438138 1255.55488 1475.153289)
(-1520.500755 1255.55488 1475.153289)
(-1245.563372 1255.55488 1475.153289)
(-970.6259897 1255.55488 1475.153289)
(-695.6886069 1255.55488 1475.153289)
(-420.7512241 1255.55488 1475.153289)
(-145.8138414 1255.55488 1475.153289)
(129.1235414 1255.55488 1475.153289)
(404.0609241 1255.55488 1475.153289)
(678.9983069 1255.55488 1475.153289)
(953.9356897 1255.55488 1475.153289)
(1228.873072 1255.55488 1475.153289)
(1503.810455 1255.55488 1475.153289)
(1778.747838 1255.55488 1475.153289)
(2053.685221 1255.55488 1475.153289)
(2328.622603 1255.55488 1475.153289)
(2603.559986 1255.55488 1475.153289)
(2878.497369 1255.55488 1475.153289)
(3153.434752 1255.55488 1475.153289)
(3428.372134 1255.55488 1475.153289)
(3703.309517 1255.55488 1475.153289)
(3978.2469 1255.55488 1475.153289)
(-3994.9372 1483.36014 1475.153289)
(-3719.999817 1483.36014 1475.153289)
(-3445.062434 1483.36014 1475.153289)
(-3170.125052 1483.36014 1475.153289)
(-2895.187669 1483.36014 1475.153289)
(-2620.250286 1483.36014 1475.153289)
(-2345.312903 1483.36014 1475.153289)
(-2070.375521 1483.36014 1475.153289)
(-1795.438138 1483.36014 1475.153289)
(-1520.500755 1483.36014 1475.153289)
(-1245.563372 1483.36014 1475.153289)
(-970.6259897 1483.36014 1475.153289)
(-695.6886069 1483.36014 1475.153289)
(-420.7512241 1483.36014 1475.153289)
(-145.8138414 1483.36014 1475.153289)
(129.1235414 1483.36014 1475.153289)
(404.0609241 1483.36014 1475.153289)
(678.9983069 1483.36014 1475.153289)
(953.9356897 1483.36014 1475.153289)
(1228.873072 1483.36014 1475.153289)
(1503.810455 1483.36014 1475.153289)
(1778.747838 1483.36014 1475.153289)
(2053.685221 1483.36014 1475.153289)
(2328.622603 1483.36014 1475.153289)
(2603.559986 1483.36014 1475.153289)
(2878.497369 1483.36014 1475.153289)
(3153.434752 1483.36014 1475.153289)
(3428.372134 1483.36014 1475.153289)
(3703.309517 1483.36014 1475.153289)
(3978.2469 1483.36014 1475.153289)
(-3994.9372 1711.1654 1475.153289)
(-3719.999817 1711.1654 1475.153289)
(-3445.062434 1711.1654 1475.153289)
(-3170.125052 1711.1654 1475.153289)
(-2895.187669 1711.1654 1475.153289)
(-2620.250286 1711.1654 1475.153289)
(-2345.312903 1711.1654 1475.153289)
(-2070.375521 1711.1654 1475.153289)
(-1795.438138 1711.1654 1475.153289)
(-1520.500755 1711.1654 1475.153289)
(-1245.563372 1711.1654 1475.153289)
(-970.6259897 1711.1654 1475.153289)
(-695.6886069 1711.1654 1475.153289)
(-420.7512241 1711.1654 1475.153289)
(-145.8138414 1711.1654 1475.153289)
(129.1235414 1711.1654 1475.153289)
(404.0609241 1711.1654 1475.153289)
(678.9983069 1711.1654 1475.153289)
(953.9356897 1711.1654 1475.153289)
(1228.873072 1711.1654 1475.153289)
(1503.810455 1711.1654 1475.153289)
(1778.747838 1711.1654 1475.153289)
(2053.685221 1711.1654 1475.153289)
(2328.622603 1711.1654 1475.153289)
(2603.559986 1711.1654 1475.153289)
(2878.497369 1711.1654 1475.153289)
(3153.434752 1711.1654 1475.153289)
(3428.372134 1711.1654 1475.153289)
(3703.309517 1711.1654 1475.153289)
(3978.2469 1711.1654 1475.153289)
(-3994.9372 1938.97066 1475.153289)
(-3719.999817 1938.97066 1475.153289)
(-3445.062434 1938.97066 1475.153289)
(-3170.125052 1938.97066 1475.153289)
(-2895.187669 1938.97066 1475.153289)
(-2620.250286 1938.97066 1475.153289)
(-2345.312903 1938.97066 1475.153289)
(-2070.375521 1938.97066 1475.153289)
(-1795.438138 1938.97066 1475.153289)
(-1520.500755 1938.97066 1475.153289)
(-1245.563372 1938.97066 1475.153289)
(-970.6259897 1938.97066 1475.153289)
(-695.6886069 1938.97066 1475.153289)
(-420.7512241 1938.97066 1475.153289)
(-145.8138414 1938.97066 1475.153289)
(129.1235414 1938.97066 1475.153289)
(404.0609241 1938.97066 1475.153289)
(678.9983069 1938.97066 1475.153289)
(953.9356897 1938.97066 1475.153289)
(1228.873072 1938.97066 1475.153289)
(1503.810455 1938.97066 1475.153289)
(1778.747838 1938.97066 1475.153289)
(2053.685221 1938.97066 1475.153289)
(2328.622603 1938.97066 1475.153289)
(2603.559986 1938.97066 1475.153289)
(2878.497369 1938.97066 1475.153289)
(3153.434752 1938.97066 1475.153289)
(3428.372134 1938.97066 1475.153289)
(3703.309517 1938.97066 1475.153289)
(3978.2469 1938.97066 1475.153289)
(-3994.9372 2166.77592 1475.153289)
(-3719.999817 2166.77592 1475.153289)
(-3445.062434 2166.77592 1475.153289)
(-3170.125052 2166.77592 1475.153289)
(-2895.187669 2166.77592 1475.153289)
(-2620.250286 2166.77592 1475.153289)
(-2345.312903 2166.77592 1475.153289)
(-2070.375521 2166.77592 1475.153289)
(-1795.438138 2166.77592 1475.153289)
(-1520.500755 2166.77592 1475.153289)
(-1245.563372 2166.77592 1475.153289)
(-970.6259897 2166.77592 1475.153289)
(-695.6886069 2166.77592 1475.153289)
(-420.7512241 2166.77592 1475.153289)
(-145.8138414 2166.77592 1475.153289)
(129.1235414 2166.77592 1475.153289)
(404.0609241 2166.77592 1475.153289)
(678.9983069 2166.77592 1475.153289)
(953.9356897 2166.77592 1475.153289)
(1228.873072 2166.77592 1475.153289)
(1503.810455 2166.77592 1475.153289)
(1778.747838 2166.77592 1475.153289)
(2053.685221 2166.77592 1475.153289)
(2328.622603 2166.77592 1475.153289)
(2603.559986 2166.77592 1475.153289)
(2878.497369 2166.77592 1475.153289)
(3153.434752 2166.77592 1475.153289)
(3428.372134 2166.77592 1475.153289)
(3703.309517 2166.77592 1475.153289)
(3978.2469 2166.77592 1475.153289)
(-3994.9372 2394.58118 1475.153289)
(-3719.999817 2394.58118 1475.153289)
(-3445.062434 2394.58118 1475.153289)
(-3170.125052 2394.58118 1475.153289)
(-2895.187669 2394.58118 1475.153289)
(-2620.250286 2394.58118 1475.153289)
(-2345.312903 2394.58118 1475.153289)
(-2070.375521 2394.58118 1475.153289)
(-1795.438138 2394.58118 1475.153289)
(-1520.500755 2394.58118 1475.153289)
(-1245.563372 2394.58118 1475.153289)
(-970.6259897 2394.58118 1475.153289)
(-695.6886069 2394.58118 1475.153289)
(-420.7512241 2394.58118 1475.153289)
(-145.8138414 2394.58118 1475.153289)
(129.1235414 2394.58118 1475.153289)
(404.0609241 2394.58118 1475.153289)
(678.9983069 2394.58118 1475.153289)
(953.9356897 2394.58118 1475.153289)
(1228.873072 2394.58118 1475.153289)
(1503.810455 2394.58118 1475.153289)
(1778.747838 2394.58118 1475.153289)
(2053.685221 2394.58118 1475.153289)
(2328.622603 2394.58118 1475.153289)
(2603.559986 2394.58118 1475.153289)
(2878.497369 2394.58118 1475.153289)
(3153.434752 2394.58118 1475.153289)
(3428.372134 2394.58118 1475.153289)
(3703.309517 2394.58118 1475.153289)
(3978.2469 2394.58118 1475.153289)
(-3994.9372 2622.38644 1475.153289)
(-3719.999817 2622.38644 1475.153289)
(-3445.062434 2622.38644 1475.153289)
(-3170.125052 2622.38644 1475.153289)
(-2895.187669 2622.38644 1475.153289)
(-2620.250286 2622.38644 1475.153289)
(-2345.312903 2622.38644 1475.153289)
(-2070.375521 2622.38644 1475.153289)
(-1795.438138 2622.38644 1475.153289)
(-1520.500755 2622.38644 1475.153289)
(-1245.563372 2622.38644 1475.153289)
(-970.6259897 2622.38644 1475.153289)
(-695.6886069 2622.38644 1475.153289)
(-420.7512241 2622.38644 1475.153289)
(-145.8138414 2622.38644 1475.153289)
(129.1235414 2622.38644 1475.153289)
(404.0609241 2622.38644 1475.153289)
(678.9983069 2622.38644 1475.153289)
(953.9356897 2622.38644 1475.153289)
(1228.873072 2622.38644 1475.153289)
(1503.810455 2622.38644 1475.153289)
(1778.747838 2622.38644 1475.153289)
(2053.685221 2622.38644 1475.153289)
(2328.622603 2622.38644 1475.153289)
(2603.559986 2622.38644 1475.153289)
(2878.497369 2622.38644 1475.153289)
(3153.434752 2622.38644 1475.153289)
(3428.372134 2622.38644 1475.153289)
(3703.309517 2622.38644 1475.153289)
(3978.2469 2622.38644 1475.153289)
(-3994.9372 2850.1917 1475.153289)
(-3719.999817 2850.1917 1475.153289)
(-3445.062434 2850.1917 1475.153289)
(-3170.125052 2850.1917 1475.153289)
(-2895.187669 2850.1917 1475.153289)
(-2620.250286 2850.1917 1475.153289)
(-2345.312903 2850.1917 1475.153289)
(-2070.375521 2850.1917 1475.153289)
(-1795.438138 2850.1917 1475.153289)
(-1520.500755 2850.1917 1475.153289)
(-1245.563372 2850.1917 1475.153289)
(-970.6259897 2850.1917 1475.153289)
(-695.6886069 2850.1917 1475.153289)
(-420.7512241 2850.1917 1475.153289)
(-145.8138414 2850.1917 1475.153289)
(129.1235414 2850.1917 1475.153289)
(404.0609241 2850.1917 1475.153289)
(678.9983069 2850.1917 1475.153289)
(953.9356897 2850.1917 1475.153289)
(1228.873072 2850.1917 1475.153289)
(1503.810455 2850.1917 1475.153289)
(1778.747838 2850.1917 1475.153289)
(2053.685221 2850.1917 1475.153289)
(2328.622603 2850.1917 1475.153289)
(2603.559986 2850.1917 1475.153289)
(2878.497369 2850.1917 1475.153289)
(3153.434752 2850.1917 1475.153289)
(3428.372134 2850.1917 1475.153289)
(3703.309517 2850.1917 1475.153289)
(3978.2469 2850.1917 1475.153289)
(-3994.9372 3077.99696 1475.153289)
(-3719.999817 3077.99696 1475.153289)
(-3445.062434 3077.99696 1475.153289)
(-3170.125052 3077.99696 1475.153289)
(-2895.187669 3077.99696 1475.153289)
(-2620.250286 3077.99696 1475.153289)
(-2345.312903 3077.99696 1475.153289)
(-2070.375521 3077.99696 1475.153289)
(-1795.438138 3077.99696 1475.153289)
(-1520.500755 3077.99696 1475.153289)
(-1245.563372 3077.99696 1475.153289)
(-970.6259897 3077.99696 1475.153289)
(-695.6886069 3077.99696 1475.153289)
(-420.7512241 3077.99696 1475.153289)
(-145.8138414 3077.99696 1475.153289)
(129.1235414 3077.99696 1475.153289)
(404.0609241 3077.99696 1475.153289)
(678.9983069 3077.99696 1475.153289)
(953.9356897 3077.99696 1475.153289)
(1228.873072 3077.99696 1475.153289)
(1503.810455 3077.99696 1475.153289)
(1778.747838 3077.99696 1475.153289)
(2053.685221 3077.99696 1475.153289)
(2328.622603 3077.99696 1475.153289)
(2603.559986 3077.99696 1475.153289)
(2878.497369 3077.99696 1475.153289)
(3153.434752 3077.99696 1475.153289)
(3428.372134 3077.99696 1475.153289)
(3703.309517 3077.99696 1475.153289)
(3978.2469 3077.99696 1475.153289)
(-3994.9372 3305.80222 1475.153289)
(-3719.999817 3305.80222 1475.153289)
(-3445.062434 3305.80222 1475.153289)
(-3170.125052 3305.80222 1475.153289)
(-2895.187669 3305.80222 1475.153289)
(-2620.250286 3305.80222 1475.153289)
(-2345.312903 3305.80222 1475.153289)
(-2070.375521 3305.80222 1475.153289)
(-1795.438138 3305.80222 1475.153289)
(-1520.500755 3305.80222 1475.153289)
(-1245.563372 3305.80222 1475.153289)
(-970.6259897 3305.80222 1475.153289)
(-695.6886069 3305.80222 1475.153289)
(-420.7512241 3305.80222 1475.153289)
(-145.8138414 3305.80222 1475.153289)
(129.1235414 3305.80222 1475.153289)
(404.0609241 3305.80222 1475.153289)
(678.9983069 3305.80222 1475.153289)
(953.9356897 3305.80222 1475.153289)
(1228.873072 3305.80222 1475.153289)
(1503.810455 3305.80222 1475.153289)
(1778.747838 3305.80222 1475.153289)
(2053.685221 3305.80222 1475.153289)
(2328.622603 3305.80222 1475.153289)
(2603.559986 3305.80222 1475.153289)
(2878.497369 3305.80222 1475.153289)
(3153.434752 3305.80222 1475.153289)
(3428.372134 3305.80222 1475.153289)
(3703.309517 3305.80222 1475.153289)
(3978.2469 3305.80222 1475.153289)
(-3994.9372 3533.60748 1475.153289)
(-3719.999817 3533.60748 1475.153289)
(-3445.062434 3533.60748 1475.153289)
(-3170.125052 3533.60748 1475.153289)
(-2895.187669 3533.60748 1475.153289)
(-2620.250286 3533.60748 1475.153289)
(-2345.312903 3533.60748 1475.153289)
(-2070.375521 3533.60748 1475.153289)
(-1795.438138 3533.60748 1475.153289)
(-1520.500755 3533.60748 1475.153289)
(-1245.563372 3533.60748 1475.153289)
(-970.6259897 3533.60748 1475.153289)
(-695.6886069 3533.60748 1475.153289)
(-420.7512241 3533.60748 1475.153289)
(-145.8138414 3533.60748 1475.153289)
(129.1235414 3533.60748 1475.153289)
(404.0609241 3533.60748 1475.153289)
(678.9983069 3533.60748 1475.153289)
(953.9356897 3533.60748 1475.153289)
(1228.873072 3533.60748 1475.153289)
(1503.810455 3533.60748 1475.153289)
(1778.747838 3533.60748 1475.153289)
(2053.685221 3533.60748 1475.153289)
(2328.622603 3533.60748 1475.153289)
(2603.559986 3533.60748 1475.153289)
(2878.497369 3533.60748 1475.153289)
(3153.434752 3533.60748 1475.153289)
(3428.372134 3533.60748 1475.153289)
(3703.309517 3533.60748 1475.153289)
(3978.2469 3533.60748 1475.153289)
(-3994.9372 3761.41274 1475.153289)
(-3719.999817 3761.41274 1475.153289)
(-3445.062434 3761.41274 1475.153289)
(-3170.125052 3761.41274 1475.153289)
(-2895.187669 3761.41274 1475.153289)
(-2620.250286 3761.41274 1475.153289)
(-2345.312903 3761.41274 1475.153289)
(-2070.375521 3761.41274 1475.153289)
(-1795.438138 3761.41274 1475.153289)
(-1520.500755 3761.41274 1475.153289)
(-1245.563372 3761.41274 1475.153289)
(-970.6259897 3761.41274 1475.153289)
(-695.6886069 3761.41274 1475.153289)
(-420.7512241 3761.41274 1475.153289)
(-145.8138414 3761.41274 1475.153289)
(129.1235414 3761.41274 1475.153289)
(404.0609241 3761.41274 1475.153289)
(678.9983069 3761.41274 1475.153289)
(953.9356897 3761.41274 1475.153289)
(1228.873072 3761.41274 1475.153289)
(1503.810455 3761.41274 1475.153289)
(1778.747838 3761.41274 1475.153289)
(2053.685221 3761.41274 1475.153289)
(2328.622603 3761.41274 1475.153289)
(2603.559986 3761.41274 1475.153289)
(2878.497369 3761.41274 1475.153289)
(3153.434752 3761.41274 1475.153289)
(3428.372134 3761.41274 1475.153289)
(3703.309517 3761.41274 1475.153289)
(3978.2469 3761.41274 1475.153289)
(-3994.9372 3989.218 1475.153289)
(-3719.999817 3989.218 1475.153289)
(-3445.062434 3989.218 1475.153289)
(-3170.125052 3989.218 1475.153289)
(-2895.187669 3989.218 1475.153289)
(-2620.250286 3989.218 1475.153289)
(-2345.312903 3989.218 1475.153289)
(-2070.375521 3989.218 1475.153289)
(-1795.438138 3989.218 1475.153289)
(-1520.500755 3989.218 1475.153289)
(-1245.563372 3989.218 1475.153289)
(-970.6259897 3989.218 1475.153289)
(-695.6886069 3989.218 1475.153289)
(-420.7512241 3989.218 1475.153289)
(-145.8138414 3989.218 1475.153289)
(129.1235414 3989.218 1475.153289)
(404.0609241 3989.218 1475.153289)
(678.9983069 3989.218 1475.153289)
(953.9356897 3989.218 1475.153289)
(1228.873072 3989.218 1475.153289)
(1503.810455 3989.218 1475.153289)
(1778.747838 3989.218 1475.153289)
(2053.685221 3989.218 1475.153289)
(2328.622603 3989.218 1475.153289)
(2603.559986 3989.218 1475.153289)
(2878.497369 3989.218 1475.153289)
(3153.434752 3989.218 1475.153289)
(3428.372134 3989.218 1475.153289)
(3703.309517 3989.218 1475.153289)
(3978.2469 3989.218 1475.153289)
(-3994.9372 -3983.9661 1894.794558)
(-3719.999817 -3983.9661 1894.794558)
(-3445.062434 -3983.9661 1894.794558)
(-3170.125052 -3983.9661 1894.794558)
(-2895.187669 -3983.9661 1894.794558)
(-2620.250286 -3983.9661 1894.794558)
(-2345.312903 -3983.9661 1894.794558)
(-2070.375521 -3983.9661 1894.794558)
(-1795.438138 -3983.9661 1894.794558)
(-1520.500755 -3983.9661 1894.794558)
(-1245.563372 -3983.9661 1894.794558)
(-970.6259897 -3983.9661 1894.794558)
(-695.6886069 -3983.9661 1894.794558)
(-420.7512241 -3983.9661 1894.794558)
(-145.8138414 -3983.9661 1894.794558)
(129.1235414 -3983.9661 1894.794558)
(404.0609241 -3983.9661 1894.794558)
(678.9983069 -3983.9661 1894.794558)
(953.9356897 -3983.9661 1894.794558)
(1228.873072 -3983.9661 1894.794558)
(1503.810455 -3983.9661 1894.794558)
(1778.747838 -3983.9661 1894.794558)
(2053.685221 -3983.9661 1894.794558)
(2328.622603 -3983.9661 1894.794558)
(2603.559986 -3983.9661 1894.794558)
(2878.497369 -3983.9661 1894.794558)
(3153.434752 -3983.9661 1894.794558)
(3428.372134 -3983.9661 1894.794558)
(3703.309517 -3983.9661 1894.794558)
(3978.2469 -3983.9661 1894.794558)
(-3994.9372 -3756.16084 1894.794558)
(-3719.999817 -3756.16084 1894.794558)
(-3445.062434 -3756.16084 1894.794558)
(-3170.125052 -3756.16084 1894.794558)
(-2895.187669 -3756.16084 1894.794558)
(-2620.250286 -3756.16084 1894.794558)
(-2345.312903 -3756.16084 1894.794558)
(-2070.375521 -3756.16084 1894.794558)
(-1795.438138 -3756.16084 1894.794558)
(-1520.500755 -3756.16084 1894.794558)
(-1245.563372 -3756.16084 1894.794558)
(-970.6259897 -3756.16084 1894.794558)
(-695.6886069 -3756.16084 1894.794558)
(-420.7512241 -3756.16084 1894.794558)
(-145.8138414 -3756.16084 1894.794558)
(129.1235414 -3756.16084 1894.794558)
(404.0609241 -3756.16084 1894.794558)
(678.9983069 -3756.16084 1894.794558)
(953.9356897 -3756.16084 1894.794558)
(1228.873072 -3756.16084 1894.794558)
(1503.810455 -3756.16084 1894.794558)
(1778.747838 -3756.16084 1894.794558)
(2053.685221 -3756.16084 1894.794558)
(2328.622603 -3756.16084 1894.794558)
(2603.559986 -3756.16084 1894.794558)
(2878.497369 -3756.16084 1894.794558)
(3153.434752 -3756.16084 1894.794558)
(3428.372134 -3756.16084 1894.794558)
(3703.309517 -3756.16084 1894.794558)
(3978.2469 -3756.16084 1894.794558)
(-3994.9372 -3528.35558 1894.794558)
(-3719.999817 -3528.35558 1894.794558)
(-3445.062434 -3528.35558 1894.794558)
(-3170.125052 -3528.35558 1894.794558)
(-2895.187669 -3528.35558 1894.794558)
(-2620.250286 -3528.35558 1894.794558)
(-2345.312903 -3528.35558 1894.794558)
(-2070.375521 -3528.35558 1894.794558)
(-1795.438138 -3528.35558 1894.794558)
(-1520.500755 -3528.35558 1894.794558)
(-1245.563372 -3528.35558 1894.794558)
(-970.6259897 -3528.35558 1894.794558)
(-695.6886069 -3528.35558 1894.794558)
(-420.7512241 -3528.35558 1894.794558)
(-145.8138414 -3528.35558 1894.794558)
(129.1235414 -3528.35558 1894.794558)
(404.0609241 -3528.35558 1894.794558)
(678.9983069 -3528.35558 1894.794558)
(953.9356897 -3528.35558 1894.794558)
(1228.873072 -3528.35558 1894.794558)
(1503.810455 -3528.35558 1894.794558)
(1778.747838 -3528.35558 1894.794558)
(2053.685221 -3528.35558 1894.794558)
(2328.622603 -3528.35558 1894.794558)
(2603.559986 -3528.35558 1894.794558)
(2878.497369 -3528.35558 1894.794558)
(3153.434752 -3528.35558 1894.794558)
(3428.372134 -3528.35558 1894.794558)
(3703.309517 -3528.35558 1894.794558)
(3978.2469 -3528.35558 1894.794558)
(-3994.9372 -3300.55032 1894.794558)
(-3719.999817 -3300.55032 1894.794558)
(-3445.062434 -3300.55032 1894.794558)
(-3170.125052 -3300.55032 1894.794558)
(-2895.187669 -3300.55032 1894.794558)
(-2620.250286 -3300.55032 1894.794558)
(-2345.312903 -3300.55032 1894.794558)
(-2070.375521 -3300.55032 1894.794558)
(-1795.438138 -3300.55032 1894.794558)
(-1520.500755 -3300.55032 1894.794558)
(-1245.563372 -3300.55032 1894.794558)
(-970.6259897 -3300.55032 1894.794558)
(-695.6886069 -3300.55032 1894.794558)
(-420.7512241 -3300.55032 1894.794558)
(-145.8138414 -3300.55032 1894.794558)
(129.1235414 -3300.55032 1894.794558)
(404.0609241 -3300.55032 1894.794558)
(678.9983069 -3300.55032 1894.794558)
(953.9356897 -3300.55032 1894.794558)
(1228.873072 -3300.55032 1894.794558)
(1503.810455 -3300.55032 1894.794558)
(1778.747838 -3300.55032 1894.794558)
(2053.685221 -3300.55032 1894.794558)
(2328.622603 -3300.55032 1894.794558)
(2603.559986 -3300.55032 1894.794558)
(2878.497369 -3300.55032 1894.794558)
(3153.434752 -3300.55032 1894.794558)
(3428.372134 -3300.55032 1894.794558)
(3703.309517 -3300.55032 1894.794558)
(3978.2469 -3300.55032 1894.794558)
(-3994.9372 -3072.74506 1894.794558)
(-3719.999817 -3072.74506 1894.794558)
(-3445.062434 -3072.74506 1894.794558)
(-3170.125052 -3072.74506 1894.794558)
(-2895.187669 -3072.74506 1894.794558)
(-2620.250286 -3072.74506 1894.794558)
(-2345.312903 -3072.74506 1894.794558)
(-2070.375521 -3072.74506 1894.794558)
(-1795.438138 -3072.74506 1894.794558)
(-1520.500755 -3072.74506 1894.794558)
(-1245.563372 -3072.74506 1894.794558)
(-970.6259897 -3072.74506 1894.794558)
(-695.6886069 -3072.74506 1894.794558)
(-420.7512241 -3072.74506 1894.794558)
(-145.8138414 -3072.74506 1894.794558)
(129.1235414 -3072.74506 1894.794558)
(404.0609241 -3072.74506 1894.794558)
(678.9983069 -3072.74506 1894.794558)
(953.9356897 -3072.74506 1894.794558)
(1228.873072 -3072.74506 1894.794558)
(1503.810455 -3072.74506 1894.794558)
(1778.747838 -3072.74506 1894.794558)
(2053.685221 -3072.74506 1894.794558)
(2328.622603 -3072.74506 1894.794558)
(2603.559986 -3072.74506 1894.794558)
(2878.497369 -3072.74506 1894.794558)
(3153.434752 -3072.74506 1894.794558)
(3428.372134 -3072.74506 1894.794558)
(3703.309517 -3072.74506 1894.794558)
(3978.2469 -3072.74506 1894.794558)
(-3994.9372 -2844.9398 1894.794558)
(-3719.999817 -2844.9398 1894.794558)
(-3445.062434 -2844.9398 1894.794558)
(-3170.125052 -2844.9398 1894.794558)
(-2895.187669 -2844.9398 1894.794558)
(-2620.250286 -2844.9398 1894.794558)
(-2345.312903 -2844.9398 1894.794558)
(-2070.375521 -2844.9398 1894.794558)
(-1795.438138 -2844.9398 1894.794558)
(-1520.500755 -2844.9398 1894.794558)
(-1245.563372 -2844.9398 1894.794558)
(-970.6259897 -2844.9398 1894.794558)
(-695.6886069 -2844.9398 1894.794558)
(-420.7512241 -2844.9398 1894.794558)
(-145.8138414 -2844.9398 1894.794558)
(129.1235414 -2844.9398 1894.794558)
(404.0609241 -2844.9398 1894.794558)
(678.9983069 -2844.9398 1894.794558)
(953.9356897 -2844.9398 1894.794558)
(1228.873072 -2844.9398 1894.794558)
(1503.810455 -2844.9398 1894.794558)
(1778.747838 -2844.9398 1894.794558)
(2053.685221 -2844.9398 1894.794558)
(2328.622603 -2844.9398 1894.794558)
(2603.559986 -2844.9398 1894.794558)
(2878.497369 -2844.9398 1894.794558)
(3153.434752 -2844.9398 1894.794558)
(3428.372134 -2844.9398 1894.794558)
(3703.309517 -2844.9398 1894.794558)
(3978.2469 -2844.9398 1894.794558)
(-3994.9372 -2617.13454 1894.794558)
(-3719.999817 -2617.13454 1894.794558)
(-3445.062434 -2617.13454 1894.794558)
(-3170.125052 -2617.13454 1894.794558)
(-2895.187669 -2617.13454 1894.794558)
(-2620.250286 -2617.13454 1894.794558)
(-2345.312903 -2617.13454 1894.794558)
(-2070.375521 -2617.13454 1894.794558)
(-1795.438138 -2617.13454 1894.794558)
(-1520.500755 -2617.13454 1894.794558)
(-1245.563372 -2617.13454 1894.794558)
(-970.6259897 -2617.13454 1894.794558)
(-695.6886069 -2617.13454 1894.794558)
(-420.7512241 -2617.13454 1894.794558)
(-145.8138414 -2617.13454 1894.794558)
(129.1235414 -2617.13454 1894.794558)
(404.0609241 -2617.13454 1894.794558)
(678.9983069 -2617.13454 1894.794558)
(953.9356897 -2617.13454 1894.794558)
(1228.873072 -2617.13454 1894.794558)
(1503.810455 -2617.13454 1894.794558)
(1778.747838 -2617.13454 1894.794558)
(2053.685221 -2617.13454 1894.794558)
(2328.622603 -2617.13454 1894.794558)
(2603.559986 -2617.13454 1894.794558)
(2878.497369 -2617.13454 1894.794558)
(3153.434752 -2617.13454 1894.794558)
(3428.372134 -2617.13454 1894.794558)
(3703.309517 -2617.13454 1894.794558)
(3978.2469 -2617.13454 1894.794558)
(-3994.9372 -2389.32928 1894.794558)
(-3719.999817 -2389.32928 1894.794558)
(-3445.062434 -2389.32928 1894.794558)
(-3170.125052 -2389.32928 1894.794558)
(-2895.187669 -2389.32928 1894.794558)
(-2620.250286 -2389.32928 1894.794558)
(-2345.312903 -2389.32928 1894.794558)
(-2070.375521 -2389.32928 1894.794558)
(-1795.438138 -2389.32928 1894.794558)
(-1520.500755 -2389.32928 1894.794558)
(-1245.563372 -2389.32928 1894.794558)
(-970.6259897 -2389.32928 1894.794558)
(-695.6886069 -2389.32928 1894.794558)
(-420.7512241 -2389.32928 1894.794558)
(-145.8138414 -2389.32928 1894.794558)
(129.1235414 -2389.32928 1894.794558)
(404.0609241 -2389.32928 1894.794558)
(678.9983069 -2389.32928 1894.794558)
(953.9356897 -2389.32928 1894.794558)
(1228.873072 -2389.32928 1894.794558)
(1503.810455 -2389.32928 1894.794558)
(1778.747838 -2389.32928 1894.794558)
(2053.685221 -2389.32928 1894.794558)
(2328.622603 -2389.32928 1894.794558)
(2603.559986 -2389.32928 1894.794558)
(2878.497369 -2389.32928 1894.794558)
(3153.434752 -2389.32928 1894.794558)
(3428.372134 -2389.32928 1894.794558)
(3703.309517 -2389.32928 1894.794558)
(3978.2469 -2389.32928 1894.794558)
(-3994.9372 -2161.52402 1894.794558)
(-3719.999817 -2161.52402 1894.794558)
(-3445.062434 -2161.52402 1894.794558)
(-3170.125052 -2161.52402 1894.794558)
(-2895.187669 -2161.52402 1894.794558)
(-2620.250286 -2161.52402 1894.794558)
(-2345.312903 -2161.52402 1894.794558)
(-2070.375521 -2161.52402 1894.794558)
(-1795.438138 -2161.52402 1894.794558)
(-1520.500755 -2161.52402 1894.794558)
(-1245.563372 -2161.52402 1894.794558)
(-970.6259897 -2161.52402 1894.794558)
(-695.6886069 -2161.52402 1894.794558)
(-420.7512241 -2161.52402 1894.794558)
(-145.8138414 -2161.52402 1894.794558)
(129.1235414 -2161.52402 1894.794558)
(404.0609241 -2161.52402 1894.794558)
(678.9983069 -2161.52402 1894.794558)
(953.9356897 -2161.52402 1894.794558)
(1228.873072 -2161.52402 1894.794558)
(1503.810455 -2161.52402 1894.794558)
(1778.747838 -2161.52402 1894.794558)
(2053.685221 -2161.52402 1894.794558)
(2328.622603 -2161.52402 1894.794558)
(2603.559986 -2161.52402 1894.794558)
(2878.497369 -2161.52402 1894.794558)
(3153.434752 -2161.52402 1894.794558)
(3428.372134 -2161.52402 1894.794558)
(3703.309517 -2161.52402 1894.794558)
(3978.2469 -2161.52402 1894.794558)
(-3994.9372 -1933.71876 1894.794558)
(-3719.999817 -1933.71876 1894.794558)
(-3445.062434 -1933.71876 1894.794558)
(-3170.125052 -1933.71876 1894.794558)
(-2895.187669 -1933.71876 1894.794558)
(-2620.250286 -1933.71876 1894.794558)
(-2345.312903 -1933.71876 1894.794558)
(-2070.375521 -1933.71876 1894.794558)
(-1795.438138 -1933.71876 1894.794558)
(-1520.500755 -1933.71876 1894.794558)
(-1245.563372 -1933.71876 1894.794558)
(-970.6259897 -1933.71876 1894.794558)
(-695.6886069 -1933.71876 1894.794558)
(-420.7512241 -1933.71876 1894.794558)
(-145.8138414 -1933.71876 1894.794558)
(129.1235414 -1933.71876 1894.794558)
(404.0609241 -1933.71876 1894.794558)
(678.9983069 -1933.71876 1894.794558)
(953.9356897 -1933.71876 1894.794558)
(1228.873072 -1933.71876 1894.794558)
(1503.810455 -1933.71876 1894.794558)
(1778.747838 -1933.71876 1894.794558)
(2053.685221 -1933.71876 1894.794558)
(2328.622603 -1933.71876 1894.794558)
(2603.559986 -1933.71876 1894.794558)
(2878.497369 -1933.71876 1894.794558)
(3153.434752 -1933.71876 1894.794558)
(3428.372134 -1933.71876 1894.794558)
(3703.309517 -1933.71876 1894.794558)
(3978.2469 -1933.71876 1894.794558)
(-3994.9372 -1705.9135 1894.794558)
(-3719.999817 -1705.9135 1894.794558)
(-3445.062434 -1705.9135 1894.794558)
(-3170.125052 -1705.9135 1894.794558)
(-2895.187669 -1705.9135 1894.794558)
(-2620.250286 -1705.9135 1894.794558)
(-2345.312903 -1705.9135 1894.794558)
(-2070.375521 -1705.9135 1894.794558)
(-1795.438138 -1705.9135 1894.794558)
(-1520.500755 -1705.9135 1894.794558)
(-1245.563372 -1705.9135 1894.794558)
(-970.6259897 -1705.9135 1894.794558)
(-695.6886069 -1705.9135 1894.794558)
(-420.7512241 -1705.9135 1894.794558)
(-145.8138414 -1705.9135 1894.794558)
(129.1235414 -1705.9135 1894.794558)
(404.0609241 -1705.9135 1894.794558)
(678.9983069 -1705.9135 1894.794558)
(953.9356897 -1705.9135 1894.794558)
(1228.873072 -1705.9135 1894.794558)
(1503.810455 -1705.9135 1894.794558)
(1778.747838 -1705.9135 1894.794558)
(2053.685221 -1705.9135 1894.794558)
(2328.622603 -1705.9135 1894.794558)
(2603.559986 -1705.9135 1894.794558)
(2878.497369 -1705.9135 1894.794558)
(3153.434752 -1705.9135 1894.794558)
(3428.372134 -1705.9135 1894.794558)
(3703.309517 -1705.9135 1894.794558)
(3978.2469 -1705.9135 1894.794558)
(-3994.9372 -1478.10824 1894.794558)
(-3719.999817 -1478.10824 1894.794558)
(-3445.062434 -1478.10824 1894.794558)
(-3170.125052 -1478.10824 1894.794558)
(-2895.187669 -1478.10824 1894.794558)
(-2620.250286 -1478.10824 1894.794558)
(-2345.312903 -1478.10824 1894.794558)
(-2070.375521 -1478.10824 1894.794558)
(-1795.438138 -1478.10824 1894.794558)
(-1520.500755 -1478.10824 1894.794558)
(-1245.563372 -1478.10824 1894.794558)
(-970.6259897 -1478.10824 1894.794558)
(-695.6886069 -1478.10824 1894.794558)
(-420.7512241 -1478.10824 1894.794558)
(-145.8138414 -1478.10824 1894.794558)
(129.1235414 -1478.10824 1894.794558)
(404.0609241 -1478.10824 1894.794558)
(678.9983069 -1478.10824 1894.794558)
(953.9356897 -1478.10824 1894.794558)
(1228.873072 -1478.10824 1894.794558)
(1503.810455 -1478.10824 1894.794558)
(1778.747838 -1478.10824 1894.794558)
(2053.685221 -1478.10824 1894.794558)
(2328.622603 -1478.10824 1894.794558)
(2603.559986 -1478.10824 1894.794558)
(2878.497369 -1478.10824 1894.794558)
(3153.434752 -1478.10824 1894.794558)
(3428.372134 -1478.10824 1894.794558)
(3703.309517 -1478.10824 1894.794558)
(3978.2469 -1478.10824 1894.794558)
(-3994.9372 -1250.30298 1894.794558)
(-3719.999817 -1250.30298 1894.794558)
(-3445.062434 -1250.30298 1894.794558)
(-3170.125052 -1250.30298 1894.794558)
(-2895.187669 -1250.30298 1894.794558)
(-2620.250286 -1250.30298 1894.794558)
(-2345.312903 -1250.30298 1894.794558)
(-2070.375521 -1250.30298 1894.794558)
(-1795.438138 -1250.30298 1894.794558)
(-1520.500755 -1250.30298 1894.794558)
(-1245.563372 -1250.30298 1894.794558)
(-970.6259897 -1250.30298 1894.794558)
(-695.6886069 -1250.30298 1894.794558)
(-420.7512241 -1250.30298 1894.794558)
(-145.8138414 -1250.30298 1894.794558)
(129.1235414 -1250.30298 1894.794558)
(404.0609241 -1250.30298 1894.794558)
(678.9983069 -1250.30298 1894.794558)
(953.9356897 -1250.30298 1894.794558)
(1228.873072 -1250.30298 1894.794558)
(1503.810455 -1250.30298 1894.794558)
(1778.747838 -1250.30298 1894.794558)
(2053.685221 -1250.30298 1894.794558)
(2328.622603 -1250.30298 1894.794558)
(2603.559986 -1250.30298 1894.794558)
(2878.497369 -1250.30298 1894.794558)
(3153.434752 -1250.30298 1894.794558)
(3428.372134 -1250.30298 1894.794558)
(3703.309517 -1250.30298 1894.794558)
(3978.2469 -1250.30298 1894.794558)
(-3994.9372 -1022.49772 1894.794558)
(-3719.999817 -1022.49772 1894.794558)
(-3445.062434 -1022.49772 1894.794558)
(-3170.125052 -1022.49772 1894.794558)
(-2895.187669 -1022.49772 1894.794558)
(-2620.250286 -1022.49772 1894.794558)
(-2345.312903 -1022.49772 1894.794558)
(-2070.375521 -1022.49772 1894.794558)
(-1795.438138 -1022.49772 1894.794558)
(-1520.500755 -1022.49772 1894.794558)
(-1245.563372 -1022.49772 1894.794558)
(-970.6259897 -1022.49772 1894.794558)
(-695.6886069 -1022.49772 1894.794558)
(-420.7512241 -1022.49772 1894.794558)
(-145.8138414 -1022.49772 1894.794558)
(129.1235414 -1022.49772 1894.794558)
(404.0609241 -1022.49772 1894.794558)
(678.9983069 -1022.49772 1894.794558)
(953.9356897 -1022.49772 1894.794558)
(1228.873072 -1022.49772 1894.794558)
(1503.810455 -1022.49772 1894.794558)
(1778.747838 -1022.49772 1894.794558)
(2053.685221 -1022.49772 1894.794558)
(2328.622603 -1022.49772 1894.794558)
(2603.559986 -1022.49772 1894.794558)
(2878.497369 -1022.49772 1894.794558)
(3153.434752 -1022.49772 1894.794558)
(3428.372134 -1022.49772 1894.794558)
(3703.309517 -1022.49772 1894.794558)
(3978.2469 -1022.49772 1894.794558)
(-3994.9372 -794.69246 1894.794558)
(-3719.999817 -794.69246 1894.794558)
(-3445.062434 -794.69246 1894.794558)
(-3170.125052 -794.69246 1894.794558)
(-2895.187669 -794.69246 1894.794558)
(-2620.250286 -794.69246 1894.794558)
(-2345.312903 -794.69246 1894.794558)
(-2070.375521 -794.69246 1894.794558)
(-1795.438138 -794.69246 1894.794558)
(-1520.500755 -794.69246 1894.794558)
(-1245.563372 -794.69246 1894.794558)
(-970.6259897 -794.69246 1894.794558)
(-695.6886069 -794.69246 1894.794558)
(-420.7512241 -794.69246 1894.794558)
(-145.8138414 -794.69246 1894.794558)
(129.1235414 -794.69246 1894.794558)
(404.0609241 -794.69246 1894.794558)
(678.9983069 -794.69246 1894.794558)
(953.9356897 -794.69246 1894.794558)
(1228.873072 -794.69246 1894.794558)
(1503.810455 -794.69246 1894.794558)
(1778.747838 -794.69246 1894.794558)
(2053.685221 -794.69246 1894.794558)
(2328.622603 -794.69246 1894.794558)
(2603.559986 -794.69246 1894.794558)
(2878.497369 -794.69246 1894.794558)
(3153.434752 -794.69246 1894.794558)
(3428.372134 -794.69246 1894.794558)
(3703.309517 -794.69246 1894.794558)
(3978.2469 -794.69246 1894.794558)
(-3994.9372 -566.8872 1894.794558)
(-3719.999817 -566.8872 1894.794558)
(-3445.062434 -566.8872 1894.794558)
(-3170.125052 -566.8872 1894.794558)
(-2895.187669 -566.8872 1894.794558)
(-2620.250286 -566.8872 1894.794558)
(-2345.312903 -566.8872 1894.794558)
(-2070.375521 -566.8872 1894.794558)
(-1795.438138 -566.8872 1894.794558)
(-1520.500755 -566.8872 1894.794558)
(-1245.563372 -566.8872 1894.794558)
(-970.6259897 -566.8872 1894.794558)
(-695.6886069 -566.8872 1894.794558)
(-420.7512241 -566.8872 1894.794558)
(-145.8138414 -566.8872 1894.794558)
(129.1235414 -566.8872 1894.794558)
(404.0609241 -566.8872 1894.794558)
(678.9983069 -566.8872 1894.794558)
(953.9356897 -566.8872 1894.794558)
(1228.873072 -566.8872 1894.794558)
(1503.810455 -566.8872 1894.794558)
(1778.747838 -566.8872 1894.794558)
(2053.685221 -566.8872 1894.794558)
(2328.622603 -566.8872 1894.794558)
(2603.559986 -566.8872 1894.794558)
(2878.497369 -566.8872 1894.794558)
(3153.434752 -566.8872 1894.794558)
(3428.372134 -566.8872 1894.794558)
(3703.309517 -566.8872 1894.794558)
(3978.2469 -566.8872 1894.794558)
(-3994.9372 -339.08194 1894.794558)
(-3719.999817 -339.08194 1894.794558)
(-3445.062434 -339.08194 1894.794558)
(-3170.125052 -339.08194 1894.794558)
(-2895.187669 -339.08194 1894.794558)
(-2620.250286 -339.08194 1894.794558)
(-2345.312903 -339.08194 1894.794558)
(-2070.375521 -339.08194 1894.794558)
(-1795.438138 -339.08194 1894.794558)
(-1520.500755 -339.08194 1894.794558)
(-1245.563372 -339.08194 1894.794558)
(-970.6259897 -339.08194 1894.794558)
(-695.6886069 -339.08194 1894.794558)
(-420.7512241 -339.08194 1894.794558)
(-145.8138414 -339.08194 1894.794558)
(129.1235414 -339.08194 1894.794558)
(404.0609241 -339.08194 1894.794558)
(678.9983069 -339.08194 1894.794558)
(953.9356897 -339.08194 1894.794558)
(1228.873072 -339.08194 1894.794558)
(1503.810455 -339.08194 1894.794558)
(1778.747838 -339.08194 1894.794558)
(2053.685221 -339.08194 1894.794558)
(2328.622603 -339.08194 1894.794558)
(2603.559986 -339.08194 1894.794558)
(2878.497369 -339.08194 1894.794558)
(3153.434752 -339.08194 1894.794558)
(3428.372134 -339.08194 1894.794558)
(3703.309517 -339.08194 1894.794558)
(3978.2469 -339.08194 1894.794558)
(-3994.9372 -111.27668 1894.794558)
(-3719.999817 -111.27668 1894.794558)
(-3445.062434 -111.27668 1894.794558)
(-3170.125052 -111.27668 1894.794558)
(-2895.187669 -111.27668 1894.794558)
(-2620.250286 -111.27668 1894.794558)
(-2345.312903 -111.27668 1894.794558)
(-2070.375521 -111.27668 1894.794558)
(-1795.438138 -111.27668 1894.794558)
(-1520.500755 -111.27668 1894.794558)
(-1245.563372 -111.27668 1894.794558)
(-970.6259897 -111.27668 1894.794558)
(-695.6886069 -111.27668 1894.794558)
(-420.7512241 -111.27668 1894.794558)
(-145.8138414 -111.27668 1894.794558)
(129.1235414 -111.27668 1894.794558)
(404.0609241 -111.27668 1894.794558)
(678.9983069 -111.27668 1894.794558)
(953.9356897 -111.27668 1894.794558)
(1228.873072 -111.27668 1894.794558)
(1503.810455 -111.27668 1894.794558)
(1778.747838 -111.27668 1894.794558)
(2053.685221 -111.27668 1894.794558)
(2328.622603 -111.27668 1894.794558)
(2603.559986 -111.27668 1894.794558)
(2878.497369 -111.27668 1894.794558)
(3153.434752 -111.27668 1894.794558)
(3428.372134 -111.27668 1894.794558)
(3703.309517 -111.27668 1894.794558)
(3978.2469 -111.27668 1894.794558)
(-3994.9372 116.52858 1894.794558)
(-3719.999817 116.52858 1894.794558)
(-3445.062434 116.52858 1894.794558)
(-3170.125052 116.52858 1894.794558)
(-2895.187669 116.52858 1894.794558)
(-2620.250286 116.52858 1894.794558)
(-2345.312903 116.52858 1894.794558)
(-2070.375521 116.52858 1894.794558)
(-1795.438138 116.52858 1894.794558)
(-1520.500755 116.52858 1894.794558)
(-1245.563372 116.52858 1894.794558)
(-970.6259897 116.52858 1894.794558)
(-695.6886069 116.52858 1894.794558)
(-420.7512241 116.52858 1894.794558)
(-145.8138414 116.52858 1894.794558)
(129.1235414 116.52858 1894.794558)
(404.0609241 116.52858 1894.794558)
(678.9983069 116.52858 1894.794558)
(953.9356897 116.52858 1894.794558)
(1228.873072 116.52858 1894.794558)
(1503.810455 116.52858 1894.794558)
(1778.747838 116.52858 1894.794558)
(2053.685221 116.52858 1894.794558)
(2328.622603 116.52858 1894.794558)
(2603.559986 116.52858 1894.794558)
(2878.497369 116.52858 1894.794558)
(3153.434752 116.52858 1894.794558)
(3428.372134 116.52858 1894.794558)
(3703.309517 116.52858 1894.794558)
(3978.2469 116.52858 1894.794558)
(-3994.9372 344.33384 1894.794558)
(-3719.999817 344.33384 1894.794558)
(-3445.062434 344.33384 1894.794558)
(-3170.125052 344.33384 1894.794558)
(-2895.187669 344.33384 1894.794558)
(-2620.250286 344.33384 1894.794558)
(-2345.312903 344.33384 1894.794558)
(-2070.375521 344.33384 1894.794558)
(-1795.438138 344.33384 1894.794558)
(-1520.500755 344.33384 1894.794558)
(-1245.563372 344.33384 1894.794558)
(-970.6259897 344.33384 1894.794558)
(-695.6886069 344.33384 1894.794558)
(-420.7512241 344.33384 1894.794558)
(-145.8138414 344.33384 1894.794558)
(129.1235414 344.33384 1894.794558)
(404.0609241 344.33384 1894.794558)
(678.9983069 344.33384 1894.794558)
(953.9356897 344.33384 1894.794558)
(1228.873072 344.33384 1894.794558)
(1503.810455 344.33384 1894.794558)
(1778.747838 344.33384 1894.794558)
(2053.685221 344.33384 1894.794558)
(2328.622603 344.33384 1894.794558)
(2603.559986 344.33384 1894.794558)
(2878.497369 344.33384 1894.794558)
(3153.434752 344.33384 1894.794558)
(3428.372134 344.33384 1894.794558)
(3703.309517 344.33384 1894.794558)
(3978.2469 344.33384 1894.794558)
(-3994.9372 572.1391 1894.794558)
(-3719.999817 572.1391 1894.794558)
(-3445.062434 572.1391 1894.794558)
(-3170.125052 572.1391 1894.794558)
(-2895.187669 572.1391 1894.794558)
(-2620.250286 572.1391 1894.794558)
(-2345.312903 572.1391 1894.794558)
(-2070.375521 572.1391 1894.794558)
(-1795.438138 572.1391 1894.794558)
(-1520.500755 572.1391 1894.794558)
(-1245.563372 572.1391 1894.794558)
(-970.6259897 572.1391 1894.794558)
(-695.6886069 572.1391 1894.794558)
(-420.7512241 572.1391 1894.794558)
(-145.8138414 572.1391 1894.794558)
(129.1235414 572.1391 1894.794558)
(404.0609241 572.1391 1894.794558)
(678.9983069 572.1391 1894.794558)
(953.9356897 572.1391 1894.794558)
(1228.873072 572.1391 1894.794558)
(1503.810455 572.1391 1894.794558)
(1778.747838 572.1391 1894.794558)
(2053.685221 572.1391 1894.794558)
(2328.622603 572.1391 1894.794558)
(2603.559986 572.1391 1894.794558)
(2878.497369 572.1391 1894.794558)
(3153.434752 572.1391 1894.794558)
(3428.372134 572.1391 1894.794558)
(3703.309517 572.1391 1894.794558)
(3978.2469 572.1391 1894.794558)
(-3994.9372 799.94436 1894.794558)
(-3719.999817 799.94436 1894.794558)
(-3445.062434 799.94436 1894.794558)
(-3170.125052 799.94436 1894.794558)
(-2895.187669 799.94436 1894.794558)
(-2620.250286 799.94436 1894.794558)
(-2345.312903 799.94436 1894.794558)
(-2070.375521 799.94436 1894.794558)
(-1795.438138 799.94436 1894.794558)
(-1520.500755 799.94436 1894.794558)
(-1245.563372 799.94436 1894.794558)
(-970.6259897 799.94436 1894.794558)
(-695.6886069 799.94436 1894.794558)
(-420.7512241 799.94436 1894.794558)
(-145.8138414 799.94436 1894.794558)
(129.1235414 799.94436 1894.794558)
(404.0609241 799.94436 1894.794558)
(678.9983069 799.94436 1894.794558)
(953.9356897 799.94436 1894.794558)
(1228.873072 799.94436 1894.794558)
(1503.810455 799.94436 1894.794558)
(1778.747838 799.94436 1894.794558)
(2053.685221 799.94436 1894.794558)
(2328.622603 799.94436 1894.794558)
(2603.559986 799.94436 1894.794558)
(2878.497369 799.94436 1894.794558)
(3153.434752 799.94436 1894.794558)
(3428.372134 799.94436 1894.794558)
(3703.309517 799.94436 1894.794558)
(3978.2469 799.94436 1894.794558)
(-3994.9372 1027.74962 1894.794558)
(-3719.999817 1027.74962 1894.794558)
(-3445.062434 1027.74962 1894.794558)
(-3170.125052 1027.74962 1894.794558)
(-2895.187669 1027.74962 1894.794558)
(-2620.250286 1027.74962 1894.794558)
(-2345.312903 1027.74962 1894.794558)
(-2070.375521 1027.74962 1894.794558)
(-1795.438138 1027.74962 1894.794558)
(-1520.500755 1027.74962 1894.794558)
(-1245.563372 1027.74962 1894.794558)
(-970.6259897 1027.74962 1894.794558)
(-695.6886069 1027.74962 1894.794558)
(-420.7512241 1027.74962 1894.794558)
(-145.8138414 1027.74962 1894.794558)
(129.1235414 1027.74962 1894.794558)
(404.0609241 1027.74962 1894.794558)
(678.9983069 1027.74962 1894.794558)
(953.9356897 1027.74962 1894.794558)
(1228.873072 1027.74962 1894.794558)
(1503.810455 1027.74962 1894.794558)
(1778.747838 1027.74962 1894.794558)
(2053.685221 1027.74962 1894.794558)
(2328.622603 1027.74962 1894.794558)
(2603.559986 1027.74962 1894.794558)
(2878.497369 1027.74962 1894.794558)
(3153.434752 1027.74962 1894.794558)
(3428.372134 1027.74962 1894.794558)
(3703.309517 1027.74962 1894.794558)
(3978.2469 1027.74962 1894.794558)
(-3994.9372 1255.55488 1894.794558)
(-3719.999817 1255.55488 1894.794558)
(-3445.062434 1255.55488 1894.794558)
(-3170.125052 1255.55488 1894.794558)
(-2895.187669 1255.55488 1894.794558)
(-2620.250286 1255.55488 1894.794558)
(-2345.312903 1255.55488 1894.794558)
(-2070.375521 1255.55488 1894.794558)
(-1795.438138 1255.55488 1894.794558)
(-1520.500755 1255.55488 1894.794558)
(-1245.563372 1255.55488 1894.794558)
(-970.6259897 1255.55488 1894.794558)
(-695.6886069 1255.55488 1894.794558)
(-420.7512241 1255.55488 1894.794558)
(-145.8138414 1255.55488 1894.794558)
(129.1235414 1255.55488 1894.794558)
(404.0609241 1255.55488 1894.794558)
(678.9983069 1255.55488 1894.794558)
(953.9356897 1255.55488 1894.794558)
(1228.873072 1255.55488 1894.794558)
(1503.810455 1255.55488 1894.794558)
(1778.747838 1255.55488 1894.794558)
(2053.685221 1255.55488 1894.794558)
(2328.622603 1255.55488 1894.794558)
(2603.559986 1255.55488 1894.794558)
(2878.497369 1255.55488 1894.794558)
(3153.434752 1255.55488 1894.794558)
(3428.372134 1255.55488 1894.794558)
(3703.309517 1255.55488 1894.794558)
(3978.2469 1255.55488 1894.794558)
(-3994.9372 1483.36014 1894.794558)
(-3719.999817 1483.36014 1894.794558)
(-3445.062434 1483.36014 1894.794558)
(-3170.125052 1483.36014 1894.794558)
(-2895.187669 1483.36014 1894.794558)
(-2620.250286 1483.36014 1894.794558)
(-2345.312903 1483.36014 1894.794558)
(-2070.375521 1483.36014 1894.794558)
(-1795.438138 1483.36014 1894.794558)
(-1520.500755 1483.36014 1894.794558)
(-1245.563372 1483.36014 1894.794558)
(-970.6259897 1483.36014 1894.794558)
(-695.6886069 1483.36014 1894.794558)
(-420.7512241 1483.36014 1894.794558)
(-145.8138414 1483.36014 1894.794558)
(129.1235414 1483.36014 1894.794558)
(404.0609241 1483.36014 1894.794558)
(678.9983069 1483.36014 1894.794558)
(953.9356897 1483.36014 1894.794558)
(1228.873072 1483.36014 1894.794558)
(1503.810455 1483.36014 1894.794558)
(1778.747838 1483.36014 1894.794558)
(2053.685221 1483.36014 1894.794558)
(2328.622603 1483.36014 1894.794558)
(2603.559986 1483.36014 1894.794558)
(2878.497369 1483.36014 1894.794558)
(3153.434752 1483.36014 1894.794558)
(3428.372134 1483.36014 1894.794558)
(3703.309517 1483.36014 1894.794558)
(3978.2469 1483.36014 1894.794558)
(-3994.9372 1711.1654 1894.794558)
(-3719.999817 1711.1654 1894.794558)
(-3445.062434 1711.1654 1894.794558)
(-3170.125052 1711.1654 1894.794558)
(-2895.187669 1711.1654 1894.794558)
(-2620.250286 1711.1654 1894.794558)
(-2345.312903 1711.1654 1894.794558)
(-2070.375521 1711.1654 1894.794558)
(-1795.438138 1711.1654 1894.794558)
(-1520.500755 1711.1654 1894.794558)
(-1245.563372 1711.1654 1894.794558)
(-970.6259897 1711.1654 1894.794558)
(-695.6886069 1711.1654 1894.794558)
(-420.7512241 1711.1654 1894.794558)
(-145.8138414 1711.1654 1894.794558)
(129.1235414 1711.1654 1894.794558)
(404.0609241 1711.1654 1894.794558)
(678.9983069 1711.1654 1894.794558)
(953.9356897 1711.1654 1894.794558)
(1228.873072 1711.1654 1894.794558)
(1503.810455 1711.1654 1894.794558)
(1778.747838 1711.1654 1894.794558)
(2053.685221 1711.1654 1894.794558)
(2328.622603 1711.1654 1894.794558)
(2603.559986 1711.1654 1894.794558)
(2878.497369 1711.1654 1894.794558)
(3153.434752 1711.1654 1894.794558)
(3428.372134 1711.1654 1894.794558)
(3703.309517 1711.1654 1894.794558)
(3978.2469 1711.1654 1894.794558)
(-3994.9372 1938.97066 1894.794558)
(-3719.999817 1938.97066 1894.794558)
(-3445.062434 1938.97066 1894.794558)
(-3170.125052 1938.97066 1894.794558)
(-2895.187669 1938.97066 1894.794558)
(-2620.250286 1938.97066 1894.794558)
(-2345.312903 1938.97066 1894.794558)
(-2070.375521 1938.97066 1894.794558)
(-1795.438138 1938.97066 1894.794558)
(-1520.500755 1938.97066 1894.794558)
(-1245.563372 1938.97066 1894.794558)
(-970.6259897 1938.97066 1894.794558)
(-695.6886069 1938.97066 1894.794558)
(-420.7512241 1938.97066 1894.794558)
(-145.8138414 1938.97066 1894.794558)
(129.1235414 1938.97066 1894.794558)
(404.0609241 1938.97066 1894.794558)
(678.9983069 1938.97066 1894.794558)
(953.9356897 1938.97066 1894.794558)
(1228.873072 1938.97066 1894.794558)
(1503.810455 1938.97066 1894.794558)
(1778.747838 1938.97066 1894.794558)
(2053.685221 1938.97066 1894.794558)
(2328.622603 1938.97066 1894.794558)
(2603.559986 1938.97066 1894.794558)
(2878.497369 1938.97066 1894.794558)
(3153.434752 1938.97066 1894.794558)
(3428.372134 1938.97066 1894.794558)
(3703.309517 1938.97066 1894.794558)
(3978.2469 1938.97066 1894.794558)
(-3994.9372 2166.77592 1894.794558)
(-3719.999817 2166.77592 1894.794558)
(-3445.062434 2166.77592 1894.794558)
(-3170.125052 2166.77592 1894.794558)
(-2895.187669 2166.77592 1894.794558)
(-2620.250286 2166.77592 1894.794558)
(-2345.312903 2166.77592 1894.794558)
(-2070.375521 2166.77592 1894.794558)
(-1795.438138 2166.77592 1894.794558)
(-1520.500755 2166.77592 1894.794558)
(-1245.563372 2166.77592 1894.794558)
(-970.6259897 2166.77592 1894.794558)
(-695.6886069 2166.77592 1894.794558)
(-420.7512241 2166.77592 1894.794558)
(-145.8138414 2166.77592 1894.794558)
(129.1235414 2166.77592 1894.794558)
(404.0609241 2166.77592 1894.794558)
(678.9983069 2166.77592 1894.794558)
(953.9356897 2166.77592 1894.794558)
(1228.873072 2166.77592 1894.794558)
(1503.810455 2166.77592 1894.794558)
(1778.747838 2166.77592 1894.794558)
(2053.685221 2166.77592 1894.794558)
(2328.622603 2166.77592 1894.794558)
(2603.559986 2166.77592 1894.794558)
(2878.497369 2166.77592 1894.794558)
(3153.434752 2166.77592 1894.794558)
(3428.372134 2166.77592 1894.794558)
(3703.309517 2166.77592 1894.794558)
(3978.2469 2166.77592 1894.794558)
(-3994.9372 2394.58118 1894.794558)
(-3719.999817 2394.58118 1894.794558)
(-3445.062434 2394.58118 1894.794558)
(-3170.125052 2394.58118 1894.794558)
(-2895.187669 2394.58118 1894.794558)
(-2620.250286 2394.58118 1894.794558)
(-2345.312903 2394.58118 1894.794558)
(-2070.375521 2394.58118 1894.794558)
(-1795.438138 2394.58118 1894.794558)
(-1520.500755 2394.58118 1894.794558)
(-1245.563372 2394.58118 1894.794558)
(-970.6259897 2394.58118 1894.794558)
(-695.6886069 2394.58118 1894.794558)
(-420.7512241 2394.58118 1894.794558)
(-145.8138414 2394.58118 1894.794558)
(129.1235414 2394.58118 1894.794558)
(404.0609241 2394.58118 1894.794558)
(678.9983069 2394.58118 1894.794558)
(953.9356897 2394.58118 1894.794558)
(1228.873072 2394.58118 1894.794558)
(1503.810455 2394.58118 1894.794558)
(1778.747838 2394.58118 1894.794558)
(2053.685221 2394.58118 1894.794558)
(2328.622603 2394.58118 1894.794558)
(2603.559986 2394.58118 1894.794558)
(2878.497369 2394.58118 1894.794558)
(3153.434752 2394.58118 1894.794558)
(3428.372134 2394.58118 1894.794558)
(3703.309517 2394.58118 1894.794558)
(3978.2469 2394.58118 1894.794558)
(-3994.9372 2622.38644 1894.794558)
(-3719.999817 2622.38644 1894.794558)
(-3445.062434 2622.38644 1894.794558)
(-3170.125052 2622.38644 1894.794558)
(-2895.187669 2622.38644 1894.794558)
(-2620.250286 2622.38644 1894.794558)
(-2345.312903 2622.38644 1894.794558)
(-2070.375521 2622.38644 1894.794558)
(-1795.438138 2622.38644 1894.794558)
(-1520.500755 2622.38644 1894.794558)
(-1245.563372 2622.38644 1894.794558)
(-970.6259897 2622.38644 1894.794558)
(-695.6886069 2622.38644 1894.794558)
(-420.7512241 2622.38644 1894.794558)
(-145.8138414 2622.38644 1894.794558)
(129.1235414 2622.38644 1894.794558)
(404.0609241 2622.38644 1894.794558)
(678.9983069 2622.38644 1894.794558)
(953.9356897 2622.38644 1894.794558)
(1228.873072 2622.38644 1894.794558)
(1503.810455 2622.38644 1894.794558)
(1778.747838 2622.38644 1894.794558)
(2053.685221 2622.38644 1894.794558)
(2328.622603 2622.38644 1894.794558)
(2603.559986 2622.38644 1894.794558)
(2878.497369 2622.38644 1894.794558)
(3153.434752 2622.38644 1894.794558)
(3428.372134 2622.38644 1894.794558)
(3703.309517 2622.38644 1894.794558)
(3978.2469 2622.38644 1894.794558)
(-3994.9372 2850.1917 1894.794558)
(-3719.999817 2850.1917 1894.794558)
(-3445.062434 2850.1917 1894.794558)
(-3170.125052 2850.1917 1894.794558)
(-2895.187669 2850.1917 1894.794558)
(-2620.250286 2850.1917 1894.794558)
(-2345.312903 2850.1917 1894.794558)
(-2070.375521 2850.1917 1894.794558)
(-1795.438138 2850.1917 1894.794558)
(-1520.500755 2850.1917 1894.794558)
(-1245.563372 2850.1917 1894.794558)
(-970.6259897 2850.1917 1894.794558)
(-695.6886069 2850.1917 1894.794558)
(-420.7512241 2850.1917 1894.794558)
(-145.8138414 2850.1917 1894.794558)
(129.1235414 2850.1917 1894.794558)
(404.0609241 2850.1917 1894.794558)
(678.9983069 2850.1917 1894.794558)
(953.9356897 2850.1917 1894.794558)
(1228.873072 2850.1917 1894.794558)
(1503.810455 2850.1917 1894.794558)
(1778.747838 2850.1917 1894.794558)
(2053.685221 2850.1917 1894.794558)
(2328.622603 2850.1917 1894.794558)
(2603.559986 2850.1917 1894.794558)
(2878.497369 2850.1917 1894.794558)
(3153.434752 2850.1917 1894.794558)
(3428.372134 2850.1917 1894.794558)
(3703.309517 2850.1917 1894.794558)
(3978.2469 2850.1917 1894.794558)
(-3994.9372 3077.99696 1894.794558)
(-3719.999817 3077.99696 1894.794558)
(-3445.062434 3077.99696 1894.794558)
(-3170.125052 3077.99696 1894.794558)
(-2895.187669 3077.99696 1894.794558)
(-2620.250286 3077.99696 1894.794558)
(-2345.312903 3077.99696 1894.794558)
(-2070.375521 3077.99696 1894.794558)
(-1795.438138 3077.99696 1894.794558)
(-1520.500755 3077.99696 1894.794558)
(-1245.563372 3077.99696 1894.794558)
(-970.6259897 3077.99696 1894.794558)
(-695.6886069 3077.99696 1894.794558)
(-420.7512241 3077.99696 1894.794558)
(-145.8138414 3077.99696 1894.794558)
(129.1235414 3077.99696 1894.794558)
(404.0609241 3077.99696 1894.794558)
(678.9983069 3077.99696 1894.794558)
(953.9356897 3077.99696 1894.794558)
(1228.873072 3077.99696 1894.794558)
(1503.810455 3077.99696 1894.794558)
(1778.747838 3077.99696 1894.794558)
(2053.685221 3077.99696 1894.794558)
(2328.622603 3077.99696 1894.794558)
(2603.559986 3077.99696 1894.794558)
(2878.497369 3077.99696 1894.794558)
(3153.434752 3077.99696 1894.794558)
(3428.372134 3077.99696 1894.794558)
(3703.309517 3077.99696 1894.794558)
(3978.2469 3077.99696 1894.794558)
(-3994.9372 3305.80222 1894.794558)
(-3719.999817 3305.80222 1894.794558)
(-3445.062434 3305.80222 1894.794558)
(-3170.125052 3305.80222 1894.794558)
(-2895.187669 3305.80222 1894.794558)
(-2620.250286 3305.80222 1894.794558)
(-2345.312903 3305.80222 1894.794558)
(-2070.375521 3305.80222 1894.794558)
(-1795.438138 3305.80222 1894.794558)
(-1520.500755 3305.80222 1894.794558)
(-1245.563372 3305.80222 1894.794558)
(-970.6259897 3305.80222 1894.794558)
(-695.6886069 3305.80222 1894.794558)
(-420.7512241 3305.80222 1894.794558)
(-145.8138414 3305.80222 1894.794558)
(129.1235414 3305.80222 1894.794558)
(404.0609241 3305.80222 1894.794558)
(678.9983069 3305.80222 1894.794558)
(953.9356897 3305.80222 1894.794558)
(1228.873072 3305.80222 1894.794558)
(1503.810455 3305.80222 1894.794558)
(1778.747838 3305.80222 1894.794558)
(2053.685221 3305.80222 1894.794558)
(2328.622603 3305.80222 1894.794558)
(2603.559986 3305.80222 1894.794558)
(2878.497369 3305.80222 1894.794558)
(3153.434752 3305.80222 1894.794558)
(3428.372134 3305.80222 1894.794558)
(3703.309517 3305.80222 1894.794558)
(3978.2469 3305.80222 1894.794558)
(-3994.9372 3533.60748 1894.794558)
(-3719.999817 3533.60748 1894.794558)
(-3445.062434 3533.60748 1894.794558)
(-3170.125052 3533.60748 1894.794558)
(-2895.187669 3533.60748 1894.794558)
(-2620.250286 3533.60748 1894.794558)
(-2345.312903 3533.60748 1894.794558)
(-2070.375521 3533.60748 1894.794558)
(-1795.438138 3533.60748 1894.794558)
(-1520.500755 3533.60748 1894.794558)
(-1245.563372 3533.60748 1894.794558)
(-970.6259897 3533.60748 1894.794558)
(-695.6886069 3533.60748 1894.794558)
(-420.7512241 3533.60748 1894.794558)
(-145.8138414 3533.60748 1894.794558)
(129.1235414 3533.60748 1894.794558)
(404.0609241 3533.60748 1894.794558)
(678.9983069 3533.60748 1894.794558)
(953.9356897 3533.60748 1894.794558)
(1228.873072 3533.60748 1894.794558)
(1503.810455 3533.60748 1894.794558)
(1778.747838 3533.60748 1894.794558)
(2053.685221 3533.60748 1894.794558)
(2328.622603 3533.60748 1894.794558)
(2603.559986 3533.60748 1894.794558)
(2878.497369 3533.60748 1894.794558)
(3153.434752 3533.60748 1894.794558)
(3428.372134 3533.60748 1894.794558)
(3703.309517 3533.60748 1894.794558)
(3978.2469 3533.60748 1894.794558)
(-3994.9372 3761.41274 1894.794558)
(-3719.999817 3761.41274 1894.794558)
(-3445.062434 3761.41274 1894.794558)
(-3170.125052 3761.41274 1894.794558)
(-2895.187669 3761.41274 1894.794558)
(-2620.250286 3761.41274 1894.794558)
(-2345.312903 3761.41274 1894.794558)
(-2070.375521 3761.41274 1894.794558)
(-1795.438138 3761.41274 1894.794558)
(-1520.500755 3761.41274 1894.794558)
(-1245.563372 3761.41274 1894.794558)
(-970.6259897 3761.41274 1894.794558)
(-695.6886069 3761.41274 1894.794558)
(-420.7512241 3761.41274 1894.794558)
(-145.8138414 3761.41274 1894.794558)
(129.1235414 3761.41274 1894.794558)
(404.0609241 3761.41274 1894.794558)
(678.9983069 3761.41274 1894.794558)
(953.9356897 3761.41274 1894.794558)
(1228.873072 3761.41274 1894.794558)
(1503.810455 3761.41274 1894.794558)
(1778.747838 3761.41274 1894.794558)
(2053.685221 3761.41274 1894.794558)
(2328.622603 3761.41274 1894.794558)
(2603.559986 3761.41274 1894.794558)
(2878.497369 3761.41274 1894.794558)
(3153.434752 3761.41274 1894.794558)
(3428.372134 3761.41274 1894.794558)
(3703.309517 3761.41274 1894.794558)
(3978.2469 3761.41274 1894.794558)
(-3994.9372 3989.218 1894.794558)
(-3719.999817 3989.218 1894.794558)
(-3445.062434 3989.218 1894.794558)
(-3170.125052 3989.218 1894.794558)
(-2895.187669 3989.218 1894.794558)
(-2620.250286 3989.218 1894.794558)
(-2345.312903 3989.218 1894.794558)
(-2070.375521 3989.218 1894.794558)
(-1795.438138 3989.218 1894.794558)
(-1520.500755 3989.218 1894.794558)
(-1245.563372 3989.218 1894.794558)
(-970.6259897 3989.218 1894.794558)
(-695.6886069 3989.218 1894.794558)
(-420.7512241 3989.218 1894.794558)
(-145.8138414 3989.218 1894.794558)
(129.1235414 3989.218 1894.794558)
(404.0609241 3989.218 1894.794558)
(678.9983069 3989.218 1894.794558)
(953.9356897 3989.218 1894.794558)
(1228.873072 3989.218 1894.794558)
(1503.810455 3989.218 1894.794558)
(1778.747838 3989.218 1894.794558)
(2053.685221 3989.218 1894.794558)
(2328.622603 3989.218 1894.794558)
(2603.559986 3989.218 1894.794558)
(2878.497369 3989.218 1894.794558)
(3153.434752 3989.218 1894.794558)
(3428.372134 3989.218 1894.794558)
(3703.309517 3989.218 1894.794558)
(3978.2469 3989.218 1894.794558)
(-3994.9372 -3983.9661 2314.435826)
(-3719.999817 -3983.9661 2314.435826)
(-3445.062434 -3983.9661 2314.435826)
(-3170.125052 -3983.9661 2314.435826)
(-2895.187669 -3983.9661 2314.435826)
(-2620.250286 -3983.9661 2314.435826)
(-2345.312903 -3983.9661 2314.435826)
(-2070.375521 -3983.9661 2314.435826)
(-1795.438138 -3983.9661 2314.435826)
(-1520.500755 -3983.9661 2314.435826)
(-1245.563372 -3983.9661 2314.435826)
(-970.6259897 -3983.9661 2314.435826)
(-695.6886069 -3983.9661 2314.435826)
(-420.7512241 -3983.9661 2314.435826)
(-145.8138414 -3983.9661 2314.435826)
(129.1235414 -3983.9661 2314.435826)
(404.0609241 -3983.9661 2314.435826)
(678.9983069 -3983.9661 2314.435826)
(953.9356897 -3983.9661 2314.435826)
(1228.873072 -3983.9661 2314.435826)
(1503.810455 -3983.9661 2314.435826)
(1778.747838 -3983.9661 2314.435826)
(2053.685221 -3983.9661 2314.435826)
(2328.622603 -3983.9661 2314.435826)
(2603.559986 -3983.9661 2314.435826)
(2878.497369 -3983.9661 2314.435826)
(3153.434752 -3983.9661 2314.435826)
(3428.372134 -3983.9661 2314.435826)
(3703.309517 -3983.9661 2314.435826)
(3978.2469 -3983.9661 2314.435826)
(-3994.9372 -3756.16084 2314.435826)
(-3719.999817 -3756.16084 2314.435826)
(-3445.062434 -3756.16084 2314.435826)
(-3170.125052 -3756.16084 2314.435826)
(-2895.187669 -3756.16084 2314.435826)
(-2620.250286 -3756.16084 2314.435826)
(-2345.312903 -3756.16084 2314.435826)
(-2070.375521 -3756.16084 2314.435826)
(-1795.438138 -3756.16084 2314.435826)
(-1520.500755 -3756.16084 2314.435826)
(-1245.563372 -3756.16084 2314.435826)
(-970.6259897 -3756.16084 2314.435826)
(-695.6886069 -3756.16084 2314.435826)
(-420.7512241 -3756.16084 2314.435826)
(-145.8138414 -3756.16084 2314.435826)
(129.1235414 -3756.16084 2314.435826)
(404.0609241 -3756.16084 2314.435826)
(678.9983069 -3756.16084 2314.435826)
(953.9356897 -3756.16084 2314.435826)
(1228.873072 -3756.16084 2314.435826)
(1503.810455 -3756.16084 2314.435826)
(1778.747838 -3756.16084 2314.435826)
(2053.685221 -3756.16084 2314.435826)
(2328.622603 -3756.16084 2314.435826)
(2603.559986 -3756.16084 2314.435826)
(2878.497369 -3756.16084 2314.435826)
(3153.434752 -3756.16084 2314.435826)
(3428.372134 -3756.16084 2314.435826)
(3703.309517 -3756.16084 2314.435826)
(3978.2469 -3756.16084 2314.435826)
(-3994.9372 -3528.35558 2314.435826)
(-3719.999817 -3528.35558 2314.435826)
(-3445.062434 -3528.35558 2314.435826)
(-3170.125052 -3528.35558 2314.435826)
(-2895.187669 -3528.35558 2314.435826)
(-2620.250286 -3528.35558 2314.435826)
(-2345.312903 -3528.35558 2314.435826)
(-2070.375521 -3528.35558 2314.435826)
(-1795.438138 -3528.35558 2314.435826)
(-1520.500755 -3528.35558 2314.435826)
(-1245.563372 -3528.35558 2314.435826)
(-970.6259897 -3528.35558 2314.435826)
(-695.6886069 -3528.35558 2314.435826)
(-420.7512241 -3528.35558 2314.435826)
(-145.8138414 -3528.35558 2314.435826)
(129.1235414 -3528.35558 2314.435826)
(404.0609241 -3528.35558 2314.435826)
(678.9983069 -3528.35558 2314.435826)
(953.9356897 -3528.35558 2314.435826)
(1228.873072 -3528.35558 2314.435826)
(1503.810455 -3528.35558 2314.435826)
(1778.747838 -3528.35558 2314.435826)
(2053.685221 -3528.35558 2314.435826)
(2328.622603 -3528.35558 2314.435826)
(2603.559986 -3528.35558 2314.435826)
(2878.497369 -3528.35558 2314.435826)
(3153.434752 -3528.35558 2314.435826)
(3428.372134 -3528.35558 2314.435826)
(3703.309517 -3528.35558 2314.435826)
(3978.2469 -3528.35558 2314.435826)
(-3994.9372 -3300.55032 2314.435826)
(-3719.999817 -3300.55032 2314.435826)
(-3445.062434 -3300.55032 2314.435826)
(-3170.125052 -3300.55032 2314.435826)
(-2895.187669 -3300.55032 2314.435826)
(-2620.250286 -3300.55032 2314.435826)
(-2345.312903 -3300.55032 2314.435826)
(-2070.375521 -3300.55032 2314.435826)
(-1795.438138 -3300.55032 2314.435826)
(-1520.500755 -3300.55032 2314.435826)
(-1245.563372 -3300.55032 2314.435826)
(-970.6259897 -3300.55032 2314.435826)
(-695.6886069 -3300.55032 2314.435826)
(-420.7512241 -3300.55032 2314.435826)
(-145.8138414 -3300.55032 2314.435826)
(129.1235414 -3300.55032 2314.435826)
(404.0609241 -3300.55032 2314.435826)
(678.9983069 -3300.55032 2314.435826)
(953.9356897 -3300.55032 2314.435826)
(1228.873072 -3300.55032 2314.435826)
(1503.810455 -3300.55032 2314.435826)
(1778.747838 -3300.55032 2314.435826)
(2053.685221 -3300.55032 2314.435826)
(2328.622603 -3300.55032 2314.435826)
(2603.559986 -3300.55032 2314.435826)
(2878.497369 -3300.55032 2314.435826)
(3153.434752 -3300.55032 2314.435826)
(3428.372134 -3300.55032 2314.435826)
(3703.309517 -3300.55032 2314.435826)
(3978.2469 -3300.55032 2314.435826)
(-3994.9372 -3072.74506 2314.435826)
(-3719.999817 -3072.74506 2314.435826)
(-3445.062434 -3072.74506 2314.435826)
(-3170.125052 -3072.74506 2314.435826)
(-2895.187669 -3072.74506 2314.435826)
(-2620.250286 -3072.74506 2314.435826)
(-2345.312903 -3072.74506 2314.435826)
(-2070.375521 -3072.74506 2314.435826)
(-1795.438138 -3072.74506 2314.435826)
(-1520.500755 -3072.74506 2314.435826)
(-1245.563372 -3072.74506 2314.435826)
(-970.6259897 -3072.74506 2314.435826)
(-695.6886069 -3072.74506 2314.435826)
(-420.7512241 -3072.74506 2314.435826)
(-145.8138414 -3072.74506 2314.435826)
(129.1235414 -3072.74506 2314.435826)
(404.0609241 -3072.74506 2314.435826)
(678.9983069 -3072.74506 2314.435826)
(953.9356897 -3072.74506 2314.435826)
(1228.873072 -3072.74506 2314.435826)
(1503.810455 -3072.74506 2314.435826)
(1778.747838 -3072.74506 2314.435826)
(2053.685221 -3072.74506 2314.435826)
(2328.622603 -3072.74506 2314.435826)
(2603.559986 -3072.74506 2314.435826)
(2878.497369 -3072.74506 2314.435826)
(3153.434752 -3072.74506 2314.435826)
(3428.372134 -3072.74506 2314.435826)
(3703.309517 -3072.74506 2314.435826)
(3978.2469 -3072.74506 2314.435826)
(-3994.9372 -2844.9398 2314.435826)
(-3719.999817 -2844.9398 2314.435826)
(-3445.062434 -2844.9398 2314.435826)
(-3170.125052 -2844.9398 2314.435826)
(-2895.187669 -2844.9398 2314.435826)
(-2620.250286 -2844.9398 2314.435826)
(-2345.312903 -2844.9398 2314.435826)
(-2070.375521 -2844.9398 2314.435826)
(-1795.438138 -2844.9398 2314.435826)
(-1520.500755 -2844.9398 2314.435826)
(-1245.563372 -2844.9398 2314.435826)
(-970.6259897 -2844.9398 2314.435826)
(-695.6886069 -2844.9398 2314.435826)
(-420.7512241 -2844.9398 2314.435826)
(-145.8138414 -2844.9398 2314.435826)
(129.1235414 -2844.9398 2314.435826)
(404.0609241 -2844.9398 2314.435826)
(678.9983069 -2844.9398 2314.435826)
(953.9356897 -2844.9398 2314.435826)
(1228.873072 -2844.9398 2314.435826)
(1503.810455 -2844.9398 2314.435826)
(1778.747838 -2844.9398 2314.435826)
(2053.685221 -2844.9398 2314.435826)
(2328.622603 -2844.9398 2314.435826)
(2603.559986 -2844.9398 2314.435826)
(2878.497369 -2844.9398 2314.435826)
(3153.434752 -2844.9398 2314.435826)
(3428.372134 -2844.9398 2314.435826)
(3703.309517 -2844.9398 2314.435826)
(3978.2469 -2844.9398 2314.435826)
(-3994.9372 -2617.13454 2314.435826)
(-3719.999817 -2617.13454 2314.435826)
(-3445.062434 -2617.13454 2314.435826)
(-3170.125052 -2617.13454 2314.435826)
(-2895.187669 -2617.13454 2314.435826)
(-2620.250286 -2617.13454 2314.435826)
(-2345.312903 -2617.13454 2314.435826)
(-2070.375521 -2617.13454 2314.435826)
(-1795.438138 -2617.13454 2314.435826)
(-1520.500755 -2617.13454 2314.435826)
(-1245.563372 -2617.13454 2314.435826)
(-970.6259897 -2617.13454 2314.435826)
(-695.6886069 -2617.13454 2314.435826)
(-420.7512241 -2617.13454 2314.435826)
(-145.8138414 -2617.13454 2314.435826)
(129.1235414 -2617.13454 2314.435826)
(404.0609241 -2617.13454 2314.435826)
(678.9983069 -2617.13454 2314.435826)
(953.9356897 -2617.13454 2314.435826)
(1228.873072 -2617.13454 2314.435826)
(1503.810455 -2617.13454 2314.435826)
(1778.747838 -2617.13454 2314.435826)
(2053.685221 -2617.13454 2314.435826)
(2328.622603 -2617.13454 2314.435826)
(2603.559986 -2617.13454 2314.435826)
(2878.497369 -2617.13454 2314.435826)
(3153.434752 -2617.13454 2314.435826)
(3428.372134 -2617.13454 2314.435826)
(3703.309517 -2617.13454 2314.435826)
(3978.2469 -2617.13454 2314.435826)
(-3994.9372 -2389.32928 2314.435826)
(-3719.999817 -2389.32928 2314.435826)
(-3445.062434 -2389.32928 2314.435826)
(-3170.125052 -2389.32928 2314.435826)
(-2895.187669 -2389.32928 2314.435826)
(-2620.250286 -2389.32928 2314.435826)
(-2345.312903 -2389.32928 2314.435826)
(-2070.375521 -2389.32928 2314.435826)
(-1795.438138 -2389.32928 2314.435826)
(-1520.500755 -2389.32928 2314.435826)
(-1245.563372 -2389.32928 2314.435826)
(-970.6259897 -2389.32928 2314.435826)
(-695.6886069 -2389.32928 2314.435826)
(-420.7512241 -2389.32928 2314.435826)
(-145.8138414 -2389.32928 2314.435826)
(129.1235414 -2389.32928 2314.435826)
(404.0609241 -2389.32928 2314.435826)
(678.9983069 -2389.32928 2314.435826)
(953.9356897 -2389.32928 2314.435826)
(1228.873072 -2389.32928 2314.435826)
(1503.810455 -2389.32928 2314.435826)
(1778.747838 -2389.32928 2314.435826)
(2053.685221 -2389.32928 2314.435826)
(2328.622603 -2389.32928 2314.435826)
(2603.559986 -2389.32928 2314.435826)
(2878.497369 -2389.32928 2314.435826)
(3153.434752 -2389.32928 2314.435826)
(3428.372134 -2389.32928 2314.435826)
(3703.309517 -2389.32928 2314.435826)
(3978.2469 -2389.32928 2314.435826)
(-3994.9372 -2161.52402 2314.435826)
(-3719.999817 -2161.52402 2314.435826)
(-3445.062434 -2161.52402 2314.435826)
(-3170.125052 -2161.52402 2314.435826)
(-2895.187669 -2161.52402 2314.435826)
(-2620.250286 -2161.52402 2314.435826)
(-2345.312903 -2161.52402 2314.435826)
(-2070.375521 -2161.52402 2314.435826)
(-1795.438138 -2161.52402 2314.435826)
(-1520.500755 -2161.52402 2314.435826)
(-1245.563372 -2161.52402 2314.435826)
(-970.6259897 -2161.52402 2314.435826)
(-695.6886069 -2161.52402 2314.435826)
(-420.7512241 -2161.52402 2314.435826)
(-145.8138414 -2161.52402 2314.435826)
(129.1235414 -2161.52402 2314.435826)
(404.0609241 -2161.52402 2314.435826)
(678.9983069 -2161.52402 2314.435826)
(953.9356897 -2161.52402 2314.435826)
(1228.873072 -2161.52402 2314.435826)
(1503.810455 -2161.52402 2314.435826)
(1778.747838 -2161.52402 2314.435826)
(2053.685221 -2161.52402 2314.435826)
(2328.622603 -2161.52402 2314.435826)
(2603.559986 -2161.52402 2314.435826)
(2878.497369 -2161.52402 2314.435826)
(3153.434752 -2161.52402 2314.435826)
(3428.372134 -2161.52402 2314.435826)
(3703.309517 -2161.52402 2314.435826)
(3978.2469 -2161.52402 2314.435826)
(-3994.9372 -1933.71876 2314.435826)
(-3719.999817 -1933.71876 2314.435826)
(-3445.062434 -1933.71876 2314.435826)
(-3170.125052 -1933.71876 2314.435826)
(-2895.187669 -1933.71876 2314.435826)
(-2620.250286 -1933.71876 2314.435826)
(-2345.312903 -1933.71876 2314.435826)
(-2070.375521 -1933.71876 2314.435826)
(-1795.438138 -1933.71876 2314.435826)
(-1520.500755 -1933.71876 2314.435826)
(-1245.563372 -1933.71876 2314.435826)
(-970.6259897 -1933.71876 2314.435826)
(-695.6886069 -1933.71876 2314.435826)
(-420.7512241 -1933.71876 2314.435826)
(-145.8138414 -1933.71876 2314.435826)
(129.1235414 -1933.71876 2314.435826)
(404.0609241 -1933.71876 2314.435826)
(678.9983069 -1933.71876 2314.435826)
(953.9356897 -1933.71876 2314.435826)
(1228.873072 -1933.71876 2314.435826)
(1503.810455 -1933.71876 2314.435826)
(1778.747838 -1933.71876 2314.435826)
(2053.685221 -1933.71876 2314.435826)
(2328.622603 -1933.71876 2314.435826)
(2603.559986 -1933.71876 2314.435826)
(2878.497369 -1933.71876 2314.435826)
(3153.434752 -1933.71876 2314.435826)
(3428.372134 -1933.71876 2314.435826)
(3703.309517 -1933.71876 2314.435826)
(3978.2469 -1933.71876 2314.435826)
(-3994.9372 -1705.9135 2314.435826)
(-3719.999817 -1705.9135 2314.435826)
(-3445.062434 -1705.9135 2314.435826)
(-3170.125052 -1705.9135 2314.435826)
(-2895.187669 -1705.9135 2314.435826)
(-2620.250286 -1705.9135 2314.435826)
(-2345.312903 -1705.9135 2314.435826)
(-2070.375521 -1705.9135 2314.435826)
(-1795.438138 -1705.9135 2314.435826)
(-1520.500755 -1705.9135 2314.435826)
(-1245.563372 -1705.9135 2314.435826)
(-970.6259897 -1705.9135 2314.435826)
(-695.6886069 -1705.9135 2314.435826)
(-420.7512241 -1705.9135 2314.435826)
(-145.8138414 -1705.9135 2314.435826)
(129.1235414 -1705.9135 2314.435826)
(404.0609241 -1705.9135 2314.435826)
(678.9983069 -1705.9135 2314.435826)
(953.9356897 -1705.9135 2314.435826)
(1228.873072 -1705.9135 2314.435826)
(1503.810455 -1705.9135 2314.435826)
(1778.747838 -1705.9135 2314.435826)
(2053.685221 -1705.9135 2314.435826)
(2328.622603 -1705.9135 2314.435826)
(2603.559986 -1705.9135 2314.435826)
(2878.497369 -1705.9135 2314.435826)
(3153.434752 -1705.9135 2314.435826)
(3428.372134 -1705.9135 2314.435826)
(3703.309517 -1705.9135 2314.435826)
(3978.2469 -1705.9135 2314.435826)
(-3994.9372 -1478.10824 2314.435826)
(-3719.999817 -1478.10824 2314.435826)
(-3445.062434 -1478.10824 2314.435826)
(-3170.125052 -1478.10824 2314.435826)
(-2895.187669 -1478.10824 2314.435826)
(-2620.250286 -1478.10824 2314.435826)
(-2345.312903 -1478.10824 2314.435826)
(-2070.375521 -1478.10824 2314.435826)
(-1795.438138 -1478.10824 2314.435826)
(-1520.500755 -1478.10824 2314.435826)
(-1245.563372 -1478.10824 2314.435826)
(-970.6259897 -1478.10824 2314.435826)
(-695.6886069 -1478.10824 2314.435826)
(-420.7512241 -1478.10824 2314.435826)
(-145.8138414 -1478.10824 2314.435826)
(129.1235414 -1478.10824 2314.435826)
(404.0609241 -1478.10824 2314.435826)
(678.9983069 -1478.10824 2314.435826)
(953.9356897 -1478.10824 2314.435826)
(1228.873072 -1478.10824 2314.435826)
(1503.810455 -1478.10824 2314.435826)
(1778.747838 -1478.10824 2314.435826)
(2053.685221 -1478.10824 2314.435826)
(2328.622603 -1478.10824 2314.435826)
(2603.559986 -1478.10824 2314.435826)
(2878.497369 -1478.10824 2314.435826)
(3153.434752 -1478.10824 2314.435826)
(3428.372134 -1478.10824 2314.435826)
(3703.309517 -1478.10824 2314.435826)
(3978.2469 -1478.10824 2314.435826)
(-3994.9372 -1250.30298 2314.435826)
(-3719.999817 -1250.30298 2314.435826)
(-3445.062434 -1250.30298 2314.435826)
(-3170.125052 -1250.30298 2314.435826)
(-2895.187669 -1250.30298 2314.435826)
(-2620.250286 -1250.30298 2314.435826)
(-2345.312903 -1250.30298 2314.435826)
(-2070.375521 -1250.30298 2314.435826)
(-1795.438138 -1250.30298 2314.435826)
(-1520.500755 -1250.30298 2314.435826)
(-1245.563372 -1250.30298 2314.435826)
(-970.6259897 -1250.30298 2314.435826)
(-695.6886069 -1250.30298 2314.435826)
(-420.7512241 -1250.30298 2314.435826)
(-145.8138414 -1250.30298 2314.435826)
(129.1235414 -1250.30298 2314.435826)
(404.0609241 -1250.30298 2314.435826)
(678.9983069 -1250.30298 2314.435826)
(953.9356897 -1250.30298 2314.435826)
(1228.873072 -1250.30298 2314.435826)
(1503.810455 -1250.30298 2314.435826)
(1778.747838 -1250.30298 2314.435826)
(2053.685221 -1250.30298 2314.435826)
(2328.622603 -1250.30298 2314.435826)
(2603.559986 -1250.30298 2314.435826)
(2878.497369 -1250.30298 2314.435826)
(3153.434752 -1250.30298 2314.435826)
(3428.372134 -1250.30298 2314.435826)
(3703.309517 -1250.30298 2314.435826)
(3978.2469 -1250.30298 2314.435826)
(-3994.9372 -1022.49772 2314.435826)
(-3719.999817 -1022.49772 2314.435826)
(-3445.062434 -1022.49772 2314.435826)
(-3170.125052 -1022.49772 2314.435826)
(-2895.187669 -1022.49772 2314.435826)
(-2620.250286 -1022.49772 2314.435826)
(-2345.312903 -1022.49772 2314.435826)
(-2070.375521 -1022.49772 2314.435826)
(-1795.438138 -1022.49772 2314.435826)
(-1520.500755 -1022.49772 2314.435826)
(-1245.563372 -1022.49772 2314.435826)
(-970.6259897 -1022.49772 2314.435826)
(-695.6886069 -1022.49772 2314.435826)
(-420.7512241 -1022.49772 2314.435826)
(-145.8138414 -1022.49772 2314.435826)
(129.1235414 -1022.49772 2314.435826)
(404.0609241 -1022.49772 2314.435826)
(678.9983069 -1022.49772 2314.435826)
(953.9356897 -1022.49772 2314.435826)
(1228.873072 -1022.49772 2314.435826)
(1503.810455 -1022.49772 2314.435826)
(1778.747838 -1022.49772 2314.435826)
(2053.685221 -1022.49772 2314.435826)
(2328.622603 -1022.49772 2314.435826)
(2603.559986 -1022.49772 2314.435826)
(2878.497369 -1022.49772 2314.435826)
(3153.434752 -1022.49772 2314.435826)
(3428.372134 -1022.49772 2314.435826)
(3703.309517 -1022.49772 2314.435826)
(3978.2469 -1022.49772 2314.435826)
(-3994.9372 -794.69246 2314.435826)
(-3719.999817 -794.69246 2314.435826)
(-3445.062434 -794.69246 2314.435826)
(-3170.125052 -794.69246 2314.435826)
(-2895.187669 -794.69246 2314.435826)
(-2620.250286 -794.69246 2314.435826)
(-2345.312903 -794.69246 2314.435826)
(-2070.375521 -794.69246 2314.435826)
(-1795.438138 -794.69246 2314.435826)
(-1520.500755 -794.69246 2314.435826)
(-1245.563372 -794.69246 2314.435826)
(-970.6259897 -794.69246 2314.435826)
(-695.6886069 -794.69246 2314.435826)
(-420.7512241 -794.69246 2314.435826)
(-145.8138414 -794.69246 2314.435826)
(129.1235414 -794.69246 2314.435826)
(404.0609241 -794.69246 2314.435826)
(678.9983069 -794.69246 2314.435826)
(953.9356897 -794.69246 2314.435826)
(1228.873072 -794.69246 2314.435826)
(1503.810455 -794.69246 2314.435826)
(1778.747838 -794.69246 2314.435826)
(2053.685221 -794.69246 2314.435826)
(2328.622603 -794.69246 2314.435826)
(2603.559986 -794.69246 2314.435826)
(2878.497369 -794.69246 2314.435826)
(3153.434752 -794.69246 2314.435826)
(3428.372134 -794.69246 2314.435826)
(3703.309517 -794.69246 2314.435826)
(3978.2469 -794.69246 2314.435826)
(-3994.9372 -566.8872 2314.435826)
(-3719.999817 -566.8872 2314.435826)
(-3445.062434 -566.8872 2314.435826)
(-3170.125052 -566.8872 2314.435826)
(-2895.187669 -566.8872 2314.435826)
(-2620.250286 -566.8872 2314.435826)
(-2345.312903 -566.8872 2314.435826)
(-2070.375521 -566.8872 2314.435826)
(-1795.438138 -566.8872 2314.435826)
(-1520.500755 -566.8872 2314.435826)
(-1245.563372 -566.8872 2314.435826)
(-970.6259897 -566.8872 2314.435826)
(-695.6886069 -566.8872 2314.435826)
(-420.7512241 -566.8872 2314.435826)
(-145.8138414 -566.8872 2314.435826)
(129.1235414 -566.8872 2314.435826)
(404.0609241 -566.8872 2314.435826)
(678.9983069 -566.8872 2314.435826)
(953.9356897 -566.8872 2314.435826)
(1228.873072 -566.8872 2314.435826)
(1503.810455 -566.8872 2314.435826)
(1778.747838 -566.8872 2314.435826)
(2053.685221 -566.8872 2314.435826)
(2328.622603 -566.8872 2314.435826)
(2603.559986 -566.8872 2314.435826)
(2878.497369 -566.8872 2314.435826)
(3153.434752 -566.8872 2314.435826)
(3428.372134 -566.8872 2314.435826)
(3703.309517 -566.8872 2314.435826)
(3978.2469 -566.8872 2314.435826)
(-3994.9372 -339.08194 2314.435826)
(-3719.999817 -339.08194 2314.435826)
(-3445.062434 -339.08194 2314.435826)
(-3170.125052 -339.08194 2314.435826)
(-2895.187669 -339.08194 2314.435826)
(-2620.250286 -339.08194 2314.435826)
(-2345.312903 -339.08194 2314.435826)
(-2070.375521 -339.08194 2314.435826)
(-1795.438138 -339.08194 2314.435826)
(-1520.500755 -339.08194 2314.435826)
(-1245.563372 -339.08194 2314.435826)
(-970.6259897 -339.08194 2314.435826)
(-695.6886069 -339.08194 2314.435826)
(-420.7512241 -339.08194 2314.435826)
(-145.8138414 -339.08194 2314.435826)
(129.1235414 -339.08194 2314.435826)
(404.0609241 -339.08194 2314.435826)
(678.9983069 -339.08194 2314.435826)
(953.9356897 -339.08194 2314.435826)
(1228.873072 -339.08194 2314.435826)
(1503.810455 -339.08194 2314.435826)
(1778.747838 -339.08194 2314.435826)
(2053.685221 -339.08194 2314.435826)
(2328.622603 -339.08194 2314.435826)
(2603.559986 -339.08194 2314.435826)
(2878.497369 -339.08194 2314.435826)
(3153.434752 -339.08194 2314.435826)
(3428.372134 -339.08194 2314.435826)
(3703.309517 -339.08194 2314.435826)
(3978.2469 -339.08194 2314.435826)
(-3994.9372 -111.27668 2314.435826)
(-3719.999817 -111.27668 2314.435826)
(-3445.062434 -111.27668 2314.435826)
(-3170.125052 -111.27668 2314.435826)
(-2895.187669 -111.27668 2314.435826)
(-2620.250286 -111.27668 2314.435826)
(-2345.312903 -111.27668 2314.435826)
(-2070.375521 -111.27668 2314.435826)
(-1795.438138 -111.27668 2314.435826)
(-1520.500755 -111.27668 2314.435826)
(-1245.563372 -111.27668 2314.435826)
(-970.6259897 -111.27668 2314.435826)
(-695.6886069 -111.27668 2314.435826)
(-420.7512241 -111.27668 2314.435826)
(-145.8138414 -111.27668 2314.435826)
(129.1235414 -111.27668 2314.435826)
(404.0609241 -111.27668 2314.435826)
(678.9983069 -111.27668 2314.435826)
(953.9356897 -111.27668 2314.435826)
(1228.873072 -111.27668 2314.435826)
(1503.810455 -111.27668 2314.435826)
(1778.747838 -111.27668 2314.435826)
(2053.685221 -111.27668 2314.435826)
(2328.622603 -111.27668 2314.435826)
(2603.559986 -111.27668 2314.435826)
(2878.497369 -111.27668 2314.435826)
(3153.434752 -111.27668 2314.435826)
(3428.372134 -111.27668 2314.435826)
(3703.309517 -111.27668 2314.435826)
(3978.2469 -111.27668 2314.435826)
(-3994.9372 116.52858 2314.435826)
(-3719.999817 116.52858 2314.435826)
(-3445.062434 116.52858 2314.435826)
(-3170.125052 116.52858 2314.435826)
(-2895.187669 116.52858 2314.435826)
(-2620.250286 116.52858 2314.435826)
(-2345.312903 116.52858 2314.435826)
(-2070.375521 116.52858 2314.435826)
(-1795.438138 116.52858 2314.435826)
(-1520.500755 116.52858 2314.435826)
(-1245.563372 116.52858 2314.435826)
(-970.6259897 116.52858 2314.435826)
(-695.6886069 116.52858 2314.435826)
(-420.7512241 116.52858 2314.435826)
(-145.8138414 116.52858 2314.435826)
(129.1235414 116.52858 2314.435826)
(404.0609241 116.52858 2314.435826)
(678.9983069 116.52858 2314.435826)
(953.9356897 116.52858 2314.435826)
(1228.873072 116.52858 2314.435826)
(1503.810455 116.52858 2314.435826)
(1778.747838 116.52858 2314.435826)
(2053.685221 116.52858 2314.435826)
(2328.622603 116.52858 2314.435826)
(2603.559986 116.52858 2314.435826)
(2878.497369 116.52858 2314.435826)
(3153.434752 116.52858 2314.435826)
(3428.372134 116.52858 2314.435826)
(3703.309517 116.52858 2314.435826)
(3978.2469 116.52858 2314.435826)
(-3994.9372 344.33384 2314.435826)
(-3719.999817 344.33384 2314.435826)
(-3445.062434 344.33384 2314.435826)
(-3170.125052 344.33384 2314.435826)
(-2895.187669 344.33384 2314.435826)
(-2620.250286 344.33384 2314.435826)
(-2345.312903 344.33384 2314.435826)
(-2070.375521 344.33384 2314.435826)
(-1795.438138 344.33384 2314.435826)
(-1520.500755 344.33384 2314.435826)
(-1245.563372 344.33384 2314.435826)
(-970.6259897 344.33384 2314.435826)
(-695.6886069 344.33384 2314.435826)
(-420.7512241 344.33384 2314.435826)
(-145.8138414 344.33384 2314.435826)
(129.1235414 344.33384 2314.435826)
(404.0609241 344.33384 2314.435826)
(678.9983069 344.33384 2314.435826)
(953.9356897 344.33384 2314.435826)
(1228.873072 344.33384 2314.435826)
(1503.810455 344.33384 2314.435826)
(1778.747838 344.33384 2314.435826)
(2053.685221 344.33384 2314.435826)
(2328.622603 344.33384 2314.435826)
(2603.559986 344.33384 2314.435826)
(2878.497369 344.33384 2314.435826)
(3153.434752 344.33384 2314.435826)
(3428.372134 344.33384 2314.435826)
(3703.309517 344.33384 2314.435826)
(3978.2469 344.33384 2314.435826)
(-3994.9372 572.1391 2314.435826)
(-3719.999817 572.1391 2314.435826)
(-3445.062434 572.1391 2314.435826)
(-3170.125052 572.1391 2314.435826)
(-2895.187669 572.1391 2314.435826)
(-2620.250286 572.1391 2314.435826)
(-2345.312903 572.1391 2314.435826)
(-2070.375521 572.1391 2314.435826)
(-1795.438138 572.1391 2314.435826)
(-1520.500755 572.1391 2314.435826)
(-1245.563372 572.1391 2314.435826)
(-970.6259897 572.1391 2314.435826)
(-695.6886069 572.1391 2314.435826)
(-420.7512241 572.1391 2314.435826)
(-145.8138414 572.1391 2314.435826)
(129.1235414 572.1391 2314.435826)
(404.0609241 572.1391 2314.435826)
(678.9983069 572.1391 2314.435826)
(953.9356897 572.1391 2314.435826)
(1228.873072 572.1391 2314.435826)
(1503.810455 572.1391 2314.435826)
(1778.747838 572.1391 2314.435826)
(2053.685221 572.1391 2314.435826)
(2328.622603 572.1391 2314.435826)
(2603.559986 572.1391 2314.435826)
(2878.497369 572.1391 2314.435826)
(3153.434752 572.1391 2314.435826)
(3428.372134 572.1391 2314.435826)
(3703.309517 572.1391 2314.435826)
(3978.2469 572.1391 2314.435826)
(-3994.9372 799.94436 2314.435826)
(-3719.999817 799.94436 2314.435826)
(-3445.062434 799.94436 2314.435826)
(-3170.125052 799.94436 2314.435826)
(-2895.187669 799.94436 2314.435826)
(-2620.250286 799.94436 2314.435826)
(-2345.312903 799.94436 2314.435826)
(-2070.375521 799.94436 2314.435826)
(-1795.438138 799.94436 2314.435826)
(-1520.500755 799.94436 2314.435826)
(-1245.563372 799.94436 2314.435826)
(-970.6259897 799.94436 2314.435826)
(-695.6886069 799.94436 2314.435826)
(-420.7512241 799.94436 2314.435826)
(-145.8138414 799.94436 2314.435826)
(129.1235414 799.94436 2314.435826)
(404.0609241 799.94436 2314.435826)
(678.9983069 799.94436 2314.435826)
(953.9356897 799.94436 2314.435826)
(1228.873072 799.94436 2314.435826)
(1503.810455 799.94436 2314.435826)
(1778.747838 799.94436 2314.435826)
(2053.685221 799.94436 2314.435826)
(2328.622603 799.94436 2314.435826)
(2603.559986 799.94436 2314.435826)
(2878.497369 799.94436 2314.435826)
(3153.434752 799.94436 2314.435826)
(3428.372134 799.94436 2314.435826)
(3703.309517 799.94436 2314.435826)
(3978.2469 799.94436 2314.435826)
(-3994.9372 1027.74962 2314.435826)
(-3719.999817 1027.74962 2314.435826)
(-3445.062434 1027.74962 2314.435826)
(-3170.125052 1027.74962 2314.435826)
(-2895.187669 1027.74962 2314.435826)
(-2620.250286 1027.74962 2314.435826)
(-2345.312903 1027.74962 2314.435826)
(-2070.375521 1027.74962 2314.435826)
(-1795.438138 1027.74962 2314.435826)
(-1520.500755 1027.74962 2314.435826)
(-1245.563372 1027.74962 2314.435826)
(-970.6259897 1027.74962 2314.435826)
(-695.6886069 1027.74962 2314.435826)
(-420.7512241 1027.74962 2314.435826)
(-145.8138414 1027.74962 2314.435826)
(129.1235414 1027.74962 2314.435826)
(404.0609241 1027.74962 2314.435826)
(678.9983069 1027.74962 2314.435826)
(953.9356897 1027.74962 2314.435826)
(1228.873072 1027.74962 2314.435826)
(1503.810455 1027.74962 2314.435826)
(1778.747838 1027.74962 2314.435826)
(2053.685221 1027.74962 2314.435826)
(2328.622603 1027.74962 2314.435826)
(2603.559986 1027.74962 2314.435826)
(2878.497369 1027.74962 2314.435826)
(3153.434752 1027.74962 2314.435826)
(3428.372134 1027.74962 2314.435826)
(3703.309517 1027.74962 2314.435826)
(3978.2469 1027.74962 2314.435826)
(-3994.9372 1255.55488 2314.435826)
(-3719.999817 1255.55488 2314.435826)
(-3445.062434 1255.55488 2314.435826)
(-3170.125052 1255.55488 2314.435826)
(-2895.187669 1255.55488 2314.435826)
(-2620.250286 1255.55488 2314.435826)
(-2345.312903 1255.55488 2314.435826)
(-2070.375521 1255.55488 2314.435826)
(-1795.438138 1255.55488 2314.435826)
(-1520.500755 1255.55488 2314.435826)
(-1245.563372 1255.55488 2314.435826)
(-970.6259897 1255.55488 2314.435826)
(-695.6886069 1255.55488 2314.435826)
(-420.7512241 1255.55488 2314.435826)
(-145.8138414 1255.55488 2314.435826)
(129.1235414 1255.55488 2314.435826)
(404.0609241 1255.55488 2314.435826)
(678.9983069 1255.55488 2314.435826)
(953.9356897 1255.55488 2314.435826)
(1228.873072 1255.55488 2314.435826)
(1503.810455 1255.55488 2314.435826)
(1778.747838 1255.55488 2314.435826)
(2053.685221 1255.55488 2314.435826)
(2328.622603 1255.55488 2314.435826)
(2603.559986 1255.55488 2314.435826)
(2878.497369 1255.55488 2314.435826)
(3153.434752 1255.55488 2314.435826)
(3428.372134 1255.55488 2314.435826)
(3703.309517 1255.55488 2314.435826)
(3978.2469 1255.55488 2314.435826)
(-3994.9372 1483.36014 2314.435826)
(-3719.999817 1483.36014 2314.435826)
(-3445.062434 1483.36014 2314.435826)
(-3170.125052 1483.36014 2314.435826)
(-2895.187669 1483.36014 2314.435826)
(-2620.250286 1483.36014 2314.435826)
(-2345.312903 1483.36014 2314.435826)
(-2070.375521 1483.36014 2314.435826)
(-1795.438138 1483.36014 2314.435826)
(-1520.500755 1483.36014 2314.435826)
(-1245.563372 1483.36014 2314.435826)
(-970.6259897 1483.36014 2314.435826)
(-695.6886069 1483.36014 2314.435826)
(-420.7512241 1483.36014 2314.435826)
(-145.8138414 1483.36014 2314.435826)
(129.1235414 1483.36014 2314.435826)
(404.0609241 1483.36014 2314.435826)
(678.9983069 1483.36014 2314.435826)
(953.9356897 1483.36014 2314.435826)
(1228.873072 1483.36014 2314.435826)
(1503.810455 1483.36014 2314.435826)
(1778.747838 1483.36014 2314.435826)
(2053.685221 1483.36014 2314.435826)
(2328.622603 1483.36014 2314.435826)
(2603.559986 1483.36014 2314.435826)
(2878.497369 1483.36014 2314.435826)
(3153.434752 1483.36014 2314.435826)
(3428.372134 1483.36014 2314.435826)
(3703.309517 1483.36014 2314.435826)
(3978.2469 1483.36014 2314.435826)
(-3994.9372 1711.1654 2314.435826)
(-3719.999817 1711.1654 2314.435826)
(-3445.062434 1711.1654 2314.435826)
(-3170.125052 1711.1654 2314.435826)
(-2895.187669 1711.1654 2314.435826)
(-2620.250286 1711.1654 2314.435826)
(-2345.312903 1711.1654 2314.435826)
(-2070.375521 1711.1654 2314.435826)
(-1795.438138 1711.1654 2314.435826)
(-1520.500755 1711.1654 2314.435826)
(-1245.563372 1711.1654 2314.435826)
(-970.6259897 1711.1654 2314.435826)
(-695.6886069 1711.1654 2314.435826)
(-420.7512241 1711.1654 2314.435826)
(-145.8138414 1711.1654 2314.435826)
(129.1235414 1711.1654 2314.435826)
(404.0609241 1711.1654 2314.435826)
(678.9983069 1711.1654 2314.435826)
(953.9356897 1711.1654 2314.435826)
(1228.873072 1711.1654 2314.435826)
(1503.810455 1711.1654 2314.435826)
(1778.747838 1711.1654 2314.435826)
(2053.685221 1711.1654 2314.435826)
(2328.622603 1711.1654 2314.435826)
(2603.559986 1711.1654 2314.435826)
(2878.497369 1711.1654 2314.435826)
(3153.434752 1711.1654 2314.435826)
(3428.372134 1711.1654 2314.435826)
(3703.309517 1711.1654 2314.435826)
(3978.2469 1711.1654 2314.435826)
(-3994.9372 1938.97066 2314.435826)
(-3719.999817 1938.97066 2314.435826)
(-3445.062434 1938.97066 2314.435826)
(-3170.125052 1938.97066 2314.435826)
(-2895.187669 1938.97066 2314.435826)
(-2620.250286 1938.97066 2314.435826)
(-2345.312903 1938.97066 2314.435826)
(-2070.375521 1938.97066 2314.435826)
(-1795.438138 1938.97066 2314.435826)
(-1520.500755 1938.97066 2314.435826)
(-1245.563372 1938.97066 2314.435826)
(-970.6259897 1938.97066 2314.435826)
(-695.6886069 1938.97066 2314.435826)
(-420.7512241 1938.97066 2314.435826)
(-145.8138414 1938.97066 2314.435826)
(129.1235414 1938.97066 2314.435826)
(404.0609241 1938.97066 2314.435826)
(678.9983069 1938.97066 2314.435826)
(953.9356897 1938.97066 2314.435826)
(1228.873072 1938.97066 2314.435826)
(1503.810455 1938.97066 2314.435826)
(1778.747838 1938.97066 2314.435826)
(2053.685221 1938.97066 2314.435826)
(2328.622603 1938.97066 2314.435826)
(2603.559986 1938.97066 2314.435826)
(2878.497369 1938.97066 2314.435826)
(3153.434752 1938.97066 2314.435826)
(3428.372134 1938.97066 2314.435826)
(3703.309517 1938.97066 2314.435826)
(3978.2469 1938.97066 2314.435826)
(-3994.9372 2166.77592 2314.435826)
(-3719.999817 2166.77592 2314.435826)
(-3445.062434 2166.77592 2314.435826)
(-3170.125052 2166.77592 2314.435826)
(-2895.187669 2166.77592 2314.435826)
(-2620.250286 2166.77592 2314.435826)
(-2345.312903 2166.77592 2314.435826)
(-2070.375521 2166.77592 2314.435826)
(-1795.438138 2166.77592 2314.435826)
(-1520.500755 2166.77592 2314.435826)
(-1245.563372 2166.77592 2314.435826)
(-970.6259897 2166.77592 2314.435826)
(-695.6886069 2166.77592 2314.435826)
(-420.7512241 2166.77592 2314.435826)
(-145.8138414 2166.77592 2314.435826)
(129.1235414 2166.77592 2314.435826)
(404.0609241 2166.77592 2314.435826)
(678.9983069 2166.77592 2314.435826)
(953.9356897 2166.77592 2314.435826)
(1228.873072 2166.77592 2314.435826)
(1503.810455 2166.77592 2314.435826)
(1778.747838 2166.77592 2314.435826)
(2053.685221 2166.77592 2314.435826)
(2328.622603 2166.77592 2314.435826)
(2603.559986 2166.77592 2314.435826)
(2878.497369 2166.77592 2314.435826)
(3153.434752 2166.77592 2314.435826)
(3428.372134 2166.77592 2314.435826)
(3703.309517 2166.77592 2314.435826)
(3978.2469 2166.77592 2314.435826)
(-3994.9372 2394.58118 2314.435826)
(-3719.999817 2394.58118 2314.435826)
(-3445.062434 2394.58118 2314.435826)
(-3170.125052 2394.58118 2314.435826)
(-2895.187669 2394.58118 2314.435826)
(-2620.250286 2394.58118 2314.435826)
(-2345.312903 2394.58118 2314.435826)
(-2070.375521 2394.58118 2314.435826)
(-1795.438138 2394.58118 2314.435826)
(-1520.500755 2394.58118 2314.435826)
(-1245.563372 2394.58118 2314.435826)
(-970.6259897 2394.58118 2314.435826)
(-695.6886069 2394.58118 2314.435826)
(-420.7512241 2394.58118 2314.435826)
(-145.8138414 2394.58118 2314.435826)
(129.1235414 2394.58118 2314.435826)
(404.0609241 2394.58118 2314.435826)
(678.9983069 2394.58118 2314.435826)
(953.9356897 2394.58118 2314.435826)
(1228.873072 2394.58118 2314.435826)
(1503.810455 2394.58118 2314.435826)
(1778.747838 2394.58118 2314.435826)
(2053.685221 2394.58118 2314.435826)
(2328.622603 2394.58118 2314.435826)
(2603.559986 2394.58118 2314.435826)
(2878.497369 2394.58118 2314.435826)
(3153.434752 2394.58118 2314.435826)
(3428.372134 2394.58118 2314.435826)
(3703.309517 2394.58118 2314.435826)
(3978.2469 2394.58118 2314.435826)
(-3994.9372 2622.38644 2314.435826)
(-3719.999817 2622.38644 2314.435826)
(-3445.062434 2622.38644 2314.435826)
(-3170.125052 2622.38644 2314.435826)
(-2895.187669 2622.38644 2314.435826)
(-2620.250286 2622.38644 2314.435826)
(-2345.312903 2622.38644 2314.435826)
(-2070.375521 2622.38644 2314.435826)
(-1795.438138 2622.38644 2314.435826)
(-1520.500755 2622.38644 2314.435826)
(-1245.563372 2622.38644 2314.435826)
(-970.6259897 2622.38644 2314.435826)
(-695.6886069 2622.38644 2314.435826)
(-420.7512241 2622.38644 2314.435826)
(-145.8138414 2622.38644 2314.435826)
(129.1235414 2622.38644 2314.435826)
(404.0609241 2622.38644 2314.435826)
(678.9983069 2622.38644 2314.435826)
(953.9356897 2622.38644 2314.435826)
(1228.873072 2622.38644 2314.435826)
(1503.810455 2622.38644 2314.435826)
(1778.747838 2622.38644 2314.435826)
(2053.685221 2622.38644 2314.435826)
(2328.622603 2622.38644 2314.435826)
(2603.559986 2622.38644 2314.435826)
(2878.497369 2622.38644 2314.435826)
(3153.434752 2622.38644 2314.435826)
(3428.372134 2622.38644 2314.435826)
(3703.309517 2622.38644 2314.435826)
(3978.2469 2622.38644 2314.435826)
(-3994.9372 2850.1917 2314.435826)
(-3719.999817 2850.1917 2314.435826)
(-3445.062434 2850.1917 2314.435826)
(-3170.125052 2850.1917 2314.435826)
(-2895.187669 2850.1917 2314.435826)
(-2620.250286 2850.1917 2314.435826)
(-2345.312903 2850.1917 2314.435826)
(-2070.375521 2850.1917 2314.435826)
(-1795.438138 2850.1917 2314.435826)
(-1520.500755 2850.1917 2314.435826)
(-1245.563372 2850.1917 2314.435826)
(-970.6259897 2850.1917 2314.435826)
(-695.6886069 2850.1917 2314.435826)
(-420.7512241 2850.1917 2314.435826)
(-145.8138414 2850.1917 2314.435826)
(129.1235414 2850.1917 2314.435826)
(404.0609241 2850.1917 2314.435826)
(678.9983069 2850.1917 2314.435826)
(953.9356897 2850.1917 2314.435826)
(1228.873072 2850.1917 2314.435826)
(1503.810455 2850.1917 2314.435826)
(1778.747838 2850.1917 2314.435826)
(2053.685221 2850.1917 2314.435826)
(2328.622603 2850.1917 2314.435826)
(2603.559986 2850.1917 2314.435826)
(2878.497369 2850.1917 2314.435826)
(3153.434752 2850.1917 2314.435826)
(3428.372134 2850.1917 2314.435826)
(3703.309517 2850.1917 2314.435826)
(3978.2469 2850.1917 2314.435826)
(-3994.9372 3077.99696 2314.435826)
(-3719.999817 3077.99696 2314.435826)
(-3445.062434 3077.99696 2314.435826)
(-3170.125052 3077.99696 2314.435826)
(-2895.187669 3077.99696 2314.435826)
(-2620.250286 3077.99696 2314.435826)
(-2345.312903 3077.99696 2314.435826)
(-2070.375521 3077.99696 2314.435826)
(-1795.438138 3077.99696 2314.435826)
(-1520.500755 3077.99696 2314.435826)
(-1245.563372 3077.99696 2314.435826)
(-970.6259897 3077.99696 2314.435826)
(-695.6886069 3077.99696 2314.435826)
(-420.7512241 3077.99696 2314.435826)
(-145.8138414 3077.99696 2314.435826)
(129.1235414 3077.99696 2314.435826)
(404.0609241 3077.99696 2314.435826)
(678.9983069 3077.99696 2314.435826)
(953.9356897 3077.99696 2314.435826)
(1228.873072 3077.99696 2314.435826)
(1503.810455 3077.99696 2314.435826)
(1778.747838 3077.99696 2314.435826)
(2053.685221 3077.99696 2314.435826)
(2328.622603 3077.99696 2314.435826)
(2603.559986 3077.99696 2314.435826)
(2878.497369 3077.99696 2314.435826)
(3153.434752 3077.99696 2314.435826)
(3428.372134 3077.99696 2314.435826)
(3703.309517 3077.99696 2314.435826)
(3978.2469 3077.99696 2314.435826)
(-3994.9372 3305.80222 2314.435826)
(-3719.999817 3305.80222 2314.435826)
(-3445.062434 3305.80222 2314.435826)
(-3170.125052 3305.80222 2314.435826)
(-2895.187669 3305.80222 2314.435826)
(-2620.250286 3305.80222 2314.435826)
(-2345.312903 3305.80222 2314.435826)
(-2070.375521 3305.80222 2314.435826)
(-1795.438138 3305.80222 2314.435826)
(-1520.500755 3305.80222 2314.435826)
(-1245.563372 3305.80222 2314.435826)
(-970.6259897 3305.80222 2314.435826)
(-695.6886069 3305.80222 2314.435826)
(-420.7512241 3305.80222 2314.435826)
(-145.8138414 3305.80222 2314.435826)
(129.1235414 3305.80222 2314.435826)
(404.0609241 3305.80222 2314.435826)
(678.9983069 3305.80222 2314.435826)
(953.9356897 3305.80222 2314.435826)
(1228.873072 3305.80222 2314.435826)
(1503.810455 3305.80222 2314.435826)
(1778.747838 3305.80222 2314.435826)
(2053.685221 3305.80222 2314.435826)
(2328.622603 3305.80222 2314.435826)
(2603.559986 3305.80222 2314.435826)
(2878.497369 3305.80222 2314.435826)
(3153.434752 3305.80222 2314.435826)
(3428.372134 3305.80222 2314.435826)
(3703.309517 3305.80222 2314.435826)
(3978.2469 3305.80222 2314.435826)
(-3994.9372 3533.60748 2314.435826)
(-3719.999817 3533.60748 2314.435826)
(-3445.062434 3533.60748 2314.435826)
(-3170.125052 3533.60748 2314.435826)
(-2895.187669 3533.60748 2314.435826)
(-2620.250286 3533.60748 2314.435826)
(-2345.312903 3533.60748 2314.435826)
(-2070.375521 3533.60748 2314.435826)
(-1795.438138 3533.60748 2314.435826)
(-1520.500755 3533.60748 2314.435826)
(-1245.563372 3533.60748 2314.435826)
(-970.6259897 3533.60748 2314.435826)
(-695.6886069 3533.60748 2314.435826)
(-420.7512241 3533.60748 2314.435826)
(-145.8138414 3533.60748 2314.435826)
(129.1235414 3533.60748 2314.435826)
(404.0609241 3533.60748 2314.435826)
(678.9983069 3533.60748 2314.435826)
(953.9356897 3533.60748 2314.435826)
(1228.873072 3533.60748 2314.435826)
(1503.810455 3533.60748 2314.435826)
(1778.747838 3533.60748 2314.435826)
(2053.685221 3533.60748 2314.435826)
(2328.622603 3533.60748 2314.435826)
(2603.559986 3533.60748 2314.435826)
(2878.497369 3533.60748 2314.435826)
(3153.434752 3533.60748 2314.435826)
(3428.372134 3533.60748 2314.435826)
(3703.309517 3533.60748 2314.435826)
(3978.2469 3533.60748 2314.435826)
(-3994.9372 3761.41274 2314.435826)
(-3719.999817 3761.41274 2314.435826)
(-3445.062434 3761.41274 2314.435826)
(-3170.125052 3761.41274 2314.435826)
(-2895.187669 3761.41274 2314.435826)
(-2620.250286 3761.41274 2314.435826)
(-2345.312903 3761.41274 2314.435826)
(-2070.375521 3761.41274 2314.435826)
(-1795.438138 3761.41274 2314.435826)
(-1520.500755 3761.41274 2314.435826)
(-1245.563372 3761.41274 2314.435826)
(-970.6259897 3761.41274 2314.435826)
(-695.6886069 3761.41274 2314.435826)
(-420.7512241 3761.41274 2314.435826)
(-145.8138414 3761.41274 2314.435826)
(129.1235414 3761.41274 2314.435826)
(404.0609241 3761.41274 2314.435826)
(678.9983069 3761.41274 2314.435826)
(953.9356897 3761.41274 2314.435826)
(1228.873072 3761.41274 2314.435826)
(1503.810455 3761.41274 2314.435826)
(1778.747838 3761.41274 2314.435826)
(2053.685221 3761.41274 2314.435826)
(2328.622603 3761.41274 2314.435826)
(2603.559986 3761.41274 2314.435826)
(2878.497369 3761.41274 2314.435826)
(3153.434752 3761.41274 2314.435826)
(3428.372134 3761.41274 2314.435826)
(3703.309517 3761.41274 2314.435826)
(3978.2469 3761.41274 2314.435826)
(-3994.9372 3989.218 2314.435826)
(-3719.999817 3989.218 2314.435826)
(-3445.062434 3989.218 2314.435826)
(-3170.125052 3989.218 2314.435826)
(-2895.187669 3989.218 2314.435826)
(-2620.250286 3989.218 2314.435826)
(-2345.312903 3989.218 2314.435826)
(-2070.375521 3989.218 2314.435826)
(-1795.438138 3989.218 2314.435826)
(-1520.500755 3989.218 2314.435826)
(-1245.563372 3989.218 2314.435826)
(-970.6259897 3989.218 2314.435826)
(-695.6886069 3989.218 2314.435826)
(-420.7512241 3989.218 2314.435826)
(-145.8138414 3989.218 2314.435826)
(129.1235414 3989.218 2314.435826)
(404.0609241 3989.218 2314.435826)
(678.9983069 3989.218 2314.435826)
(953.9356897 3989.218 2314.435826)
(1228.873072 3989.218 2314.435826)
(1503.810455 3989.218 2314.435826)
(1778.747838 3989.218 2314.435826)
(2053.685221 3989.218 2314.435826)
(2328.622603 3989.218 2314.435826)
(2603.559986 3989.218 2314.435826)
(2878.497369 3989.218 2314.435826)
(3153.434752 3989.218 2314.435826)
(3428.372134 3989.218 2314.435826)
(3703.309517 3989.218 2314.435826)
(3978.2469 3989.218 2314.435826)
(-3994.9372 -3983.9661 2734.077095)
(-3719.999817 -3983.9661 2734.077095)
(-3445.062434 -3983.9661 2734.077095)
(-3170.125052 -3983.9661 2734.077095)
(-2895.187669 -3983.9661 2734.077095)
(-2620.250286 -3983.9661 2734.077095)
(-2345.312903 -3983.9661 2734.077095)
(-2070.375521 -3983.9661 2734.077095)
(-1795.438138 -3983.9661 2734.077095)
(-1520.500755 -3983.9661 2734.077095)
(-1245.563372 -3983.9661 2734.077095)
(-970.6259897 -3983.9661 2734.077095)
(-695.6886069 -3983.9661 2734.077095)
(-420.7512241 -3983.9661 2734.077095)
(-145.8138414 -3983.9661 2734.077095)
(129.1235414 -3983.9661 2734.077095)
(404.0609241 -3983.9661 2734.077095)
(678.9983069 -3983.9661 2734.077095)
(953.9356897 -3983.9661 2734.077095)
(1228.873072 -3983.9661 2734.077095)
(1503.810455 -3983.9661 2734.077095)
(1778.747838 -3983.9661 2734.077095)
(2053.685221 -3983.9661 2734.077095)
(2328.622603 -3983.9661 2734.077095)
(2603.559986 -3983.9661 2734.077095)
(2878.497369 -3983.9661 2734.077095)
(3153.434752 -3983.9661 2734.077095)
(3428.372134 -3983.9661 2734.077095)
(3703.309517 -3983.9661 2734.077095)
(3978.2469 -3983.9661 2734.077095)
(-3994.9372 -3756.16084 2734.077095)
(-3719.999817 -3756.16084 2734.077095)
(-3445.062434 -3756.16084 2734.077095)
(-3170.125052 -3756.16084 2734.077095)
(-2895.187669 -3756.16084 2734.077095)
(-2620.250286 -3756.16084 2734.077095)
(-2345.312903 -3756.16084 2734.077095)
(-2070.375521 -3756.16084 2734.077095)
(-1795.438138 -3756.16084 2734.077095)
(-1520.500755 -3756.16084 2734.077095)
(-1245.563372 -3756.16084 2734.077095)
(-970.6259897 -3756.16084 2734.077095)
(-695.6886069 -3756.16084 2734.077095)
(-420.7512241 -3756.16084 2734.077095)
(-145.8138414 -3756.16084 2734.077095)
(129.1235414 -3756.16084 2734.077095)
(404.0609241 -3756.16084 2734.077095)
(678.9983069 -3756.16084 2734.077095)
(953.9356897 -3756.16084 2734.077095)
(1228.873072 -3756.16084 2734.077095)
(1503.810455 -3756.16084 2734.077095)
(1778.747838 -3756.16084 2734.077095)
(2053.685221 -3756.16084 2734.077095)
(2328.622603 -3756.16084 2734.077095)
(2603.559986 -3756.16084 2734.077095)
(2878.497369 -3756.16084 2734.077095)
(3153.434752 -3756.16084 2734.077095)
(3428.372134 -3756.16084 2734.077095)
(3703.309517 -3756.16084 2734.077095)
(3978.2469 -3756.16084 2734.077095)
(-3994.9372 -3528.35558 2734.077095)
(-3719.999817 -3528.35558 2734.077095)
(-3445.062434 -3528.35558 2734.077095)
(-3170.125052 -3528.35558 2734.077095)
(-2895.187669 -3528.35558 2734.077095)
(-2620.250286 -3528.35558 2734.077095)
(-2345.312903 -3528.35558 2734.077095)
(-2070.375521 -3528.35558 2734.077095)
(-1795.438138 -3528.35558 2734.077095)
(-1520.500755 -3528.35558 2734.077095)
(-1245.563372 -3528.35558 2734.077095)
(-970.6259897 -3528.35558 2734.077095)
(-695.6886069 -3528.35558 2734.077095)
(-420.7512241 -3528.35558 2734.077095)
(-145.8138414 -3528.35558 2734.077095)
(129.1235414 -3528.35558 2734.077095)
(404.0609241 -3528.35558 2734.077095)
(678.9983069 -3528.35558 2734.077095)
(953.9356897 -3528.35558 2734.077095)
(1228.873072 -3528.35558 2734.077095)
(1503.810455 -3528.35558 2734.077095)
(1778.747838 -3528.35558 2734.077095)
(2053.685221 -3528.35558 2734.077095)
(2328.622603 -3528.35558 2734.077095)
(2603.559986 -3528.35558 2734.077095)
(2878.497369 -3528.35558 2734.077095)
(3153.434752 -3528.35558 2734.077095)
(3428.372134 -3528.35558 2734.077095)
(3703.309517 -3528.35558 2734.077095)
(3978.2469 -3528.35558 2734.077095)
(-3994.9372 -3300.55032 2734.077095)
(-3719.999817 -3300.55032 2734.077095)
(-3445.062434 -3300.55032 2734.077095)
(-3170.125052 -3300.55032 2734.077095)
(-2895.187669 -3300.55032 2734.077095)
(-2620.250286 -3300.55032 2734.077095)
(-2345.312903 -3300.55032 2734.077095)
(-2070.375521 -3300.55032 2734.077095)
(-1795.438138 -3300.55032 2734.077095)
(-1520.500755 -3300.55032 2734.077095)
(-1245.563372 -3300.55032 2734.077095)
(-970.6259897 -3300.55032 2734.077095)
(-695.6886069 -3300.55032 2734.077095)
(-420.7512241 -3300.55032 2734.077095)
(-145.8138414 -3300.55032 2734.077095)
(129.1235414 -3300.55032 2734.077095)
(404.0609241 -3300.55032 2734.077095)
(678.9983069 -3300.55032 2734.077095)
(953.9356897 -3300.55032 2734.077095)
(1228.873072 -3300.55032 2734.077095)
(1503.810455 -3300.55032 2734.077095)
(1778.747838 -3300.55032 2734.077095)
(2053.685221 -3300.55032 2734.077095)
(2328.622603 -3300.55032 2734.077095)
(2603.559986 -3300.55032 2734.077095)
(2878.497369 -3300.55032 2734.077095)
(3153.434752 -3300.55032 2734.077095)
(3428.372134 -3300.55032 2734.077095)
(3703.309517 -3300.55032 2734.077095)
(3978.2469 -3300.55032 2734.077095)
(-3994.9372 -3072.74506 2734.077095)
(-3719.999817 -3072.74506 2734.077095)
(-3445.062434 -3072.74506 2734.077095)
(-3170.125052 -3072.74506 2734.077095)
(-2895.187669 -3072.74506 2734.077095)
(-2620.250286 -3072.74506 2734.077095)
(-2345.312903 -3072.74506 2734.077095)
(-2070.375521 -3072.74506 2734.077095)
(-1795.438138 -3072.74506 2734.077095)
(-1520.500755 -3072.74506 2734.077095)
(-1245.563372 -3072.74506 2734.077095)
(-970.6259897 -3072.74506 2734.077095)
(-695.6886069 -3072.74506 2734.077095)
(-420.7512241 -3072.74506 2734.077095)
(-145.8138414 -3072.74506 2734.077095)
(129.1235414 -3072.74506 2734.077095)
(404.0609241 -3072.74506 2734.077095)
(678.9983069 -3072.74506 2734.077095)
(953.9356897 -3072.74506 2734.077095)
(1228.873072 -3072.74506 2734.077095)
(1503.810455 -3072.74506 2734.077095)
(1778.747838 -3072.74506 2734.077095)
(2053.685221 -3072.74506 2734.077095)
(2328.622603 -3072.74506 2734.077095)
(2603.559986 -3072.74506 2734.077095)
(2878.497369 -3072.74506 2734.077095)
(3153.434752 -3072.74506 2734.077095)
(3428.372134 -3072.74506 2734.077095)
(3703.309517 -3072.74506 2734.077095)
(3978.2469 -3072.74506 2734.077095)
(-3994.9372 -2844.9398 2734.077095)
(-3719.999817 -2844.9398 2734.077095)
(-3445.062434 -2844.9398 2734.077095)
(-3170.125052 -2844.9398 2734.077095)
(-2895.187669 -2844.9398 2734.077095)
(-2620.250286 -2844.9398 2734.077095)
(-2345.312903 -2844.9398 2734.077095)
(-2070.375521 -2844.9398 2734.077095)
(-1795.438138 -2844.9398 2734.077095)
(-1520.500755 -2844.9398 2734.077095)
(-1245.563372 -2844.9398 2734.077095)
(-970.6259897 -2844.9398 2734.077095)
(-695.6886069 -2844.9398 2734.077095)
(-420.7512241 -2844.9398 2734.077095)
(-145.8138414 -2844.9398 2734.077095)
(129.1235414 -2844.9398 2734.077095)
(404.0609241 -2844.9398 2734.077095)
(678.9983069 -2844.9398 2734.077095)
(953.9356897 -2844.9398 2734.077095)
(1228.873072 -2844.9398 2734.077095)
(1503.810455 -2844.9398 2734.077095)
(1778.747838 -2844.9398 2734.077095)
(2053.685221 -2844.9398 2734.077095)
(2328.622603 -2844.9398 2734.077095)
(2603.559986 -2844.9398 2734.077095)
(2878.497369 -2844.9398 2734.077095)
(3153.434752 -2844.9398 2734.077095)
(3428.372134 -2844.9398 2734.077095)
(3703.309517 -2844.9398 2734.077095)
(3978.2469 -2844.9398 2734.077095)
(-3994.9372 -2617.13454 2734.077095)
(-3719.999817 -2617.13454 2734.077095)
(-3445.062434 -2617.13454 2734.077095)
(-3170.125052 -2617.13454 2734.077095)
(-2895.187669 -2617.13454 2734.077095)
(-2620.250286 -2617.13454 2734.077095)
(-2345.312903 -2617.13454 2734.077095)
(-2070.375521 -2617.13454 2734.077095)
(-1795.438138 -2617.13454 2734.077095)
(-1520.500755 -2617.13454 2734.077095)
(-1245.563372 -2617.13454 2734.077095)
(-970.6259897 -2617.13454 2734.077095)
(-695.6886069 -2617.13454 2734.077095)
(-420.7512241 -2617.13454 2734.077095)
(-145.8138414 -2617.13454 2734.077095)
(129.1235414 -2617.13454 2734.077095)
(404.0609241 -2617.13454 2734.077095)
(678.9983069 -2617.13454 2734.077095)
(953.9356897 -2617.13454 2734.077095)
(1228.873072 -2617.13454 2734.077095)
(1503.810455 -2617.13454 2734.077095)
(1778.747838 -2617.13454 2734.077095)
(2053.685221 -2617.13454 2734.077095)
(2328.622603 -2617.13454 2734.077095)
(2603.559986 -2617.13454 2734.077095)
(2878.497369 -2617.13454 2734.077095)
(3153.434752 -2617.13454 2734.077095)
(3428.372134 -2617.13454 2734.077095)
(3703.309517 -2617.13454 2734.077095)
(3978.2469 -2617.13454 2734.077095)
(-3994.9372 -2389.32928 2734.077095)
(-3719.999817 -2389.32928 2734.077095)
(-3445.062434 -2389.32928 2734.077095)
(-3170.125052 -2389.32928 2734.077095)
(-2895.187669 -2389.32928 2734.077095)
(-2620.250286 -2389.32928 2734.077095)
(-2345.312903 -2389.32928 2734.077095)
(-2070.375521 -2389.32928 2734.077095)
(-1795.438138 -2389.32928 2734.077095)
(-1520.500755 -2389.32928 2734.077095)
(-1245.563372 -2389.32928 2734.077095)
(-970.6259897 -2389.32928 2734.077095)
(-695.6886069 -2389.32928 2734.077095)
(-420.7512241 -2389.32928 2734.077095)
(-145.8138414 -2389.32928 2734.077095)
(129.1235414 -2389.32928 2734.077095)
(404.0609241 -2389.32928 2734.077095)
(678.9983069 -2389.32928 2734.077095)
(953.9356897 -2389.32928 2734.077095)
(1228.873072 -2389.32928 2734.077095)
(1503.810455 -2389.32928 2734.077095)
(1778.747838 -2389.32928 2734.077095)
(2053.685221 -2389.32928 2734.077095)
(2328.622603 -2389.32928 2734.077095)
(2603.559986 -2389.32928 2734.077095)
(2878.497369 -2389.32928 2734.077095)
(3153.434752 -2389.32928 2734.077095)
(3428.372134 -2389.32928 2734.077095)
(3703.309517 -2389.32928 2734.077095)
(3978.2469 -2389.32928 2734.077095)
(-3994.9372 -2161.52402 2734.077095)
(-3719.999817 -2161.52402 2734.077095)
(-3445.062434 -2161.52402 2734.077095)
(-3170.125052 -2161.52402 2734.077095)
(-2895.187669 -2161.52402 2734.077095)
(-2620.250286 -2161.52402 2734.077095)
(-2345.312903 -2161.52402 2734.077095)
(-2070.375521 -2161.52402 2734.077095)
(-1795.438138 -2161.52402 2734.077095)
(-1520.500755 -2161.52402 2734.077095)
(-1245.563372 -2161.52402 2734.077095)
(-970.6259897 -2161.52402 2734.077095)
(-695.6886069 -2161.52402 2734.077095)
(-420.7512241 -2161.52402 2734.077095)
(-145.8138414 -2161.52402 2734.077095)
(129.1235414 -2161.52402 2734.077095)
(404.0609241 -2161.52402 2734.077095)
(678.9983069 -2161.52402 2734.077095)
(953.9356897 -2161.52402 2734.077095)
(1228.873072 -2161.52402 2734.077095)
(1503.810455 -2161.52402 2734.077095)
(1778.747838 -2161.52402 2734.077095)
(2053.685221 -2161.52402 2734.077095)
(2328.622603 -2161.52402 2734.077095)
(2603.559986 -2161.52402 2734.077095)
(2878.497369 -2161.52402 2734.077095)
(3153.434752 -2161.52402 2734.077095)
(3428.372134 -2161.52402 2734.077095)
(3703.309517 -2161.52402 2734.077095)
(3978.2469 -2161.52402 2734.077095)
(-3994.9372 -1933.71876 2734.077095)
(-3719.999817 -1933.71876 2734.077095)
(-3445.062434 -1933.71876 2734.077095)
(-3170.125052 -1933.71876 2734.077095)
(-2895.187669 -1933.71876 2734.077095)
(-2620.250286 -1933.71876 2734.077095)
(-2345.312903 -1933.71876 2734.077095)
(-2070.375521 -1933.71876 2734.077095)
(-1795.438138 -1933.71876 2734.077095)
(-1520.500755 -1933.71876 2734.077095)
(-1245.563372 -1933.71876 2734.077095)
(-970.6259897 -1933.71876 2734.077095)
(-695.6886069 -1933.71876 2734.077095)
(-420.7512241 -1933.71876 2734.077095)
(-145.8138414 -1933.71876 2734.077095)
(129.1235414 -1933.71876 2734.077095)
(404.0609241 -1933.71876 2734.077095)
(678.9983069 -1933.71876 2734.077095)
(953.9356897 -1933.71876 2734.077095)
(1228.873072 -1933.71876 2734.077095)
(1503.810455 -1933.71876 2734.077095)
(1778.747838 -1933.71876 2734.077095)
(2053.685221 -1933.71876 2734.077095)
(2328.622603 -1933.71876 2734.077095)
(2603.559986 -1933.71876 2734.077095)
(2878.497369 -1933.71876 2734.077095)
(3153.434752 -1933.71876 2734.077095)
(3428.372134 -1933.71876 2734.077095)
(3703.309517 -1933.71876 2734.077095)
(3978.2469 -1933.71876 2734.077095)
(-3994.9372 -1705.9135 2734.077095)
(-3719.999817 -1705.9135 2734.077095)
(-3445.062434 -1705.9135 2734.077095)
(-3170.125052 -1705.9135 2734.077095)
(-2895.187669 -1705.9135 2734.077095)
(-2620.250286 -1705.9135 2734.077095)
(-2345.312903 -1705.9135 2734.077095)
(-2070.375521 -1705.9135 2734.077095)
(-1795.438138 -1705.9135 2734.077095)
(-1520.500755 -1705.9135 2734.077095)
(-1245.563372 -1705.9135 2734.077095)
(-970.6259897 -1705.9135 2734.077095)
(-695.6886069 -1705.9135 2734.077095)
(-420.7512241 -1705.9135 2734.077095)
(-145.8138414 -1705.9135 2734.077095)
(129.1235414 -1705.9135 2734.077095)
(404.0609241 -1705.9135 2734.077095)
(678.9983069 -1705.9135 2734.077095)
(953.9356897 -1705.9135 2734.077095)
(1228.873072 -1705.9135 2734.077095)
(1503.810455 -1705.9135 2734.077095)
(1778.747838 -1705.9135 2734.077095)
(2053.685221 -1705.9135 2734.077095)
(2328.622603 -1705.9135 2734.077095)
(2603.559986 -1705.9135 2734.077095)
(2878.497369 -1705.9135 2734.077095)
(3153.434752 -1705.9135 2734.077095)
(3428.372134 -1705.9135 2734.077095)
(3703.309517 -1705.9135 2734.077095)
(3978.2469 -1705.9135 2734.077095)
(-3994.9372 -1478.10824 2734.077095)
(-3719.999817 -1478.10824 2734.077095)
(-3445.062434 -1478.10824 2734.077095)
(-3170.125052 -1478.10824 2734.077095)
(-2895.187669 -1478.10824 2734.077095)
(-2620.250286 -1478.10824 2734.077095)
(-2345.312903 -1478.10824 2734.077095)
(-2070.375521 -1478.10824 2734.077095)
(-1795.438138 -1478.10824 2734.077095)
(-1520.500755 -1478.10824 2734.077095)
(-1245.563372 -1478.10824 2734.077095)
(-970.6259897 -1478.10824 2734.077095)
(-695.6886069 -1478.10824 2734.077095)
(-420.7512241 -1478.10824 2734.077095)
(-145.8138414 -1478.10824 2734.077095)
(129.1235414 -1478.10824 2734.077095)
(404.0609241 -1478.10824 2734.077095)
(678.9983069 -1478.10824 2734.077095)
(953.9356897 -1478.10824 2734.077095)
(1228.873072 -1478.10824 2734.077095)
(1503.810455 -1478.10824 2734.077095)
(1778.747838 -1478.10824 2734.077095)
(2053.685221 -1478.10824 2734.077095)
(2328.622603 -1478.10824 2734.077095)
(2603.559986 -1478.10824 2734.077095)
(2878.497369 -1478.10824 2734.077095)
(3153.434752 -1478.10824 2734.077095)
(3428.372134 -1478.10824 2734.077095)
(3703.309517 -1478.10824 2734.077095)
(3978.2469 -1478.10824 2734.077095)
(-3994.9372 -1250.30298 2734.077095)
(-3719.999817 -1250.30298 2734.077095)
(-3445.062434 -1250.30298 2734.077095)
(-3170.125052 -1250.30298 2734.077095)
(-2895.187669 -1250.30298 2734.077095)
(-2620.250286 -1250.30298 2734.077095)
(-2345.312903 -1250.30298 2734.077095)
(-2070.375521 -1250.30298 2734.077095)
(-1795.438138 -1250.30298 2734.077095)
(-1520.500755 -1250.30298 2734.077095)
(-1245.563372 -1250.30298 2734.077095)
(-970.6259897 -1250.30298 2734.077095)
(-695.6886069 -1250.30298 2734.077095)
(-420.7512241 -1250.30298 2734.077095)
(-145.8138414 -1250.30298 2734.077095)
(129.1235414 -1250.30298 2734.077095)
(404.0609241 -1250.30298 2734.077095)
(678.9983069 -1250.30298 2734.077095)
(953.9356897 -1250.30298 2734.077095)
(1228.873072 -1250.30298 2734.077095)
(1503.810455 -1250.30298 2734.077095)
(1778.747838 -1250.30298 2734.077095)
(2053.685221 -1250.30298 2734.077095)
(2328.622603 -1250.30298 2734.077095)
(2603.559986 -1250.30298 2734.077095)
(2878.497369 -1250.30298 2734.077095)
(3153.434752 -1250.30298 2734.077095)
(3428.372134 -1250.30298 2734.077095)
(3703.309517 -1250.30298 2734.077095)
(3978.2469 -1250.30298 2734.077095)
(-3994.9372 -1022.49772 2734.077095)
(-3719.999817 -1022.49772 2734.077095)
(-3445.062434 -1022.49772 2734.077095)
(-3170.125052 -1022.49772 2734.077095)
(-2895.187669 -1022.49772 2734.077095)
(-2620.250286 -1022.49772 2734.077095)
(-2345.312903 -1022.49772 2734.077095)
(-2070.375521 -1022.49772 2734.077095)
(-1795.438138 -1022.49772 2734.077095)
(-1520.500755 -1022.49772 2734.077095)
(-1245.563372 -1022.49772 2734.077095)
(-970.6259897 -1022.49772 2734.077095)
(-695.6886069 -1022.49772 2734.077095)
(-420.7512241 -1022.49772 2734.077095)
(-145.8138414 -1022.49772 2734.077095)
(129.1235414 -1022.49772 2734.077095)
(404.0609241 -1022.49772 2734.077095)
(678.9983069 -1022.49772 2734.077095)
(953.9356897 -1022.49772 2734.077095)
(1228.873072 -1022.49772 2734.077095)
(1503.810455 -1022.49772 2734.077095)
(1778.747838 -1022.49772 2734.077095)
(2053.685221 -1022.49772 2734.077095)
(2328.622603 -1022.49772 2734.077095)
(2603.559986 -1022.49772 2734.077095)
(2878.497369 -1022.49772 2734.077095)
(3153.434752 -1022.49772 2734.077095)
(3428.372134 -1022.49772 2734.077095)
(3703.309517 -1022.49772 2734.077095)
(3978.2469 -1022.49772 2734.077095)
(-3994.9372 -794.69246 2734.077095)
(-3719.999817 -794.69246 2734.077095)
(-3445.062434 -794.69246 2734.077095)
(-3170.125052 -794.69246 2734.077095)
(-2895.187669 -794.69246 2734.077095)
(-2620.250286 -794.69246 2734.077095)
(-2345.312903 -794.69246 2734.077095)
(-2070.375521 -794.69246 2734.077095)
(-1795.438138 -794.69246 2734.077095)
(-1520.500755 -794.69246 2734.077095)
(-1245.563372 -794.69246 2734.077095)
(-970.6259897 -794.69246 2734.077095)
(-695.6886069 -794.69246 2734.077095)
(-420.7512241 -794.69246 2734.077095)
(-145.8138414 -794.69246 2734.077095)
(129.1235414 -794.69246 2734.077095)
(404.0609241 -794.69246 2734.077095)
(678.9983069 -794.69246 2734.077095)
(953.9356897 -794.69246 2734.077095)
(1228.873072 -794.69246 2734.077095)
(1503.810455 -794.69246 2734.077095)
(1778.747838 -794.69246 2734.077095)
(2053.685221 -794.69246 2734.077095)
(2328.622603 -794.69246 2734.077095)
(2603.559986 -794.69246 2734.077095)
(2878.497369 -794.69246 2734.077095)
(3153.434752 -794.69246 2734.077095)
(3428.372134 -794.69246 2734.077095)
(3703.309517 -794.69246 2734.077095)
(3978.2469 -794.69246 2734.077095)
(-3994.9372 -566.8872 2734.077095)
(-3719.999817 -566.8872 2734.077095)
(-3445.062434 -566.8872 2734.077095)
(-3170.125052 -566.8872 2734.077095)
(-2895.187669 -566.8872 2734.077095)
(-2620.250286 -566.8872 2734.077095)
(-2345.312903 -566.8872 2734.077095)
(-2070.375521 -566.8872 2734.077095)
(-1795.438138 -566.8872 2734.077095)
(-1520.500755 -566.8872 2734.077095)
(-1245.563372 -566.8872 2734.077095)
(-970.6259897 -566.8872 2734.077095)
(-695.6886069 -566.8872 2734.077095)
(-420.7512241 -566.8872 2734.077095)
(-145.8138414 -566.8872 2734.077095)
(129.1235414 -566.8872 2734.077095)
(404.0609241 -566.8872 2734.077095)
(678.9983069 -566.8872 2734.077095)
(953.9356897 -566.8872 2734.077095)
(1228.873072 -566.8872 2734.077095)
(1503.810455 -566.8872 2734.077095)
(1778.747838 -566.8872 2734.077095)
(2053.685221 -566.8872 2734.077095)
(2328.622603 -566.8872 2734.077095)
(2603.559986 -566.8872 2734.077095)
(2878.497369 -566.8872 2734.077095)
(3153.434752 -566.8872 2734.077095)
(3428.372134 -566.8872 2734.077095)
(3703.309517 -566.8872 2734.077095)
(3978.2469 -566.8872 2734.077095)
(-3994.9372 -339.08194 2734.077095)
(-3719.999817 -339.08194 2734.077095)
(-3445.062434 -339.08194 2734.077095)
(-3170.125052 -339.08194 2734.077095)
(-2895.187669 -339.08194 2734.077095)
(-2620.250286 -339.08194 2734.077095)
(-2345.312903 -339.08194 2734.077095)
(-2070.375521 -339.08194 2734.077095)
(-1795.438138 -339.08194 2734.077095)
(-1520.500755 -339.08194 2734.077095)
(-1245.563372 -339.08194 2734.077095)
(-970.6259897 -339.08194 2734.077095)
(-695.6886069 -339.08194 2734.077095)
(-420.7512241 -339.08194 2734.077095)
(-145.8138414 -339.08194 2734.077095)
(129.1235414 -339.08194 2734.077095)
(404.0609241 -339.08194 2734.077095)
(678.9983069 -339.08194 2734.077095)
(953.9356897 -339.08194 2734.077095)
(1228.873072 -339.08194 2734.077095)
(1503.810455 -339.08194 2734.077095)
(1778.747838 -339.08194 2734.077095)
(2053.685221 -339.08194 2734.077095)
(2328.622603 -339.08194 2734.077095)
(2603.559986 -339.08194 2734.077095)
(2878.497369 -339.08194 2734.077095)
(3153.434752 -339.08194 2734.077095)
(3428.372134 -339.08194 2734.077095)
(3703.309517 -339.08194 2734.077095)
(3978.2469 -339.08194 2734.077095)
(-3994.9372 -111.27668 2734.077095)
(-3719.999817 -111.27668 2734.077095)
(-3445.062434 -111.27668 2734.077095)
(-3170.125052 -111.27668 2734.077095)
(-2895.187669 -111.27668 2734.077095)
(-2620.250286 -111.27668 2734.077095)
(-2345.312903 -111.27668 2734.077095)
(-2070.375521 -111.27668 2734.077095)
(-1795.438138 -111.27668 2734.077095)
(-1520.500755 -111.27668 2734.077095)
(-1245.563372 -111.27668 2734.077095)
(-970.6259897 -111.27668 2734.077095)
(-695.6886069 -111.27668 2734.077095)
(-420.7512241 -111.27668 2734.077095)
(-145.8138414 -111.27668 2734.077095)
(129.1235414 -111.27668 2734.077095)
(404.0609241 -111.27668 2734.077095)
(678.9983069 -111.27668 2734.077095)
(953.9356897 -111.27668 2734.077095)
(1228.873072 -111.27668 2734.077095)
(1503.810455 -111.27668 2734.077095)
(1778.747838 -111.27668 2734.077095)
(2053.685221 -111.27668 2734.077095)
(2328.622603 -111.27668 2734.077095)
(2603.559986 -111.27668 2734.077095)
(2878.497369 -111.27668 2734.077095)
(3153.434752 -111.27668 2734.077095)
(3428.372134 -111.27668 2734.077095)
(3703.309517 -111.27668 2734.077095)
(3978.2469 -111.27668 2734.077095)
(-3994.9372 116.52858 2734.077095)
(-3719.999817 116.52858 2734.077095)
(-3445.062434 116.52858 2734.077095)
(-3170.125052 116.52858 2734.077095)
(-2895.187669 116.52858 2734.077095)
(-2620.250286 116.52858 2734.077095)
(-2345.312903 116.52858 2734.077095)
(-2070.375521 116.52858 2734.077095)
(-1795.438138 116.52858 2734.077095)
(-1520.500755 116.52858 2734.077095)
(-1245.563372 116.52858 2734.077095)
(-970.6259897 116.52858 2734.077095)
(-695.6886069 116.52858 2734.077095)
(-420.7512241 116.52858 2734.077095)
(-145.8138414 116.52858 2734.077095)
(129.1235414 116.52858 2734.077095)
(404.0609241 116.52858 2734.077095)
(678.9983069 116.52858 2734.077095)
(953.9356897 116.52858 2734.077095)
(1228.873072 116.52858 2734.077095)
(1503.810455 116.52858 2734.077095)
(1778.747838 116.52858 2734.077095)
(2053.685221 116.52858 2734.077095)
(2328.622603 116.52858 2734.077095)
(2603.559986 116.52858 2734.077095)
(2878.497369 116.52858 2734.077095)
(3153.434752 116.52858 2734.077095)
(3428.372134 116.52858 2734.077095)
(3703.309517 116.52858 2734.077095)
(3978.2469 116.52858 2734.077095)
(-3994.9372 344.33384 2734.077095)
(-3719.999817 344.33384 2734.077095)
(-3445.062434 344.33384 2734.077095)
(-3170.125052 344.33384 2734.077095)
(-2895.187669 344.33384 2734.077095)
(-2620.250286 344.33384 2734.077095)
(-2345.312903 344.33384 2734.077095)
(-2070.375521 344.33384 2734.077095)
(-1795.438138 344.33384 2734.077095)
(-1520.500755 344.33384 2734.077095)
(-1245.563372 344.33384 2734.077095)
(-970.6259897 344.33384 2734.077095)
(-695.6886069 344.33384 2734.077095)
(-420.7512241 344.33384 2734.077095)
(-145.8138414 344.33384 2734.077095)
(129.1235414 344.33384 2734.077095)
(404.0609241 344.33384 2734.077095)
(678.9983069 344.33384 2734.077095)
(953.9356897 344.33384 2734.077095)
(1228.873072 344.33384 2734.077095)
(1503.810455 344.33384 2734.077095)
(1778.747838 344.33384 2734.077095)
(2053.685221 344.33384 2734.077095)
(2328.622603 344.33384 2734.077095)
(2603.559986 344.33384 2734.077095)
(2878.497369 344.33384 2734.077095)
(3153.434752 344.33384 2734.077095)
(3428.372134 344.33384 2734.077095)
(3703.309517 344.33384 2734.077095)
(3978.2469 344.33384 2734.077095)
(-3994.9372 572.1391 2734.077095)
(-3719.999817 572.1391 2734.077095)
(-3445.062434 572.1391 2734.077095)
(-3170.125052 572.1391 2734.077095)
(-2895.187669 572.1391 2734.077095)
(-2620.250286 572.1391 2734.077095)
(-2345.312903 572.1391 2734.077095)
(-2070.375521 572.1391 2734.077095)
(-1795.438138 572.1391 2734.077095)
(-1520.500755 572.1391 2734.077095)
(-1245.563372 572.1391 2734.077095)
(-970.6259897 572.1391 2734.077095)
(-695.6886069 572.1391 2734.077095)
(-420.7512241 572.1391 2734.077095)
(-145.8138414 572.1391 2734.077095)
(129.1235414 572.1391 2734.077095)
(404.0609241 572.1391 2734.077095)
(678.9983069 572.1391 2734.077095)
(953.9356897 572.1391 2734.077095)
(1228.873072 572.1391 2734.077095)
(1503.810455 572.1391 2734.077095)
(1778.747838 572.1391 2734.077095)
(2053.685221 572.1391 2734.077095)
(2328.622603 572.1391 2734.077095)
(2603.559986 572.1391 2734.077095)
(2878.497369 572.1391 2734.077095)
(3153.434752 572.1391 2734.077095)
(3428.372134 572.1391 2734.077095)
(3703.309517 572.1391 2734.077095)
(3978.2469 572.1391 2734.077095)
(-3994.9372 799.94436 2734.077095)
(-3719.999817 799.94436 2734.077095)
(-3445.062434 799.94436 2734.077095)
(-3170.125052 799.94436 2734.077095)
(-2895.187669 799.94436 2734.077095)
(-2620.250286 799.94436 2734.077095)
(-2345.312903 799.94436 2734.077095)
(-2070.375521 799.94436 2734.077095)
(-1795.438138 799.94436 2734.077095)
(-1520.500755 799.94436 2734.077095)
(-1245.563372 799.94436 2734.077095)
(-970.6259897 799.94436 2734.077095)
(-695.6886069 799.94436 2734.077095)
(-420.7512241 799.94436 2734.077095)
(-145.8138414 799.94436 2734.077095)
(129.1235414 799.94436 2734.077095)
(404.0609241 799.94436 2734.077095)
(678.9983069 799.94436 2734.077095)
(953.9356897 799.94436 2734.077095)
(1228.873072 799.94436 2734.077095)
(1503.810455 799.94436 2734.077095)
(1778.747838 799.94436 2734.077095)
(2053.685221 799.94436 2734.077095)
(2328.622603 799.94436 2734.077095)
(2603.559986 799.94436 2734.077095)
(2878.497369 799.94436 2734.077095)
(3153.434752 799.94436 2734.077095)
(3428.372134 799.94436 2734.077095)
(3703.309517 799.94436 2734.077095)
(3978.2469 799.94436 2734.077095)
(-3994.9372 1027.74962 2734.077095)
(-3719.999817 1027.74962 2734.077095)
(-3445.062434 1027.74962 2734.077095)
(-3170.125052 1027.74962 2734.077095)
(-2895.187669 1027.74962 2734.077095)
(-2620.250286 1027.74962 2734.077095)
(-2345.312903 1027.74962 2734.077095)
(-2070.375521 1027.74962 2734.077095)
(-1795.438138 1027.74962 2734.077095)
(-1520.500755 1027.74962 2734.077095)
(-1245.563372 1027.74962 2734.077095)
(-970.6259897 1027.74962 2734.077095)
(-695.6886069 1027.74962 2734.077095)
(-420.7512241 1027.74962 2734.077095)
(-145.8138414 1027.74962 2734.077095)
(129.1235414 1027.74962 2734.077095)
(404.0609241 1027.74962 2734.077095)
(678.9983069 1027.74962 2734.077095)
(953.9356897 1027.74962 2734.077095)
(1228.873072 1027.74962 2734.077095)
(1503.810455 1027.74962 2734.077095)
(1778.747838 1027.74962 2734.077095)
(2053.685221 1027.74962 2734.077095)
(2328.622603 1027.74962 2734.077095)
(2603.559986 1027.74962 2734.077095)
(2878.497369 1027.74962 2734.077095)
(3153.434752 1027.74962 2734.077095)
(3428.372134 1027.74962 2734.077095)
(3703.309517 1027.74962 2734.077095)
(3978.2469 1027.74962 2734.077095)
(-3994.9372 1255.55488 2734.077095)
(-3719.999817 1255.55488 2734.077095)
(-3445.062434 1255.55488 2734.077095)
(-3170.125052 1255.55488 2734.077095)
(-2895.187669 1255.55488 2734.077095)
(-2620.250286 1255.55488 2734.077095)
(-2345.312903 1255.55488 2734.077095)
(-2070.375521 1255.55488 2734.077095)
(-1795.438138 1255.55488 2734.077095)
(-1520.500755 1255.55488 2734.077095)
(-1245.563372 1255.55488 2734.077095)
(-970.6259897 1255.55488 2734.077095)
(-695.6886069 1255.55488 2734.077095)
(-420.7512241 1255.55488 2734.077095)
(-145.8138414 1255.55488 2734.077095)
(129.1235414 1255.55488 2734.077095)
(404.0609241 1255.55488 2734.077095)
(678.9983069 1255.55488 2734.077095)
(953.9356897 1255.55488 2734.077095)
(1228.873072 1255.55488 2734.077095)
(1503.810455 1255.55488 2734.077095)
(1778.747838 1255.55488 2734.077095)
(2053.685221 1255.55488 2734.077095)
(2328.622603 1255.55488 2734.077095)
(2603.559986 1255.55488 2734.077095)
(2878.497369 1255.55488 2734.077095)
(3153.434752 1255.55488 2734.077095)
(3428.372134 1255.55488 2734.077095)
(3703.309517 1255.55488 2734.077095)
(3978.2469 1255.55488 2734.077095)
(-3994.9372 1483.36014 2734.077095)
(-3719.999817 1483.36014 2734.077095)
(-3445.062434 1483.36014 2734.077095)
(-3170.125052 1483.36014 2734.077095)
(-2895.187669 1483.36014 2734.077095)
(-2620.250286 1483.36014 2734.077095)
(-2345.312903 1483.36014 2734.077095)
(-2070.375521 1483.36014 2734.077095)
(-1795.438138 1483.36014 2734.077095)
(-1520.500755 1483.36014 2734.077095)
(-1245.563372 1483.36014 2734.077095)
(-970.6259897 1483.36014 2734.077095)
(-695.6886069 1483.36014 2734.077095)
(-420.7512241 1483.36014 2734.077095)
(-145.8138414 1483.36014 2734.077095)
(129.1235414 1483.36014 2734.077095)
(404.0609241 1483.36014 2734.077095)
(678.9983069 1483.36014 2734.077095)
(953.9356897 1483.36014 2734.077095)
(1228.873072 1483.36014 2734.077095)
(1503.810455 1483.36014 2734.077095)
(1778.747838 1483.36014 2734.077095)
(2053.685221 1483.36014 2734.077095)
(2328.622603 1483.36014 2734.077095)
(2603.559986 1483.36014 2734.077095)
(2878.497369 1483.36014 2734.077095)
(3153.434752 1483.36014 2734.077095)
(3428.372134 1483.36014 2734.077095)
(3703.309517 1483.36014 2734.077095)
(3978.2469 1483.36014 2734.077095)
(-3994.9372 1711.1654 2734.077095)
(-3719.999817 1711.1654 2734.077095)
(-3445.062434 1711.1654 2734.077095)
(-3170.125052 1711.1654 2734.077095)
(-2895.187669 1711.1654 2734.077095)
(-2620.250286 1711.1654 2734.077095)
(-2345.312903 1711.1654 2734.077095)
(-2070.375521 1711.1654 2734.077095)
(-1795.438138 1711.1654 2734.077095)
(-1520.500755 1711.1654 2734.077095)
(-1245.563372 1711.1654 2734.077095)
(-970.6259897 1711.1654 2734.077095)
(-695.6886069 1711.1654 2734.077095)
(-420.7512241 1711.1654 2734.077095)
(-145.8138414 1711.1654 2734.077095)
(129.1235414 1711.1654 2734.077095)
(404.0609241 1711.1654 2734.077095)
(678.9983069 1711.1654 2734.077095)
(953.9356897 1711.1654 2734.077095)
(1228.873072 1711.1654 2734.077095)
(1503.810455 1711.1654 2734.077095)
(1778.747838 1711.1654 2734.077095)
(2053.685221 1711.1654 2734.077095)
(2328.622603 1711.1654 2734.077095)
(2603.559986 1711.1654 2734.077095)
(2878.497369 1711.1654 2734.077095)
(3153.434752 1711.1654 2734.077095)
(3428.372134 1711.1654 2734.077095)
(3703.309517 1711.1654 2734.077095)
(3978.2469 1711.1654 2734.077095)
(-3994.9372 1938.97066 2734.077095)
(-3719.999817 1938.97066 2734.077095)
(-3445.062434 1938.97066 2734.077095)
(-3170.125052 1938.97066 2734.077095)
(-2895.187669 1938.97066 2734.077095)
(-2620.250286 1938.97066 2734.077095)
(-2345.312903 1938.97066 2734.077095)
(-2070.375521 1938.97066 2734.077095)
(-1795.438138 1938.97066 2734.077095)
(-1520.500755 1938.97066 2734.077095)
(-1245.563372 1938.97066 2734.077095)
(-970.6259897 1938.97066 2734.077095)
(-695.6886069 1938.97066 2734.077095)
(-420.7512241 1938.97066 2734.077095)
(-145.8138414 1938.97066 2734.077095)
(129.1235414 1938.97066 2734.077095)
(404.0609241 1938.97066 2734.077095)
(678.9983069 1938.97066 2734.077095)
(953.9356897 1938.97066 2734.077095)
(1228.873072 1938.97066 2734.077095)
(1503.810455 1938.97066 2734.077095)
(1778.747838 1938.97066 2734.077095)
(2053.685221 1938.97066 2734.077095)
(2328.622603 1938.97066 2734.077095)
(2603.559986 1938.97066 2734.077095)
(2878.497369 1938.97066 2734.077095)
(3153.434752 1938.97066 2734.077095)
(3428.372134 1938.97066 2734.077095)
(3703.309517 1938.97066 2734.077095)
(3978.2469 1938.97066 2734.077095)
(-3994.9372 2166.77592 2734.077095)
(-3719.999817 2166.77592 2734.077095)
(-3445.062434 2166.77592 2734.077095)
(-3170.125052 2166.77592 2734.077095)
(-2895.187669 2166.77592 2734.077095)
(-2620.250286 2166.77592 2734.077095)
(-2345.312903 2166.77592 2734.077095)
(-2070.375521 2166.77592 2734.077095)
(-1795.438138 2166.77592 2734.077095)
(-1520.500755 2166.77592 2734.077095)
(-1245.563372 2166.77592 2734.077095)
(-970.6259897 2166.77592 2734.077095)
(-695.6886069 2166.77592 2734.077095)
(-420.7512241 2166.77592 2734.077095)
(-145.8138414 2166.77592 2734.077095)
(129.1235414 2166.77592 2734.077095)
(404.0609241 2166.77592 2734.077095)
(678.9983069 2166.77592 2734.077095)
(953.9356897 2166.77592 2734.077095)
(1228.873072 2166.77592 2734.077095)
(1503.810455 2166.77592 2734.077095)
(1778.747838 2166.77592 2734.077095)
(2053.685221 2166.77592 2734.077095)
(2328.622603 2166.77592 2734.077095)
(2603.559986 2166.77592 2734.077095)
(2878.497369 2166.77592 2734.077095)
(3153.434752 2166.77592 2734.077095)
(3428.372134 2166.77592 2734.077095)
(3703.309517 2166.77592 2734.077095)
(3978.2469 2166.77592 2734.077095)
(-3994.9372 2394.58118 2734.077095)
(-3719.999817 2394.58118 2734.077095)
(-3445.062434 2394.58118 2734.077095)
(-3170.125052 2394.58118 2734.077095)
(-2895.187669 2394.58118 2734.077095)
(-2620.250286 2394.58118 2734.077095)
(-2345.312903 2394.58118 2734.077095)
(-2070.375521 2394.58118 2734.077095)
(-1795.438138 2394.58118 2734.077095)
(-1520.500755 2394.58118 2734.077095)
(-1245.563372 2394.58118 2734.077095)
(-970.6259897 2394.58118 2734.077095)
(-695.6886069 2394.58118 2734.077095)
(-420.7512241 2394.58118 2734.077095)
(-145.8138414 2394.58118 2734.077095)
(129.1235414 2394.58118 2734.077095)
(404.0609241 2394.58118 2734.077095)
(678.9983069 2394.58118 2734.077095)
(953.9356897 2394.58118 2734.077095)
(1228.873072 2394.58118 2734.077095)
(1503.810455 2394.58118 2734.077095)
(1778.747838 2394.58118 2734.077095)
(2053.685221 2394.58118 2734.077095)
(2328.622603 2394.58118 2734.077095)
(2603.559986 2394.58118 2734.077095)
(2878.497369 2394.58118 2734.077095)
(3153.434752 2394.58118 2734.077095)
(3428.372134 2394.58118 2734.077095)
(3703.309517 2394.58118 2734.077095)
(3978.2469 2394.58118 2734.077095)
(-3994.9372 2622.38644 2734.077095)
(-3719.999817 2622.38644 2734.077095)
(-3445.062434 2622.38644 2734.077095)
(-3170.125052 2622.38644 2734.077095)
(-2895.187669 2622.38644 2734.077095)
(-2620.250286 2622.38644 2734.077095)
(-2345.312903 2622.38644 2734.077095)
(-2070.375521 2622.38644 2734.077095)
(-1795.438138 2622.38644 2734.077095)
(-1520.500755 2622.38644 2734.077095)
(-1245.563372 2622.38644 2734.077095)
(-970.6259897 2622.38644 2734.077095)
(-695.6886069 2622.38644 2734.077095)
(-420.7512241 2622.38644 2734.077095)
(-145.8138414 2622.38644 2734.077095)
(129.1235414 2622.38644 2734.077095)
(404.0609241 2622.38644 2734.077095)
(678.9983069 2622.38644 2734.077095)
(953.9356897 2622.38644 2734.077095)
(1228.873072 2622.38644 2734.077095)
(1503.810455 2622.38644 2734.077095)
(1778.747838 2622.38644 2734.077095)
(2053.685221 2622.38644 2734.077095)
(2328.622603 2622.38644 2734.077095)
(2603.559986 2622.38644 2734.077095)
(2878.497369 2622.38644 2734.077095)
(3153.434752 2622.38644 2734.077095)
(3428.372134 2622.38644 2734.077095)
(3703.309517 2622.38644 2734.077095)
(3978.2469 2622.38644 2734.077095)
(-3994.9372 2850.1917 2734.077095)
(-3719.999817 2850.1917 2734.077095)
(-3445.062434 2850.1917 2734.077095)
(-3170.125052 2850.1917 2734.077095)
(-2895.187669 2850.1917 2734.077095)
(-2620.250286 2850.1917 2734.077095)
(-2345.312903 2850.1917 2734.077095)
(-2070.375521 2850.1917 2734.077095)
(-1795.438138 2850.1917 2734.077095)
(-1520.500755 2850.1917 2734.077095)
(-1245.563372 2850.1917 2734.077095)
(-970.6259897 2850.1917 2734.077095)
(-695.6886069 2850.1917 2734.077095)
(-420.7512241 2850.1917 2734.077095)
(-145.8138414 2850.1917 2734.077095)
(129.1235414 2850.1917 2734.077095)
(404.0609241 2850.1917 2734.077095)
(678.9983069 2850.1917 2734.077095)
(953.9356897 2850.1917 2734.077095)
(1228.873072 2850.1917 2734.077095)
(1503.810455 2850.1917 2734.077095)
(1778.747838 2850.1917 2734.077095)
(2053.685221 2850.1917 2734.077095)
(2328.622603 2850.1917 2734.077095)
(2603.559986 2850.1917 2734.077095)
(2878.497369 2850.1917 2734.077095)
(3153.434752 2850.1917 2734.077095)
(3428.372134 2850.1917 2734.077095)
(3703.309517 2850.1917 2734.077095)
(3978.2469 2850.1917 2734.077095)
(-3994.9372 3077.99696 2734.077095)
(-3719.999817 3077.99696 2734.077095)
(-3445.062434 3077.99696 2734.077095)
(-3170.125052 3077.99696 2734.077095)
(-2895.187669 3077.99696 2734.077095)
(-2620.250286 3077.99696 2734.077095)
(-2345.312903 3077.99696 2734.077095)
(-2070.375521 3077.99696 2734.077095)
(-1795.438138 3077.99696 2734.077095)
(-1520.500755 3077.99696 2734.077095)
(-1245.563372 3077.99696 2734.077095)
(-970.6259897 3077.99696 2734.077095)
(-695.6886069 3077.99696 2734.077095)
(-420.7512241 3077.99696 2734.077095)
(-145.8138414 3077.99696 2734.077095)
(129.1235414 3077.99696 2734.077095)
(404.0609241 3077.99696 2734.077095)
(678.9983069 3077.99696 2734.077095)
(953.9356897 3077.99696 2734.077095)
(1228.873072 3077.99696 2734.077095)
(1503.810455 3077.99696 2734.077095)
(1778.747838 3077.99696 2734.077095)
(2053.685221 3077.99696 2734.077095)
(2328.622603 3077.99696 2734.077095)
(2603.559986 3077.99696 2734.077095)
(2878.497369 3077.99696 2734.077095)
(3153.434752 3077.99696 2734.077095)
(3428.372134 3077.99696 2734.077095)
(3703.309517 3077.99696 2734.077095)
(3978.2469 3077.99696 2734.077095)
(-3994.9372 3305.80222 2734.077095)
(-3719.999817 3305.80222 2734.077095)
(-3445.062434 3305.80222 2734.077095)
(-3170.125052 3305.80222 2734.077095)
(-2895.187669 3305.80222 2734.077095)
(-2620.250286 3305.80222 2734.077095)
(-2345.312903 3305.80222 2734.077095)
(-2070.375521 3305.80222 2734.077095)
(-1795.438138 3305.80222 2734.077095)
(-1520.500755 3305.80222 2734.077095)
(-1245.563372 3305.80222 2734.077095)
(-970.6259897 3305.80222 2734.077095)
(-695.6886069 3305.80222 2734.077095)
(-420.7512241 3305.80222 2734.077095)
(-145.8138414 3305.80222 2734.077095)
(129.1235414 3305.80222 2734.077095)
(404.0609241 3305.80222 2734.077095)
(678.9983069 3305.80222 2734.077095)
(953.9356897 3305.80222 2734.077095)
(1228.873072 3305.80222 2734.077095)
(1503.810455 3305.80222 2734.077095)
(1778.747838 3305.80222 2734.077095)
(2053.685221 3305.80222 2734.077095)
(2328.622603 3305.80222 2734.077095)
(2603.559986 3305.80222 2734.077095)
(2878.497369 3305.80222 2734.077095)
(3153.434752 3305.80222 2734.077095)
(3428.372134 3305.80222 2734.077095)
(3703.309517 3305.80222 2734.077095)
(3978.2469 3305.80222 2734.077095)
(-3994.9372 3533.60748 2734.077095)
(-3719.999817 3533.60748 2734.077095)
(-3445.062434 3533.60748 2734.077095)
(-3170.125052 3533.60748 2734.077095)
(-2895.187669 3533.60748 2734.077095)
(-2620.250286 3533.60748 2734.077095)
(-2345.312903 3533.60748 2734.077095)
(-2070.375521 3533.60748 2734.077095)
(-1795.438138 3533.60748 2734.077095)
(-1520.500755 3533.60748 2734.077095)
(-1245.563372 3533.60748 2734.077095)
(-970.6259897 3533.60748 2734.077095)
(-695.6886069 3533.60748 2734.077095)
(-420.7512241 3533.60748 2734.077095)
(-145.8138414 3533.60748 2734.077095)
(129.1235414 3533.60748 2734.077095)
(404.0609241 3533.60748 2734.077095)
(678.9983069 3533.60748 2734.077095)
(953.9356897 3533.60748 2734.077095)
(1228.873072 3533.60748 2734.077095)
(1503.810455 3533.60748 2734.077095)
(1778.747838 3533.60748 2734.077095)
(2053.685221 3533.60748 2734.077095)
(2328.622603 3533.60748 2734.077095)
(2603.559986 3533.60748 2734.077095)
(2878.497369 3533.60748 2734.077095)
(3153.434752 3533.60748 2734.077095)
(3428.372134 3533.60748 2734.077095)
(3703.309517 3533.60748 2734.077095)
(3978.2469 3533.60748 2734.077095)
(-3994.9372 3761.41274 2734.077095)
(-3719.999817 3761.41274 2734.077095)
(-3445.062434 3761.41274 2734.077095)
(-3170.125052 3761.41274 2734.077095)
(-2895.187669 3761.41274 2734.077095)
(-2620.250286 3761.41274 2734.077095)
(-2345.312903 3761.41274 2734.077095)
(-2070.375521 3761.41274 2734.077095)
(-1795.438138 3761.41274 2734.077095)
(-1520.500755 3761.41274 2734.077095)
(-1245.563372 3761.41274 2734.077095)
(-970.6259897 3761.41274 2734.077095)
(-695.6886069 3761.41274 2734.077095)
(-420.7512241 3761.41274 2734.077095)
(-145.8138414 3761.41274 2734.077095)
(129.1235414 3761.41274 2734.077095)
(404.0609241 3761.41274 2734.077095)
(678.9983069 3761.41274 2734.077095)
(953.9356897 3761.41274 2734.077095)
(1228.873072 3761.41274 2734.077095)
(1503.810455 3761.41274 2734.077095)
(1778.747838 3761.41274 2734.077095)
(2053.685221 3761.41274 2734.077095)
(2328.622603 3761.41274 2734.077095)
(2603.559986 3761.41274 2734.077095)
(2878.497369 3761.41274 2734.077095)
(3153.434752 3761.41274 2734.077095)
(3428.372134 3761.41274 2734.077095)
(3703.309517 3761.41274 2734.077095)
(3978.2469 3761.41274 2734.077095)
(-3994.9372 3989.218 2734.077095)
(-3719.999817 3989.218 2734.077095)
(-3445.062434 3989.218 2734.077095)
(-3170.125052 3989.218 2734.077095)
(-2895.187669 3989.218 2734.077095)
(-2620.250286 3989.218 2734.077095)
(-2345.312903 3989.218 2734.077095)
(-2070.375521 3989.218 2734.077095)
(-1795.438138 3989.218 2734.077095)
(-1520.500755 3989.218 2734.077095)
(-1245.563372 3989.218 2734.077095)
(-970.6259897 3989.218 2734.077095)
(-695.6886069 3989.218 2734.077095)
(-420.7512241 3989.218 2734.077095)
(-145.8138414 3989.218 2734.077095)
(129.1235414 3989.218 2734.077095)
(404.0609241 3989.218 2734.077095)
(678.9983069 3989.218 2734.077095)
(953.9356897 3989.218 2734.077095)
(1228.873072 3989.218 2734.077095)
(1503.810455 3989.218 2734.077095)
(1778.747838 3989.218 2734.077095)
(2053.685221 3989.218 2734.077095)
(2328.622603 3989.218 2734.077095)
(2603.559986 3989.218 2734.077095)
(2878.497369 3989.218 2734.077095)
(3153.434752 3989.218 2734.077095)
(3428.372134 3989.218 2734.077095)
(3703.309517 3989.218 2734.077095)
(3978.2469 3989.218 2734.077095)
(-3994.9372 -3983.9661 3153.718363)
(-3719.999817 -3983.9661 3153.718363)
(-3445.062434 -3983.9661 3153.718363)
(-3170.125052 -3983.9661 3153.718363)
(-2895.187669 -3983.9661 3153.718363)
(-2620.250286 -3983.9661 3153.718363)
(-2345.312903 -3983.9661 3153.718363)
(-2070.375521 -3983.9661 3153.718363)
(-1795.438138 -3983.9661 3153.718363)
(-1520.500755 -3983.9661 3153.718363)
(-1245.563372 -3983.9661 3153.718363)
(-970.6259897 -3983.9661 3153.718363)
(-695.6886069 -3983.9661 3153.718363)
(-420.7512241 -3983.9661 3153.718363)
(-145.8138414 -3983.9661 3153.718363)
(129.1235414 -3983.9661 3153.718363)
(404.0609241 -3983.9661 3153.718363)
(678.9983069 -3983.9661 3153.718363)
(953.9356897 -3983.9661 3153.718363)
(1228.873072 -3983.9661 3153.718363)
(1503.810455 -3983.9661 3153.718363)
(1778.747838 -3983.9661 3153.718363)
(2053.685221 -3983.9661 3153.718363)
(2328.622603 -3983.9661 3153.718363)
(2603.559986 -3983.9661 3153.718363)
(2878.497369 -3983.9661 3153.718363)
(3153.434752 -3983.9661 3153.718363)
(3428.372134 -3983.9661 3153.718363)
(3703.309517 -3983.9661 3153.718363)
(3978.2469 -3983.9661 3153.718363)
(-3994.9372 -3756.16084 3153.718363)
(-3719.999817 -3756.16084 3153.718363)
(-3445.062434 -3756.16084 3153.718363)
(-3170.125052 -3756.16084 3153.718363)
(-2895.187669 -3756.16084 3153.718363)
(-2620.250286 -3756.16084 3153.718363)
(-2345.312903 -3756.16084 3153.718363)
(-2070.375521 -3756.16084 3153.718363)
(-1795.438138 -3756.16084 3153.718363)
(-1520.500755 -3756.16084 3153.718363)
(-1245.563372 -3756.16084 3153.718363)
(-970.6259897 -3756.16084 3153.718363)
(-695.6886069 -3756.16084 3153.718363)
(-420.7512241 -3756.16084 3153.718363)
(-145.8138414 -3756.16084 3153.718363)
(129.1235414 -3756.16084 3153.718363)
(404.0609241 -3756.16084 3153.718363)
(678.9983069 -3756.16084 3153.718363)
(953.9356897 -3756.16084 3153.718363)
(1228.873072 -3756.16084 3153.718363)
(1503.810455 -3756.16084 3153.718363)
(1778.747838 -3756.16084 3153.718363)
(2053.685221 -3756.16084 3153.718363)
(2328.622603 -3756.16084 3153.718363)
(2603.559986 -3756.16084 3153.718363)
(2878.497369 -3756.16084 3153.718363)
(3153.434752 -3756.16084 3153.718363)
(3428.372134 -3756.16084 3153.718363)
(3703.309517 -3756.16084 3153.718363)
(3978.2469 -3756.16084 3153.718363)
(-3994.9372 -3528.35558 3153.718363)
(-3719.999817 -3528.35558 3153.718363)
(-3445.062434 -3528.35558 3153.718363)
(-3170.125052 -3528.35558 3153.718363)
(-2895.187669 -3528.35558 3153.718363)
(-2620.250286 -3528.35558 3153.718363)
(-2345.312903 -3528.35558 3153.718363)
(-2070.375521 -3528.35558 3153.718363)
(-1795.438138 -3528.35558 3153.718363)
(-1520.500755 -3528.35558 3153.718363)
(-1245.563372 -3528.35558 3153.718363)
(-970.6259897 -3528.35558 3153.718363)
(-695.6886069 -3528.35558 3153.718363)
(-420.7512241 -3528.35558 3153.718363)
(-145.8138414 -3528.35558 3153.718363)
(129.1235414 -3528.35558 3153.718363)
(404.0609241 -3528.35558 3153.718363)
(678.9983069 -3528.35558 3153.718363)
(953.9356897 -3528.35558 3153.718363)
(1228.873072 -3528.35558 3153.718363)
(1503.810455 -3528.35558 3153.718363)
(1778.747838 -3528.35558 3153.718363)
(2053.685221 -3528.35558 3153.718363)
(2328.622603 -3528.35558 3153.718363)
(2603.559986 -3528.35558 3153.718363)
(2878.497369 -3528.35558 3153.718363)
(3153.434752 -3528.35558 3153.718363)
(3428.372134 -3528.35558 3153.718363)
(3703.309517 -3528.35558 3153.718363)
(3978.2469 -3528.35558 3153.718363)
(-3994.9372 -3300.55032 3153.718363)
(-3719.999817 -3300.55032 3153.718363)
(-3445.062434 -3300.55032 3153.718363)
(-3170.125052 -3300.55032 3153.718363)
(-2895.187669 -3300.55032 3153.718363)
(-2620.250286 -3300.55032 3153.718363)
(-2345.312903 -3300.55032 3153.718363)
(-2070.375521 -3300.55032 3153.718363)
(-1795.438138 -3300.55032 3153.718363)
(-1520.500755 -3300.55032 3153.718363)
(-1245.563372 -3300.55032 3153.718363)
(-970.6259897 -3300.55032 3153.718363)
(-695.6886069 -3300.55032 3153.718363)
(-420.7512241 -3300.55032 3153.718363)
(-145.8138414 -3300.55032 3153.718363)
(129.1235414 -3300.55032 3153.718363)
(404.0609241 -3300.55032 3153.718363)
(678.9983069 -3300.55032 3153.718363)
(953.9356897 -3300.55032 3153.718363)
(1228.873072 -3300.55032 3153.718363)
(1503.810455 -3300.55032 3153.718363)
(1778.747838 -3300.55032 3153.718363)
(2053.685221 -3300.55032 3153.718363)
(2328.622603 -3300.55032 3153.718363)
(2603.559986 -3300.55032 3153.718363)
(2878.497369 -3300.55032 3153.718363)
(3153.434752 -3300.55032 3153.718363)
(3428.372134 -3300.55032 3153.718363)
(3703.309517 -3300.55032 3153.718363)
(3978.2469 -3300.55032 3153.718363)
(-3994.9372 -3072.74506 3153.718363)
(-3719.999817 -3072.74506 3153.718363)
(-3445.062434 -3072.74506 3153.718363)
(-3170.125052 -3072.74506 3153.718363)
(-2895.187669 -3072.74506 3153.718363)
(-2620.250286 -3072.74506 3153.718363)
(-2345.312903 -3072.74506 3153.718363)
(-2070.375521 -3072.74506 3153.718363)
(-1795.438138 -3072.74506 3153.718363)
(-1520.500755 -3072.74506 3153.718363)
(-1245.563372 -3072.74506 3153.718363)
(-970.6259897 -3072.74506 3153.718363)
(-695.6886069 -3072.74506 3153.718363)
(-420.7512241 -3072.74506 3153.718363)
(-145.8138414 -3072.74506 3153.718363)
(129.1235414 -3072.74506 3153.718363)
(404.0609241 -3072.74506 3153.718363)
(678.9983069 -3072.74506 3153.718363)
(953.9356897 -3072.74506 3153.718363)
(1228.873072 -3072.74506 3153.718363)
(1503.810455 -3072.74506 3153.718363)
(1778.747838 -3072.74506 3153.718363)
(2053.685221 -3072.74506 3153.718363)
(2328.622603 -3072.74506 3153.718363)
(2603.559986 -3072.74506 3153.718363)
(2878.497369 -3072.74506 3153.718363)
(3153.434752 -3072.74506 3153.718363)
(3428.372134 -3072.74506 3153.718363)
(3703.309517 -3072.74506 3153.718363)
(3978.2469 -3072.74506 3153.718363)
(-3994.9372 -2844.9398 3153.718363)
(-3719.999817 -2844.9398 3153.718363)
(-3445.062434 -2844.9398 3153.718363)
(-3170.125052 -2844.9398 3153.718363)
(-2895.187669 -2844.9398 3153.718363)
(-2620.250286 -2844.9398 3153.718363)
(-2345.312903 -2844.9398 3153.718363)
(-2070.375521 -2844.9398 3153.718363)
(-1795.438138 -2844.9398 3153.718363)
(-1520.500755 -2844.9398 3153.718363)
(-1245.563372 -2844.9398 3153.718363)
(-970.6259897 -2844.9398 3153.718363)
(-695.6886069 -2844.9398 3153.718363)
(-420.7512241 -2844.9398 3153.718363)
(-145.8138414 -2844.9398 3153.718363)
(129.1235414 -2844.9398 3153.718363)
(404.0609241 -2844.9398 3153.718363)
(678.9983069 -2844.9398 3153.718363)
(953.9356897 -2844.9398 3153.718363)
(1228.873072 -2844.9398 3153.718363)
(1503.810455 -2844.9398 3153.718363)
(1778.747838 -2844.9398 3153.718363)
(2053.685221 -2844.9398 3153.718363)
(2328.622603 -2844.9398 3153.718363)
(2603.559986 -2844.9398 3153.718363)
(2878.497369 -2844.9398 3153.718363)
(3153.434752 -2844.9398 3153.718363)
(3428.372134 -2844.9398 3153.718363)
(3703.309517 -2844.9398 3153.718363)
(3978.2469 -2844.9398 3153.718363)
(-3994.9372 -2617.13454 3153.718363)
(-3719.999817 -2617.13454 3153.718363)
(-3445.062434 -2617.13454 3153.718363)
(-3170.125052 -2617.13454 3153.718363)
(-2895.187669 -2617.13454 3153.718363)
(-2620.250286 -2617.13454 3153.718363)
(-2345.312903 -2617.13454 3153.718363)
(-2070.375521 -2617.13454 3153.718363)
(-1795.438138 -2617.13454 3153.718363)
(-1520.500755 -2617.13454 3153.718363)
(-1245.563372 -2617.13454 3153.718363)
(-970.6259897 -2617.13454 3153.718363)
(-695.6886069 -2617.13454 3153.718363)
(-420.7512241 -2617.13454 3153.718363)
(-145.8138414 -2617.13454 3153.718363)
(129.1235414 -2617.13454 3153.718363)
(404.0609241 -2617.13454 3153.718363)
(678.9983069 -2617.13454 3153.718363)
(953.9356897 -2617.13454 3153.718363)
(1228.873072 -2617.13454 3153.718363)
(1503.810455 -2617.13454 3153.718363)
(1778.747838 -2617.13454 3153.718363)
(2053.685221 -2617.13454 3153.718363)
(2328.622603 -2617.13454 3153.718363)
(2603.559986 -2617.13454 3153.718363)
(2878.497369 -2617.13454 3153.718363)
(3153.434752 -2617.13454 3153.718363)
(3428.372134 -2617.13454 3153.718363)
(3703.309517 -2617.13454 3153.718363)
(3978.2469 -2617.13454 3153.718363)
(-3994.9372 -2389.32928 3153.718363)
(-3719.999817 -2389.32928 3153.718363)
(-3445.062434 -2389.32928 3153.718363)
(-3170.125052 -2389.32928 3153.718363)
(-2895.187669 -2389.32928 3153.718363)
(-2620.250286 -2389.32928 3153.718363)
(-2345.312903 -2389.32928 3153.718363)
(-2070.375521 -2389.32928 3153.718363)
(-1795.438138 -2389.32928 3153.718363)
(-1520.500755 -2389.32928 3153.718363)
(-1245.563372 -2389.32928 3153.718363)
(-970.6259897 -2389.32928 3153.718363)
(-695.6886069 -2389.32928 3153.718363)
(-420.7512241 -2389.32928 3153.718363)
(-145.8138414 -2389.32928 3153.718363)
(129.1235414 -2389.32928 3153.718363)
(404.0609241 -2389.32928 3153.718363)
(678.9983069 -2389.32928 3153.718363)
(953.9356897 -2389.32928 3153.718363)
(1228.873072 -2389.32928 3153.718363)
(1503.810455 -2389.32928 3153.718363)
(1778.747838 -2389.32928 3153.718363)
(2053.685221 -2389.32928 3153.718363)
(2328.622603 -2389.32928 3153.718363)
(2603.559986 -2389.32928 3153.718363)
(2878.497369 -2389.32928 3153.718363)
(3153.434752 -2389.32928 3153.718363)
(3428.372134 -2389.32928 3153.718363)
(3703.309517 -2389.32928 3153.718363)
(3978.2469 -2389.32928 3153.718363)
(-3994.9372 -2161.52402 3153.718363)
(-3719.999817 -2161.52402 3153.718363)
(-3445.062434 -2161.52402 3153.718363)
(-3170.125052 -2161.52402 3153.718363)
(-2895.187669 -2161.52402 3153.718363)
(-2620.250286 -2161.52402 3153.718363)
(-2345.312903 -2161.52402 3153.718363)
(-2070.375521 -2161.52402 3153.718363)
(-1795.438138 -2161.52402 3153.718363)
(-1520.500755 -2161.52402 3153.718363)
(-1245.563372 -2161.52402 3153.718363)
(-970.6259897 -2161.52402 3153.718363)
(-695.6886069 -2161.52402 3153.718363)
(-420.7512241 -2161.52402 3153.718363)
(-145.8138414 -2161.52402 3153.718363)
(129.1235414 -2161.52402 3153.718363)
(404.0609241 -2161.52402 3153.718363)
(678.9983069 -2161.52402 3153.718363)
(953.9356897 -2161.52402 3153.718363)
(1228.873072 -2161.52402 3153.718363)
(1503.810455 -2161.52402 3153.718363)
(1778.747838 -2161.52402 3153.718363)
(2053.685221 -2161.52402 3153.718363)
(2328.622603 -2161.52402 3153.718363)
(2603.559986 -2161.52402 3153.718363)
(2878.497369 -2161.52402 3153.718363)
(3153.434752 -2161.52402 3153.718363)
(3428.372134 -2161.52402 3153.718363)
(3703.309517 -2161.52402 3153.718363)
(3978.2469 -2161.52402 3153.718363)
(-3994.9372 -1933.71876 3153.718363)
(-3719.999817 -1933.71876 3153.718363)
(-3445.062434 -1933.71876 3153.718363)
(-3170.125052 -1933.71876 3153.718363)
(-2895.187669 -1933.71876 3153.718363)
(-2620.250286 -1933.71876 3153.718363)
(-2345.312903 -1933.71876 3153.718363)
(-2070.375521 -1933.71876 3153.718363)
(-1795.438138 -1933.71876 3153.718363)
(-1520.500755 -1933.71876 3153.718363)
(-1245.563372 -1933.71876 3153.718363)
(-970.6259897 -1933.71876 3153.718363)
(-695.6886069 -1933.71876 3153.718363)
(-420.7512241 -1933.71876 3153.718363)
(-145.8138414 -1933.71876 3153.718363)
(129.1235414 -1933.71876 3153.718363)
(404.0609241 -1933.71876 3153.718363)
(678.9983069 -1933.71876 3153.718363)
(953.9356897 -1933.71876 3153.718363)
(1228.873072 -1933.71876 3153.718363)
(1503.810455 -1933.71876 3153.718363)
(1778.747838 -1933.71876 3153.718363)
(2053.685221 -1933.71876 3153.718363)
(2328.622603 -1933.71876 3153.718363)
(2603.559986 -1933.71876 3153.718363)
(2878.497369 -1933.71876 3153.718363)
(3153.434752 -1933.71876 3153.718363)
(3428.372134 -1933.71876 3153.718363)
(3703.309517 -1933.71876 3153.718363)
(3978.2469 -1933.71876 3153.718363)
(-3994.9372 -1705.9135 3153.718363)
(-3719.999817 -1705.9135 3153.718363)
(-3445.062434 -1705.9135 3153.718363)
(-3170.125052 -1705.9135 3153.718363)
(-2895.187669 -1705.9135 3153.718363)
(-2620.250286 -1705.9135 3153.718363)
(-2345.312903 -1705.9135 3153.718363)
(-2070.375521 -1705.9135 3153.718363)
(-1795.438138 -1705.9135 3153.718363)
(-1520.500755 -1705.9135 3153.718363)
(-1245.563372 -1705.9135 3153.718363)
(-970.6259897 -1705.9135 3153.718363)
(-695.6886069 -1705.9135 3153.718363)
(-420.7512241 -1705.9135 3153.718363)
(-145.8138414 -1705.9135 3153.718363)
(129.1235414 -1705.9135 3153.718363)
(404.0609241 -1705.9135 3153.718363)
(678.9983069 -1705.9135 3153.718363)
(953.9356897 -1705.9135 3153.718363)
(1228.873072 -1705.9135 3153.718363)
(1503.810455 -1705.9135 3153.718363)
(1778.747838 -1705.9135 3153.718363)
(2053.685221 -1705.9135 3153.718363)
(2328.622603 -1705.9135 3153.718363)
(2603.559986 -1705.9135 3153.718363)
(2878.497369 -1705.9135 3153.718363)
(3153.434752 -1705.9135 3153.718363)
(3428.372134 -1705.9135 3153.718363)
(3703.309517 -1705.9135 3153.718363)
(3978.2469 -1705.9135 3153.718363)
(-3994.9372 -1478.10824 3153.718363)
(-3719.999817 -1478.10824 3153.718363)
(-3445.062434 -1478.10824 3153.718363)
(-3170.125052 -1478.10824 3153.718363)
(-2895.187669 -1478.10824 3153.718363)
(-2620.250286 -1478.10824 3153.718363)
(-2345.312903 -1478.10824 3153.718363)
(-2070.375521 -1478.10824 3153.718363)
(-1795.438138 -1478.10824 3153.718363)
(-1520.500755 -1478.10824 3153.718363)
(-1245.563372 -1478.10824 3153.718363)
(-970.6259897 -1478.10824 3153.718363)
(-695.6886069 -1478.10824 3153.718363)
(-420.7512241 -1478.10824 3153.718363)
(-145.8138414 -1478.10824 3153.718363)
(129.1235414 -1478.10824 3153.718363)
(404.0609241 -1478.10824 3153.718363)
(678.9983069 -1478.10824 3153.718363)
(953.9356897 -1478.10824 3153.718363)
(1228.873072 -1478.10824 3153.718363)
(1503.810455 -1478.10824 3153.718363)
(1778.747838 -1478.10824 3153.718363)
(2053.685221 -1478.10824 3153.718363)
(2328.622603 -1478.10824 3153.718363)
(2603.559986 -1478.10824 3153.718363)
(2878.497369 -1478.10824 3153.718363)
(3153.434752 -1478.10824 3153.718363)
(3428.372134 -1478.10824 3153.718363)
(3703.309517 -1478.10824 3153.718363)
(3978.2469 -1478.10824 3153.718363)
(-3994.9372 -1250.30298 3153.718363)
(-3719.999817 -1250.30298 3153.718363)
(-3445.062434 -1250.30298 3153.718363)
(-3170.125052 -1250.30298 3153.718363)
(-2895.187669 -1250.30298 3153.718363)
(-2620.250286 -1250.30298 3153.718363)
(-2345.312903 -1250.30298 3153.718363)
(-2070.375521 -1250.30298 3153.718363)
(-1795.438138 -1250.30298 3153.718363)
(-1520.500755 -1250.30298 3153.718363)
(-1245.563372 -1250.30298 3153.718363)
(-970.6259897 -1250.30298 3153.718363)
(-695.6886069 -1250.30298 3153.718363)
(-420.7512241 -1250.30298 3153.718363)
(-145.8138414 -1250.30298 3153.718363)
(129.1235414 -1250.30298 3153.718363)
(404.0609241 -1250.30298 3153.718363)
(678.9983069 -1250.30298 3153.718363)
(953.9356897 -1250.30298 3153.718363)
(1228.873072 -1250.30298 3153.718363)
(1503.810455 -1250.30298 3153.718363)
(1778.747838 -1250.30298 3153.718363)
(2053.685221 -1250.30298 3153.718363)
(2328.622603 -1250.30298 3153.718363)
(2603.559986 -1250.30298 3153.718363)
(2878.497369 -1250.30298 3153.718363)
(3153.434752 -1250.30298 3153.718363)
(3428.372134 -1250.30298 3153.718363)
(3703.309517 -1250.30298 3153.718363)
(3978.2469 -1250.30298 3153.718363)
(-3994.9372 -1022.49772 3153.718363)
(-3719.999817 -1022.49772 3153.718363)
(-3445.062434 -1022.49772 3153.718363)
(-3170.125052 -1022.49772 3153.718363)
(-2895.187669 -1022.49772 3153.718363)
(-2620.250286 -1022.49772 3153.718363)
(-2345.312903 -1022.49772 3153.718363)
(-2070.375521 -1022.49772 3153.718363)
(-1795.438138 -1022.49772 3153.718363)
(-1520.500755 -1022.49772 3153.718363)
(-1245.563372 -1022.49772 3153.718363)
(-970.6259897 -1022.49772 3153.718363)
(-695.6886069 -1022.49772 3153.718363)
(-420.7512241 -1022.49772 3153.718363)
(-145.8138414 -1022.49772 3153.718363)
(129.1235414 -1022.49772 3153.718363)
(404.0609241 -1022.49772 3153.718363)
(678.9983069 -1022.49772 3153.718363)
(953.9356897 -1022.49772 3153.718363)
(1228.873072 -1022.49772 3153.718363)
(1503.810455 -1022.49772 3153.718363)
(1778.747838 -1022.49772 3153.718363)
(2053.685221 -1022.49772 3153.718363)
(2328.622603 -1022.49772 3153.718363)
(2603.559986 -1022.49772 3153.718363)
(2878.497369 -1022.49772 3153.718363)
(3153.434752 -1022.49772 3153.718363)
(3428.372134 -1022.49772 3153.718363)
(3703.309517 -1022.49772 3153.718363)
(3978.2469 -1022.49772 3153.718363)
(-3994.9372 -794.69246 3153.718363)
(-3719.999817 -794.69246 3153.718363)
(-3445.062434 -794.69246 3153.718363)
(-3170.125052 -794.69246 3153.718363)
(-2895.187669 -794.69246 3153.718363)
(-2620.250286 -794.69246 3153.718363)
(-2345.312903 -794.69246 3153.718363)
(-2070.375521 -794.69246 3153.718363)
(-1795.438138 -794.69246 3153.718363)
(-1520.500755 -794.69246 3153.718363)
(-1245.563372 -794.69246 3153.718363)
(-970.6259897 -794.69246 3153.718363)
(-695.6886069 -794.69246 3153.718363)
(-420.7512241 -794.69246 3153.718363)
(-145.8138414 -794.69246 3153.718363)
(129.1235414 -794.69246 3153.718363)
(404.0609241 -794.69246 3153.718363)
(678.9983069 -794.69246 3153.718363)
(953.9356897 -794.69246 3153.718363)
(1228.873072 -794.69246 3153.718363)
(1503.810455 -794.69246 3153.718363)
(1778.747838 -794.69246 3153.718363)
(2053.685221 -794.69246 3153.718363)
(2328.622603 -794.69246 3153.718363)
(2603.559986 -794.69246 3153.718363)
(2878.497369 -794.69246 3153.718363)
(3153.434752 -794.69246 3153.718363)
(3428.372134 -794.69246 3153.718363)
(3703.309517 -794.69246 3153.718363)
(3978.2469 -794.69246 3153.718363)
(-3994.9372 -566.8872 3153.718363)
(-3719.999817 -566.8872 3153.718363)
(-3445.062434 -566.8872 3153.718363)
(-3170.125052 -566.8872 3153.718363)
(-2895.187669 -566.8872 3153.718363)
(-2620.250286 -566.8872 3153.718363)
(-2345.312903 -566.8872 3153.718363)
(-2070.375521 -566.8872 3153.718363)
(-1795.438138 -566.8872 3153.718363)
(-1520.500755 -566.8872 3153.718363)
(-1245.563372 -566.8872 3153.718363)
(-970.6259897 -566.8872 3153.718363)
(-695.6886069 -566.8872 3153.718363)
(-420.7512241 -566.8872 3153.718363)
(-145.8138414 -566.8872 3153.718363)
(129.1235414 -566.8872 3153.718363)
(404.0609241 -566.8872 3153.718363)
(678.9983069 -566.8872 3153.718363)
(953.9356897 -566.8872 3153.718363)
(1228.873072 -566.8872 3153.718363)
(1503.810455 -566.8872 3153.718363)
(1778.747838 -566.8872 3153.718363)
(2053.685221 -566.8872 3153.718363)
(2328.622603 -566.8872 3153.718363)
(2603.559986 -566.8872 3153.718363)
(2878.497369 -566.8872 3153.718363)
(3153.434752 -566.8872 3153.718363)
(3428.372134 -566.8872 3153.718363)
(3703.309517 -566.8872 3153.718363)
(3978.2469 -566.8872 3153.718363)
(-3994.9372 -339.08194 3153.718363)
(-3719.999817 -339.08194 3153.718363)
(-3445.062434 -339.08194 3153.718363)
(-3170.125052 -339.08194 3153.718363)
(-2895.187669 -339.08194 3153.718363)
(-2620.250286 -339.08194 3153.718363)
(-2345.312903 -339.08194 3153.718363)
(-2070.375521 -339.08194 3153.718363)
(-1795.438138 -339.08194 3153.718363)
(-1520.500755 -339.08194 3153.718363)
(-1245.563372 -339.08194 3153.718363)
(-970.6259897 -339.08194 3153.718363)
(-695.6886069 -339.08194 3153.718363)
(-420.7512241 -339.08194 3153.718363)
(-145.8138414 -339.08194 3153.718363)
(129.1235414 -339.08194 3153.718363)
(404.0609241 -339.08194 3153.718363)
(678.9983069 -339.08194 3153.718363)
(953.9356897 -339.08194 3153.718363)
(1228.873072 -339.08194 3153.718363)
(1503.810455 -339.08194 3153.718363)
(1778.747838 -339.08194 3153.718363)
(2053.685221 -339.08194 3153.718363)
(2328.622603 -339.08194 3153.718363)
(2603.559986 -339.08194 3153.718363)
(2878.497369 -339.08194 3153.718363)
(3153.434752 -339.08194 3153.718363)
(3428.372134 -339.08194 3153.718363)
(3703.309517 -339.08194 3153.718363)
(3978.2469 -339.08194 3153.718363)
(-3994.9372 -111.27668 3153.718363)
(-3719.999817 -111.27668 3153.718363)
(-3445.062434 -111.27668 3153.718363)
(-3170.125052 -111.27668 3153.718363)
(-2895.187669 -111.27668 3153.718363)
(-2620.250286 -111.27668 3153.718363)
(-2345.312903 -111.27668 3153.718363)
(-2070.375521 -111.27668 3153.718363)
(-1795.438138 -111.27668 3153.718363)
(-1520.500755 -111.27668 3153.718363)
(-1245.563372 -111.27668 3153.718363)
(-970.6259897 -111.27668 3153.718363)
(-695.6886069 -111.27668 3153.718363)
(-420.7512241 -111.27668 3153.718363)
(-145.8138414 -111.27668 3153.718363)
(129.1235414 -111.27668 3153.718363)
(404.0609241 -111.27668 3153.718363)
(678.9983069 -111.27668 3153.718363)
(953.9356897 -111.27668 3153.718363)
(1228.873072 -111.27668 3153.718363)
(1503.810455 -111.27668 3153.718363)
(1778.747838 -111.27668 3153.718363)
(2053.685221 -111.27668 3153.718363)
(2328.622603 -111.27668 3153.718363)
(2603.559986 -111.27668 3153.718363)
(2878.497369 -111.27668 3153.718363)
(3153.434752 -111.27668 3153.718363)
(3428.372134 -111.27668 3153.718363)
(3703.309517 -111.27668 3153.718363)
(3978.2469 -111.27668 3153.718363)
(-3994.9372 116.52858 3153.718363)
(-3719.999817 116.52858 3153.718363)
(-3445.062434 116.52858 3153.718363)
(-3170.125052 116.52858 3153.718363)
(-2895.187669 116.52858 3153.718363)
(-2620.250286 116.52858 3153.718363)
(-2345.312903 116.52858 3153.718363)
(-2070.375521 116.52858 3153.718363)
(-1795.438138 116.52858 3153.718363)
(-1520.500755 116.52858 3153.718363)
(-1245.563372 116.52858 3153.718363)
(-970.6259897 116.52858 3153.718363)
(-695.6886069 116.52858 3153.718363)
(-420.7512241 116.52858 3153.718363)
(-145.8138414 116.52858 3153.718363)
(129.1235414 116.52858 3153.718363)
(404.0609241 116.52858 3153.718363)
(678.9983069 116.52858 3153.718363)
(953.9356897 116.52858 3153.718363)
(1228.873072 116.52858 3153.718363)
(1503.810455 116.52858 3153.718363)
(1778.747838 116.52858 3153.718363)
(2053.685221 116.52858 3153.718363)
(2328.622603 116.52858 3153.718363)
(2603.559986 116.52858 3153.718363)
(2878.497369 116.52858 3153.718363)
(3153.434752 116.52858 3153.718363)
(3428.372134 116.52858 3153.718363)
(3703.309517 116.52858 3153.718363)
(3978.2469 116.52858 3153.718363)
(-3994.9372 344.33384 3153.718363)
(-3719.999817 344.33384 3153.718363)
(-3445.062434 344.33384 3153.718363)
(-3170.125052 344.33384 3153.718363)
(-2895.187669 344.33384 3153.718363)
(-2620.250286 344.33384 3153.718363)
(-2345.312903 344.33384 3153.718363)
(-2070.375521 344.33384 3153.718363)
(-1795.438138 344.33384 3153.718363)
(-1520.500755 344.33384 3153.718363)
(-1245.563372 344.33384 3153.718363)
(-970.6259897 344.33384 3153.718363)
(-695.6886069 344.33384 3153.718363)
(-420.7512241 344.33384 3153.718363)
(-145.8138414 344.33384 3153.718363)
(129.1235414 344.33384 3153.718363)
(404.0609241 344.33384 3153.718363)
(678.9983069 344.33384 3153.718363)
(953.9356897 344.33384 3153.718363)
(1228.873072 344.33384 3153.718363)
(1503.810455 344.33384 3153.718363)
(1778.747838 344.33384 3153.718363)
(2053.685221 344.33384 3153.718363)
(2328.622603 344.33384 3153.718363)
(2603.559986 344.33384 3153.718363)
(2878.497369 344.33384 3153.718363)
(3153.434752 344.33384 3153.718363)
(3428.372134 344.33384 3153.718363)
(3703.309517 344.33384 3153.718363)
(3978.2469 344.33384 3153.718363)
(-3994.9372 572.1391 3153.718363)
(-3719.999817 572.1391 3153.718363)
(-3445.062434 572.1391 3153.718363)
(-3170.125052 572.1391 3153.718363)
(-2895.187669 572.1391 3153.718363)
(-2620.250286 572.1391 3153.718363)
(-2345.312903 572.1391 3153.718363)
(-2070.375521 572.1391 3153.718363)
(-1795.438138 572.1391 3153.718363)
(-1520.500755 572.1391 3153.718363)
(-1245.563372 572.1391 3153.718363)
(-970.6259897 572.1391 3153.718363)
(-695.6886069 572.1391 3153.718363)
(-420.7512241 572.1391 3153.718363)
(-145.8138414 572.1391 3153.718363)
(129.1235414 572.1391 3153.718363)
(404.0609241 572.1391 3153.718363)
(678.9983069 572.1391 3153.718363)
(953.9356897 572.1391 3153.718363)
(1228.873072 572.1391 3153.718363)
(1503.810455 572.1391 3153.718363)
(1778.747838 572.1391 3153.718363)
(2053.685221 572.1391 3153.718363)
(2328.622603 572.1391 3153.718363)
(2603.559986 572.1391 3153.718363)
(2878.497369 572.1391 3153.718363)
(3153.434752 572.1391 3153.718363)
(3428.372134 572.1391 3153.718363)
(3703.309517 572.1391 3153.718363)
(3978.2469 572.1391 3153.718363)
(-3994.9372 799.94436 3153.718363)
(-3719.999817 799.94436 3153.718363)
(-3445.062434 799.94436 3153.718363)
(-3170.125052 799.94436 3153.718363)
(-2895.187669 799.94436 3153.718363)
(-2620.250286 799.94436 3153.718363)
(-2345.312903 799.94436 3153.718363)
(-2070.375521 799.94436 3153.718363)
(-1795.438138 799.94436 3153.718363)
(-1520.500755 799.94436 3153.718363)
(-1245.563372 799.94436 3153.718363)
(-970.6259897 799.94436 3153.718363)
(-695.6886069 799.94436 3153.718363)
(-420.7512241 799.94436 3153.718363)
(-145.8138414 799.94436 3153.718363)
(129.1235414 799.94436 3153.718363)
(404.0609241 799.94436 3153.718363)
(678.9983069 799.94436 3153.718363)
(953.9356897 799.94436 3153.718363)
(1228.873072 799.94436 3153.718363)
(1503.810455 799.94436 3153.718363)
(1778.747838 799.94436 3153.718363)
(2053.685221 799.94436 3153.718363)
(2328.622603 799.94436 3153.718363)
(2603.559986 799.94436 3153.718363)
(2878.497369 799.94436 3153.718363)
(3153.434752 799.94436 3153.718363)
(3428.372134 799.94436 3153.718363)
(3703.309517 799.94436 3153.718363)
(3978.2469 799.94436 3153.718363)
(-3994.9372 1027.74962 3153.718363)
(-3719.999817 1027.74962 3153.718363)
(-3445.062434 1027.74962 3153.718363)
(-3170.125052 1027.74962 3153.718363)
(-2895.187669 1027.74962 3153.718363)
(-2620.250286 1027.74962 3153.718363)
(-2345.312903 1027.74962 3153.718363)
(-2070.375521 1027.74962 3153.718363)
(-1795.438138 1027.74962 3153.718363)
(-1520.500755 1027.74962 3153.718363)
(-1245.563372 1027.74962 3153.718363)
(-970.6259897 1027.74962 3153.718363)
(-695.6886069 1027.74962 3153.718363)
(-420.7512241 1027.74962 3153.718363)
(-145.8138414 1027.74962 3153.718363)
(129.1235414 1027.74962 3153.718363)
(404.0609241 1027.74962 3153.718363)
(678.9983069 1027.74962 3153.718363)
(953.9356897 1027.74962 3153.718363)
(1228.873072 1027.74962 3153.718363)
(1503.810455 1027.74962 3153.718363)
(1778.747838 1027.74962 3153.718363)
(2053.685221 1027.74962 3153.718363)
(2328.622603 1027.74962 3153.718363)
(2603.559986 1027.74962 3153.718363)
(2878.497369 1027.74962 3153.718363)
(3153.434752 1027.74962 3153.718363)
(3428.372134 1027.74962 3153.718363)
(3703.309517 1027.74962 3153.718363)
(3978.2469 1027.74962 3153.718363)
(-3994.9372 1255.55488 3153.718363)
(-3719.999817 1255.55488 3153.718363)
(-3445.062434 1255.55488 3153.718363)
(-3170.125052 1255.55488 3153.718363)
(-2895.187669 1255.55488 3153.718363)
(-2620.250286 1255.55488 3153.718363)
(-2345.312903 1255.55488 3153.718363)
(-2070.375521 1255.55488 3153.718363)
(-1795.438138 1255.55488 3153.718363)
(-1520.500755 1255.55488 3153.718363)
(-1245.563372 1255.55488 3153.718363)
(-970.6259897 1255.55488 3153.718363)
(-695.6886069 1255.55488 3153.718363)
(-420.7512241 1255.55488 3153.718363)
(-145.8138414 1255.55488 3153.718363)
(129.1235414 1255.55488 3153.718363)
(404.0609241 1255.55488 3153.718363)
(678.9983069 1255.55488 3153.718363)
(953.9356897 1255.55488 3153.718363)
(1228.873072 1255.55488 3153.718363)
(1503.810455 1255.55488 3153.718363)
(1778.747838 1255.55488 3153.718363)
(2053.685221 1255.55488 3153.718363)
(2328.622603 1255.55488 3153.718363)
(2603.559986 1255.55488 3153.718363)
(2878.497369 1255.55488 3153.718363)
(3153.434752 1255.55488 3153.718363)
(3428.372134 1255.55488 3153.718363)
(3703.309517 1255.55488 3153.718363)
(3978.2469 1255.55488 3153.718363)
(-3994.9372 1483.36014 3153.718363)
(-3719.999817 1483.36014 3153.718363)
(-3445.062434 1483.36014 3153.718363)
(-3170.125052 1483.36014 3153.718363)
(-2895.187669 1483.36014 3153.718363)
(-2620.250286 1483.36014 3153.718363)
(-2345.312903 1483.36014 3153.718363)
(-2070.375521 1483.36014 3153.718363)
(-1795.438138 1483.36014 3153.718363)
(-1520.500755 1483.36014 3153.718363)
(-1245.563372 1483.36014 3153.718363)
(-970.6259897 1483.36014 3153.718363)
(-695.6886069 1483.36014 3153.718363)
(-420.7512241 1483.36014 3153.718363)
(-145.8138414 1483.36014 3153.718363)
(129.1235414 1483.36014 3153.718363)
(404.0609241 1483.36014 3153.718363)
(678.9983069 1483.36014 3153.718363)
(953.9356897 1483.36014 3153.718363)
(1228.873072 1483.36014 3153.718363)
(1503.810455 1483.36014 3153.718363)
(1778.747838 1483.36014 3153.718363)
(2053.685221 1483.36014 3153.718363)
(2328.622603 1483.36014 3153.718363)
(2603.559986 1483.36014 3153.718363)
(2878.497369 1483.36014 3153.718363)
(3153.434752 1483.36014 3153.718363)
(3428.372134 1483.36014 3153.718363)
(3703.309517 1483.36014 3153.718363)
(3978.2469 1483.36014 3153.718363)
(-3994.9372 1711.1654 3153.718363)
(-3719.999817 1711.1654 3153.718363)
(-3445.062434 1711.1654 3153.718363)
(-3170.125052 1711.1654 3153.718363)
(-2895.187669 1711.1654 3153.718363)
(-2620.250286 1711.1654 3153.718363)
(-2345.312903 1711.1654 3153.718363)
(-2070.375521 1711.1654 3153.718363)
(-1795.438138 1711.1654 3153.718363)
(-1520.500755 1711.1654 3153.718363)
(-1245.563372 1711.1654 3153.718363)
(-970.6259897 1711.1654 3153.718363)
(-695.6886069 1711.1654 3153.718363)
(-420.7512241 1711.1654 3153.718363)
(-145.8138414 1711.1654 3153.718363)
(129.1235414 1711.1654 3153.718363)
(404.0609241 1711.1654 3153.718363)
(678.9983069 1711.1654 3153.718363)
(953.9356897 1711.1654 3153.718363)
(1228.873072 1711.1654 3153.718363)
(1503.810455 1711.1654 3153.718363)
(1778.747838 1711.1654 3153.718363)
(2053.685221 1711.1654 3153.718363)
(2328.622603 1711.1654 3153.718363)
(2603.559986 1711.1654 3153.718363)
(2878.497369 1711.1654 3153.718363)
(3153.434752 1711.1654 3153.718363)
(3428.372134 1711.1654 3153.718363)
(3703.309517 1711.1654 3153.718363)
(3978.2469 1711.1654 3153.718363)
(-3994.9372 1938.97066 3153.718363)
(-3719.999817 1938.97066 3153.718363)
(-3445.062434 1938.97066 3153.718363)
(-3170.125052 1938.97066 3153.718363)
(-2895.187669 1938.97066 3153.718363)
(-2620.250286 1938.97066 3153.718363)
(-2345.312903 1938.97066 3153.718363)
(-2070.375521 1938.97066 3153.718363)
(-1795.438138 1938.97066 3153.718363)
(-1520.500755 1938.97066 3153.718363)
(-1245.563372 1938.97066 3153.718363)
(-970.6259897 1938.97066 3153.718363)
(-695.6886069 1938.97066 3153.718363)
(-420.7512241 1938.97066 3153.718363)
(-145.8138414 1938.97066 3153.718363)
(129.1235414 1938.97066 3153.718363)
(404.0609241 1938.97066 3153.718363)
(678.9983069 1938.97066 3153.718363)
(953.9356897 1938.97066 3153.718363)
(1228.873072 1938.97066 3153.718363)
(1503.810455 1938.97066 3153.718363)
(1778.747838 1938.97066 3153.718363)
(2053.685221 1938.97066 3153.718363)
(2328.622603 1938.97066 3153.718363)
(2603.559986 1938.97066 3153.718363)
(2878.497369 1938.97066 3153.718363)
(3153.434752 1938.97066 3153.718363)
(3428.372134 1938.97066 3153.718363)
(3703.309517 1938.97066 3153.718363)
(3978.2469 1938.97066 3153.718363)
(-3994.9372 2166.77592 3153.718363)
(-3719.999817 2166.77592 3153.718363)
(-3445.062434 2166.77592 3153.718363)
(-3170.125052 2166.77592 3153.718363)
(-2895.187669 2166.77592 3153.718363)
(-2620.250286 2166.77592 3153.718363)
(-2345.312903 2166.77592 3153.718363)
(-2070.375521 2166.77592 3153.718363)
(-1795.438138 2166.77592 3153.718363)
(-1520.500755 2166.77592 3153.718363)
(-1245.563372 2166.77592 3153.718363)
(-970.6259897 2166.77592 3153.718363)
(-695.6886069 2166.77592 3153.718363)
(-420.7512241 2166.77592 3153.718363)
(-145.8138414 2166.77592 3153.718363)
(129.1235414 2166.77592 3153.718363)
(404.0609241 2166.77592 3153.718363)
(678.9983069 2166.77592 3153.718363)
(953.9356897 2166.77592 3153.718363)
(1228.873072 2166.77592 3153.718363)
(1503.810455 2166.77592 3153.718363)
(1778.747838 2166.77592 3153.718363)
(2053.685221 2166.77592 3153.718363)
(2328.622603 2166.77592 3153.718363)
(2603.559986 2166.77592 3153.718363)
(2878.497369 2166.77592 3153.718363)
(3153.434752 2166.77592 3153.718363)
(3428.372134 2166.77592 3153.718363)
(3703.309517 2166.77592 3153.718363)
(3978.2469 2166.77592 3153.718363)
(-3994.9372 2394.58118 3153.718363)
(-3719.999817 2394.58118 3153.718363)
(-3445.062434 2394.58118 3153.718363)
(-3170.125052 2394.58118 3153.718363)
(-2895.187669 2394.58118 3153.718363)
(-2620.250286 2394.58118 3153.718363)
(-2345.312903 2394.58118 3153.718363)
(-2070.375521 2394.58118 3153.718363)
(-1795.438138 2394.58118 3153.718363)
(-1520.500755 2394.58118 3153.718363)
(-1245.563372 2394.58118 3153.718363)
(-970.6259897 2394.58118 3153.718363)
(-695.6886069 2394.58118 3153.718363)
(-420.7512241 2394.58118 3153.718363)
(-145.8138414 2394.58118 3153.718363)
(129.1235414 2394.58118 3153.718363)
(404.0609241 2394.58118 3153.718363)
(678.9983069 2394.58118 3153.718363)
(953.9356897 2394.58118 3153.718363)
(1228.873072 2394.58118 3153.718363)
(1503.810455 2394.58118 3153.718363)
(1778.747838 2394.58118 3153.718363)
(2053.685221 2394.58118 3153.718363)
(2328.622603 2394.58118 3153.718363)
(2603.559986 2394.58118 3153.718363)
(2878.497369 2394.58118 3153.718363)
(3153.434752 2394.58118 3153.718363)
(3428.372134 2394.58118 3153.718363)
(3703.309517 2394.58118 3153.718363)
(3978.2469 2394.58118 3153.718363)
(-3994.9372 2622.38644 3153.718363)
(-3719.999817 2622.38644 3153.718363)
(-3445.062434 2622.38644 3153.718363)
(-3170.125052 2622.38644 3153.718363)
(-2895.187669 2622.38644 3153.718363)
(-2620.250286 2622.38644 3153.718363)
(-2345.312903 2622.38644 3153.718363)
(-2070.375521 2622.38644 3153.718363)
(-1795.438138 2622.38644 3153.718363)
(-1520.500755 2622.38644 3153.718363)
(-1245.563372 2622.38644 3153.718363)
(-970.6259897 2622.38644 3153.718363)
(-695.6886069 2622.38644 3153.718363)
(-420.7512241 2622.38644 3153.718363)
(-145.8138414 2622.38644 3153.718363)
(129.1235414 2622.38644 3153.718363)
(404.0609241 2622.38644 3153.718363)
(678.9983069 2622.38644 3153.718363)
(953.9356897 2622.38644 3153.718363)
(1228.873072 2622.38644 3153.718363)
(1503.810455 2622.38644 3153.718363)
(1778.747838 2622.38644 3153.718363)
(2053.685221 2622.38644 3153.718363)
(2328.622603 2622.38644 3153.718363)
(2603.559986 2622.38644 3153.718363)
(2878.497369 2622.38644 3153.718363)
(3153.434752 2622.38644 3153.718363)
(3428.372134 2622.38644 3153.718363)
(3703.309517 2622.38644 3153.718363)
(3978.2469 2622.38644 3153.718363)
(-3994.9372 2850.1917 3153.718363)
(-3719.999817 2850.1917 3153.718363)
(-3445.062434 2850.1917 3153.718363)
(-3170.125052 2850.1917 3153.718363)
(-2895.187669 2850.1917 3153.718363)
(-2620.250286 2850.1917 3153.718363)
(-2345.312903 2850.1917 3153.718363)
(-2070.375521 2850.1917 3153.718363)
(-1795.438138 2850.1917 3153.718363)
(-1520.500755 2850.1917 3153.718363)
(-1245.563372 2850.1917 3153.718363)
(-970.6259897 2850.1917 3153.718363)
(-695.6886069 2850.1917 3153.718363)
(-420.7512241 2850.1917 3153.718363)
(-145.8138414 2850.1917 3153.718363)
(129.1235414 2850.1917 3153.718363)
(404.0609241 2850.1917 3153.718363)
(678.9983069 2850.1917 3153.718363)
(953.9356897 2850.1917 3153.718363)
(1228.873072 2850.1917 3153.718363)
(1503.810455 2850.1917 3153.718363)
(1778.747838 2850.1917 3153.718363)
(2053.685221 2850.1917 3153.718363)
(2328.622603 2850.1917 3153.718363)
(2603.559986 2850.1917 3153.718363)
(2878.497369 2850.1917 3153.718363)
(3153.434752 2850.1917 3153.718363)
(3428.372134 2850.1917 3153.718363)
(3703.309517 2850.1917 3153.718363)
(3978.2469 2850.1917 3153.718363)
(-3994.9372 3077.99696 3153.718363)
(-3719.999817 3077.99696 3153.718363)
(-3445.062434 3077.99696 3153.718363)
(-3170.125052 3077.99696 3153.718363)
(-2895.187669 3077.99696 3153.718363)
(-2620.250286 3077.99696 3153.718363)
(-2345.312903 3077.99696 3153.718363)
(-2070.375521 3077.99696 3153.718363)
(-1795.438138 3077.99696 3153.718363)
(-1520.500755 3077.99696 3153.718363)
(-1245.563372 3077.99696 3153.718363)
(-970.6259897 3077.99696 3153.718363)
(-695.6886069 3077.99696 3153.718363)
(-420.7512241 3077.99696 3153.718363)
(-145.8138414 3077.99696 3153.718363)
(129.1235414 3077.99696 3153.718363)
(404.0609241 3077.99696 3153.718363)
(678.9983069 3077.99696 3153.718363)
(953.9356897 3077.99696 3153.718363)
(1228.873072 3077.99696 3153.718363)
(1503.810455 3077.99696 3153.718363)
(1778.747838 3077.99696 3153.718363)
(2053.685221 3077.99696 3153.718363)
(2328.622603 3077.99696 3153.718363)
(2603.559986 3077.99696 3153.718363)
(2878.497369 3077.99696 3153.718363)
(3153.434752 3077.99696 3153.718363)
(3428.372134 3077.99696 3153.718363)
(3703.309517 3077.99696 3153.718363)
(3978.2469 3077.99696 3153.718363)
(-3994.9372 3305.80222 3153.718363)
(-3719.999817 3305.80222 3153.718363)
(-3445.062434 3305.80222 3153.718363)
(-3170.125052 3305.80222 3153.718363)
(-2895.187669 3305.80222 3153.718363)
(-2620.250286 3305.80222 3153.718363)
(-2345.312903 3305.80222 3153.718363)
(-2070.375521 3305.80222 3153.718363)
(-1795.438138 3305.80222 3153.718363)
(-1520.500755 3305.80222 3153.718363)
(-1245.563372 3305.80222 3153.718363)
(-970.6259897 3305.80222 3153.718363)
(-695.6886069 3305.80222 3153.718363)
(-420.7512241 3305.80222 3153.718363)
(-145.8138414 3305.80222 3153.718363)
(129.1235414 3305.80222 3153.718363)
(404.0609241 3305.80222 3153.718363)
(678.9983069 3305.80222 3153.718363)
(953.9356897 3305.80222 3153.718363)
(1228.873072 3305.80222 3153.718363)
(1503.810455 3305.80222 3153.718363)
(1778.747838 3305.80222 3153.718363)
(2053.685221 3305.80222 3153.718363)
(2328.622603 3305.80222 3153.718363)
(2603.559986 3305.80222 3153.718363)
(2878.497369 3305.80222 3153.718363)
(3153.434752 3305.80222 3153.718363)
(3428.372134 3305.80222 3153.718363)
(3703.309517 3305.80222 3153.718363)
(3978.2469 3305.80222 3153.718363)
(-3994.9372 3533.60748 3153.718363)
(-3719.999817 3533.60748 3153.718363)
(-3445.062434 3533.60748 3153.718363)
(-3170.125052 3533.60748 3153.718363)
(-2895.187669 3533.60748 3153.718363)
(-2620.250286 3533.60748 3153.718363)
(-2345.312903 3533.60748 3153.718363)
(-2070.375521 3533.60748 3153.718363)
(-1795.438138 3533.60748 3153.718363)
(-1520.500755 3533.60748 3153.718363)
(-1245.563372 3533.60748 3153.718363)
(-970.6259897 3533.60748 3153.718363)
(-695.6886069 3533.60748 3153.718363)
(-420.7512241 3533.60748 3153.718363)
(-145.8138414 3533.60748 3153.718363)
(129.1235414 3533.60748 3153.718363)
(404.0609241 3533.60748 3153.718363)
(678.9983069 3533.60748 3153.718363)
(953.9356897 3533.60748 3153.718363)
(1228.873072 3533.60748 3153.718363)
(1503.810455 3533.60748 3153.718363)
(1778.747838 3533.60748 3153.718363)
(2053.685221 3533.60748 3153.718363)
(2328.622603 3533.60748 3153.718363)
(2603.559986 3533.60748 3153.718363)
(2878.497369 3533.60748 3153.718363)
(3153.434752 3533.60748 3153.718363)
(3428.372134 3533.60748 3153.718363)
(3703.309517 3533.60748 3153.718363)
(3978.2469 3533.60748 3153.718363)
(-3994.9372 3761.41274 3153.718363)
(-3719.999817 3761.41274 3153.718363)
(-3445.062434 3761.41274 3153.718363)
(-3170.125052 3761.41274 3153.718363)
(-2895.187669 3761.41274 3153.718363)
(-2620.250286 3761.41274 3153.718363)
(-2345.312903 3761.41274 3153.718363)
(-2070.375521 3761.41274 3153.718363)
(-1795.438138 3761.41274 3153.718363)
(-1520.500755 3761.41274 3153.718363)
(-1245.563372 3761.41274 3153.718363)
(-970.6259897 3761.41274 3153.718363)
(-695.6886069 3761.41274 3153.718363)
(-420.7512241 3761.41274 3153.718363)
(-145.8138414 3761.41274 3153.718363)
(129.1235414 3761.41274 3153.718363)
(404.0609241 3761.41274 3153.718363)
(678.9983069 3761.41274 3153.718363)
(953.9356897 3761.41274 3153.718363)
(1228.873072 3761.41274 3153.718363)
(1503.810455 3761.41274 3153.718363)
(1778.747838 3761.41274 3153.718363)
(2053.685221 3761.41274 3153.718363)
(2328.622603 3761.41274 3153.718363)
(2603.559986 3761.41274 3153.718363)
(2878.497369 3761.41274 3153.718363)
(3153.434752 3761.41274 3153.718363)
(3428.372134 3761.41274 3153.718363)
(3703.309517 3761.41274 3153.718363)
(3978.2469 3761.41274 3153.718363)
(-3994.9372 3989.218 3153.718363)
(-3719.999817 3989.218 3153.718363)
(-3445.062434 3989.218 3153.718363)
(-3170.125052 3989.218 3153.718363)
(-2895.187669 3989.218 3153.718363)
(-2620.250286 3989.218 3153.718363)
(-2345.312903 3989.218 3153.718363)
(-2070.375521 3989.218 3153.718363)
(-1795.438138 3989.218 3153.718363)
(-1520.500755 3989.218 3153.718363)
(-1245.563372 3989.218 3153.718363)
(-970.6259897 3989.218 3153.718363)
(-695.6886069 3989.218 3153.718363)
(-420.7512241 3989.218 3153.718363)
(-145.8138414 3989.218 3153.718363)
(129.1235414 3989.218 3153.718363)
(404.0609241 3989.218 3153.718363)
(678.9983069 3989.218 3153.718363)
(953.9356897 3989.218 3153.718363)
(1228.873072 3989.218 3153.718363)
(1503.810455 3989.218 3153.718363)
(1778.747838 3989.218 3153.718363)
(2053.685221 3989.218 3153.718363)
(2328.622603 3989.218 3153.718363)
(2603.559986 3989.218 3153.718363)
(2878.497369 3989.218 3153.718363)
(3153.434752 3989.218 3153.718363)
(3428.372134 3989.218 3153.718363)
(3703.309517 3989.218 3153.718363)
(3978.2469 3989.218 3153.718363)
(-3994.9372 -3983.9661 3573.359632)
(-3719.999817 -3983.9661 3573.359632)
(-3445.062434 -3983.9661 3573.359632)
(-3170.125052 -3983.9661 3573.359632)
(-2895.187669 -3983.9661 3573.359632)
(-2620.250286 -3983.9661 3573.359632)
(-2345.312903 -3983.9661 3573.359632)
(-2070.375521 -3983.9661 3573.359632)
(-1795.438138 -3983.9661 3573.359632)
(-1520.500755 -3983.9661 3573.359632)
(-1245.563372 -3983.9661 3573.359632)
(-970.6259897 -3983.9661 3573.359632)
(-695.6886069 -3983.9661 3573.359632)
(-420.7512241 -3983.9661 3573.359632)
(-145.8138414 -3983.9661 3573.359632)
(129.1235414 -3983.9661 3573.359632)
(404.0609241 -3983.9661 3573.359632)
(678.9983069 -3983.9661 3573.359632)
(953.9356897 -3983.9661 3573.359632)
(1228.873072 -3983.9661 3573.359632)
(1503.810455 -3983.9661 3573.359632)
(1778.747838 -3983.9661 3573.359632)
(2053.685221 -3983.9661 3573.359632)
(2328.622603 -3983.9661 3573.359632)
(2603.559986 -3983.9661 3573.359632)
(2878.497369 -3983.9661 3573.359632)
(3153.434752 -3983.9661 3573.359632)
(3428.372134 -3983.9661 3573.359632)
(3703.309517 -3983.9661 3573.359632)
(3978.2469 -3983.9661 3573.359632)
(-3994.9372 -3756.16084 3573.359632)
(-3719.999817 -3756.16084 3573.359632)
(-3445.062434 -3756.16084 3573.359632)
(-3170.125052 -3756.16084 3573.359632)
(-2895.187669 -3756.16084 3573.359632)
(-2620.250286 -3756.16084 3573.359632)
(-2345.312903 -3756.16084 3573.359632)
(-2070.375521 -3756.16084 3573.359632)
(-1795.438138 -3756.16084 3573.359632)
(-1520.500755 -3756.16084 3573.359632)
(-1245.563372 -3756.16084 3573.359632)
(-970.6259897 -3756.16084 3573.359632)
(-695.6886069 -3756.16084 3573.359632)
(-420.7512241 -3756.16084 3573.359632)
(-145.8138414 -3756.16084 3573.359632)
(129.1235414 -3756.16084 3573.359632)
(404.0609241 -3756.16084 3573.359632)
(678.9983069 -3756.16084 3573.359632)
(953.9356897 -3756.16084 3573.359632)
(1228.873072 -3756.16084 3573.359632)
(1503.810455 -3756.16084 3573.359632)
(1778.747838 -3756.16084 3573.359632)
(2053.685221 -3756.16084 3573.359632)
(2328.622603 -3756.16084 3573.359632)
(2603.559986 -3756.16084 3573.359632)
(2878.497369 -3756.16084 3573.359632)
(3153.434752 -3756.16084 3573.359632)
(3428.372134 -3756.16084 3573.359632)
(3703.309517 -3756.16084 3573.359632)
(3978.2469 -3756.16084 3573.359632)
(-3994.9372 -3528.35558 3573.359632)
(-3719.999817 -3528.35558 3573.359632)
(-3445.062434 -3528.35558 3573.359632)
(-3170.125052 -3528.35558 3573.359632)
(-2895.187669 -3528.35558 3573.359632)
(-2620.250286 -3528.35558 3573.359632)
(-2345.312903 -3528.35558 3573.359632)
(-2070.375521 -3528.35558 3573.359632)
(-1795.438138 -3528.35558 3573.359632)
(-1520.500755 -3528.35558 3573.359632)
(-1245.563372 -3528.35558 3573.359632)
(-970.6259897 -3528.35558 3573.359632)
(-695.6886069 -3528.35558 3573.359632)
(-420.7512241 -3528.35558 3573.359632)
(-145.8138414 -3528.35558 3573.359632)
(129.1235414 -3528.35558 3573.359632)
(404.0609241 -3528.35558 3573.359632)
(678.9983069 -3528.35558 3573.359632)
(953.9356897 -3528.35558 3573.359632)
(1228.873072 -3528.35558 3573.359632)
(1503.810455 -3528.35558 3573.359632)
(1778.747838 -3528.35558 3573.359632)
(2053.685221 -3528.35558 3573.359632)
(2328.622603 -3528.35558 3573.359632)
(2603.559986 -3528.35558 3573.359632)
(2878.497369 -3528.35558 3573.359632)
(3153.434752 -3528.35558 3573.359632)
(3428.372134 -3528.35558 3573.359632)
(3703.309517 -3528.35558 3573.359632)
(3978.2469 -3528.35558 3573.359632)
(-3994.9372 -3300.55032 3573.359632)
(-3719.999817 -3300.55032 3573.359632)
(-3445.062434 -3300.55032 3573.359632)
(-3170.125052 -3300.55032 3573.359632)
(-2895.187669 -3300.55032 3573.359632)
(-2620.250286 -3300.55032 3573.359632)
(-2345.312903 -3300.55032 3573.359632)
(-2070.375521 -3300.55032 3573.359632)
(-1795.438138 -3300.55032 3573.359632)
(-1520.500755 -3300.55032 3573.359632)
(-1245.563372 -3300.55032 3573.359632)
(-970.6259897 -3300.55032 3573.359632)
(-695.6886069 -3300.55032 3573.359632)
(-420.7512241 -3300.55032 3573.359632)
(-145.8138414 -3300.55032 3573.359632)
(129.1235414 -3300.55032 3573.359632)
(404.0609241 -3300.55032 3573.359632)
(678.9983069 -3300.55032 3573.359632)
(953.9356897 -3300.55032 3573.359632)
(1228.873072 -3300.55032 3573.359632)
(1503.810455 -3300.55032 3573.359632)
(1778.747838 -3300.55032 3573.359632)
(2053.685221 -3300.55032 3573.359632)
(2328.622603 -3300.55032 3573.359632)
(2603.559986 -3300.55032 3573.359632)
(2878.497369 -3300.55032 3573.359632)
(3153.434752 -3300.55032 3573.359632)
(3428.372134 -3300.55032 3573.359632)
(3703.309517 -3300.55032 3573.359632)
(3978.2469 -3300.55032 3573.359632)
(-3994.9372 -3072.74506 3573.359632)
(-3719.999817 -3072.74506 3573.359632)
(-3445.062434 -3072.74506 3573.359632)
(-3170.125052 -3072.74506 3573.359632)
(-2895.187669 -3072.74506 3573.359632)
(-2620.250286 -3072.74506 3573.359632)
(-2345.312903 -3072.74506 3573.359632)
(-2070.375521 -3072.74506 3573.359632)
(-1795.438138 -3072.74506 3573.359632)
(-1520.500755 -3072.74506 3573.359632)
(-1245.563372 -3072.74506 3573.359632)
(-970.6259897 -3072.74506 3573.359632)
(-695.6886069 -3072.74506 3573.359632)
(-420.7512241 -3072.74506 3573.359632)
(-145.8138414 -3072.74506 3573.359632)
(129.1235414 -3072.74506 3573.359632)
(404.0609241 -3072.74506 3573.359632)
(678.9983069 -3072.74506 3573.359632)
(953.9356897 -3072.74506 3573.359632)
(1228.873072 -3072.74506 3573.359632)
(1503.810455 -3072.74506 3573.359632)
(1778.747838 -3072.74506 3573.359632)
(2053.685221 -3072.74506 3573.359632)
(2328.622603 -3072.74506 3573.359632)
(2603.559986 -3072.74506 3573.359632)
(2878.497369 -3072.74506 3573.359632)
(3153.434752 -3072.74506 3573.359632)
(3428.372134 -3072.74506 3573.359632)
(3703.309517 -3072.74506 3573.359632)
(3978.2469 -3072.74506 3573.359632)
(-3994.9372 -2844.9398 3573.359632)
(-3719.999817 -2844.9398 3573.359632)
(-3445.062434 -2844.9398 3573.359632)
(-3170.125052 -2844.9398 3573.359632)
(-2895.187669 -2844.9398 3573.359632)
(-2620.250286 -2844.9398 3573.359632)
(-2345.312903 -2844.9398 3573.359632)
(-2070.375521 -2844.9398 3573.359632)
(-1795.438138 -2844.9398 3573.359632)
(-1520.500755 -2844.9398 3573.359632)
(-1245.563372 -2844.9398 3573.359632)
(-970.6259897 -2844.9398 3573.359632)
(-695.6886069 -2844.9398 3573.359632)
(-420.7512241 -2844.9398 3573.359632)
(-145.8138414 -2844.9398 3573.359632)
(129.1235414 -2844.9398 3573.359632)
(404.0609241 -2844.9398 3573.359632)
(678.9983069 -2844.9398 3573.359632)
(953.9356897 -2844.9398 3573.359632)
(1228.873072 -2844.9398 3573.359632)
(1503.810455 -2844.9398 3573.359632)
(1778.747838 -2844.9398 3573.359632)
(2053.685221 -2844.9398 3573.359632)
(2328.622603 -2844.9398 3573.359632)
(2603.559986 -2844.9398 3573.359632)
(2878.497369 -2844.9398 3573.359632)
(3153.434752 -2844.9398 3573.359632)
(3428.372134 -2844.9398 3573.359632)
(3703.309517 -2844.9398 3573.359632)
(3978.2469 -2844.9398 3573.359632)
(-3994.9372 -2617.13454 3573.359632)
(-3719.999817 -2617.13454 3573.359632)
(-3445.062434 -2617.13454 3573.359632)
(-3170.125052 -2617.13454 3573.359632)
(-2895.187669 -2617.13454 3573.359632)
(-2620.250286 -2617.13454 3573.359632)
(-2345.312903 -2617.13454 3573.359632)
(-2070.375521 -2617.13454 3573.359632)
(-1795.438138 -2617.13454 3573.359632)
(-1520.500755 -2617.13454 3573.359632)
(-1245.563372 -2617.13454 3573.359632)
(-970.6259897 -2617.13454 3573.359632)
(-695.6886069 -2617.13454 3573.359632)
(-420.7512241 -2617.13454 3573.359632)
(-145.8138414 -2617.13454 3573.359632)
(129.1235414 -2617.13454 3573.359632)
(404.0609241 -2617.13454 3573.359632)
(678.9983069 -2617.13454 3573.359632)
(953.9356897 -2617.13454 3573.359632)
(1228.873072 -2617.13454 3573.359632)
(1503.810455 -2617.13454 3573.359632)
(1778.747838 -2617.13454 3573.359632)
(2053.685221 -2617.13454 3573.359632)
(2328.622603 -2617.13454 3573.359632)
(2603.559986 -2617.13454 3573.359632)
(2878.497369 -2617.13454 3573.359632)
(3153.434752 -2617.13454 3573.359632)
(3428.372134 -2617.13454 3573.359632)
(3703.309517 -2617.13454 3573.359632)
(3978.2469 -2617.13454 3573.359632)
(-3994.9372 -2389.32928 3573.359632)
(-3719.999817 -2389.32928 3573.359632)
(-3445.062434 -2389.32928 3573.359632)
(-3170.125052 -2389.32928 3573.359632)
(-2895.187669 -2389.32928 3573.359632)
(-2620.250286 -2389.32928 3573.359632)
(-2345.312903 -2389.32928 3573.359632)
(-2070.375521 -2389.32928 3573.359632)
(-1795.438138 -2389.32928 3573.359632)
(-1520.500755 -2389.32928 3573.359632)
(-1245.563372 -2389.32928 3573.359632)
(-970.6259897 -2389.32928 3573.359632)
(-695.6886069 -2389.32928 3573.359632)
(-420.7512241 -2389.32928 3573.359632)
(-145.8138414 -2389.32928 3573.359632)
(129.1235414 -2389.32928 3573.359632)
(404.0609241 -2389.32928 3573.359632)
(678.9983069 -2389.32928 3573.359632)
(953.9356897 -2389.32928 3573.359632)
(1228.873072 -2389.32928 3573.359632)
(1503.810455 -2389.32928 3573.359632)
(1778.747838 -2389.32928 3573.359632)
(2053.685221 -2389.32928 3573.359632)
(2328.622603 -2389.32928 3573.359632)
(2603.559986 -2389.32928 3573.359632)
(2878.497369 -2389.32928 3573.359632)
(3153.434752 -2389.32928 3573.359632)
(3428.372134 -2389.32928 3573.359632)
(3703.309517 -2389.32928 3573.359632)
(3978.2469 -2389.32928 3573.359632)
(-3994.9372 -2161.52402 3573.359632)
(-3719.999817 -2161.52402 3573.359632)
(-3445.062434 -2161.52402 3573.359632)
(-3170.125052 -2161.52402 3573.359632)
(-2895.187669 -2161.52402 3573.359632)
(-2620.250286 -2161.52402 3573.359632)
(-2345.312903 -2161.52402 3573.359632)
(-2070.375521 -2161.52402 3573.359632)
(-1795.438138 -2161.52402 3573.359632)
(-1520.500755 -2161.52402 3573.359632)
(-1245.563372 -2161.52402 3573.359632)
(-970.6259897 -2161.52402 3573.359632)
(-695.6886069 -2161.52402 3573.359632)
(-420.7512241 -2161.52402 3573.359632)
(-145.8138414 -2161.52402 3573.359632)
(129.1235414 -2161.52402 3573.359632)
(404.0609241 -2161.52402 3573.359632)
(678.9983069 -2161.52402 3573.359632)
(953.9356897 -2161.52402 3573.359632)
(1228.873072 -2161.52402 3573.359632)
(1503.810455 -2161.52402 3573.359632)
(1778.747838 -2161.52402 3573.359632)
(2053.685221 -2161.52402 3573.359632)
(2328.622603 -2161.52402 3573.359632)
(2603.559986 -2161.52402 3573.359632)
(2878.497369 -2161.52402 3573.359632)
(3153.434752 -2161.52402 3573.359632)
(3428.372134 -2161.52402 3573.359632)
(3703.309517 -2161.52402 3573.359632)
(3978.2469 -2161.52402 3573.359632)
(-3994.9372 -1933.71876 3573.359632)
(-3719.999817 -1933.71876 3573.359632)
(-3445.062434 -1933.71876 3573.359632)
(-3170.125052 -1933.71876 3573.359632)
(-2895.187669 -1933.71876 3573.359632)
(-2620.250286 -1933.71876 3573.359632)
(-2345.312903 -1933.71876 3573.359632)
(-2070.375521 -1933.71876 3573.359632)
(-1795.438138 -1933.71876 3573.359632)
(-1520.500755 -1933.71876 3573.359632)
(-1245.563372 -1933.71876 3573.359632)
(-970.6259897 -1933.71876 3573.359632)
(-695.6886069 -1933.71876 3573.359632)
(-420.7512241 -1933.71876 3573.359632)
(-145.8138414 -1933.71876 3573.359632)
(129.1235414 -1933.71876 3573.359632)
(404.0609241 -1933.71876 3573.359632)
(678.9983069 -1933.71876 3573.359632)
(953.9356897 -1933.71876 3573.359632)
(1228.873072 -1933.71876 3573.359632)
(1503.810455 -1933.71876 3573.359632)
(1778.747838 -1933.71876 3573.359632)
(2053.685221 -1933.71876 3573.359632)
(2328.622603 -1933.71876 3573.359632)
(2603.559986 -1933.71876 3573.359632)
(2878.497369 -1933.71876 3573.359632)
(3153.434752 -1933.71876 3573.359632)
(3428.372134 -1933.71876 3573.359632)
(3703.309517 -1933.71876 3573.359632)
(3978.2469 -1933.71876 3573.359632)
(-3994.9372 -1705.9135 3573.359632)
(-3719.999817 -1705.9135 3573.359632)
(-3445.062434 -1705.9135 3573.359632)
(-3170.125052 -1705.9135 3573.359632)
(-2895.187669 -1705.9135 3573.359632)
(-2620.250286 -1705.9135 3573.359632)
(-2345.312903 -1705.9135 3573.359632)
(-2070.375521 -1705.9135 3573.359632)
(-1795.438138 -1705.9135 3573.359632)
(-1520.500755 -1705.9135 3573.359632)
(-1245.563372 -1705.9135 3573.359632)
(-970.6259897 -1705.9135 3573.359632)
(-695.6886069 -1705.9135 3573.359632)
(-420.7512241 -1705.9135 3573.359632)
(-145.8138414 -1705.9135 3573.359632)
(129.1235414 -1705.9135 3573.359632)
(404.0609241 -1705.9135 3573.359632)
(678.9983069 -1705.9135 3573.359632)
(953.9356897 -1705.9135 3573.359632)
(1228.873072 -1705.9135 3573.359632)
(1503.810455 -1705.9135 3573.359632)
(1778.747838 -1705.9135 3573.359632)
(2053.685221 -1705.9135 3573.359632)
(2328.622603 -1705.9135 3573.359632)
(2603.559986 -1705.9135 3573.359632)
(2878.497369 -1705.9135 3573.359632)
(3153.434752 -1705.9135 3573.359632)
(3428.372134 -1705.9135 3573.359632)
(3703.309517 -1705.9135 3573.359632)
(3978.2469 -1705.9135 3573.359632)
(-3994.9372 -1478.10824 3573.359632)
(-3719.999817 -1478.10824 3573.359632)
(-3445.062434 -1478.10824 3573.359632)
(-3170.125052 -1478.10824 3573.359632)
(-2895.187669 -1478.10824 3573.359632)
(-2620.250286 -1478.10824 3573.359632)
(-2345.312903 -1478.10824 3573.359632)
(-2070.375521 -1478.10824 3573.359632)
(-1795.438138 -1478.10824 3573.359632)
(-1520.500755 -1478.10824 3573.359632)
(-1245.563372 -1478.10824 3573.359632)
(-970.6259897 -1478.10824 3573.359632)
(-695.6886069 -1478.10824 3573.359632)
(-420.7512241 -1478.10824 3573.359632)
(-145.8138414 -1478.10824 3573.359632)
(129.1235414 -1478.10824 3573.359632)
(404.0609241 -1478.10824 3573.359632)
(678.9983069 -1478.10824 3573.359632)
(953.9356897 -1478.10824 3573.359632)
(1228.873072 -1478.10824 3573.359632)
(1503.810455 -1478.10824 3573.359632)
(1778.747838 -1478.10824 3573.359632)
(2053.685221 -1478.10824 3573.359632)
(2328.622603 -1478.10824 3573.359632)
(2603.559986 -1478.10824 3573.359632)
(2878.497369 -1478.10824 3573.359632)
(3153.434752 -1478.10824 3573.359632)
(3428.372134 -1478.10824 3573.359632)
(3703.309517 -1478.10824 3573.359632)
(3978.2469 -1478.10824 3573.359632)
(-3994.9372 -1250.30298 3573.359632)
(-3719.999817 -1250.30298 3573.359632)
(-3445.062434 -1250.30298 3573.359632)
(-3170.125052 -1250.30298 3573.359632)
(-2895.187669 -1250.30298 3573.359632)
(-2620.250286 -1250.30298 3573.359632)
(-2345.312903 -1250.30298 3573.359632)
(-2070.375521 -1250.30298 3573.359632)
(-1795.438138 -1250.30298 3573.359632)
(-1520.500755 -1250.30298 3573.359632)
(-1245.563372 -1250.30298 3573.359632)
(-970.6259897 -1250.30298 3573.359632)
(-695.6886069 -1250.30298 3573.359632)
(-420.7512241 -1250.30298 3573.359632)
(-145.8138414 -1250.30298 3573.359632)
(129.1235414 -1250.30298 3573.359632)
(404.0609241 -1250.30298 3573.359632)
(678.9983069 -1250.30298 3573.359632)
(953.9356897 -1250.30298 3573.359632)
(1228.873072 -1250.30298 3573.359632)
(1503.810455 -1250.30298 3573.359632)
(1778.747838 -1250.30298 3573.359632)
(2053.685221 -1250.30298 3573.359632)
(2328.622603 -1250.30298 3573.359632)
(2603.559986 -1250.30298 3573.359632)
(2878.497369 -1250.30298 3573.359632)
(3153.434752 -1250.30298 3573.359632)
(3428.372134 -1250.30298 3573.359632)
(3703.309517 -1250.30298 3573.359632)
(3978.2469 -1250.30298 3573.359632)
(-3994.9372 -1022.49772 3573.359632)
(-3719.999817 -1022.49772 3573.359632)
(-3445.062434 -1022.49772 3573.359632)
(-3170.125052 -1022.49772 3573.359632)
(-2895.187669 -1022.49772 3573.359632)
(-2620.250286 -1022.49772 3573.359632)
(-2345.312903 -1022.49772 3573.359632)
(-2070.375521 -1022.49772 3573.359632)
(-1795.438138 -1022.49772 3573.359632)
(-1520.500755 -1022.49772 3573.359632)
(-1245.563372 -1022.49772 3573.359632)
(-970.6259897 -1022.49772 3573.359632)
(-695.6886069 -1022.49772 3573.359632)
(-420.7512241 -1022.49772 3573.359632)
(-145.8138414 -1022.49772 3573.359632)
(129.1235414 -1022.49772 3573.359632)
(404.0609241 -1022.49772 3573.359632)
(678.9983069 -1022.49772 3573.359632)
(953.9356897 -1022.49772 3573.359632)
(1228.873072 -1022.49772 3573.359632)
(1503.810455 -1022.49772 3573.359632)
(1778.747838 -1022.49772 3573.359632)
(2053.685221 -1022.49772 3573.359632)
(2328.622603 -1022.49772 3573.359632)
(2603.559986 -1022.49772 3573.359632)
(2878.497369 -1022.49772 3573.359632)
(3153.434752 -1022.49772 3573.359632)
(3428.372134 -1022.49772 3573.359632)
(3703.309517 -1022.49772 3573.359632)
(3978.2469 -1022.49772 3573.359632)
(-3994.9372 -794.69246 3573.359632)
(-3719.999817 -794.69246 3573.359632)
(-3445.062434 -794.69246 3573.359632)
(-3170.125052 -794.69246 3573.359632)
(-2895.187669 -794.69246 3573.359632)
(-2620.250286 -794.69246 3573.359632)
(-2345.312903 -794.69246 3573.359632)
(-2070.375521 -794.69246 3573.359632)
(-1795.438138 -794.69246 3573.359632)
(-1520.500755 -794.69246 3573.359632)
(-1245.563372 -794.69246 3573.359632)
(-970.6259897 -794.69246 3573.359632)
(-695.6886069 -794.69246 3573.359632)
(-420.7512241 -794.69246 3573.359632)
(-145.8138414 -794.69246 3573.359632)
(129.1235414 -794.69246 3573.359632)
(404.0609241 -794.69246 3573.359632)
(678.9983069 -794.69246 3573.359632)
(953.9356897 -794.69246 3573.359632)
(1228.873072 -794.69246 3573.359632)
(1503.810455 -794.69246 3573.359632)
(1778.747838 -794.69246 3573.359632)
(2053.685221 -794.69246 3573.359632)
(2328.622603 -794.69246 3573.359632)
(2603.559986 -794.69246 3573.359632)
(2878.497369 -794.69246 3573.359632)
(3153.434752 -794.69246 3573.359632)
(3428.372134 -794.69246 3573.359632)
(3703.309517 -794.69246 3573.359632)
(3978.2469 -794.69246 3573.359632)
(-3994.9372 -566.8872 3573.359632)
(-3719.999817 -566.8872 3573.359632)
(-3445.062434 -566.8872 3573.359632)
(-3170.125052 -566.8872 3573.359632)
(-2895.187669 -566.8872 3573.359632)
(-2620.250286 -566.8872 3573.359632)
(-2345.312903 -566.8872 3573.359632)
(-2070.375521 -566.8872 3573.359632)
(-1795.438138 -566.8872 3573.359632)
(-1520.500755 -566.8872 3573.359632)
(-1245.563372 -566.8872 3573.359632)
(-970.6259897 -566.8872 3573.359632)
(-695.6886069 -566.8872 3573.359632)
(-420.7512241 -566.8872 3573.359632)
(-145.8138414 -566.8872 3573.359632)
(129.1235414 -566.8872 3573.359632)
(404.0609241 -566.8872 3573.359632)
(678.9983069 -566.8872 3573.359632)
(953.9356897 -566.8872 3573.359632)
(1228.873072 -566.8872 3573.359632)
(1503.810455 -566.8872 3573.359632)
(1778.747838 -566.8872 3573.359632)
(2053.685221 -566.8872 3573.359632)
(2328.622603 -566.8872 3573.359632)
(2603.559986 -566.8872 3573.359632)
(2878.497369 -566.8872 3573.359632)
(3153.434752 -566.8872 3573.359632)
(3428.372134 -566.8872 3573.359632)
(3703.309517 -566.8872 3573.359632)
(3978.2469 -566.8872 3573.359632)
(-3994.9372 -339.08194 3573.359632)
(-3719.999817 -339.08194 3573.359632)
(-3445.062434 -339.08194 3573.359632)
(-3170.125052 -339.08194 3573.359632)
(-2895.187669 -339.08194 3573.359632)
(-2620.250286 -339.08194 3573.359632)
(-2345.312903 -339.08194 3573.359632)
(-2070.375521 -339.08194 3573.359632)
(-1795.438138 -339.08194 3573.359632)
(-1520.500755 -339.08194 3573.359632)
(-1245.563372 -339.08194 3573.359632)
(-970.6259897 -339.08194 3573.359632)
(-695.6886069 -339.08194 3573.359632)
(-420.7512241 -339.08194 3573.359632)
(-145.8138414 -339.08194 3573.359632)
(129.1235414 -339.08194 3573.359632)
(404.0609241 -339.08194 3573.359632)
(678.9983069 -339.08194 3573.359632)
(953.9356897 -339.08194 3573.359632)
(1228.873072 -339.08194 3573.359632)
(1503.810455 -339.08194 3573.359632)
(1778.747838 -339.08194 3573.359632)
(2053.685221 -339.08194 3573.359632)
(2328.622603 -339.08194 3573.359632)
(2603.559986 -339.08194 3573.359632)
(2878.497369 -339.08194 3573.359632)
(3153.434752 -339.08194 3573.359632)
(3428.372134 -339.08194 3573.359632)
(3703.309517 -339.08194 3573.359632)
(3978.2469 -339.08194 3573.359632)
(-3994.9372 -111.27668 3573.359632)
(-3719.999817 -111.27668 3573.359632)
(-3445.062434 -111.27668 3573.359632)
(-3170.125052 -111.27668 3573.359632)
(-2895.187669 -111.27668 3573.359632)
(-2620.250286 -111.27668 3573.359632)
(-2345.312903 -111.27668 3573.359632)
(-2070.375521 -111.27668 3573.359632)
(-1795.438138 -111.27668 3573.359632)
(-1520.500755 -111.27668 3573.359632)
(-1245.563372 -111.27668 3573.359632)
(-970.6259897 -111.27668 3573.359632)
(-695.6886069 -111.27668 3573.359632)
(-420.7512241 -111.27668 3573.359632)
(-145.8138414 -111.27668 3573.359632)
(129.1235414 -111.27668 3573.359632)
(404.0609241 -111.27668 3573.359632)
(678.9983069 -111.27668 3573.359632)
(953.9356897 -111.27668 3573.359632)
(1228.873072 -111.27668 3573.359632)
(1503.810455 -111.27668 3573.359632)
(1778.747838 -111.27668 3573.359632)
(2053.685221 -111.27668 3573.359632)
(2328.622603 -111.27668 3573.359632)
(2603.559986 -111.27668 3573.359632)
(2878.497369 -111.27668 3573.359632)
(3153.434752 -111.27668 3573.359632)
(3428.372134 -111.27668 3573.359632)
(3703.309517 -111.27668 3573.359632)
(3978.2469 -111.27668 3573.359632)
(-3994.9372 116.52858 3573.359632)
(-3719.999817 116.52858 3573.359632)
(-3445.062434 116.52858 3573.359632)
(-3170.125052 116.52858 3573.359632)
(-2895.187669 116.52858 3573.359632)
(-2620.250286 116.52858 3573.359632)
(-2345.312903 116.52858 3573.359632)
(-2070.375521 116.52858 3573.359632)
(-1795.438138 116.52858 3573.359632)
(-1520.500755 116.52858 3573.359632)
(-1245.563372 116.52858 3573.359632)
(-970.6259897 116.52858 3573.359632)
(-695.6886069 116.52858 3573.359632)
(-420.7512241 116.52858 3573.359632)
(-145.8138414 116.52858 3573.359632)
(129.1235414 116.52858 3573.359632)
(404.0609241 116.52858 3573.359632)
(678.9983069 116.52858 3573.359632)
(953.9356897 116.52858 3573.359632)
(1228.873072 116.52858 3573.359632)
(1503.810455 116.52858 3573.359632)
(1778.747838 116.52858 3573.359632)
(2053.685221 116.52858 3573.359632)
(2328.622603 116.52858 3573.359632)
(2603.559986 116.52858 3573.359632)
(2878.497369 116.52858 3573.359632)
(3153.434752 116.52858 3573.359632)
(3428.372134 116.52858 3573.359632)
(3703.309517 116.52858 3573.359632)
(3978.2469 116.52858 3573.359632)
(-3994.9372 344.33384 3573.359632)
(-3719.999817 344.33384 3573.359632)
(-3445.062434 344.33384 3573.359632)
(-3170.125052 344.33384 3573.359632)
(-2895.187669 344.33384 3573.359632)
(-2620.250286 344.33384 3573.359632)
(-2345.312903 344.33384 3573.359632)
(-2070.375521 344.33384 3573.359632)
(-1795.438138 344.33384 3573.359632)
(-1520.500755 344.33384 3573.359632)
(-1245.563372 344.33384 3573.359632)
(-970.6259897 344.33384 3573.359632)
(-695.6886069 344.33384 3573.359632)
(-420.7512241 344.33384 3573.359632)
(-145.8138414 344.33384 3573.359632)
(129.1235414 344.33384 3573.359632)
(404.0609241 344.33384 3573.359632)
(678.9983069 344.33384 3573.359632)
(953.9356897 344.33384 3573.359632)
(1228.873072 344.33384 3573.359632)
(1503.810455 344.33384 3573.359632)
(1778.747838 344.33384 3573.359632)
(2053.685221 344.33384 3573.359632)
(2328.622603 344.33384 3573.359632)
(2603.559986 344.33384 3573.359632)
(2878.497369 344.33384 3573.359632)
(3153.434752 344.33384 3573.359632)
(3428.372134 344.33384 3573.359632)
(3703.309517 344.33384 3573.359632)
(3978.2469 344.33384 3573.359632)
(-3994.9372 572.1391 3573.359632)
(-3719.999817 572.1391 3573.359632)
(-3445.062434 572.1391 3573.359632)
(-3170.125052 572.1391 3573.359632)
(-2895.187669 572.1391 3573.359632)
(-2620.250286 572.1391 3573.359632)
(-2345.312903 572.1391 3573.359632)
(-2070.375521 572.1391 3573.359632)
(-1795.438138 572.1391 3573.359632)
(-1520.500755 572.1391 3573.359632)
(-1245.563372 572.1391 3573.359632)
(-970.6259897 572.1391 3573.359632)
(-695.6886069 572.1391 3573.359632)
(-420.7512241 572.1391 3573.359632)
(-145.8138414 572.1391 3573.359632)
(129.1235414 572.1391 3573.359632)
(404.0609241 572.1391 3573.359632)
(678.9983069 572.1391 3573.359632)
(953.9356897 572.1391 3573.359632)
(1228.873072 572.1391 3573.359632)
(1503.810455 572.1391 3573.359632)
(1778.747838 572.1391 3573.359632)
(2053.685221 572.1391 3573.359632)
(2328.622603 572.1391 3573.359632)
(2603.559986 572.1391 3573.359632)
(2878.497369 572.1391 3573.359632)
(3153.434752 572.1391 3573.359632)
(3428.372134 572.1391 3573.359632)
(3703.309517 572.1391 3573.359632)
(3978.2469 572.1391 3573.359632)
(-3994.9372 799.94436 3573.359632)
(-3719.999817 799.94436 3573.359632)
(-3445.062434 799.94436 3573.359632)
(-3170.125052 799.94436 3573.359632)
(-2895.187669 799.94436 3573.359632)
(-2620.250286 799.94436 3573.359632)
(-2345.312903 799.94436 3573.359632)
(-2070.375521 799.94436 3573.359632)
(-1795.438138 799.94436 3573.359632)
(-1520.500755 799.94436 3573.359632)
(-1245.563372 799.94436 3573.359632)
(-970.6259897 799.94436 3573.359632)
(-695.6886069 799.94436 3573.359632)
(-420.7512241 799.94436 3573.359632)
(-145.8138414 799.94436 3573.359632)
(129.1235414 799.94436 3573.359632)
(404.0609241 799.94436 3573.359632)
(678.9983069 799.94436 3573.359632)
(953.9356897 799.94436 3573.359632)
(1228.873072 799.94436 3573.359632)
(1503.810455 799.94436 3573.359632)
(1778.747838 799.94436 3573.359632)
(2053.685221 799.94436 3573.359632)
(2328.622603 799.94436 3573.359632)
(2603.559986 799.94436 3573.359632)
(2878.497369 799.94436 3573.359632)
(3153.434752 799.94436 3573.359632)
(3428.372134 799.94436 3573.359632)
(3703.309517 799.94436 3573.359632)
(3978.2469 799.94436 3573.359632)
(-3994.9372 1027.74962 3573.359632)
(-3719.999817 1027.74962 3573.359632)
(-3445.062434 1027.74962 3573.359632)
(-3170.125052 1027.74962 3573.359632)
(-2895.187669 1027.74962 3573.359632)
(-2620.250286 1027.74962 3573.359632)
(-2345.312903 1027.74962 3573.359632)
(-2070.375521 1027.74962 3573.359632)
(-1795.438138 1027.74962 3573.359632)
(-1520.500755 1027.74962 3573.359632)
(-1245.563372 1027.74962 3573.359632)
(-970.6259897 1027.74962 3573.359632)
(-695.6886069 1027.74962 3573.359632)
(-420.7512241 1027.74962 3573.359632)
(-145.8138414 1027.74962 3573.359632)
(129.1235414 1027.74962 3573.359632)
(404.0609241 1027.74962 3573.359632)
(678.9983069 1027.74962 3573.359632)
(953.9356897 1027.74962 3573.359632)
(1228.873072 1027.74962 3573.359632)
(1503.810455 1027.74962 3573.359632)
(1778.747838 1027.74962 3573.359632)
(2053.685221 1027.74962 3573.359632)
(2328.622603 1027.74962 3573.359632)
(2603.559986 1027.74962 3573.359632)
(2878.497369 1027.74962 3573.359632)
(3153.434752 1027.74962 3573.359632)
(3428.372134 1027.74962 3573.359632)
(3703.309517 1027.74962 3573.359632)
(3978.2469 1027.74962 3573.359632)
(-3994.9372 1255.55488 3573.359632)
(-3719.999817 1255.55488 3573.359632)
(-3445.062434 1255.55488 3573.359632)
(-3170.125052 1255.55488 3573.359632)
(-2895.187669 1255.55488 3573.359632)
(-2620.250286 1255.55488 3573.359632)
(-2345.312903 1255.55488 3573.359632)
(-2070.375521 1255.55488 3573.359632)
(-1795.438138 1255.55488 3573.359632)
(-1520.500755 1255.55488 3573.359632)
(-1245.563372 1255.55488 3573.359632)
(-970.6259897 1255.55488 3573.359632)
(-695.6886069 1255.55488 3573.359632)
(-420.7512241 1255.55488 3573.359632)
(-145.8138414 1255.55488 3573.359632)
(129.1235414 1255.55488 3573.359632)
(404.0609241 1255.55488 3573.359632)
(678.9983069 1255.55488 3573.359632)
(953.9356897 1255.55488 3573.359632)
(1228.873072 1255.55488 3573.359632)
(1503.810455 1255.55488 3573.359632)
(1778.747838 1255.55488 3573.359632)
(2053.685221 1255.55488 3573.359632)
(2328.622603 1255.55488 3573.359632)
(2603.559986 1255.55488 3573.359632)
(2878.497369 1255.55488 3573.359632)
(3153.434752 1255.55488 3573.359632)
(3428.372134 1255.55488 3573.359632)
(3703.309517 1255.55488 3573.359632)
(3978.2469 1255.55488 3573.359632)
(-3994.9372 1483.36014 3573.359632)
(-3719.999817 1483.36014 3573.359632)
(-3445.062434 1483.36014 3573.359632)
(-3170.125052 1483.36014 3573.359632)
(-2895.187669 1483.36014 3573.359632)
(-2620.250286 1483.36014 3573.359632)
(-2345.312903 1483.36014 3573.359632)
(-2070.375521 1483.36014 3573.359632)
(-1795.438138 1483.36014 3573.359632)
(-1520.500755 1483.36014 3573.359632)
(-1245.563372 1483.36014 3573.359632)
(-970.6259897 1483.36014 3573.359632)
(-695.6886069 1483.36014 3573.359632)
(-420.7512241 1483.36014 3573.359632)
(-145.8138414 1483.36014 3573.359632)
(129.1235414 1483.36014 3573.359632)
(404.0609241 1483.36014 3573.359632)
(678.9983069 1483.36014 3573.359632)
(953.9356897 1483.36014 3573.359632)
(1228.873072 1483.36014 3573.359632)
(1503.810455 1483.36014 3573.359632)
(1778.747838 1483.36014 3573.359632)
(2053.685221 1483.36014 3573.359632)
(2328.622603 1483.36014 3573.359632)
(2603.559986 1483.36014 3573.359632)
(2878.497369 1483.36014 3573.359632)
(3153.434752 1483.36014 3573.359632)
(3428.372134 1483.36014 3573.359632)
(3703.309517 1483.36014 3573.359632)
(3978.2469 1483.36014 3573.359632)
(-3994.9372 1711.1654 3573.359632)
(-3719.999817 1711.1654 3573.359632)
(-3445.062434 1711.1654 3573.359632)
(-3170.125052 1711.1654 3573.359632)
(-2895.187669 1711.1654 3573.359632)
(-2620.250286 1711.1654 3573.359632)
(-2345.312903 1711.1654 3573.359632)
(-2070.375521 1711.1654 3573.359632)
(-1795.438138 1711.1654 3573.359632)
(-1520.500755 1711.1654 3573.359632)
(-1245.563372 1711.1654 3573.359632)
(-970.6259897 1711.1654 3573.359632)
(-695.6886069 1711.1654 3573.359632)
(-420.7512241 1711.1654 3573.359632)
(-145.8138414 1711.1654 3573.359632)
(129.1235414 1711.1654 3573.359632)
(404.0609241 1711.1654 3573.359632)
(678.9983069 1711.1654 3573.359632)
(953.9356897 1711.1654 3573.359632)
(1228.873072 1711.1654 3573.359632)
(1503.810455 1711.1654 3573.359632)
(1778.747838 1711.1654 3573.359632)
(2053.685221 1711.1654 3573.359632)
(2328.622603 1711.1654 3573.359632)
(2603.559986 1711.1654 3573.359632)
(2878.497369 1711.1654 3573.359632)
(3153.434752 1711.1654 3573.359632)
(3428.372134 1711.1654 3573.359632)
(3703.309517 1711.1654 3573.359632)
(3978.2469 1711.1654 3573.359632)
(-3994.9372 1938.97066 3573.359632)
(-3719.999817 1938.97066 3573.359632)
(-3445.062434 1938.97066 3573.359632)
(-3170.125052 1938.97066 3573.359632)
(-2895.187669 1938.97066 3573.359632)
(-2620.250286 1938.97066 3573.359632)
(-2345.312903 1938.97066 3573.359632)
(-2070.375521 1938.97066 3573.359632)
(-1795.438138 1938.97066 3573.359632)
(-1520.500755 1938.97066 3573.359632)
(-1245.563372 1938.97066 3573.359632)
(-970.6259897 1938.97066 3573.359632)
(-695.6886069 1938.97066 3573.359632)
(-420.7512241 1938.97066 3573.359632)
(-145.8138414 1938.97066 3573.359632)
(129.1235414 1938.97066 3573.359632)
(404.0609241 1938.97066 3573.359632)
(678.9983069 1938.97066 3573.359632)
(953.9356897 1938.97066 3573.359632)
(1228.873072 1938.97066 3573.359632)
(1503.810455 1938.97066 3573.359632)
(1778.747838 1938.97066 3573.359632)
(2053.685221 1938.97066 3573.359632)
(2328.622603 1938.97066 3573.359632)
(2603.559986 1938.97066 3573.359632)
(2878.497369 1938.97066 3573.359632)
(3153.434752 1938.97066 3573.359632)
(3428.372134 1938.97066 3573.359632)
(3703.309517 1938.97066 3573.359632)
(3978.2469 1938.97066 3573.359632)
(-3994.9372 2166.77592 3573.359632)
(-3719.999817 2166.77592 3573.359632)
(-3445.062434 2166.77592 3573.359632)
(-3170.125052 2166.77592 3573.359632)
(-2895.187669 2166.77592 3573.359632)
(-2620.250286 2166.77592 3573.359632)
(-2345.312903 2166.77592 3573.359632)
(-2070.375521 2166.77592 3573.359632)
(-1795.438138 2166.77592 3573.359632)
(-1520.500755 2166.77592 3573.359632)
(-1245.563372 2166.77592 3573.359632)
(-970.6259897 2166.77592 3573.359632)
(-695.6886069 2166.77592 3573.359632)
(-420.7512241 2166.77592 3573.359632)
(-145.8138414 2166.77592 3573.359632)
(129.1235414 2166.77592 3573.359632)
(404.0609241 2166.77592 3573.359632)
(678.9983069 2166.77592 3573.359632)
(953.9356897 2166.77592 3573.359632)
(1228.873072 2166.77592 3573.359632)
(1503.810455 2166.77592 3573.359632)
(1778.747838 2166.77592 3573.359632)
(2053.685221 2166.77592 3573.359632)
(2328.622603 2166.77592 3573.359632)
(2603.559986 2166.77592 3573.359632)
(2878.497369 2166.77592 3573.359632)
(3153.434752 2166.77592 3573.359632)
(3428.372134 2166.77592 3573.359632)
(3703.309517 2166.77592 3573.359632)
(3978.2469 2166.77592 3573.359632)
(-3994.9372 2394.58118 3573.359632)
(-3719.999817 2394.58118 3573.359632)
(-3445.062434 2394.58118 3573.359632)
(-3170.125052 2394.58118 3573.359632)
(-2895.187669 2394.58118 3573.359632)
(-2620.250286 2394.58118 3573.359632)
(-2345.312903 2394.58118 3573.359632)
(-2070.375521 2394.58118 3573.359632)
(-1795.438138 2394.58118 3573.359632)
(-1520.500755 2394.58118 3573.359632)
(-1245.563372 2394.58118 3573.359632)
(-970.6259897 2394.58118 3573.359632)
(-695.6886069 2394.58118 3573.359632)
(-420.7512241 2394.58118 3573.359632)
(-145.8138414 2394.58118 3573.359632)
(129.1235414 2394.58118 3573.359632)
(404.0609241 2394.58118 3573.359632)
(678.9983069 2394.58118 3573.359632)
(953.9356897 2394.58118 3573.359632)
(1228.873072 2394.58118 3573.359632)
(1503.810455 2394.58118 3573.359632)
(1778.747838 2394.58118 3573.359632)
(2053.685221 2394.58118 3573.359632)
(2328.622603 2394.58118 3573.359632)
(2603.559986 2394.58118 3573.359632)
(2878.497369 2394.58118 3573.359632)
(3153.434752 2394.58118 3573.359632)
(3428.372134 2394.58118 3573.359632)
(3703.309517 2394.58118 3573.359632)
(3978.2469 2394.58118 3573.359632)
(-3994.9372 2622.38644 3573.359632)
(-3719.999817 2622.38644 3573.359632)
(-3445.062434 2622.38644 3573.359632)
(-3170.125052 2622.38644 3573.359632)
(-2895.187669 2622.38644 3573.359632)
(-2620.250286 2622.38644 3573.359632)
(-2345.312903 2622.38644 3573.359632)
(-2070.375521 2622.38644 3573.359632)
(-1795.438138 2622.38644 3573.359632)
(-1520.500755 2622.38644 3573.359632)
(-1245.563372 2622.38644 3573.359632)
(-970.6259897 2622.38644 3573.359632)
(-695.6886069 2622.38644 3573.359632)
(-420.7512241 2622.38644 3573.359632)
(-145.8138414 2622.38644 3573.359632)
(129.1235414 2622.38644 3573.359632)
(404.0609241 2622.38644 3573.359632)
(678.9983069 2622.38644 3573.359632)
(953.9356897 2622.38644 3573.359632)
(1228.873072 2622.38644 3573.359632)
(1503.810455 2622.38644 3573.359632)
(1778.747838 2622.38644 3573.359632)
(2053.685221 2622.38644 3573.359632)
(2328.622603 2622.38644 3573.359632)
(2603.559986 2622.38644 3573.359632)
(2878.497369 2622.38644 3573.359632)
(3153.434752 2622.38644 3573.359632)
(3428.372134 2622.38644 3573.359632)
(3703.309517 2622.38644 3573.359632)
(3978.2469 2622.38644 3573.359632)
(-3994.9372 2850.1917 3573.359632)
(-3719.999817 2850.1917 3573.359632)
(-3445.062434 2850.1917 3573.359632)
(-3170.125052 2850.1917 3573.359632)
(-2895.187669 2850.1917 3573.359632)
(-2620.250286 2850.1917 3573.359632)
(-2345.312903 2850.1917 3573.359632)
(-2070.375521 2850.1917 3573.359632)
(-1795.438138 2850.1917 3573.359632)
(-1520.500755 2850.1917 3573.359632)
(-1245.563372 2850.1917 3573.359632)
(-970.6259897 2850.1917 3573.359632)
(-695.6886069 2850.1917 3573.359632)
(-420.7512241 2850.1917 3573.359632)
(-145.8138414 2850.1917 3573.359632)
(129.1235414 2850.1917 3573.359632)
(404.0609241 2850.1917 3573.359632)
(678.9983069 2850.1917 3573.359632)
(953.9356897 2850.1917 3573.359632)
(1228.873072 2850.1917 3573.359632)
(1503.810455 2850.1917 3573.359632)
(1778.747838 2850.1917 3573.359632)
(2053.685221 2850.1917 3573.359632)
(2328.622603 2850.1917 3573.359632)
(2603.559986 2850.1917 3573.359632)
(2878.497369 2850.1917 3573.359632)
(3153.434752 2850.1917 3573.359632)
(3428.372134 2850.1917 3573.359632)
(3703.309517 2850.1917 3573.359632)
(3978.2469 2850.1917 3573.359632)
(-3994.9372 3077.99696 3573.359632)
(-3719.999817 3077.99696 3573.359632)
(-3445.062434 3077.99696 3573.359632)
(-3170.125052 3077.99696 3573.359632)
(-2895.187669 3077.99696 3573.359632)
(-2620.250286 3077.99696 3573.359632)
(-2345.312903 3077.99696 3573.359632)
(-2070.375521 3077.99696 3573.359632)
(-1795.438138 3077.99696 3573.359632)
(-1520.500755 3077.99696 3573.359632)
(-1245.563372 3077.99696 3573.359632)
(-970.6259897 3077.99696 3573.359632)
(-695.6886069 3077.99696 3573.359632)
(-420.7512241 3077.99696 3573.359632)
(-145.8138414 3077.99696 3573.359632)
(129.1235414 3077.99696 3573.359632)
(404.0609241 3077.99696 3573.359632)
(678.9983069 3077.99696 3573.359632)
(953.9356897 3077.99696 3573.359632)
(1228.873072 3077.99696 3573.359632)
(1503.810455 3077.99696 3573.359632)
(1778.747838 3077.99696 3573.359632)
(2053.685221 3077.99696 3573.359632)
(2328.622603 3077.99696 3573.359632)
(2603.559986 3077.99696 3573.359632)
(2878.497369 3077.99696 3573.359632)
(3153.434752 3077.99696 3573.359632)
(3428.372134 3077.99696 3573.359632)
(3703.309517 3077.99696 3573.359632)
(3978.2469 3077.99696 3573.359632)
(-3994.9372 3305.80222 3573.359632)
(-3719.999817 3305.80222 3573.359632)
(-3445.062434 3305.80222 3573.359632)
(-3170.125052 3305.80222 3573.359632)
(-2895.187669 3305.80222 3573.359632)
(-2620.250286 3305.80222 3573.359632)
(-2345.312903 3305.80222 3573.359632)
(-2070.375521 3305.80222 3573.359632)
(-1795.438138 3305.80222 3573.359632)
(-1520.500755 3305.80222 3573.359632)
(-1245.563372 3305.80222 3573.359632)
(-970.6259897 3305.80222 3573.359632)
(-695.6886069 3305.80222 3573.359632)
(-420.7512241 3305.80222 3573.359632)
(-145.8138414 3305.80222 3573.359632)
(129.1235414 3305.80222 3573.359632)
(404.0609241 3305.80222 3573.359632)
(678.9983069 3305.80222 3573.359632)
(953.9356897 3305.80222 3573.359632)
(1228.873072 3305.80222 3573.359632)
(1503.810455 3305.80222 3573.359632)
(1778.747838 3305.80222 3573.359632)
(2053.685221 3305.80222 3573.359632)
(2328.622603 3305.80222 3573.359632)
(2603.559986 3305.80222 3573.359632)
(2878.497369 3305.80222 3573.359632)
(3153.434752 3305.80222 3573.359632)
(3428.372134 3305.80222 3573.359632)
(3703.309517 3305.80222 3573.359632)
(3978.2469 3305.80222 3573.359632)
(-3994.9372 3533.60748 3573.359632)
(-3719.999817 3533.60748 3573.359632)
(-3445.062434 3533.60748 3573.359632)
(-3170.125052 3533.60748 3573.359632)
(-2895.187669 3533.60748 3573.359632)
(-2620.250286 3533.60748 3573.359632)
(-2345.312903 3533.60748 3573.359632)
(-2070.375521 3533.60748 3573.359632)
(-1795.438138 3533.60748 3573.359632)
(-1520.500755 3533.60748 3573.359632)
(-1245.563372 3533.60748 3573.359632)
(-970.6259897 3533.60748 3573.359632)
(-695.6886069 3533.60748 3573.359632)
(-420.7512241 3533.60748 3573.359632)
(-145.8138414 3533.60748 3573.359632)
(129.1235414 3533.60748 3573.359632)
(404.0609241 3533.60748 3573.359632)
(678.9983069 3533.60748 3573.359632)
(953.9356897 3533.60748 3573.359632)
(1228.873072 3533.60748 3573.359632)
(1503.810455 3533.60748 3573.359632)
(1778.747838 3533.60748 3573.359632)
(2053.685221 3533.60748 3573.359632)
(2328.622603 3533.60748 3573.359632)
(2603.559986 3533.60748 3573.359632)
(2878.497369 3533.60748 3573.359632)
(3153.434752 3533.60748 3573.359632)
(3428.372134 3533.60748 3573.359632)
(3703.309517 3533.60748 3573.359632)
(3978.2469 3533.60748 3573.359632)
(-3994.9372 3761.41274 3573.359632)
(-3719.999817 3761.41274 3573.359632)
(-3445.062434 3761.41274 3573.359632)
(-3170.125052 3761.41274 3573.359632)
(-2895.187669 3761.41274 3573.359632)
(-2620.250286 3761.41274 3573.359632)
(-2345.312903 3761.41274 3573.359632)
(-2070.375521 3761.41274 3573.359632)
(-1795.438138 3761.41274 3573.359632)
(-1520.500755 3761.41274 3573.359632)
(-1245.563372 3761.41274 3573.359632)
(-970.6259897 3761.41274 3573.359632)
(-695.6886069 3761.41274 3573.359632)
(-420.7512241 3761.41274 3573.359632)
(-145.8138414 3761.41274 3573.359632)
(129.1235414 3761.41274 3573.359632)
(404.0609241 3761.41274 3573.359632)
(678.9983069 3761.41274 3573.359632)
(953.9356897 3761.41274 3573.359632)
(1228.873072 3761.41274 3573.359632)
(1503.810455 3761.41274 3573.359632)
(1778.747838 3761.41274 3573.359632)
(2053.685221 3761.41274 3573.359632)
(2328.622603 3761.41274 3573.359632)
(2603.559986 3761.41274 3573.359632)
(2878.497369 3761.41274 3573.359632)
(3153.434752 3761.41274 3573.359632)
(3428.372134 3761.41274 3573.359632)
(3703.309517 3761.41274 3573.359632)
(3978.2469 3761.41274 3573.359632)
(-3994.9372 3989.218 3573.359632)
(-3719.999817 3989.218 3573.359632)
(-3445.062434 3989.218 3573.359632)
(-3170.125052 3989.218 3573.359632)
(-2895.187669 3989.218 3573.359632)
(-2620.250286 3989.218 3573.359632)
(-2345.312903 3989.218 3573.359632)
(-2070.375521 3989.218 3573.359632)
(-1795.438138 3989.218 3573.359632)
(-1520.500755 3989.218 3573.359632)
(-1245.563372 3989.218 3573.359632)
(-970.6259897 3989.218 3573.359632)
(-695.6886069 3989.218 3573.359632)
(-420.7512241 3989.218 3573.359632)
(-145.8138414 3989.218 3573.359632)
(129.1235414 3989.218 3573.359632)
(404.0609241 3989.218 3573.359632)
(678.9983069 3989.218 3573.359632)
(953.9356897 3989.218 3573.359632)
(1228.873072 3989.218 3573.359632)
(1503.810455 3989.218 3573.359632)
(1778.747838 3989.218 3573.359632)
(2053.685221 3989.218 3573.359632)
(2328.622603 3989.218 3573.359632)
(2603.559986 3989.218 3573.359632)
(2878.497369 3989.218 3573.359632)
(3153.434752 3989.218 3573.359632)
(3428.372134 3989.218 3573.359632)
(3703.309517 3989.218 3573.359632)
(3978.2469 3989.218 3573.359632)
(-3994.9372 -3983.9661 3993.0009)
(-3719.999817 -3983.9661 3993.0009)
(-3445.062434 -3983.9661 3993.0009)
(-3170.125052 -3983.9661 3993.0009)
(-2895.187669 -3983.9661 3993.0009)
(-2620.250286 -3983.9661 3993.0009)
(-2345.312903 -3983.9661 3993.0009)
(-2070.375521 -3983.9661 3993.0009)
(-1795.438138 -3983.9661 3993.0009)
(-1520.500755 -3983.9661 3993.0009)
(-1245.563372 -3983.9661 3993.0009)
(-970.6259897 -3983.9661 3993.0009)
(-695.6886069 -3983.9661 3993.0009)
(-420.7512241 -3983.9661 3993.0009)
(-145.8138414 -3983.9661 3993.0009)
(129.1235414 -3983.9661 3993.0009)
(404.0609241 -3983.9661 3993.0009)
(678.9983069 -3983.9661 3993.0009)
(953.9356897 -3983.9661 3993.0009)
(1228.873072 -3983.9661 3993.0009)
(1503.810455 -3983.9661 3993.0009)
(1778.747838 -3983.9661 3993.0009)
(2053.685221 -3983.9661 3993.0009)
(2328.622603 -3983.9661 3993.0009)
(2603.559986 -3983.9661 3993.0009)
(2878.497369 -3983.9661 3993.0009)
(3153.434752 -3983.9661 3993.0009)
(3428.372134 -3983.9661 3993.0009)
(3703.309517 -3983.9661 3993.0009)
(3978.2469 -3983.9661 3993.0009)
(-3994.9372 -3756.16084 3993.0009)
(-3719.999817 -3756.16084 3993.0009)
(-3445.062434 -3756.16084 3993.0009)
(-3170.125052 -3756.16084 3993.0009)
(-2895.187669 -3756.16084 3993.0009)
(-2620.250286 -3756.16084 3993.0009)
(-2345.312903 -3756.16084 3993.0009)
(-2070.375521 -3756.16084 3993.0009)
(-1795.438138 -3756.16084 3993.0009)
(-1520.500755 -3756.16084 3993.0009)
(-1245.563372 -3756.16084 3993.0009)
(-970.6259897 -3756.16084 3993.0009)
(-695.6886069 -3756.16084 3993.0009)
(-420.7512241 -3756.16084 3993.0009)
(-145.8138414 -3756.16084 3993.0009)
(129.1235414 -3756.16084 3993.0009)
(404.0609241 -3756.16084 3993.0009)
(678.9983069 -3756.16084 3993.0009)
(953.9356897 -3756.16084 3993.0009)
(1228.873072 -3756.16084 3993.0009)
(1503.810455 -3756.16084 3993.0009)
(1778.747838 -3756.16084 3993.0009)
(2053.685221 -3756.16084 3993.0009)
(2328.622603 -3756.16084 3993.0009)
(2603.559986 -3756.16084 3993.0009)
(2878.497369 -3756.16084 3993.0009)
(3153.434752 -3756.16084 3993.0009)
(3428.372134 -3756.16084 3993.0009)
(3703.309517 -3756.16084 3993.0009)
(3978.2469 -3756.16084 3993.0009)
(-3994.9372 -3528.35558 3993.0009)
(-3719.999817 -3528.35558 3993.0009)
(-3445.062434 -3528.35558 3993.0009)
(-3170.125052 -3528.35558 3993.0009)
(-2895.187669 -3528.35558 3993.0009)
(-2620.250286 -3528.35558 3993.0009)
(-2345.312903 -3528.35558 3993.0009)
(-2070.375521 -3528.35558 3993.0009)
(-1795.438138 -3528.35558 3993.0009)
(-1520.500755 -3528.35558 3993.0009)
(-1245.563372 -3528.35558 3993.0009)
(-970.6259897 -3528.35558 3993.0009)
(-695.6886069 -3528.35558 3993.0009)
(-420.7512241 -3528.35558 3993.0009)
(-145.8138414 -3528.35558 3993.0009)
(129.1235414 -3528.35558 3993.0009)
(404.0609241 -3528.35558 3993.0009)
(678.9983069 -3528.35558 3993.0009)
(953.9356897 -3528.35558 3993.0009)
(1228.873072 -3528.35558 3993.0009)
(1503.810455 -3528.35558 3993.0009)
(1778.747838 -3528.35558 3993.0009)
(2053.685221 -3528.35558 3993.0009)
(2328.622603 -3528.35558 3993.0009)
(2603.559986 -3528.35558 3993.0009)
(2878.497369 -3528.35558 3993.0009)
(3153.434752 -3528.35558 3993.0009)
(3428.372134 -3528.35558 3993.0009)
(3703.309517 -3528.35558 3993.0009)
(3978.2469 -3528.35558 3993.0009)
(-3994.9372 -3300.55032 3993.0009)
(-3719.999817 -3300.55032 3993.0009)
(-3445.062434 -3300.55032 3993.0009)
(-3170.125052 -3300.55032 3993.0009)
(-2895.187669 -3300.55032 3993.0009)
(-2620.250286 -3300.55032 3993.0009)
(-2345.312903 -3300.55032 3993.0009)
(-2070.375521 -3300.55032 3993.0009)
(-1795.438138 -3300.55032 3993.0009)
(-1520.500755 -3300.55032 3993.0009)
(-1245.563372 -3300.55032 3993.0009)
(-970.6259897 -3300.55032 3993.0009)
(-695.6886069 -3300.55032 3993.0009)
(-420.7512241 -3300.55032 3993.0009)
(-145.8138414 -3300.55032 3993.0009)
(129.1235414 -3300.55032 3993.0009)
(404.0609241 -3300.55032 3993.0009)
(678.9983069 -3300.55032 3993.0009)
(953.9356897 -3300.55032 3993.0009)
(1228.873072 -3300.55032 3993.0009)
(1503.810455 -3300.55032 3993.0009)
(1778.747838 -3300.55032 3993.0009)
(2053.685221 -3300.55032 3993.0009)
(2328.622603 -3300.55032 3993.0009)
(2603.559986 -3300.55032 3993.0009)
(2878.497369 -3300.55032 3993.0009)
(3153.434752 -3300.55032 3993.0009)
(3428.372134 -3300.55032 3993.0009)
(3703.309517 -3300.55032 3993.0009)
(3978.2469 -3300.55032 3993.0009)
(-3994.9372 -3072.74506 3993.0009)
(-3719.999817 -3072.74506 3993.0009)
(-3445.062434 -3072.74506 3993.0009)
(-3170.125052 -3072.74506 3993.0009)
(-2895.187669 -3072.74506 3993.0009)
(-2620.250286 -3072.74506 3993.0009)
(-2345.312903 -3072.74506 3993.0009)
(-2070.375521 -3072.74506 3993.0009)
(-1795.438138 -3072.74506 3993.0009)
(-1520.500755 -3072.74506 3993.0009)
(-1245.563372 -3072.74506 3993.0009)
(-970.6259897 -3072.74506 3993.0009)
(-695.6886069 -3072.74506 3993.0009)
(-420.7512241 -3072.74506 3993.0009)
(-145.8138414 -3072.74506 3993.0009)
(129.1235414 -3072.74506 3993.0009)
(404.0609241 -3072.74506 3993.0009)
(678.9983069 -3072.74506 3993.0009)
(953.9356897 -3072.74506 3993.0009)
(1228.873072 -3072.74506 3993.0009)
(1503.810455 -3072.74506 3993.0009)
(1778.747838 -3072.74506 3993.0009)
(2053.685221 -3072.74506 3993.0009)
(2328.622603 -3072.74506 3993.0009)
(2603.559986 -3072.74506 3993.0009)
(2878.497369 -3072.74506 3993.0009)
(3153.434752 -3072.74506 3993.0009)
(3428.372134 -3072.74506 3993.0009)
(3703.309517 -3072.74506 3993.0009)
(3978.2469 -3072.74506 3993.0009)
(-3994.9372 -2844.9398 3993.0009)
(-3719.999817 -2844.9398 3993.0009)
(-3445.062434 -2844.9398 3993.0009)
(-3170.125052 -2844.9398 3993.0009)
(-2895.187669 -2844.9398 3993.0009)
(-2620.250286 -2844.9398 3993.0009)
(-2345.312903 -2844.9398 3993.0009)
(-2070.375521 -2844.9398 3993.0009)
(-1795.438138 -2844.9398 3993.0009)
(-1520.500755 -2844.9398 3993.0009)
(-1245.563372 -2844.9398 3993.0009)
(-970.6259897 -2844.9398 3993.0009)
(-695.6886069 -2844.9398 3993.0009)
(-420.7512241 -2844.9398 3993.0009)
(-145.8138414 -2844.9398 3993.0009)
(129.1235414 -2844.9398 3993.0009)
(404.0609241 -2844.9398 3993.0009)
(678.9983069 -2844.9398 3993.0009)
(953.9356897 -2844.9398 3993.0009)
(1228.873072 -2844.9398 3993.0009)
(1503.810455 -2844.9398 3993.0009)
(1778.747838 -2844.9398 3993.0009)
(2053.685221 -2844.9398 3993.0009)
(2328.622603 -2844.9398 3993.0009)
(2603.559986 -2844.9398 3993.0009)
(2878.497369 -2844.9398 3993.0009)
(3153.434752 -2844.9398 3993.0009)
(3428.372134 -2844.9398 3993.0009)
(3703.309517 -2844.9398 3993.0009)
(3978.2469 -2844.9398 3993.0009)
(-3994.9372 -2617.13454 3993.0009)
(-3719.999817 -2617.13454 3993.0009)
(-3445.062434 -2617.13454 3993.0009)
(-3170.125052 -2617.13454 3993.0009)
(-2895.187669 -2617.13454 3993.0009)
(-2620.250286 -2617.13454 3993.0009)
(-2345.312903 -2617.13454 3993.0009)
(-2070.375521 -2617.13454 3993.0009)
(-1795.438138 -2617.13454 3993.0009)
(-1520.500755 -2617.13454 3993.0009)
(-1245.563372 -2617.13454 3993.0009)
(-970.6259897 -2617.13454 3993.0009)
(-695.6886069 -2617.13454 3993.0009)
(-420.7512241 -2617.13454 3993.0009)
(-145.8138414 -2617.13454 3993.0009)
(129.1235414 -2617.13454 3993.0009)
(404.0609241 -2617.13454 3993.0009)
(678.9983069 -2617.13454 3993.0009)
(953.9356897 -2617.13454 3993.0009)
(1228.873072 -2617.13454 3993.0009)
(1503.810455 -2617.13454 3993.0009)
(1778.747838 -2617.13454 3993.0009)
(2053.685221 -2617.13454 3993.0009)
(2328.622603 -2617.13454 3993.0009)
(2603.559986 -2617.13454 3993.0009)
(2878.497369 -2617.13454 3993.0009)
(3153.434752 -2617.13454 3993.0009)
(3428.372134 -2617.13454 3993.0009)
(3703.309517 -2617.13454 3993.0009)
(3978.2469 -2617.13454 3993.0009)
(-3994.9372 -2389.32928 3993.0009)
(-3719.999817 -2389.32928 3993.0009)
(-3445.062434 -2389.32928 3993.0009)
(-3170.125052 -2389.32928 3993.0009)
(-2895.187669 -2389.32928 3993.0009)
(-2620.250286 -2389.32928 3993.0009)
(-2345.312903 -2389.32928 3993.0009)
(-2070.375521 -2389.32928 3993.0009)
(-1795.438138 -2389.32928 3993.0009)
(-1520.500755 -2389.32928 3993.0009)
(-1245.563372 -2389.32928 3993.0009)
(-970.6259897 -2389.32928 3993.0009)
(-695.6886069 -2389.32928 3993.0009)
(-420.7512241 -2389.32928 3993.0009)
(-145.8138414 -2389.32928 3993.0009)
(129.1235414 -2389.32928 3993.0009)
(404.0609241 -2389.32928 3993.0009)
(678.9983069 -2389.32928 3993.0009)
(953.9356897 -2389.32928 3993.0009)
(1228.873072 -2389.32928 3993.0009)
(1503.810455 -2389.32928 3993.0009)
(1778.747838 -2389.32928 3993.0009)
(2053.685221 -2389.32928 3993.0009)
(2328.622603 -2389.32928 3993.0009)
(2603.559986 -2389.32928 3993.0009)
(2878.497369 -2389.32928 3993.0009)
(3153.434752 -2389.32928 3993.0009)
(3428.372134 -2389.32928 3993.0009)
(3703.309517 -2389.32928 3993.0009)
(3978.2469 -2389.32928 3993.0009)
(-3994.9372 -2161.52402 3993.0009)
(-3719.999817 -2161.52402 3993.0009)
(-3445.062434 -2161.52402 3993.0009)
(-3170.125052 -2161.52402 3993.0009)
(-2895.187669 -2161.52402 3993.0009)
(-2620.250286 -2161.52402 3993.0009)
(-2345.312903 -2161.52402 3993.0009)
(-2070.375521 -2161.52402 3993.0009)
(-1795.438138 -2161.52402 3993.0009)
(-1520.500755 -2161.52402 3993.0009)
(-1245.563372 -2161.52402 3993.0009)
(-970.6259897 -2161.52402 3993.0009)
(-695.6886069 -2161.52402 3993.0009)
(-420.7512241 -2161.52402 3993.0009)
(-145.8138414 -2161.52402 3993.0009)
(129.1235414 -2161.52402 3993.0009)
(404.0609241 -2161.52402 3993.0009)
(678.9983069 -2161.52402 3993.0009)
(953.9356897 -2161.52402 3993.0009)
(1228.873072 -2161.52402 3993.0009)
(1503.810455 -2161.52402 3993.0009)
(1778.747838 -2161.52402 3993.0009)
(2053.685221 -2161.52402 3993.0009)
(2328.622603 -2161.52402 3993.0009)
(2603.559986 -2161.52402 3993.0009)
(2878.497369 -2161.52402 3993.0009)
(3153.434752 -2161.52402 3993.0009)
(3428.372134 -2161.52402 3993.0009)
(3703.309517 -2161.52402 3993.0009)
(3978.2469 -2161.52402 3993.0009)
(-3994.9372 -1933.71876 3993.0009)
(-3719.999817 -1933.71876 3993.0009)
(-3445.062434 -1933.71876 3993.0009)
(-3170.125052 -1933.71876 3993.0009)
(-2895.187669 -1933.71876 3993.0009)
(-2620.250286 -1933.71876 3993.0009)
(-2345.312903 -1933.71876 3993.0009)
(-2070.375521 -1933.71876 3993.0009)
(-1795.438138 -1933.71876 3993.0009)
(-1520.500755 -1933.71876 3993.0009)
(-1245.563372 -1933.71876 3993.0009)
(-970.6259897 -1933.71876 3993.0009)
(-695.6886069 -1933.71876 3993.0009)
(-420.7512241 -1933.71876 3993.0009)
(-145.8138414 -1933.71876 3993.0009)
(129.1235414 -1933.71876 3993.0009)
(404.0609241 -1933.71876 3993.0009)
(678.9983069 -1933.71876 3993.0009)
(953.9356897 -1933.71876 3993.0009)
(1228.873072 -1933.71876 3993.0009)
(1503.810455 -1933.71876 3993.0009)
(1778.747838 -1933.71876 3993.0009)
(2053.685221 -1933.71876 3993.0009)
(2328.622603 -1933.71876 3993.0009)
(2603.559986 -1933.71876 3993.0009)
(2878.497369 -1933.71876 3993.0009)
(3153.434752 -1933.71876 3993.0009)
(3428.372134 -1933.71876 3993.0009)
(3703.309517 -1933.71876 3993.0009)
(3978.2469 -1933.71876 3993.0009)
(-3994.9372 -1705.9135 3993.0009)
(-3719.999817 -1705.9135 3993.0009)
(-3445.062434 -1705.9135 3993.0009)
(-3170.125052 -1705.9135 3993.0009)
(-2895.187669 -1705.9135 3993.0009)
(-2620.250286 -1705.9135 3993.0009)
(-2345.312903 -1705.9135 3993.0009)
(-2070.375521 -1705.9135 3993.0009)
(-1795.438138 -1705.9135 3993.0009)
(-1520.500755 -1705.9135 3993.0009)
(-1245.563372 -1705.9135 3993.0009)
(-970.6259897 -1705.9135 3993.0009)
(-695.6886069 -1705.9135 3993.0009)
(-420.7512241 -1705.9135 3993.0009)
(-145.8138414 -1705.9135 3993.0009)
(129.1235414 -1705.9135 3993.0009)
(404.0609241 -1705.9135 3993.0009)
(678.9983069 -1705.9135 3993.0009)
(953.9356897 -1705.9135 3993.0009)
(1228.873072 -1705.9135 3993.0009)
(1503.810455 -1705.9135 3993.0009)
(1778.747838 -1705.9135 3993.0009)
(2053.685221 -1705.9135 3993.0009)
(2328.622603 -1705.9135 3993.0009)
(2603.559986 -1705.9135 3993.0009)
(2878.497369 -1705.9135 3993.0009)
(3153.434752 -1705.9135 3993.0009)
(3428.372134 -1705.9135 3993.0009)
(3703.309517 -1705.9135 3993.0009)
(3978.2469 -1705.9135 3993.0009)
(-3994.9372 -1478.10824 3993.0009)
(-3719.999817 -1478.10824 3993.0009)
(-3445.062434 -1478.10824 3993.0009)
(-3170.125052 -1478.10824 3993.0009)
(-2895.187669 -1478.10824 3993.0009)
(-2620.250286 -1478.10824 3993.0009)
(-2345.312903 -1478.10824 3993.0009)
(-2070.375521 -1478.10824 3993.0009)
(-1795.438138 -1478.10824 3993.0009)
(-1520.500755 -1478.10824 3993.0009)
(-1245.563372 -1478.10824 3993.0009)
(-970.6259897 -1478.10824 3993.0009)
(-695.6886069 -1478.10824 3993.0009)
(-420.7512241 -1478.10824 3993.0009)
(-145.8138414 -1478.10824 3993.0009)
(129.1235414 -1478.10824 3993.0009)
(404.0609241 -1478.10824 3993.0009)
(678.9983069 -1478.10824 3993.0009)
(953.9356897 -1478.10824 3993.0009)
(1228.873072 -1478.10824 3993.0009)
(1503.810455 -1478.10824 3993.0009)
(1778.747838 -1478.10824 3993.0009)
(2053.685221 -1478.10824 3993.0009)
(2328.622603 -1478.10824 3993.0009)
(2603.559986 -1478.10824 3993.0009)
(2878.497369 -1478.10824 3993.0009)
(3153.434752 -1478.10824 3993.0009)
(3428.372134 -1478.10824 3993.0009)
(3703.309517 -1478.10824 3993.0009)
(3978.2469 -1478.10824 3993.0009)
(-3994.9372 -1250.30298 3993.0009)
(-3719.999817 -1250.30298 3993.0009)
(-3445.062434 -1250.30298 3993.0009)
(-3170.125052 -1250.30298 3993.0009)
(-2895.187669 -1250.30298 3993.0009)
(-2620.250286 -1250.30298 3993.0009)
(-2345.312903 -1250.30298 3993.0009)
(-2070.375521 -1250.30298 3993.0009)
(-1795.438138 -1250.30298 3993.0009)
(-1520.500755 -1250.30298 3993.0009)
(-1245.563372 -1250.30298 3993.0009)
(-970.6259897 -1250.30298 3993.0009)
(-695.6886069 -1250.30298 3993.0009)
(-420.7512241 -1250.30298 3993.0009)
(-145.8138414 -1250.30298 3993.0009)
(129.1235414 -1250.30298 3993.0009)
(404.0609241 -1250.30298 3993.0009)
(678.9983069 -1250.30298 3993.0009)
(953.9356897 -1250.30298 3993.0009)
(1228.873072 -1250.30298 3993.0009)
(1503.810455 -1250.30298 3993.0009)
(1778.747838 -1250.30298 3993.0009)
(2053.685221 -1250.30298 3993.0009)
(2328.622603 -1250.30298 3993.0009)
(2603.559986 -1250.30298 3993.0009)
(2878.497369 -1250.30298 3993.0009)
(3153.434752 -1250.30298 3993.0009)
(3428.372134 -1250.30298 3993.0009)
(3703.309517 -1250.30298 3993.0009)
(3978.2469 -1250.30298 3993.0009)
(-3994.9372 -1022.49772 3993.0009)
(-3719.999817 -1022.49772 3993.0009)
(-3445.062434 -1022.49772 3993.0009)
(-3170.125052 -1022.49772 3993.0009)
(-2895.187669 -1022.49772 3993.0009)
(-2620.250286 -1022.49772 3993.0009)
(-2345.312903 -1022.49772 3993.0009)
(-2070.375521 -1022.49772 3993.0009)
(-1795.438138 -1022.49772 3993.0009)
(-1520.500755 -1022.49772 3993.0009)
(-1245.563372 -1022.49772 3993.0009)
(-970.6259897 -1022.49772 3993.0009)
(-695.6886069 -1022.49772 3993.0009)
(-420.7512241 -1022.49772 3993.0009)
(-145.8138414 -1022.49772 3993.0009)
(129.1235414 -1022.49772 3993.0009)
(404.0609241 -1022.49772 3993.0009)
(678.9983069 -1022.49772 3993.0009)
(953.9356897 -1022.49772 3993.0009)
(1228.873072 -1022.49772 3993.0009)
(1503.810455 -1022.49772 3993.0009)
(1778.747838 -1022.49772 3993.0009)
(2053.685221 -1022.49772 3993.0009)
(2328.622603 -1022.49772 3993.0009)
(2603.559986 -1022.49772 3993.0009)
(2878.497369 -1022.49772 3993.0009)
(3153.434752 -1022.49772 3993.0009)
(3428.372134 -1022.49772 3993.0009)
(3703.309517 -1022.49772 3993.0009)
(3978.2469 -1022.49772 3993.0009)
(-3994.9372 -794.69246 3993.0009)
(-3719.999817 -794.69246 3993.0009)
(-3445.062434 -794.69246 3993.0009)
(-3170.125052 -794.69246 3993.0009)
(-2895.187669 -794.69246 3993.0009)
(-2620.250286 -794.69246 3993.0009)
(-2345.312903 -794.69246 3993.0009)
(-2070.375521 -794.69246 3993.0009)
(-1795.438138 -794.69246 3993.0009)
(-1520.500755 -794.69246 3993.0009)
(-1245.563372 -794.69246 3993.0009)
(-970.6259897 -794.69246 3993.0009)
(-695.6886069 -794.69246 3993.0009)
(-420.7512241 -794.69246 3993.0009)
(-145.8138414 -794.69246 3993.0009)
(129.1235414 -794.69246 3993.0009)
(404.0609241 -794.69246 3993.0009)
(678.9983069 -794.69246 3993.0009)
(953.9356897 -794.69246 3993.0009)
(1228.873072 -794.69246 3993.0009)
(1503.810455 -794.69246 3993.0009)
(1778.747838 -794.69246 3993.0009)
(2053.685221 -794.69246 3993.0009)
(2328.622603 -794.69246 3993.0009)
(2603.559986 -794.69246 3993.0009)
(2878.497369 -794.69246 3993.0009)
(3153.434752 -794.69246 3993.0009)
(3428.372134 -794.69246 3993.0009)
(3703.309517 -794.69246 3993.0009)
(3978.2469 -794.69246 3993.0009)
(-3994.9372 -566.8872 3993.0009)
(-3719.999817 -566.8872 3993.0009)
(-3445.062434 -566.8872 3993.0009)
(-3170.125052 -566.8872 3993.0009)
(-2895.187669 -566.8872 3993.0009)
(-2620.250286 -566.8872 3993.0009)
(-2345.312903 -566.8872 3993.0009)
(-2070.375521 -566.8872 3993.0009)
(-1795.438138 -566.8872 3993.0009)
(-1520.500755 -566.8872 3993.0009)
(-1245.563372 -566.8872 3993.0009)
(-970.6259897 -566.8872 3993.0009)
(-695.6886069 -566.8872 3993.0009)
(-420.7512241 -566.8872 3993.0009)
(-145.8138414 -566.8872 3993.0009)
(129.1235414 -566.8872 3993.0009)
(404.0609241 -566.8872 3993.0009)
(678.9983069 -566.8872 3993.0009)
(953.9356897 -566.8872 3993.0009)
(1228.873072 -566.8872 3993.0009)
(1503.810455 -566.8872 3993.0009)
(1778.747838 -566.8872 3993.0009)
(2053.685221 -566.8872 3993.0009)
(2328.622603 -566.8872 3993.0009)
(2603.559986 -566.8872 3993.0009)
(2878.497369 -566.8872 3993.0009)
(3153.434752 -566.8872 3993.0009)
(3428.372134 -566.8872 3993.0009)
(3703.309517 -566.8872 3993.0009)
(3978.2469 -566.8872 3993.0009)
(-3994.9372 -339.08194 3993.0009)
(-3719.999817 -339.08194 3993.0009)
(-3445.062434 -339.08194 3993.0009)
(-3170.125052 -339.08194 3993.0009)
(-2895.187669 -339.08194 3993.0009)
(-2620.250286 -339.08194 3993.0009)
(-2345.312903 -339.08194 3993.0009)
(-2070.375521 -339.08194 3993.0009)
(-1795.438138 -339.08194 3993.0009)
(-1520.500755 -339.08194 3993.0009)
(-1245.563372 -339.08194 3993.0009)
(-970.6259897 -339.08194 3993.0009)
(-695.6886069 -339.08194 3993.0009)
(-420.7512241 -339.08194 3993.0009)
(-145.8138414 -339.08194 3993.0009)
(129.1235414 -339.08194 3993.0009)
(404.0609241 -339.08194 3993.0009)
(678.9983069 -339.08194 3993.0009)
(953.9356897 -339.08194 3993.0009)
(1228.873072 -339.08194 3993.0009)
(1503.810455 -339.08194 3993.0009)
(1778.747838 -339.08194 3993.0009)
(2053.685221 -339.08194 3993.0009)
(2328.622603 -339.08194 3993.0009)
(2603.559986 -339.08194 3993.0009)
(2878.497369 -339.08194 3993.0009)
(3153.434752 -339.08194 3993.0009)
(3428.372134 -339.08194 3993.0009)
(3703.309517 -339.08194 3993.0009)
(3978.2469 -339.08194 3993.0009)
(-3994.9372 -111.27668 3993.0009)
(-3719.999817 -111.27668 3993.0009)
(-3445.062434 -111.27668 3993.0009)
(-3170.125052 -111.27668 3993.0009)
(-2895.187669 -111.27668 3993.0009)
(-2620.250286 -111.27668 3993.0009)
(-2345.312903 -111.27668 3993.0009)
(-2070.375521 -111.27668 3993.0009)
(-1795.438138 -111.27668 3993.0009)
(-1520.500755 -111.27668 3993.0009)
(-1245.563372 -111.27668 3993.0009)
(-970.6259897 -111.27668 3993.0009)
(-695.6886069 -111.27668 3993.0009)
(-420.7512241 -111.27668 3993.0009)
(-145.8138414 -111.27668 3993.0009)
(129.1235414 -111.27668 3993.0009)
(404.0609241 -111.27668 3993.0009)
(678.9983069 -111.27668 3993.0009)
(953.9356897 -111.27668 3993.0009)
(1228.873072 -111.27668 3993.0009)
(1503.810455 -111.27668 3993.0009)
(1778.747838 -111.27668 3993.0009)
(2053.685221 -111.27668 3993.0009)
(2328.622603 -111.27668 3993.0009)
(2603.559986 -111.27668 3993.0009)
(2878.497369 -111.27668 3993.0009)
(3153.434752 -111.27668 3993.0009)
(3428.372134 -111.27668 3993.0009)
(3703.309517 -111.27668 3993.0009)
(3978.2469 -111.27668 3993.0009)
(-3994.9372 116.52858 3993.0009)
(-3719.999817 116.52858 3993.0009)
(-3445.062434 116.52858 3993.0009)
(-3170.125052 116.52858 3993.0009)
(-2895.187669 116.52858 3993.0009)
(-2620.250286 116.52858 3993.0009)
(-2345.312903 116.52858 3993.0009)
(-2070.375521 116.52858 3993.0009)
(-1795.438138 116.52858 3993.0009)
(-1520.500755 116.52858 3993.0009)
(-1245.563372 116.52858 3993.0009)
(-970.6259897 116.52858 3993.0009)
(-695.6886069 116.52858 3993.0009)
(-420.7512241 116.52858 3993.0009)
(-145.8138414 116.52858 3993.0009)
(129.1235414 116.52858 3993.0009)
(404.0609241 116.52858 3993.0009)
(678.9983069 116.52858 3993.0009)
(953.9356897 116.52858 3993.0009)
(1228.873072 116.52858 3993.0009)
(1503.810455 116.52858 3993.0009)
(1778.747838 116.52858 3993.0009)
(2053.685221 116.52858 3993.0009)
(2328.622603 116.52858 3993.0009)
(2603.559986 116.52858 3993.0009)
(2878.497369 116.52858 3993.0009)
(3153.434752 116.52858 3993.0009)
(3428.372134 116.52858 3993.0009)
(3703.309517 116.52858 3993.0009)
(3978.2469 116.52858 3993.0009)
(-3994.9372 344.33384 3993.0009)
(-3719.999817 344.33384 3993.0009)
(-3445.062434 344.33384 3993.0009)
(-3170.125052 344.33384 3993.0009)
(-2895.187669 344.33384 3993.0009)
(-2620.250286 344.33384 3993.0009)
(-2345.312903 344.33384 3993.0009)
(-2070.375521 344.33384 3993.0009)
(-1795.438138 344.33384 3993.0009)
(-1520.500755 344.33384 3993.0009)
(-1245.563372 344.33384 3993.0009)
(-970.6259897 344.33384 3993.0009)
(-695.6886069 344.33384 3993.0009)
(-420.7512241 344.33384 3993.0009)
(-145.8138414 344.33384 3993.0009)
(129.1235414 344.33384 3993.0009)
(404.0609241 344.33384 3993.0009)
(678.9983069 344.33384 3993.0009)
(953.9356897 344.33384 3993.0009)
(1228.873072 344.33384 3993.0009)
(1503.810455 344.33384 3993.0009)
(1778.747838 344.33384 3993.0009)
(2053.685221 344.33384 3993.0009)
(2328.622603 344.33384 3993.0009)
(2603.559986 344.33384 3993.0009)
(2878.497369 344.33384 3993.0009)
(3153.434752 344.33384 3993.0009)
(3428.372134 344.33384 3993.0009)
(3703.309517 344.33384 3993.0009)
(3978.2469 344.33384 3993.0009)
(-3994.9372 572.1391 3993.0009)
(-3719.999817 572.1391 3993.0009)
(-3445.062434 572.1391 3993.0009)
(-3170.125052 572.1391 3993.0009)
(-2895.187669 572.1391 3993.0009)
(-2620.250286 572.1391 3993.0009)
(-2345.312903 572.1391 3993.0009)
(-2070.375521 572.1391 3993.0009)
(-1795.438138 572.1391 3993.0009)
(-1520.500755 572.1391 3993.0009)
(-1245.563372 572.1391 3993.0009)
(-970.6259897 572.1391 3993.0009)
(-695.6886069 572.1391 3993.0009)
(-420.7512241 572.1391 3993.0009)
(-145.8138414 572.1391 3993.0009)
(129.1235414 572.1391 3993.0009)
(404.0609241 572.1391 3993.0009)
(678.9983069 572.1391 3993.0009)
(953.9356897 572.1391 3993.0009)
(1228.873072 572.1391 3993.0009)
(1503.810455 572.1391 3993.0009)
(1778.747838 572.1391 3993.0009)
(2053.685221 572.1391 3993.0009)
(2328.622603 572.1391 3993.0009)
(2603.559986 572.1391 3993.0009)
(2878.497369 572.1391 3993.0009)
(3153.434752 572.1391 3993.0009)
(3428.372134 572.1391 3993.0009)
(3703.309517 572.1391 3993.0009)
(3978.2469 572.1391 3993.0009)
(-3994.9372 799.94436 3993.0009)
(-3719.999817 799.94436 3993.0009)
(-3445.062434 799.94436 3993.0009)
(-3170.125052 799.94436 3993.0009)
(-2895.187669 799.94436 3993.0009)
(-2620.250286 799.94436 3993.0009)
(-2345.312903 799.94436 3993.0009)
(-2070.375521 799.94436 3993.0009)
(-1795.438138 799.94436 3993.0009)
(-1520.500755 799.94436 3993.0009)
(-1245.563372 799.94436 3993.0009)
(-970.6259897 799.94436 3993.0009)
(-695.6886069 799.94436 3993.0009)
(-420.7512241 799.94436 3993.0009)
(-145.8138414 799.94436 3993.0009)
(129.1235414 799.94436 3993.0009)
(404.0609241 799.94436 3993.0009)
(678.9983069 799.94436 3993.0009)
(953.9356897 799.94436 3993.0009)
(1228.873072 799.94436 3993.0009)
(1503.810455 799.94436 3993.0009)
(1778.747838 799.94436 3993.0009)
(2053.685221 799.94436 3993.0009)
(2328.622603 799.94436 3993.0009)
(2603.559986 799.94436 3993.0009)
(2878.497369 799.94436 3993.0009)
(3153.434752 799.94436 3993.0009)
(3428.372134 799.94436 3993.0009)
(3703.309517 799.94436 3993.0009)
(3978.2469 799.94436 3993.0009)
(-3994.9372 1027.74962 3993.0009)
(-3719.999817 1027.74962 3993.0009)
(-3445.062434 1027.74962 3993.0009)
(-3170.125052 1027.74962 3993.0009)
(-2895.187669 1027.74962 3993.0009)
(-2620.250286 1027.74962 3993.0009)
(-2345.312903 1027.74962 3993.0009)
(-2070.375521 1027.74962 3993.0009)
(-1795.438138 1027.74962 3993.0009)
(-1520.500755 1027.74962 3993.0009)
(-1245.563372 1027.74962 3993.0009)
(-970.6259897 1027.74962 3993.0009)
(-695.6886069 1027.74962 3993.0009)
(-420.7512241 1027.74962 3993.0009)
(-145.8138414 1027.74962 3993.0009)
(129.1235414 1027.74962 3993.0009)
(404.0609241 1027.74962 3993.0009)
(678.9983069 1027.74962 3993.0009)
(953.9356897 1027.74962 3993.0009)
(1228.873072 1027.74962 3993.0009)
(1503.810455 1027.74962 3993.0009)
(1778.747838 1027.74962 3993.0009)
(2053.685221 1027.74962 3993.0009)
(2328.622603 1027.74962 3993.0009)
(2603.559986 1027.74962 3993.0009)
(2878.497369 1027.74962 3993.0009)
(3153.434752 1027.74962 3993.0009)
(3428.372134 1027.74962 3993.0009)
(3703.309517 1027.74962 3993.0009)
(3978.2469 1027.74962 3993.0009)
(-3994.9372 1255.55488 3993.0009)
(-3719.999817 1255.55488 3993.0009)
(-3445.062434 1255.55488 3993.0009)
(-3170.125052 1255.55488 3993.0009)
(-2895.187669 1255.55488 3993.0009)
(-2620.250286 1255.55488 3993.0009)
(-2345.312903 1255.55488 3993.0009)
(-2070.375521 1255.55488 3993.0009)
(-1795.438138 1255.55488 3993.0009)
(-1520.500755 1255.55488 3993.0009)
(-1245.563372 1255.55488 3993.0009)
(-970.6259897 1255.55488 3993.0009)
(-695.6886069 1255.55488 3993.0009)
(-420.7512241 1255.55488 3993.0009)
(-145.8138414 1255.55488 3993.0009)
(129.1235414 1255.55488 3993.0009)
(404.0609241 1255.55488 3993.0009)
(678.9983069 1255.55488 3993.0009)
(953.9356897 1255.55488 3993.0009)
(1228.873072 1255.55488 3993.0009)
(1503.810455 1255.55488 3993.0009)
(1778.747838 1255.55488 3993.0009)
(2053.685221 1255.55488 3993.0009)
(2328.622603 1255.55488 3993.0009)
(2603.559986 1255.55488 3993.0009)
(2878.497369 1255.55488 3993.0009)
(3153.434752 1255.55488 3993.0009)
(3428.372134 1255.55488 3993.0009)
(3703.309517 1255.55488 3993.0009)
(3978.2469 1255.55488 3993.0009)
(-3994.9372 1483.36014 3993.0009)
(-3719.999817 1483.36014 3993.0009)
(-3445.062434 1483.36014 3993.0009)
(-3170.125052 1483.36014 3993.0009)
(-2895.187669 1483.36014 3993.0009)
(-2620.250286 1483.36014 3993.0009)
(-2345.312903 1483.36014 3993.0009)
(-2070.375521 1483.36014 3993.0009)
(-1795.438138 1483.36014 3993.0009)
(-1520.500755 1483.36014 3993.0009)
(-1245.563372 1483.36014 3993.0009)
(-970.6259897 1483.36014 3993.0009)
(-695.6886069 1483.36014 3993.0009)
(-420.7512241 1483.36014 3993.0009)
(-145.8138414 1483.36014 3993.0009)
(129.1235414 1483.36014 3993.0009)
(404.0609241 1483.36014 3993.0009)
(678.9983069 1483.36014 3993.0009)
(953.9356897 1483.36014 3993.0009)
(1228.873072 1483.36014 3993.0009)
(1503.810455 1483.36014 3993.0009)
(1778.747838 1483.36014 3993.0009)
(2053.685221 1483.36014 3993.0009)
(2328.622603 1483.36014 3993.0009)
(2603.559986 1483.36014 3993.0009)
(2878.497369 1483.36014 3993.0009)
(3153.434752 1483.36014 3993.0009)
(3428.372134 1483.36014 3993.0009)
(3703.309517 1483.36014 3993.0009)
(3978.2469 1483.36014 3993.0009)
(-3994.9372 1711.1654 3993.0009)
(-3719.999817 1711.1654 3993.0009)
(-3445.062434 1711.1654 3993.0009)
(-3170.125052 1711.1654 3993.0009)
(-2895.187669 1711.1654 3993.0009)
(-2620.250286 1711.1654 3993.0009)
(-2345.312903 1711.1654 3993.0009)
(-2070.375521 1711.1654 3993.0009)
(-1795.438138 1711.1654 3993.0009)
(-1520.500755 1711.1654 3993.0009)
(-1245.563372 1711.1654 3993.0009)
(-970.6259897 1711.1654 3993.0009)
(-695.6886069 1711.1654 3993.0009)
(-420.7512241 1711.1654 3993.0009)
(-145.8138414 1711.1654 3993.0009)
(129.1235414 1711.1654 3993.0009)
(404.0609241 1711.1654 3993.0009)
(678.9983069 1711.1654 3993.0009)
(953.9356897 1711.1654 3993.0009)
(1228.873072 1711.1654 3993.0009)
(1503.810455 1711.1654 3993.0009)
(1778.747838 1711.1654 3993.0009)
(2053.685221 1711.1654 3993.0009)
(2328.622603 1711.1654 3993.0009)
(2603.559986 1711.1654 3993.0009)
(2878.497369 1711.1654 3993.0009)
(3153.434752 1711.1654 3993.0009)
(3428.372134 1711.1654 3993.0009)
(3703.309517 1711.1654 3993.0009)
(3978.2469 1711.1654 3993.0009)
(-3994.9372 1938.97066 3993.0009)
(-3719.999817 1938.97066 3993.0009)
(-3445.062434 1938.97066 3993.0009)
(-3170.125052 1938.97066 3993.0009)
(-2895.187669 1938.97066 3993.0009)
(-2620.250286 1938.97066 3993.0009)
(-2345.312903 1938.97066 3993.0009)
(-2070.375521 1938.97066 3993.0009)
(-1795.438138 1938.97066 3993.0009)
(-1520.500755 1938.97066 3993.0009)
(-1245.563372 1938.97066 3993.0009)
(-970.6259897 1938.97066 3993.0009)
(-695.6886069 1938.97066 3993.0009)
(-420.7512241 1938.97066 3993.0009)
(-145.8138414 1938.97066 3993.0009)
(129.1235414 1938.97066 3993.0009)
(404.0609241 1938.97066 3993.0009)
(678.9983069 1938.97066 3993.0009)
(953.9356897 1938.97066 3993.0009)
(1228.873072 1938.97066 3993.0009)
(1503.810455 1938.97066 3993.0009)
(1778.747838 1938.97066 3993.0009)
(2053.685221 1938.97066 3993.0009)
(2328.622603 1938.97066 3993.0009)
(2603.559986 1938.97066 3993.0009)
(2878.497369 1938.97066 3993.0009)
(3153.434752 1938.97066 3993.0009)
(3428.372134 1938.97066 3993.0009)
(3703.309517 1938.97066 3993.0009)
(3978.2469 1938.97066 3993.0009)
(-3994.9372 2166.77592 3993.0009)
(-3719.999817 2166.77592 3993.0009)
(-3445.062434 2166.77592 3993.0009)
(-3170.125052 2166.77592 3993.0009)
(-2895.187669 2166.77592 3993.0009)
(-2620.250286 2166.77592 3993.0009)
(-2345.312903 2166.77592 3993.0009)
(-2070.375521 2166.77592 3993.0009)
(-1795.438138 2166.77592 3993.0009)
(-1520.500755 2166.77592 3993.0009)
(-1245.563372 2166.77592 3993.0009)
(-970.6259897 2166.77592 3993.0009)
(-695.6886069 2166.77592 3993.0009)
(-420.7512241 2166.77592 3993.0009)
(-145.8138414 2166.77592 3993.0009)
(129.1235414 2166.77592 3993.0009)
(404.0609241 2166.77592 3993.0009)
(678.9983069 2166.77592 3993.0009)
(953.9356897 2166.77592 3993.0009)
(1228.873072 2166.77592 3993.0009)
(1503.810455 2166.77592 3993.0009)
(1778.747838 2166.77592 3993.0009)
(2053.685221 2166.77592 3993.0009)
(2328.622603 2166.77592 3993.0009)
(2603.559986 2166.77592 3993.0009)
(2878.497369 2166.77592 3993.0009)
(3153.434752 2166.77592 3993.0009)
(3428.372134 2166.77592 3993.0009)
(3703.309517 2166.77592 3993.0009)
(3978.2469 2166.77592 3993.0009)
(-3994.9372 2394.58118 3993.0009)
(-3719.999817 2394.58118 3993.0009)
(-3445.062434 2394.58118 3993.0009)
(-3170.125052 2394.58118 3993.0009)
(-2895.187669 2394.58118 3993.0009)
(-2620.250286 2394.58118 3993.0009)
(-2345.312903 2394.58118 3993.0009)
(-2070.375521 2394.58118 3993.0009)
(-1795.438138 2394.58118 3993.0009)
(-1520.500755 2394.58118 3993.0009)
(-1245.563372 2394.58118 3993.0009)
(-970.6259897 2394.58118 3993.0009)
(-695.6886069 2394.58118 3993.0009)
(-420.7512241 2394.58118 3993.0009)
(-145.8138414 2394.58118 3993.0009)
(129.1235414 2394.58118 3993.0009)
(404.0609241 2394.58118 3993.0009)
(678.9983069 2394.58118 3993.0009)
(953.9356897 2394.58118 3993.0009)
(1228.873072 2394.58118 3993.0009)
(1503.810455 2394.58118 3993.0009)
(1778.747838 2394.58118 3993.0009)
(2053.685221 2394.58118 3993.0009)
(2328.622603 2394.58118 3993.0009)
(2603.559986 2394.58118 3993.0009)
(2878.497369 2394.58118 3993.0009)
(3153.434752 2394.58118 3993.0009)
(3428.372134 2394.58118 3993.0009)
(3703.309517 2394.58118 3993.0009)
(3978.2469 2394.58118 3993.0009)
(-3994.9372 2622.38644 3993.0009)
(-3719.999817 2622.38644 3993.0009)
(-3445.062434 2622.38644 3993.0009)
(-3170.125052 2622.38644 3993.0009)
(-2895.187669 2622.38644 3993.0009)
(-2620.250286 2622.38644 3993.0009)
(-2345.312903 2622.38644 3993.0009)
(-2070.375521 2622.38644 3993.0009)
(-1795.438138 2622.38644 3993.0009)
(-1520.500755 2622.38644 3993.0009)
(-1245.563372 2622.38644 3993.0009)
(-970.6259897 2622.38644 3993.0009)
(-695.6886069 2622.38644 3993.0009)
(-420.7512241 2622.38644 3993.0009)
(-145.8138414 2622.38644 3993.0009)
(129.1235414 2622.38644 3993.0009)
(404.0609241 2622.38644 3993.0009)
(678.9983069 2622.38644 3993.0009)
(953.9356897 2622.38644 3993.0009)
(1228.873072 2622.38644 3993.0009)
(1503.810455 2622.38644 3993.0009)
(1778.747838 2622.38644 3993.0009)
(2053.685221 2622.38644 3993.0009)
(2328.622603 2622.38644 3993.0009)
(2603.559986 2622.38644 3993.0009)
(2878.497369 2622.38644 3993.0009)
(3153.434752 2622.38644 3993.0009)
(3428.372134 2622.38644 3993.0009)
(3703.309517 2622.38644 3993.0009)
(3978.2469 2622.38644 3993.0009)
(-3994.9372 2850.1917 3993.0009)
(-3719.999817 2850.1917 3993.0009)
(-3445.062434 2850.1917 3993.0009)
(-3170.125052 2850.1917 3993.0009)
(-2895.187669 2850.1917 3993.0009)
(-2620.250286 2850.1917 3993.0009)
(-2345.312903 2850.1917 3993.0009)
(-2070.375521 2850.1917 3993.0009)
(-1795.438138 2850.1917 3993.0009)
(-1520.500755 2850.1917 3993.0009)
(-1245.563372 2850.1917 3993.0009)
(-970.6259897 2850.1917 3993.0009)
(-695.6886069 2850.1917 3993.0009)
(-420.7512241 2850.1917 3993.0009)
(-145.8138414 2850.1917 3993.0009)
(129.1235414 2850.1917 3993.0009)
(404.0609241 2850.1917 3993.0009)
(678.9983069 2850.1917 3993.0009)
(953.9356897 2850.1917 3993.0009)
(1228.873072 2850.1917 3993.0009)
(1503.810455 2850.1917 3993.0009)
(1778.747838 2850.1917 3993.0009)
(2053.685221 2850.1917 3993.0009)
(2328.622603 2850.1917 3993.0009)
(2603.559986 2850.1917 3993.0009)
(2878.497369 2850.1917 3993.0009)
(3153.434752 2850.1917 3993.0009)
(3428.372134 2850.1917 3993.0009)
(3703.309517 2850.1917 3993.0009)
(3978.2469 2850.1917 3993.0009)
(-3994.9372 3077.99696 3993.0009)
(-3719.999817 3077.99696 3993.0009)
(-3445.062434 3077.99696 3993.0009)
(-3170.125052 3077.99696 3993.0009)
(-2895.187669 3077.99696 3993.0009)
(-2620.250286 3077.99696 3993.0009)
(-2345.312903 3077.99696 3993.0009)
(-2070.375521 3077.99696 3993.0009)
(-1795.438138 3077.99696 3993.0009)
(-1520.500755 3077.99696 3993.0009)
(-1245.563372 3077.99696 3993.0009)
(-970.6259897 3077.99696 3993.0009)
(-695.6886069 3077.99696 3993.0009)
(-420.7512241 3077.99696 3993.0009)
(-145.8138414 3077.99696 3993.0009)
(129.1235414 3077.99696 3993.0009)
(404.0609241 3077.99696 3993.0009)
(678.9983069 3077.99696 3993.0009)
(953.9356897 3077.99696 3993.0009)
(1228.873072 3077.99696 3993.0009)
(1503.810455 3077.99696 3993.0009)
(1778.747838 3077.99696 3993.0009)
(2053.685221 3077.99696 3993.0009)
(2328.622603 3077.99696 3993.0009)
(2603.559986 3077.99696 3993.0009)
(2878.497369 3077.99696 3993.0009)
(3153.434752 3077.99696 3993.0009)
(3428.372134 3077.99696 3993.0009)
(3703.309517 3077.99696 3993.0009)
(3978.2469 3077.99696 3993.0009)
(-3994.9372 3305.80222 3993.0009)
(-3719.999817 3305.80222 3993.0009)
(-3445.062434 3305.80222 3993.0009)
(-3170.125052 3305.80222 3993.0009)
(-2895.187669 3305.80222 3993.0009)
(-2620.250286 3305.80222 3993.0009)
(-2345.312903 3305.80222 3993.0009)
(-2070.375521 3305.80222 3993.0009)
(-1795.438138 3305.80222 3993.0009)
(-1520.500755 3305.80222 3993.0009)
(-1245.563372 3305.80222 3993.0009)
(-970.6259897 3305.80222 3993.0009)
(-695.6886069 3305.80222 3993.0009)
(-420.7512241 3305.80222 3993.0009)
(-145.8138414 3305.80222 3993.0009)
(129.1235414 3305.80222 3993.0009)
(404.0609241 3305.80222 3993.0009)
(678.9983069 3305.80222 3993.0009)
(953.9356897 3305.80222 3993.0009)
(1228.873072 3305.80222 3993.0009)
(1503.810455 3305.80222 3993.0009)
(1778.747838 3305.80222 3993.0009)
(2053.685221 3305.80222 3993.0009)
(2328.622603 3305.80222 3993.0009)
(2603.559986 3305.80222 3993.0009)
(2878.497369 3305.80222 3993.0009)
(3153.434752 3305.80222 3993.0009)
(3428.372134 3305.80222 3993.0009)
(3703.309517 3305.80222 3993.0009)
(3978.2469 3305.80222 3993.0009)
(-3994.9372 3533.60748 3993.0009)
(-3719.999817 3533.60748 3993.0009)
(-3445.062434 3533.60748 3993.0009)
(-3170.125052 3533.60748 3993.0009)
(-2895.187669 3533.60748 3993.0009)
(-2620.250286 3533.60748 3993.0009)
(-2345.312903 3533.60748 3993.0009)
(-2070.375521 3533.60748 3993.0009)
(-1795.438138 3533.60748 3993.0009)
(-1520.500755 3533.60748 3993.0009)
(-1245.563372 3533.60748 3993.0009)
(-970.6259897 3533.60748 3993.0009)
(-695.6886069 3533.60748 3993.0009)
(-420.7512241 3533.60748 3993.0009)
(-145.8138414 3533.60748 3993.0009)
(129.1235414 3533.60748 3993.0009)
(404.0609241 3533.60748 3993.0009)
(678.9983069 3533.60748 3993.0009)
(953.9356897 3533.60748 3993.0009)
(1228.873072 3533.60748 3993.0009)
(1503.810455 3533.60748 3993.0009)
(1778.747838 3533.60748 3993.0009)
(2053.685221 3533.60748 3993.0009)
(2328.622603 3533.60748 3993.0009)
(2603.559986 3533.60748 3993.0009)
(2878.497369 3533.60748 3993.0009)
(3153.434752 3533.60748 3993.0009)
(3428.372134 3533.60748 3993.0009)
(3703.309517 3533.60748 3993.0009)
(3978.2469 3533.60748 3993.0009)
(-3994.9372 3761.41274 3993.0009)
(-3719.999817 3761.41274 3993.0009)
(-3445.062434 3761.41274 3993.0009)
(-3170.125052 3761.41274 3993.0009)
(-2895.187669 3761.41274 3993.0009)
(-2620.250286 3761.41274 3993.0009)
(-2345.312903 3761.41274 3993.0009)
(-2070.375521 3761.41274 3993.0009)
(-1795.438138 3761.41274 3993.0009)
(-1520.500755 3761.41274 3993.0009)
(-1245.563372 3761.41274 3993.0009)
(-970.6259897 3761.41274 3993.0009)
(-695.6886069 3761.41274 3993.0009)
(-420.7512241 3761.41274 3993.0009)
(-145.8138414 3761.41274 3993.0009)
(129.1235414 3761.41274 3993.0009)
(404.0609241 3761.41274 3993.0009)
(678.9983069 3761.41274 3993.0009)
(953.9356897 3761.41274 3993.0009)
(1228.873072 3761.41274 3993.0009)
(1503.810455 3761.41274 3993.0009)
(1778.747838 3761.41274 3993.0009)
(2053.685221 3761.41274 3993.0009)
(2328.622603 3761.41274 3993.0009)
(2603.559986 3761.41274 3993.0009)
(2878.497369 3761.41274 3993.0009)
(3153.434752 3761.41274 3993.0009)
(3428.372134 3761.41274 3993.0009)
(3703.309517 3761.41274 3993.0009)
(3978.2469 3761.41274 3993.0009)
(-3994.9372 3989.218 3993.0009)
(-3719.999817 3989.218 3993.0009)
(-3445.062434 3989.218 3993.0009)
(-3170.125052 3989.218 3993.0009)
(-2895.187669 3989.218 3993.0009)
(-2620.250286 3989.218 3993.0009)
(-2345.312903 3989.218 3993.0009)
(-2070.375521 3989.218 3993.0009)
(-1795.438138 3989.218 3993.0009)
(-1520.500755 3989.218 3993.0009)
(-1245.563372 3989.218 3993.0009)
(-970.6259897 3989.218 3993.0009)
(-695.6886069 3989.218 3993.0009)
(-420.7512241 3989.218 3993.0009)
(-145.8138414 3989.218 3993.0009)
(129.1235414 3989.218 3993.0009)
(404.0609241 3989.218 3993.0009)
(678.9983069 3989.218 3993.0009)
(953.9356897 3989.218 3993.0009)
(1228.873072 3989.218 3993.0009)
(1503.810455 3989.218 3993.0009)
(1778.747838 3989.218 3993.0009)
(2053.685221 3989.218 3993.0009)
(2328.622603 3989.218 3993.0009)
(2603.559986 3989.218 3993.0009)
(2878.497369 3989.218 3993.0009)
(3153.434752 3989.218 3993.0009)
(3428.372134 3989.218 3993.0009)
(3703.309517 3989.218 3993.0009)
(3978.2469 3989.218 3993.0009)
)


// ************************************************************************* //
