/*--------------------------------*- C++ -*----------------------------------*\
  =========                 |
  \\      /  F ield         | OpenFOAM: The Open Source CFD Toolbox
   \\    /   O peration     | Website:  https://openfoam.org
    \\  /    A nd           | Version:  10
     \\/     M anipulation  |
\*---------------------------------------------------------------------------*/
FoamFile
{
    format      ascii;
    class       vectorField;
    location    "constant/polyMesh";
    object      points;
}
// * * * * * * * * * * * * * * * * * * * * * * * * * * * * * * * * * * * * * //


21600
(
(-3986.0215 -3983.9661 -3987.7076)
(-3711.084121 -3983.9661 -3987.7076)
(-3436.146741 -3983.9661 -3987.7076)
(-3161.209362 -3983.9661 -3987.7076)
(-2886.271983 -3983.9661 -3987.7076)
(-2611.334603 -3983.9661 -3987.7076)
(-2336.397224 -3983.9661 -3987.7076)
(-2061.459845 -3983.9661 -3987.7076)
(-1786.522466 -3983.9661 -3987.7076)
(-1511.585086 -3983.9661 -3987.7076)
(-1236.647707 -3983.9661 -3987.7076)
(-961.7103276 -3983.9661 -3987.7076)
(-686.7729483 -3983.9661 -3987.7076)
(-411.835569 -3983.9661 -3987.7076)
(-136.8981897 -3983.9661 -3987.7076)
(138.0391897 -3983.9661 -3987.7076)
(412.976569 -3983.9661 -3987.7076)
(687.9139483 -3983.9661 -3987.7076)
(962.8513276 -3983.9661 -3987.7076)
(1237.788707 -3983.9661 -3987.7076)
(1512.726086 -3983.9661 -3987.7076)
(1787.663466 -3983.9661 -3987.7076)
(2062.600845 -3983.9661 -3987.7076)
(2337.538224 -3983.9661 -3987.7076)
(2612.475603 -3983.9661 -3987.7076)
(2887.412983 -3983.9661 -3987.7076)
(3162.350362 -3983.9661 -3987.7076)
(3437.287741 -3983.9661 -3987.7076)
(3712.225121 -3983.9661 -3987.7076)
(3987.1625 -3983.9661 -3987.7076)
(-3986.0215 -3756.16084 -3987.7076)
(-3711.084121 -3756.16084 -3987.7076)
(-3436.146741 -3756.16084 -3987.7076)
(-3161.209362 -3756.16084 -3987.7076)
(-2886.271983 -3756.16084 -3987.7076)
(-2611.334603 -3756.16084 -3987.7076)
(-2336.397224 -3756.16084 -3987.7076)
(-2061.459845 -3756.16084 -3987.7076)
(-1786.522466 -3756.16084 -3987.7076)
(-1511.585086 -3756.16084 -3987.7076)
(-1236.647707 -3756.16084 -3987.7076)
(-961.7103276 -3756.16084 -3987.7076)
(-686.7729483 -3756.16084 -3987.7076)
(-411.835569 -3756.16084 -3987.7076)
(-136.8981897 -3756.16084 -3987.7076)
(138.0391897 -3756.16084 -3987.7076)
(412.976569 -3756.16084 -3987.7076)
(687.9139483 -3756.16084 -3987.7076)
(962.8513276 -3756.16084 -3987.7076)
(1237.788707 -3756.16084 -3987.7076)
(1512.726086 -3756.16084 -3987.7076)
(1787.663466 -3756.16084 -3987.7076)
(2062.600845 -3756.16084 -3987.7076)
(2337.538224 -3756.16084 -3987.7076)
(2612.475603 -3756.16084 -3987.7076)
(2887.412983 -3756.16084 -3987.7076)
(3162.350362 -3756.16084 -3987.7076)
(3437.287741 -3756.16084 -3987.7076)
(3712.225121 -3756.16084 -3987.7076)
(3987.1625 -3756.16084 -3987.7076)
(-3986.0215 -3528.35558 -3987.7076)
(-3711.084121 -3528.35558 -3987.7076)
(-3436.146741 -3528.35558 -3987.7076)
(-3161.209362 -3528.35558 -3987.7076)
(-2886.271983 -3528.35558 -3987.7076)
(-2611.334603 -3528.35558 -3987.7076)
(-2336.397224 -3528.35558 -3987.7076)
(-2061.459845 -3528.35558 -3987.7076)
(-1786.522466 -3528.35558 -3987.7076)
(-1511.585086 -3528.35558 -3987.7076)
(-1236.647707 -3528.35558 -3987.7076)
(-961.7103276 -3528.35558 -3987.7076)
(-686.7729483 -3528.35558 -3987.7076)
(-411.835569 -3528.35558 -3987.7076)
(-136.8981897 -3528.35558 -3987.7076)
(138.0391897 -3528.35558 -3987.7076)
(412.976569 -3528.35558 -3987.7076)
(687.9139483 -3528.35558 -3987.7076)
(962.8513276 -3528.35558 -3987.7076)
(1237.788707 -3528.35558 -3987.7076)
(1512.726086 -3528.35558 -3987.7076)
(1787.663466 -3528.35558 -3987.7076)
(2062.600845 -3528.35558 -3987.7076)
(2337.538224 -3528.35558 -3987.7076)
(2612.475603 -3528.35558 -3987.7076)
(2887.412983 -3528.35558 -3987.7076)
(3162.350362 -3528.35558 -3987.7076)
(3437.287741 -3528.35558 -3987.7076)
(3712.225121 -3528.35558 -3987.7076)
(3987.1625 -3528.35558 -3987.7076)
(-3986.0215 -3300.55032 -3987.7076)
(-3711.084121 -3300.55032 -3987.7076)
(-3436.146741 -3300.55032 -3987.7076)
(-3161.209362 -3300.55032 -3987.7076)
(-2886.271983 -3300.55032 -3987.7076)
(-2611.334603 -3300.55032 -3987.7076)
(-2336.397224 -3300.55032 -3987.7076)
(-2061.459845 -3300.55032 -3987.7076)
(-1786.522466 -3300.55032 -3987.7076)
(-1511.585086 -3300.55032 -3987.7076)
(-1236.647707 -3300.55032 -3987.7076)
(-961.7103276 -3300.55032 -3987.7076)
(-686.7729483 -3300.55032 -3987.7076)
(-411.835569 -3300.55032 -3987.7076)
(-136.8981897 -3300.55032 -3987.7076)
(138.0391897 -3300.55032 -3987.7076)
(412.976569 -3300.55032 -3987.7076)
(687.9139483 -3300.55032 -3987.7076)
(962.8513276 -3300.55032 -3987.7076)
(1237.788707 -3300.55032 -3987.7076)
(1512.726086 -3300.55032 -3987.7076)
(1787.663466 -3300.55032 -3987.7076)
(2062.600845 -3300.55032 -3987.7076)
(2337.538224 -3300.55032 -3987.7076)
(2612.475603 -3300.55032 -3987.7076)
(2887.412983 -3300.55032 -3987.7076)
(3162.350362 -3300.55032 -3987.7076)
(3437.287741 -3300.55032 -3987.7076)
(3712.225121 -3300.55032 -3987.7076)
(3987.1625 -3300.55032 -3987.7076)
(-3986.0215 -3072.74506 -3987.7076)
(-3711.084121 -3072.74506 -3987.7076)
(-3436.146741 -3072.74506 -3987.7076)
(-3161.209362 -3072.74506 -3987.7076)
(-2886.271983 -3072.74506 -3987.7076)
(-2611.334603 -3072.74506 -3987.7076)
(-2336.397224 -3072.74506 -3987.7076)
(-2061.459845 -3072.74506 -3987.7076)
(-1786.522466 -3072.74506 -3987.7076)
(-1511.585086 -3072.74506 -3987.7076)
(-1236.647707 -3072.74506 -3987.7076)
(-961.7103276 -3072.74506 -3987.7076)
(-686.7729483 -3072.74506 -3987.7076)
(-411.835569 -3072.74506 -3987.7076)
(-136.8981897 -3072.74506 -3987.7076)
(138.0391897 -3072.74506 -3987.7076)
(412.976569 -3072.74506 -3987.7076)
(687.9139483 -3072.74506 -3987.7076)
(962.8513276 -3072.74506 -3987.7076)
(1237.788707 -3072.74506 -3987.7076)
(1512.726086 -3072.74506 -3987.7076)
(1787.663466 -3072.74506 -3987.7076)
(2062.600845 -3072.74506 -3987.7076)
(2337.538224 -3072.74506 -3987.7076)
(2612.475603 -3072.74506 -3987.7076)
(2887.412983 -3072.74506 -3987.7076)
(3162.350362 -3072.74506 -3987.7076)
(3437.287741 -3072.74506 -3987.7076)
(3712.225121 -3072.74506 -3987.7076)
(3987.1625 -3072.74506 -3987.7076)
(-3986.0215 -2844.9398 -3987.7076)
(-3711.084121 -2844.9398 -3987.7076)
(-3436.146741 -2844.9398 -3987.7076)
(-3161.209362 -2844.9398 -3987.7076)
(-2886.271983 -2844.9398 -3987.7076)
(-2611.334603 -2844.9398 -3987.7076)
(-2336.397224 -2844.9398 -3987.7076)
(-2061.459845 -2844.9398 -3987.7076)
(-1786.522466 -2844.9398 -3987.7076)
(-1511.585086 -2844.9398 -3987.7076)
(-1236.647707 -2844.9398 -3987.7076)
(-961.7103276 -2844.9398 -3987.7076)
(-686.7729483 -2844.9398 -3987.7076)
(-411.835569 -2844.9398 -3987.7076)
(-136.8981897 -2844.9398 -3987.7076)
(138.0391897 -2844.9398 -3987.7076)
(412.976569 -2844.9398 -3987.7076)
(687.9139483 -2844.9398 -3987.7076)
(962.8513276 -2844.9398 -3987.7076)
(1237.788707 -2844.9398 -3987.7076)
(1512.726086 -2844.9398 -3987.7076)
(1787.663466 -2844.9398 -3987.7076)
(2062.600845 -2844.9398 -3987.7076)
(2337.538224 -2844.9398 -3987.7076)
(2612.475603 -2844.9398 -3987.7076)
(2887.412983 -2844.9398 -3987.7076)
(3162.350362 -2844.9398 -3987.7076)
(3437.287741 -2844.9398 -3987.7076)
(3712.225121 -2844.9398 -3987.7076)
(3987.1625 -2844.9398 -3987.7076)
(-3986.0215 -2617.13454 -3987.7076)
(-3711.084121 -2617.13454 -3987.7076)
(-3436.146741 -2617.13454 -3987.7076)
(-3161.209362 -2617.13454 -3987.7076)
(-2886.271983 -2617.13454 -3987.7076)
(-2611.334603 -2617.13454 -3987.7076)
(-2336.397224 -2617.13454 -3987.7076)
(-2061.459845 -2617.13454 -3987.7076)
(-1786.522466 -2617.13454 -3987.7076)
(-1511.585086 -2617.13454 -3987.7076)
(-1236.647707 -2617.13454 -3987.7076)
(-961.7103276 -2617.13454 -3987.7076)
(-686.7729483 -2617.13454 -3987.7076)
(-411.835569 -2617.13454 -3987.7076)
(-136.8981897 -2617.13454 -3987.7076)
(138.0391897 -2617.13454 -3987.7076)
(412.976569 -2617.13454 -3987.7076)
(687.9139483 -2617.13454 -3987.7076)
(962.8513276 -2617.13454 -3987.7076)
(1237.788707 -2617.13454 -3987.7076)
(1512.726086 -2617.13454 -3987.7076)
(1787.663466 -2617.13454 -3987.7076)
(2062.600845 -2617.13454 -3987.7076)
(2337.538224 -2617.13454 -3987.7076)
(2612.475603 -2617.13454 -3987.7076)
(2887.412983 -2617.13454 -3987.7076)
(3162.350362 -2617.13454 -3987.7076)
(3437.287741 -2617.13454 -3987.7076)
(3712.225121 -2617.13454 -3987.7076)
(3987.1625 -2617.13454 -3987.7076)
(-3986.0215 -2389.32928 -3987.7076)
(-3711.084121 -2389.32928 -3987.7076)
(-3436.146741 -2389.32928 -3987.7076)
(-3161.209362 -2389.32928 -3987.7076)
(-2886.271983 -2389.32928 -3987.7076)
(-2611.334603 -2389.32928 -3987.7076)
(-2336.397224 -2389.32928 -3987.7076)
(-2061.459845 -2389.32928 -3987.7076)
(-1786.522466 -2389.32928 -3987.7076)
(-1511.585086 -2389.32928 -3987.7076)
(-1236.647707 -2389.32928 -3987.7076)
(-961.7103276 -2389.32928 -3987.7076)
(-686.7729483 -2389.32928 -3987.7076)
(-411.835569 -2389.32928 -3987.7076)
(-136.8981897 -2389.32928 -3987.7076)
(138.0391897 -2389.32928 -3987.7076)
(412.976569 -2389.32928 -3987.7076)
(687.9139483 -2389.32928 -3987.7076)
(962.8513276 -2389.32928 -3987.7076)
(1237.788707 -2389.32928 -3987.7076)
(1512.726086 -2389.32928 -3987.7076)
(1787.663466 -2389.32928 -3987.7076)
(2062.600845 -2389.32928 -3987.7076)
(2337.538224 -2389.32928 -3987.7076)
(2612.475603 -2389.32928 -3987.7076)
(2887.412983 -2389.32928 -3987.7076)
(3162.350362 -2389.32928 -3987.7076)
(3437.287741 -2389.32928 -3987.7076)
(3712.225121 -2389.32928 -3987.7076)
(3987.1625 -2389.32928 -3987.7076)
(-3986.0215 -2161.52402 -3987.7076)
(-3711.084121 -2161.52402 -3987.7076)
(-3436.146741 -2161.52402 -3987.7076)
(-3161.209362 -2161.52402 -3987.7076)
(-2886.271983 -2161.52402 -3987.7076)
(-2611.334603 -2161.52402 -3987.7076)
(-2336.397224 -2161.52402 -3987.7076)
(-2061.459845 -2161.52402 -3987.7076)
(-1786.522466 -2161.52402 -3987.7076)
(-1511.585086 -2161.52402 -3987.7076)
(-1236.647707 -2161.52402 -3987.7076)
(-961.7103276 -2161.52402 -3987.7076)
(-686.7729483 -2161.52402 -3987.7076)
(-411.835569 -2161.52402 -3987.7076)
(-136.8981897 -2161.52402 -3987.7076)
(138.0391897 -2161.52402 -3987.7076)
(412.976569 -2161.52402 -3987.7076)
(687.9139483 -2161.52402 -3987.7076)
(962.8513276 -2161.52402 -3987.7076)
(1237.788707 -2161.52402 -3987.7076)
(1512.726086 -2161.52402 -3987.7076)
(1787.663466 -2161.52402 -3987.7076)
(2062.600845 -2161.52402 -3987.7076)
(2337.538224 -2161.52402 -3987.7076)
(2612.475603 -2161.52402 -3987.7076)
(2887.412983 -2161.52402 -3987.7076)
(3162.350362 -2161.52402 -3987.7076)
(3437.287741 -2161.52402 -3987.7076)
(3712.225121 -2161.52402 -3987.7076)
(3987.1625 -2161.52402 -3987.7076)
(-3986.0215 -1933.71876 -3987.7076)
(-3711.084121 -1933.71876 -3987.7076)
(-3436.146741 -1933.71876 -3987.7076)
(-3161.209362 -1933.71876 -3987.7076)
(-2886.271983 -1933.71876 -3987.7076)
(-2611.334603 -1933.71876 -3987.7076)
(-2336.397224 -1933.71876 -3987.7076)
(-2061.459845 -1933.71876 -3987.7076)
(-1786.522466 -1933.71876 -3987.7076)
(-1511.585086 -1933.71876 -3987.7076)
(-1236.647707 -1933.71876 -3987.7076)
(-961.7103276 -1933.71876 -3987.7076)
(-686.7729483 -1933.71876 -3987.7076)
(-411.835569 -1933.71876 -3987.7076)
(-136.8981897 -1933.71876 -3987.7076)
(138.0391897 -1933.71876 -3987.7076)
(412.976569 -1933.71876 -3987.7076)
(687.9139483 -1933.71876 -3987.7076)
(962.8513276 -1933.71876 -3987.7076)
(1237.788707 -1933.71876 -3987.7076)
(1512.726086 -1933.71876 -3987.7076)
(1787.663466 -1933.71876 -3987.7076)
(2062.600845 -1933.71876 -3987.7076)
(2337.538224 -1933.71876 -3987.7076)
(2612.475603 -1933.71876 -3987.7076)
(2887.412983 -1933.71876 -3987.7076)
(3162.350362 -1933.71876 -3987.7076)
(3437.287741 -1933.71876 -3987.7076)
(3712.225121 -1933.71876 -3987.7076)
(3987.1625 -1933.71876 -3987.7076)
(-3986.0215 -1705.9135 -3987.7076)
(-3711.084121 -1705.9135 -3987.7076)
(-3436.146741 -1705.9135 -3987.7076)
(-3161.209362 -1705.9135 -3987.7076)
(-2886.271983 -1705.9135 -3987.7076)
(-2611.334603 -1705.9135 -3987.7076)
(-2336.397224 -1705.9135 -3987.7076)
(-2061.459845 -1705.9135 -3987.7076)
(-1786.522466 -1705.9135 -3987.7076)
(-1511.585086 -1705.9135 -3987.7076)
(-1236.647707 -1705.9135 -3987.7076)
(-961.7103276 -1705.9135 -3987.7076)
(-686.7729483 -1705.9135 -3987.7076)
(-411.835569 -1705.9135 -3987.7076)
(-136.8981897 -1705.9135 -3987.7076)
(138.0391897 -1705.9135 -3987.7076)
(412.976569 -1705.9135 -3987.7076)
(687.9139483 -1705.9135 -3987.7076)
(962.8513276 -1705.9135 -3987.7076)
(1237.788707 -1705.9135 -3987.7076)
(1512.726086 -1705.9135 -3987.7076)
(1787.663466 -1705.9135 -3987.7076)
(2062.600845 -1705.9135 -3987.7076)
(2337.538224 -1705.9135 -3987.7076)
(2612.475603 -1705.9135 -3987.7076)
(2887.412983 -1705.9135 -3987.7076)
(3162.350362 -1705.9135 -3987.7076)
(3437.287741 -1705.9135 -3987.7076)
(3712.225121 -1705.9135 -3987.7076)
(3987.1625 -1705.9135 -3987.7076)
(-3986.0215 -1478.10824 -3987.7076)
(-3711.084121 -1478.10824 -3987.7076)
(-3436.146741 -1478.10824 -3987.7076)
(-3161.209362 -1478.10824 -3987.7076)
(-2886.271983 -1478.10824 -3987.7076)
(-2611.334603 -1478.10824 -3987.7076)
(-2336.397224 -1478.10824 -3987.7076)
(-2061.459845 -1478.10824 -3987.7076)
(-1786.522466 -1478.10824 -3987.7076)
(-1511.585086 -1478.10824 -3987.7076)
(-1236.647707 -1478.10824 -3987.7076)
(-961.7103276 -1478.10824 -3987.7076)
(-686.7729483 -1478.10824 -3987.7076)
(-411.835569 -1478.10824 -3987.7076)
(-136.8981897 -1478.10824 -3987.7076)
(138.0391897 -1478.10824 -3987.7076)
(412.976569 -1478.10824 -3987.7076)
(687.9139483 -1478.10824 -3987.7076)
(962.8513276 -1478.10824 -3987.7076)
(1237.788707 -1478.10824 -3987.7076)
(1512.726086 -1478.10824 -3987.7076)
(1787.663466 -1478.10824 -3987.7076)
(2062.600845 -1478.10824 -3987.7076)
(2337.538224 -1478.10824 -3987.7076)
(2612.475603 -1478.10824 -3987.7076)
(2887.412983 -1478.10824 -3987.7076)
(3162.350362 -1478.10824 -3987.7076)
(3437.287741 -1478.10824 -3987.7076)
(3712.225121 -1478.10824 -3987.7076)
(3987.1625 -1478.10824 -3987.7076)
(-3986.0215 -1250.30298 -3987.7076)
(-3711.084121 -1250.30298 -3987.7076)
(-3436.146741 -1250.30298 -3987.7076)
(-3161.209362 -1250.30298 -3987.7076)
(-2886.271983 -1250.30298 -3987.7076)
(-2611.334603 -1250.30298 -3987.7076)
(-2336.397224 -1250.30298 -3987.7076)
(-2061.459845 -1250.30298 -3987.7076)
(-1786.522466 -1250.30298 -3987.7076)
(-1511.585086 -1250.30298 -3987.7076)
(-1236.647707 -1250.30298 -3987.7076)
(-961.7103276 -1250.30298 -3987.7076)
(-686.7729483 -1250.30298 -3987.7076)
(-411.835569 -1250.30298 -3987.7076)
(-136.8981897 -1250.30298 -3987.7076)
(138.0391897 -1250.30298 -3987.7076)
(412.976569 -1250.30298 -3987.7076)
(687.9139483 -1250.30298 -3987.7076)
(962.8513276 -1250.30298 -3987.7076)
(1237.788707 -1250.30298 -3987.7076)
(1512.726086 -1250.30298 -3987.7076)
(1787.663466 -1250.30298 -3987.7076)
(2062.600845 -1250.30298 -3987.7076)
(2337.538224 -1250.30298 -3987.7076)
(2612.475603 -1250.30298 -3987.7076)
(2887.412983 -1250.30298 -3987.7076)
(3162.350362 -1250.30298 -3987.7076)
(3437.287741 -1250.30298 -3987.7076)
(3712.225121 -1250.30298 -3987.7076)
(3987.1625 -1250.30298 -3987.7076)
(-3986.0215 -1022.49772 -3987.7076)
(-3711.084121 -1022.49772 -3987.7076)
(-3436.146741 -1022.49772 -3987.7076)
(-3161.209362 -1022.49772 -3987.7076)
(-2886.271983 -1022.49772 -3987.7076)
(-2611.334603 -1022.49772 -3987.7076)
(-2336.397224 -1022.49772 -3987.7076)
(-2061.459845 -1022.49772 -3987.7076)
(-1786.522466 -1022.49772 -3987.7076)
(-1511.585086 -1022.49772 -3987.7076)
(-1236.647707 -1022.49772 -3987.7076)
(-961.7103276 -1022.49772 -3987.7076)
(-686.7729483 -1022.49772 -3987.7076)
(-411.835569 -1022.49772 -3987.7076)
(-136.8981897 -1022.49772 -3987.7076)
(138.0391897 -1022.49772 -3987.7076)
(412.976569 -1022.49772 -3987.7076)
(687.9139483 -1022.49772 -3987.7076)
(962.8513276 -1022.49772 -3987.7076)
(1237.788707 -1022.49772 -3987.7076)
(1512.726086 -1022.49772 -3987.7076)
(1787.663466 -1022.49772 -3987.7076)
(2062.600845 -1022.49772 -3987.7076)
(2337.538224 -1022.49772 -3987.7076)
(2612.475603 -1022.49772 -3987.7076)
(2887.412983 -1022.49772 -3987.7076)
(3162.350362 -1022.49772 -3987.7076)
(3437.287741 -1022.49772 -3987.7076)
(3712.225121 -1022.49772 -3987.7076)
(3987.1625 -1022.49772 -3987.7076)
(-3986.0215 -794.69246 -3987.7076)
(-3711.084121 -794.69246 -3987.7076)
(-3436.146741 -794.69246 -3987.7076)
(-3161.209362 -794.69246 -3987.7076)
(-2886.271983 -794.69246 -3987.7076)
(-2611.334603 -794.69246 -3987.7076)
(-2336.397224 -794.69246 -3987.7076)
(-2061.459845 -794.69246 -3987.7076)
(-1786.522466 -794.69246 -3987.7076)
(-1511.585086 -794.69246 -3987.7076)
(-1236.647707 -794.69246 -3987.7076)
(-961.7103276 -794.69246 -3987.7076)
(-686.7729483 -794.69246 -3987.7076)
(-411.835569 -794.69246 -3987.7076)
(-136.8981897 -794.69246 -3987.7076)
(138.0391897 -794.69246 -3987.7076)
(412.976569 -794.69246 -3987.7076)
(687.9139483 -794.69246 -3987.7076)
(962.8513276 -794.69246 -3987.7076)
(1237.788707 -794.69246 -3987.7076)
(1512.726086 -794.69246 -3987.7076)
(1787.663466 -794.69246 -3987.7076)
(2062.600845 -794.69246 -3987.7076)
(2337.538224 -794.69246 -3987.7076)
(2612.475603 -794.69246 -3987.7076)
(2887.412983 -794.69246 -3987.7076)
(3162.350362 -794.69246 -3987.7076)
(3437.287741 -794.69246 -3987.7076)
(3712.225121 -794.69246 -3987.7076)
(3987.1625 -794.69246 -3987.7076)
(-3986.0215 -566.8872 -3987.7076)
(-3711.084121 -566.8872 -3987.7076)
(-3436.146741 -566.8872 -3987.7076)
(-3161.209362 -566.8872 -3987.7076)
(-2886.271983 -566.8872 -3987.7076)
(-2611.334603 -566.8872 -3987.7076)
(-2336.397224 -566.8872 -3987.7076)
(-2061.459845 -566.8872 -3987.7076)
(-1786.522466 -566.8872 -3987.7076)
(-1511.585086 -566.8872 -3987.7076)
(-1236.647707 -566.8872 -3987.7076)
(-961.7103276 -566.8872 -3987.7076)
(-686.7729483 -566.8872 -3987.7076)
(-411.835569 -566.8872 -3987.7076)
(-136.8981897 -566.8872 -3987.7076)
(138.0391897 -566.8872 -3987.7076)
(412.976569 -566.8872 -3987.7076)
(687.9139483 -566.8872 -3987.7076)
(962.8513276 -566.8872 -3987.7076)
(1237.788707 -566.8872 -3987.7076)
(1512.726086 -566.8872 -3987.7076)
(1787.663466 -566.8872 -3987.7076)
(2062.600845 -566.8872 -3987.7076)
(2337.538224 -566.8872 -3987.7076)
(2612.475603 -566.8872 -3987.7076)
(2887.412983 -566.8872 -3987.7076)
(3162.350362 -566.8872 -3987.7076)
(3437.287741 -566.8872 -3987.7076)
(3712.225121 -566.8872 -3987.7076)
(3987.1625 -566.8872 -3987.7076)
(-3986.0215 -339.08194 -3987.7076)
(-3711.084121 -339.08194 -3987.7076)
(-3436.146741 -339.08194 -3987.7076)
(-3161.209362 -339.08194 -3987.7076)
(-2886.271983 -339.08194 -3987.7076)
(-2611.334603 -339.08194 -3987.7076)
(-2336.397224 -339.08194 -3987.7076)
(-2061.459845 -339.08194 -3987.7076)
(-1786.522466 -339.08194 -3987.7076)
(-1511.585086 -339.08194 -3987.7076)
(-1236.647707 -339.08194 -3987.7076)
(-961.7103276 -339.08194 -3987.7076)
(-686.7729483 -339.08194 -3987.7076)
(-411.835569 -339.08194 -3987.7076)
(-136.8981897 -339.08194 -3987.7076)
(138.0391897 -339.08194 -3987.7076)
(412.976569 -339.08194 -3987.7076)
(687.9139483 -339.08194 -3987.7076)
(962.8513276 -339.08194 -3987.7076)
(1237.788707 -339.08194 -3987.7076)
(1512.726086 -339.08194 -3987.7076)
(1787.663466 -339.08194 -3987.7076)
(2062.600845 -339.08194 -3987.7076)
(2337.538224 -339.08194 -3987.7076)
(2612.475603 -339.08194 -3987.7076)
(2887.412983 -339.08194 -3987.7076)
(3162.350362 -339.08194 -3987.7076)
(3437.287741 -339.08194 -3987.7076)
(3712.225121 -339.08194 -3987.7076)
(3987.1625 -339.08194 -3987.7076)
(-3986.0215 -111.27668 -3987.7076)
(-3711.084121 -111.27668 -3987.7076)
(-3436.146741 -111.27668 -3987.7076)
(-3161.209362 -111.27668 -3987.7076)
(-2886.271983 -111.27668 -3987.7076)
(-2611.334603 -111.27668 -3987.7076)
(-2336.397224 -111.27668 -3987.7076)
(-2061.459845 -111.27668 -3987.7076)
(-1786.522466 -111.27668 -3987.7076)
(-1511.585086 -111.27668 -3987.7076)
(-1236.647707 -111.27668 -3987.7076)
(-961.7103276 -111.27668 -3987.7076)
(-686.7729483 -111.27668 -3987.7076)
(-411.835569 -111.27668 -3987.7076)
(-136.8981897 -111.27668 -3987.7076)
(138.0391897 -111.27668 -3987.7076)
(412.976569 -111.27668 -3987.7076)
(687.9139483 -111.27668 -3987.7076)
(962.8513276 -111.27668 -3987.7076)
(1237.788707 -111.27668 -3987.7076)
(1512.726086 -111.27668 -3987.7076)
(1787.663466 -111.27668 -3987.7076)
(2062.600845 -111.27668 -3987.7076)
(2337.538224 -111.27668 -3987.7076)
(2612.475603 -111.27668 -3987.7076)
(2887.412983 -111.27668 -3987.7076)
(3162.350362 -111.27668 -3987.7076)
(3437.287741 -111.27668 -3987.7076)
(3712.225121 -111.27668 -3987.7076)
(3987.1625 -111.27668 -3987.7076)
(-3986.0215 116.52858 -3987.7076)
(-3711.084121 116.52858 -3987.7076)
(-3436.146741 116.52858 -3987.7076)
(-3161.209362 116.52858 -3987.7076)
(-2886.271983 116.52858 -3987.7076)
(-2611.334603 116.52858 -3987.7076)
(-2336.397224 116.52858 -3987.7076)
(-2061.459845 116.52858 -3987.7076)
(-1786.522466 116.52858 -3987.7076)
(-1511.585086 116.52858 -3987.7076)
(-1236.647707 116.52858 -3987.7076)
(-961.7103276 116.52858 -3987.7076)
(-686.7729483 116.52858 -3987.7076)
(-411.835569 116.52858 -3987.7076)
(-136.8981897 116.52858 -3987.7076)
(138.0391897 116.52858 -3987.7076)
(412.976569 116.52858 -3987.7076)
(687.9139483 116.52858 -3987.7076)
(962.8513276 116.52858 -3987.7076)
(1237.788707 116.52858 -3987.7076)
(1512.726086 116.52858 -3987.7076)
(1787.663466 116.52858 -3987.7076)
(2062.600845 116.52858 -3987.7076)
(2337.538224 116.52858 -3987.7076)
(2612.475603 116.52858 -3987.7076)
(2887.412983 116.52858 -3987.7076)
(3162.350362 116.52858 -3987.7076)
(3437.287741 116.52858 -3987.7076)
(3712.225121 116.52858 -3987.7076)
(3987.1625 116.52858 -3987.7076)
(-3986.0215 344.33384 -3987.7076)
(-3711.084121 344.33384 -3987.7076)
(-3436.146741 344.33384 -3987.7076)
(-3161.209362 344.33384 -3987.7076)
(-2886.271983 344.33384 -3987.7076)
(-2611.334603 344.33384 -3987.7076)
(-2336.397224 344.33384 -3987.7076)
(-2061.459845 344.33384 -3987.7076)
(-1786.522466 344.33384 -3987.7076)
(-1511.585086 344.33384 -3987.7076)
(-1236.647707 344.33384 -3987.7076)
(-961.7103276 344.33384 -3987.7076)
(-686.7729483 344.33384 -3987.7076)
(-411.835569 344.33384 -3987.7076)
(-136.8981897 344.33384 -3987.7076)
(138.0391897 344.33384 -3987.7076)
(412.976569 344.33384 -3987.7076)
(687.9139483 344.33384 -3987.7076)
(962.8513276 344.33384 -3987.7076)
(1237.788707 344.33384 -3987.7076)
(1512.726086 344.33384 -3987.7076)
(1787.663466 344.33384 -3987.7076)
(2062.600845 344.33384 -3987.7076)
(2337.538224 344.33384 -3987.7076)
(2612.475603 344.33384 -3987.7076)
(2887.412983 344.33384 -3987.7076)
(3162.350362 344.33384 -3987.7076)
(3437.287741 344.33384 -3987.7076)
(3712.225121 344.33384 -3987.7076)
(3987.1625 344.33384 -3987.7076)
(-3986.0215 572.1391 -3987.7076)
(-3711.084121 572.1391 -3987.7076)
(-3436.146741 572.1391 -3987.7076)
(-3161.209362 572.1391 -3987.7076)
(-2886.271983 572.1391 -3987.7076)
(-2611.334603 572.1391 -3987.7076)
(-2336.397224 572.1391 -3987.7076)
(-2061.459845 572.1391 -3987.7076)
(-1786.522466 572.1391 -3987.7076)
(-1511.585086 572.1391 -3987.7076)
(-1236.647707 572.1391 -3987.7076)
(-961.7103276 572.1391 -3987.7076)
(-686.7729483 572.1391 -3987.7076)
(-411.835569 572.1391 -3987.7076)
(-136.8981897 572.1391 -3987.7076)
(138.0391897 572.1391 -3987.7076)
(412.976569 572.1391 -3987.7076)
(687.9139483 572.1391 -3987.7076)
(962.8513276 572.1391 -3987.7076)
(1237.788707 572.1391 -3987.7076)
(1512.726086 572.1391 -3987.7076)
(1787.663466 572.1391 -3987.7076)
(2062.600845 572.1391 -3987.7076)
(2337.538224 572.1391 -3987.7076)
(2612.475603 572.1391 -3987.7076)
(2887.412983 572.1391 -3987.7076)
(3162.350362 572.1391 -3987.7076)
(3437.287741 572.1391 -3987.7076)
(3712.225121 572.1391 -3987.7076)
(3987.1625 572.1391 -3987.7076)
(-3986.0215 799.94436 -3987.7076)
(-3711.084121 799.94436 -3987.7076)
(-3436.146741 799.94436 -3987.7076)
(-3161.209362 799.94436 -3987.7076)
(-2886.271983 799.94436 -3987.7076)
(-2611.334603 799.94436 -3987.7076)
(-2336.397224 799.94436 -3987.7076)
(-2061.459845 799.94436 -3987.7076)
(-1786.522466 799.94436 -3987.7076)
(-1511.585086 799.94436 -3987.7076)
(-1236.647707 799.94436 -3987.7076)
(-961.7103276 799.94436 -3987.7076)
(-686.7729483 799.94436 -3987.7076)
(-411.835569 799.94436 -3987.7076)
(-136.8981897 799.94436 -3987.7076)
(138.0391897 799.94436 -3987.7076)
(412.976569 799.94436 -3987.7076)
(687.9139483 799.94436 -3987.7076)
(962.8513276 799.94436 -3987.7076)
(1237.788707 799.94436 -3987.7076)
(1512.726086 799.94436 -3987.7076)
(1787.663466 799.94436 -3987.7076)
(2062.600845 799.94436 -3987.7076)
(2337.538224 799.94436 -3987.7076)
(2612.475603 799.94436 -3987.7076)
(2887.412983 799.94436 -3987.7076)
(3162.350362 799.94436 -3987.7076)
(3437.287741 799.94436 -3987.7076)
(3712.225121 799.94436 -3987.7076)
(3987.1625 799.94436 -3987.7076)
(-3986.0215 1027.74962 -3987.7076)
(-3711.084121 1027.74962 -3987.7076)
(-3436.146741 1027.74962 -3987.7076)
(-3161.209362 1027.74962 -3987.7076)
(-2886.271983 1027.74962 -3987.7076)
(-2611.334603 1027.74962 -3987.7076)
(-2336.397224 1027.74962 -3987.7076)
(-2061.459845 1027.74962 -3987.7076)
(-1786.522466 1027.74962 -3987.7076)
(-1511.585086 1027.74962 -3987.7076)
(-1236.647707 1027.74962 -3987.7076)
(-961.7103276 1027.74962 -3987.7076)
(-686.7729483 1027.74962 -3987.7076)
(-411.835569 1027.74962 -3987.7076)
(-136.8981897 1027.74962 -3987.7076)
(138.0391897 1027.74962 -3987.7076)
(412.976569 1027.74962 -3987.7076)
(687.9139483 1027.74962 -3987.7076)
(962.8513276 1027.74962 -3987.7076)
(1237.788707 1027.74962 -3987.7076)
(1512.726086 1027.74962 -3987.7076)
(1787.663466 1027.74962 -3987.7076)
(2062.600845 1027.74962 -3987.7076)
(2337.538224 1027.74962 -3987.7076)
(2612.475603 1027.74962 -3987.7076)
(2887.412983 1027.74962 -3987.7076)
(3162.350362 1027.74962 -3987.7076)
(3437.287741 1027.74962 -3987.7076)
(3712.225121 1027.74962 -3987.7076)
(3987.1625 1027.74962 -3987.7076)
(-3986.0215 1255.55488 -3987.7076)
(-3711.084121 1255.55488 -3987.7076)
(-3436.146741 1255.55488 -3987.7076)
(-3161.209362 1255.55488 -3987.7076)
(-2886.271983 1255.55488 -3987.7076)
(-2611.334603 1255.55488 -3987.7076)
(-2336.397224 1255.55488 -3987.7076)
(-2061.459845 1255.55488 -3987.7076)
(-1786.522466 1255.55488 -3987.7076)
(-1511.585086 1255.55488 -3987.7076)
(-1236.647707 1255.55488 -3987.7076)
(-961.7103276 1255.55488 -3987.7076)
(-686.7729483 1255.55488 -3987.7076)
(-411.835569 1255.55488 -3987.7076)
(-136.8981897 1255.55488 -3987.7076)
(138.0391897 1255.55488 -3987.7076)
(412.976569 1255.55488 -3987.7076)
(687.9139483 1255.55488 -3987.7076)
(962.8513276 1255.55488 -3987.7076)
(1237.788707 1255.55488 -3987.7076)
(1512.726086 1255.55488 -3987.7076)
(1787.663466 1255.55488 -3987.7076)
(2062.600845 1255.55488 -3987.7076)
(2337.538224 1255.55488 -3987.7076)
(2612.475603 1255.55488 -3987.7076)
(2887.412983 1255.55488 -3987.7076)
(3162.350362 1255.55488 -3987.7076)
(3437.287741 1255.55488 -3987.7076)
(3712.225121 1255.55488 -3987.7076)
(3987.1625 1255.55488 -3987.7076)
(-3986.0215 1483.36014 -3987.7076)
(-3711.084121 1483.36014 -3987.7076)
(-3436.146741 1483.36014 -3987.7076)
(-3161.209362 1483.36014 -3987.7076)
(-2886.271983 1483.36014 -3987.7076)
(-2611.334603 1483.36014 -3987.7076)
(-2336.397224 1483.36014 -3987.7076)
(-2061.459845 1483.36014 -3987.7076)
(-1786.522466 1483.36014 -3987.7076)
(-1511.585086 1483.36014 -3987.7076)
(-1236.647707 1483.36014 -3987.7076)
(-961.7103276 1483.36014 -3987.7076)
(-686.7729483 1483.36014 -3987.7076)
(-411.835569 1483.36014 -3987.7076)
(-136.8981897 1483.36014 -3987.7076)
(138.0391897 1483.36014 -3987.7076)
(412.976569 1483.36014 -3987.7076)
(687.9139483 1483.36014 -3987.7076)
(962.8513276 1483.36014 -3987.7076)
(1237.788707 1483.36014 -3987.7076)
(1512.726086 1483.36014 -3987.7076)
(1787.663466 1483.36014 -3987.7076)
(2062.600845 1483.36014 -3987.7076)
(2337.538224 1483.36014 -3987.7076)
(2612.475603 1483.36014 -3987.7076)
(2887.412983 1483.36014 -3987.7076)
(3162.350362 1483.36014 -3987.7076)
(3437.287741 1483.36014 -3987.7076)
(3712.225121 1483.36014 -3987.7076)
(3987.1625 1483.36014 -3987.7076)
(-3986.0215 1711.1654 -3987.7076)
(-3711.084121 1711.1654 -3987.7076)
(-3436.146741 1711.1654 -3987.7076)
(-3161.209362 1711.1654 -3987.7076)
(-2886.271983 1711.1654 -3987.7076)
(-2611.334603 1711.1654 -3987.7076)
(-2336.397224 1711.1654 -3987.7076)
(-2061.459845 1711.1654 -3987.7076)
(-1786.522466 1711.1654 -3987.7076)
(-1511.585086 1711.1654 -3987.7076)
(-1236.647707 1711.1654 -3987.7076)
(-961.7103276 1711.1654 -3987.7076)
(-686.7729483 1711.1654 -3987.7076)
(-411.835569 1711.1654 -3987.7076)
(-136.8981897 1711.1654 -3987.7076)
(138.0391897 1711.1654 -3987.7076)
(412.976569 1711.1654 -3987.7076)
(687.9139483 1711.1654 -3987.7076)
(962.8513276 1711.1654 -3987.7076)
(1237.788707 1711.1654 -3987.7076)
(1512.726086 1711.1654 -3987.7076)
(1787.663466 1711.1654 -3987.7076)
(2062.600845 1711.1654 -3987.7076)
(2337.538224 1711.1654 -3987.7076)
(2612.475603 1711.1654 -3987.7076)
(2887.412983 1711.1654 -3987.7076)
(3162.350362 1711.1654 -3987.7076)
(3437.287741 1711.1654 -3987.7076)
(3712.225121 1711.1654 -3987.7076)
(3987.1625 1711.1654 -3987.7076)
(-3986.0215 1938.97066 -3987.7076)
(-3711.084121 1938.97066 -3987.7076)
(-3436.146741 1938.97066 -3987.7076)
(-3161.209362 1938.97066 -3987.7076)
(-2886.271983 1938.97066 -3987.7076)
(-2611.334603 1938.97066 -3987.7076)
(-2336.397224 1938.97066 -3987.7076)
(-2061.459845 1938.97066 -3987.7076)
(-1786.522466 1938.97066 -3987.7076)
(-1511.585086 1938.97066 -3987.7076)
(-1236.647707 1938.97066 -3987.7076)
(-961.7103276 1938.97066 -3987.7076)
(-686.7729483 1938.97066 -3987.7076)
(-411.835569 1938.97066 -3987.7076)
(-136.8981897 1938.97066 -3987.7076)
(138.0391897 1938.97066 -3987.7076)
(412.976569 1938.97066 -3987.7076)
(687.9139483 1938.97066 -3987.7076)
(962.8513276 1938.97066 -3987.7076)
(1237.788707 1938.97066 -3987.7076)
(1512.726086 1938.97066 -3987.7076)
(1787.663466 1938.97066 -3987.7076)
(2062.600845 1938.97066 -3987.7076)
(2337.538224 1938.97066 -3987.7076)
(2612.475603 1938.97066 -3987.7076)
(2887.412983 1938.97066 -3987.7076)
(3162.350362 1938.97066 -3987.7076)
(3437.287741 1938.97066 -3987.7076)
(3712.225121 1938.97066 -3987.7076)
(3987.1625 1938.97066 -3987.7076)
(-3986.0215 2166.77592 -3987.7076)
(-3711.084121 2166.77592 -3987.7076)
(-3436.146741 2166.77592 -3987.7076)
(-3161.209362 2166.77592 -3987.7076)
(-2886.271983 2166.77592 -3987.7076)
(-2611.334603 2166.77592 -3987.7076)
(-2336.397224 2166.77592 -3987.7076)
(-2061.459845 2166.77592 -3987.7076)
(-1786.522466 2166.77592 -3987.7076)
(-1511.585086 2166.77592 -3987.7076)
(-1236.647707 2166.77592 -3987.7076)
(-961.7103276 2166.77592 -3987.7076)
(-686.7729483 2166.77592 -3987.7076)
(-411.835569 2166.77592 -3987.7076)
(-136.8981897 2166.77592 -3987.7076)
(138.0391897 2166.77592 -3987.7076)
(412.976569 2166.77592 -3987.7076)
(687.9139483 2166.77592 -3987.7076)
(962.8513276 2166.77592 -3987.7076)
(1237.788707 2166.77592 -3987.7076)
(1512.726086 2166.77592 -3987.7076)
(1787.663466 2166.77592 -3987.7076)
(2062.600845 2166.77592 -3987.7076)
(2337.538224 2166.77592 -3987.7076)
(2612.475603 2166.77592 -3987.7076)
(2887.412983 2166.77592 -3987.7076)
(3162.350362 2166.77592 -3987.7076)
(3437.287741 2166.77592 -3987.7076)
(3712.225121 2166.77592 -3987.7076)
(3987.1625 2166.77592 -3987.7076)
(-3986.0215 2394.58118 -3987.7076)
(-3711.084121 2394.58118 -3987.7076)
(-3436.146741 2394.58118 -3987.7076)
(-3161.209362 2394.58118 -3987.7076)
(-2886.271983 2394.58118 -3987.7076)
(-2611.334603 2394.58118 -3987.7076)
(-2336.397224 2394.58118 -3987.7076)
(-2061.459845 2394.58118 -3987.7076)
(-1786.522466 2394.58118 -3987.7076)
(-1511.585086 2394.58118 -3987.7076)
(-1236.647707 2394.58118 -3987.7076)
(-961.7103276 2394.58118 -3987.7076)
(-686.7729483 2394.58118 -3987.7076)
(-411.835569 2394.58118 -3987.7076)
(-136.8981897 2394.58118 -3987.7076)
(138.0391897 2394.58118 -3987.7076)
(412.976569 2394.58118 -3987.7076)
(687.9139483 2394.58118 -3987.7076)
(962.8513276 2394.58118 -3987.7076)
(1237.788707 2394.58118 -3987.7076)
(1512.726086 2394.58118 -3987.7076)
(1787.663466 2394.58118 -3987.7076)
(2062.600845 2394.58118 -3987.7076)
(2337.538224 2394.58118 -3987.7076)
(2612.475603 2394.58118 -3987.7076)
(2887.412983 2394.58118 -3987.7076)
(3162.350362 2394.58118 -3987.7076)
(3437.287741 2394.58118 -3987.7076)
(3712.225121 2394.58118 -3987.7076)
(3987.1625 2394.58118 -3987.7076)
(-3986.0215 2622.38644 -3987.7076)
(-3711.084121 2622.38644 -3987.7076)
(-3436.146741 2622.38644 -3987.7076)
(-3161.209362 2622.38644 -3987.7076)
(-2886.271983 2622.38644 -3987.7076)
(-2611.334603 2622.38644 -3987.7076)
(-2336.397224 2622.38644 -3987.7076)
(-2061.459845 2622.38644 -3987.7076)
(-1786.522466 2622.38644 -3987.7076)
(-1511.585086 2622.38644 -3987.7076)
(-1236.647707 2622.38644 -3987.7076)
(-961.7103276 2622.38644 -3987.7076)
(-686.7729483 2622.38644 -3987.7076)
(-411.835569 2622.38644 -3987.7076)
(-136.8981897 2622.38644 -3987.7076)
(138.0391897 2622.38644 -3987.7076)
(412.976569 2622.38644 -3987.7076)
(687.9139483 2622.38644 -3987.7076)
(962.8513276 2622.38644 -3987.7076)
(1237.788707 2622.38644 -3987.7076)
(1512.726086 2622.38644 -3987.7076)
(1787.663466 2622.38644 -3987.7076)
(2062.600845 2622.38644 -3987.7076)
(2337.538224 2622.38644 -3987.7076)
(2612.475603 2622.38644 -3987.7076)
(2887.412983 2622.38644 -3987.7076)
(3162.350362 2622.38644 -3987.7076)
(3437.287741 2622.38644 -3987.7076)
(3712.225121 2622.38644 -3987.7076)
(3987.1625 2622.38644 -3987.7076)
(-3986.0215 2850.1917 -3987.7076)
(-3711.084121 2850.1917 -3987.7076)
(-3436.146741 2850.1917 -3987.7076)
(-3161.209362 2850.1917 -3987.7076)
(-2886.271983 2850.1917 -3987.7076)
(-2611.334603 2850.1917 -3987.7076)
(-2336.397224 2850.1917 -3987.7076)
(-2061.459845 2850.1917 -3987.7076)
(-1786.522466 2850.1917 -3987.7076)
(-1511.585086 2850.1917 -3987.7076)
(-1236.647707 2850.1917 -3987.7076)
(-961.7103276 2850.1917 -3987.7076)
(-686.7729483 2850.1917 -3987.7076)
(-411.835569 2850.1917 -3987.7076)
(-136.8981897 2850.1917 -3987.7076)
(138.0391897 2850.1917 -3987.7076)
(412.976569 2850.1917 -3987.7076)
(687.9139483 2850.1917 -3987.7076)
(962.8513276 2850.1917 -3987.7076)
(1237.788707 2850.1917 -3987.7076)
(1512.726086 2850.1917 -3987.7076)
(1787.663466 2850.1917 -3987.7076)
(2062.600845 2850.1917 -3987.7076)
(2337.538224 2850.1917 -3987.7076)
(2612.475603 2850.1917 -3987.7076)
(2887.412983 2850.1917 -3987.7076)
(3162.350362 2850.1917 -3987.7076)
(3437.287741 2850.1917 -3987.7076)
(3712.225121 2850.1917 -3987.7076)
(3987.1625 2850.1917 -3987.7076)
(-3986.0215 3077.99696 -3987.7076)
(-3711.084121 3077.99696 -3987.7076)
(-3436.146741 3077.99696 -3987.7076)
(-3161.209362 3077.99696 -3987.7076)
(-2886.271983 3077.99696 -3987.7076)
(-2611.334603 3077.99696 -3987.7076)
(-2336.397224 3077.99696 -3987.7076)
(-2061.459845 3077.99696 -3987.7076)
(-1786.522466 3077.99696 -3987.7076)
(-1511.585086 3077.99696 -3987.7076)
(-1236.647707 3077.99696 -3987.7076)
(-961.7103276 3077.99696 -3987.7076)
(-686.7729483 3077.99696 -3987.7076)
(-411.835569 3077.99696 -3987.7076)
(-136.8981897 3077.99696 -3987.7076)
(138.0391897 3077.99696 -3987.7076)
(412.976569 3077.99696 -3987.7076)
(687.9139483 3077.99696 -3987.7076)
(962.8513276 3077.99696 -3987.7076)
(1237.788707 3077.99696 -3987.7076)
(1512.726086 3077.99696 -3987.7076)
(1787.663466 3077.99696 -3987.7076)
(2062.600845 3077.99696 -3987.7076)
(2337.538224 3077.99696 -3987.7076)
(2612.475603 3077.99696 -3987.7076)
(2887.412983 3077.99696 -3987.7076)
(3162.350362 3077.99696 -3987.7076)
(3437.287741 3077.99696 -3987.7076)
(3712.225121 3077.99696 -3987.7076)
(3987.1625 3077.99696 -3987.7076)
(-3986.0215 3305.80222 -3987.7076)
(-3711.084121 3305.80222 -3987.7076)
(-3436.146741 3305.80222 -3987.7076)
(-3161.209362 3305.80222 -3987.7076)
(-2886.271983 3305.80222 -3987.7076)
(-2611.334603 3305.80222 -3987.7076)
(-2336.397224 3305.80222 -3987.7076)
(-2061.459845 3305.80222 -3987.7076)
(-1786.522466 3305.80222 -3987.7076)
(-1511.585086 3305.80222 -3987.7076)
(-1236.647707 3305.80222 -3987.7076)
(-961.7103276 3305.80222 -3987.7076)
(-686.7729483 3305.80222 -3987.7076)
(-411.835569 3305.80222 -3987.7076)
(-136.8981897 3305.80222 -3987.7076)
(138.0391897 3305.80222 -3987.7076)
(412.976569 3305.80222 -3987.7076)
(687.9139483 3305.80222 -3987.7076)
(962.8513276 3305.80222 -3987.7076)
(1237.788707 3305.80222 -3987.7076)
(1512.726086 3305.80222 -3987.7076)
(1787.663466 3305.80222 -3987.7076)
(2062.600845 3305.80222 -3987.7076)
(2337.538224 3305.80222 -3987.7076)
(2612.475603 3305.80222 -3987.7076)
(2887.412983 3305.80222 -3987.7076)
(3162.350362 3305.80222 -3987.7076)
(3437.287741 3305.80222 -3987.7076)
(3712.225121 3305.80222 -3987.7076)
(3987.1625 3305.80222 -3987.7076)
(-3986.0215 3533.60748 -3987.7076)
(-3711.084121 3533.60748 -3987.7076)
(-3436.146741 3533.60748 -3987.7076)
(-3161.209362 3533.60748 -3987.7076)
(-2886.271983 3533.60748 -3987.7076)
(-2611.334603 3533.60748 -3987.7076)
(-2336.397224 3533.60748 -3987.7076)
(-2061.459845 3533.60748 -3987.7076)
(-1786.522466 3533.60748 -3987.7076)
(-1511.585086 3533.60748 -3987.7076)
(-1236.647707 3533.60748 -3987.7076)
(-961.7103276 3533.60748 -3987.7076)
(-686.7729483 3533.60748 -3987.7076)
(-411.835569 3533.60748 -3987.7076)
(-136.8981897 3533.60748 -3987.7076)
(138.0391897 3533.60748 -3987.7076)
(412.976569 3533.60748 -3987.7076)
(687.9139483 3533.60748 -3987.7076)
(962.8513276 3533.60748 -3987.7076)
(1237.788707 3533.60748 -3987.7076)
(1512.726086 3533.60748 -3987.7076)
(1787.663466 3533.60748 -3987.7076)
(2062.600845 3533.60748 -3987.7076)
(2337.538224 3533.60748 -3987.7076)
(2612.475603 3533.60748 -3987.7076)
(2887.412983 3533.60748 -3987.7076)
(3162.350362 3533.60748 -3987.7076)
(3437.287741 3533.60748 -3987.7076)
(3712.225121 3533.60748 -3987.7076)
(3987.1625 3533.60748 -3987.7076)
(-3986.0215 3761.41274 -3987.7076)
(-3711.084121 3761.41274 -3987.7076)
(-3436.146741 3761.41274 -3987.7076)
(-3161.209362 3761.41274 -3987.7076)
(-2886.271983 3761.41274 -3987.7076)
(-2611.334603 3761.41274 -3987.7076)
(-2336.397224 3761.41274 -3987.7076)
(-2061.459845 3761.41274 -3987.7076)
(-1786.522466 3761.41274 -3987.7076)
(-1511.585086 3761.41274 -3987.7076)
(-1236.647707 3761.41274 -3987.7076)
(-961.7103276 3761.41274 -3987.7076)
(-686.7729483 3761.41274 -3987.7076)
(-411.835569 3761.41274 -3987.7076)
(-136.8981897 3761.41274 -3987.7076)
(138.0391897 3761.41274 -3987.7076)
(412.976569 3761.41274 -3987.7076)
(687.9139483 3761.41274 -3987.7076)
(962.8513276 3761.41274 -3987.7076)
(1237.788707 3761.41274 -3987.7076)
(1512.726086 3761.41274 -3987.7076)
(1787.663466 3761.41274 -3987.7076)
(2062.600845 3761.41274 -3987.7076)
(2337.538224 3761.41274 -3987.7076)
(2612.475603 3761.41274 -3987.7076)
(2887.412983 3761.41274 -3987.7076)
(3162.350362 3761.41274 -3987.7076)
(3437.287741 3761.41274 -3987.7076)
(3712.225121 3761.41274 -3987.7076)
(3987.1625 3761.41274 -3987.7076)
(-3986.0215 3989.218 -3987.7076)
(-3711.084121 3989.218 -3987.7076)
(-3436.146741 3989.218 -3987.7076)
(-3161.209362 3989.218 -3987.7076)
(-2886.271983 3989.218 -3987.7076)
(-2611.334603 3989.218 -3987.7076)
(-2336.397224 3989.218 -3987.7076)
(-2061.459845 3989.218 -3987.7076)
(-1786.522466 3989.218 -3987.7076)
(-1511.585086 3989.218 -3987.7076)
(-1236.647707 3989.218 -3987.7076)
(-961.7103276 3989.218 -3987.7076)
(-686.7729483 3989.218 -3987.7076)
(-411.835569 3989.218 -3987.7076)
(-136.8981897 3989.218 -3987.7076)
(138.0391897 3989.218 -3987.7076)
(412.976569 3989.218 -3987.7076)
(687.9139483 3989.218 -3987.7076)
(962.8513276 3989.218 -3987.7076)
(1237.788707 3989.218 -3987.7076)
(1512.726086 3989.218 -3987.7076)
(1787.663466 3989.218 -3987.7076)
(2062.600845 3989.218 -3987.7076)
(2337.538224 3989.218 -3987.7076)
(2612.475603 3989.218 -3987.7076)
(2887.412983 3989.218 -3987.7076)
(3162.350362 3989.218 -3987.7076)
(3437.287741 3989.218 -3987.7076)
(3712.225121 3989.218 -3987.7076)
(3987.1625 3989.218 -3987.7076)
(-3986.0215 -3983.9661 -3568.066332)
(-3711.084121 -3983.9661 -3568.066332)
(-3436.146741 -3983.9661 -3568.066332)
(-3161.209362 -3983.9661 -3568.066332)
(-2886.271983 -3983.9661 -3568.066332)
(-2611.334603 -3983.9661 -3568.066332)
(-2336.397224 -3983.9661 -3568.066332)
(-2061.459845 -3983.9661 -3568.066332)
(-1786.522466 -3983.9661 -3568.066332)
(-1511.585086 -3983.9661 -3568.066332)
(-1236.647707 -3983.9661 -3568.066332)
(-961.7103276 -3983.9661 -3568.066332)
(-686.7729483 -3983.9661 -3568.066332)
(-411.835569 -3983.9661 -3568.066332)
(-136.8981897 -3983.9661 -3568.066332)
(138.0391897 -3983.9661 -3568.066332)
(412.976569 -3983.9661 -3568.066332)
(687.9139483 -3983.9661 -3568.066332)
(962.8513276 -3983.9661 -3568.066332)
(1237.788707 -3983.9661 -3568.066332)
(1512.726086 -3983.9661 -3568.066332)
(1787.663466 -3983.9661 -3568.066332)
(2062.600845 -3983.9661 -3568.066332)
(2337.538224 -3983.9661 -3568.066332)
(2612.475603 -3983.9661 -3568.066332)
(2887.412983 -3983.9661 -3568.066332)
(3162.350362 -3983.9661 -3568.066332)
(3437.287741 -3983.9661 -3568.066332)
(3712.225121 -3983.9661 -3568.066332)
(3987.1625 -3983.9661 -3568.066332)
(-3986.0215 -3756.16084 -3568.066332)
(-3711.084121 -3756.16084 -3568.066332)
(-3436.146741 -3756.16084 -3568.066332)
(-3161.209362 -3756.16084 -3568.066332)
(-2886.271983 -3756.16084 -3568.066332)
(-2611.334603 -3756.16084 -3568.066332)
(-2336.397224 -3756.16084 -3568.066332)
(-2061.459845 -3756.16084 -3568.066332)
(-1786.522466 -3756.16084 -3568.066332)
(-1511.585086 -3756.16084 -3568.066332)
(-1236.647707 -3756.16084 -3568.066332)
(-961.7103276 -3756.16084 -3568.066332)
(-686.7729483 -3756.16084 -3568.066332)
(-411.835569 -3756.16084 -3568.066332)
(-136.8981897 -3756.16084 -3568.066332)
(138.0391897 -3756.16084 -3568.066332)
(412.976569 -3756.16084 -3568.066332)
(687.9139483 -3756.16084 -3568.066332)
(962.8513276 -3756.16084 -3568.066332)
(1237.788707 -3756.16084 -3568.066332)
(1512.726086 -3756.16084 -3568.066332)
(1787.663466 -3756.16084 -3568.066332)
(2062.600845 -3756.16084 -3568.066332)
(2337.538224 -3756.16084 -3568.066332)
(2612.475603 -3756.16084 -3568.066332)
(2887.412983 -3756.16084 -3568.066332)
(3162.350362 -3756.16084 -3568.066332)
(3437.287741 -3756.16084 -3568.066332)
(3712.225121 -3756.16084 -3568.066332)
(3987.1625 -3756.16084 -3568.066332)
(-3986.0215 -3528.35558 -3568.066332)
(-3711.084121 -3528.35558 -3568.066332)
(-3436.146741 -3528.35558 -3568.066332)
(-3161.209362 -3528.35558 -3568.066332)
(-2886.271983 -3528.35558 -3568.066332)
(-2611.334603 -3528.35558 -3568.066332)
(-2336.397224 -3528.35558 -3568.066332)
(-2061.459845 -3528.35558 -3568.066332)
(-1786.522466 -3528.35558 -3568.066332)
(-1511.585086 -3528.35558 -3568.066332)
(-1236.647707 -3528.35558 -3568.066332)
(-961.7103276 -3528.35558 -3568.066332)
(-686.7729483 -3528.35558 -3568.066332)
(-411.835569 -3528.35558 -3568.066332)
(-136.8981897 -3528.35558 -3568.066332)
(138.0391897 -3528.35558 -3568.066332)
(412.976569 -3528.35558 -3568.066332)
(687.9139483 -3528.35558 -3568.066332)
(962.8513276 -3528.35558 -3568.066332)
(1237.788707 -3528.35558 -3568.066332)
(1512.726086 -3528.35558 -3568.066332)
(1787.663466 -3528.35558 -3568.066332)
(2062.600845 -3528.35558 -3568.066332)
(2337.538224 -3528.35558 -3568.066332)
(2612.475603 -3528.35558 -3568.066332)
(2887.412983 -3528.35558 -3568.066332)
(3162.350362 -3528.35558 -3568.066332)
(3437.287741 -3528.35558 -3568.066332)
(3712.225121 -3528.35558 -3568.066332)
(3987.1625 -3528.35558 -3568.066332)
(-3986.0215 -3300.55032 -3568.066332)
(-3711.084121 -3300.55032 -3568.066332)
(-3436.146741 -3300.55032 -3568.066332)
(-3161.209362 -3300.55032 -3568.066332)
(-2886.271983 -3300.55032 -3568.066332)
(-2611.334603 -3300.55032 -3568.066332)
(-2336.397224 -3300.55032 -3568.066332)
(-2061.459845 -3300.55032 -3568.066332)
(-1786.522466 -3300.55032 -3568.066332)
(-1511.585086 -3300.55032 -3568.066332)
(-1236.647707 -3300.55032 -3568.066332)
(-961.7103276 -3300.55032 -3568.066332)
(-686.7729483 -3300.55032 -3568.066332)
(-411.835569 -3300.55032 -3568.066332)
(-136.8981897 -3300.55032 -3568.066332)
(138.0391897 -3300.55032 -3568.066332)
(412.976569 -3300.55032 -3568.066332)
(687.9139483 -3300.55032 -3568.066332)
(962.8513276 -3300.55032 -3568.066332)
(1237.788707 -3300.55032 -3568.066332)
(1512.726086 -3300.55032 -3568.066332)
(1787.663466 -3300.55032 -3568.066332)
(2062.600845 -3300.55032 -3568.066332)
(2337.538224 -3300.55032 -3568.066332)
(2612.475603 -3300.55032 -3568.066332)
(2887.412983 -3300.55032 -3568.066332)
(3162.350362 -3300.55032 -3568.066332)
(3437.287741 -3300.55032 -3568.066332)
(3712.225121 -3300.55032 -3568.066332)
(3987.1625 -3300.55032 -3568.066332)
(-3986.0215 -3072.74506 -3568.066332)
(-3711.084121 -3072.74506 -3568.066332)
(-3436.146741 -3072.74506 -3568.066332)
(-3161.209362 -3072.74506 -3568.066332)
(-2886.271983 -3072.74506 -3568.066332)
(-2611.334603 -3072.74506 -3568.066332)
(-2336.397224 -3072.74506 -3568.066332)
(-2061.459845 -3072.74506 -3568.066332)
(-1786.522466 -3072.74506 -3568.066332)
(-1511.585086 -3072.74506 -3568.066332)
(-1236.647707 -3072.74506 -3568.066332)
(-961.7103276 -3072.74506 -3568.066332)
(-686.7729483 -3072.74506 -3568.066332)
(-411.835569 -3072.74506 -3568.066332)
(-136.8981897 -3072.74506 -3568.066332)
(138.0391897 -3072.74506 -3568.066332)
(412.976569 -3072.74506 -3568.066332)
(687.9139483 -3072.74506 -3568.066332)
(962.8513276 -3072.74506 -3568.066332)
(1237.788707 -3072.74506 -3568.066332)
(1512.726086 -3072.74506 -3568.066332)
(1787.663466 -3072.74506 -3568.066332)
(2062.600845 -3072.74506 -3568.066332)
(2337.538224 -3072.74506 -3568.066332)
(2612.475603 -3072.74506 -3568.066332)
(2887.412983 -3072.74506 -3568.066332)
(3162.350362 -3072.74506 -3568.066332)
(3437.287741 -3072.74506 -3568.066332)
(3712.225121 -3072.74506 -3568.066332)
(3987.1625 -3072.74506 -3568.066332)
(-3986.0215 -2844.9398 -3568.066332)
(-3711.084121 -2844.9398 -3568.066332)
(-3436.146741 -2844.9398 -3568.066332)
(-3161.209362 -2844.9398 -3568.066332)
(-2886.271983 -2844.9398 -3568.066332)
(-2611.334603 -2844.9398 -3568.066332)
(-2336.397224 -2844.9398 -3568.066332)
(-2061.459845 -2844.9398 -3568.066332)
(-1786.522466 -2844.9398 -3568.066332)
(-1511.585086 -2844.9398 -3568.066332)
(-1236.647707 -2844.9398 -3568.066332)
(-961.7103276 -2844.9398 -3568.066332)
(-686.7729483 -2844.9398 -3568.066332)
(-411.835569 -2844.9398 -3568.066332)
(-136.8981897 -2844.9398 -3568.066332)
(138.0391897 -2844.9398 -3568.066332)
(412.976569 -2844.9398 -3568.066332)
(687.9139483 -2844.9398 -3568.066332)
(962.8513276 -2844.9398 -3568.066332)
(1237.788707 -2844.9398 -3568.066332)
(1512.726086 -2844.9398 -3568.066332)
(1787.663466 -2844.9398 -3568.066332)
(2062.600845 -2844.9398 -3568.066332)
(2337.538224 -2844.9398 -3568.066332)
(2612.475603 -2844.9398 -3568.066332)
(2887.412983 -2844.9398 -3568.066332)
(3162.350362 -2844.9398 -3568.066332)
(3437.287741 -2844.9398 -3568.066332)
(3712.225121 -2844.9398 -3568.066332)
(3987.1625 -2844.9398 -3568.066332)
(-3986.0215 -2617.13454 -3568.066332)
(-3711.084121 -2617.13454 -3568.066332)
(-3436.146741 -2617.13454 -3568.066332)
(-3161.209362 -2617.13454 -3568.066332)
(-2886.271983 -2617.13454 -3568.066332)
(-2611.334603 -2617.13454 -3568.066332)
(-2336.397224 -2617.13454 -3568.066332)
(-2061.459845 -2617.13454 -3568.066332)
(-1786.522466 -2617.13454 -3568.066332)
(-1511.585086 -2617.13454 -3568.066332)
(-1236.647707 -2617.13454 -3568.066332)
(-961.7103276 -2617.13454 -3568.066332)
(-686.7729483 -2617.13454 -3568.066332)
(-411.835569 -2617.13454 -3568.066332)
(-136.8981897 -2617.13454 -3568.066332)
(138.0391897 -2617.13454 -3568.066332)
(412.976569 -2617.13454 -3568.066332)
(687.9139483 -2617.13454 -3568.066332)
(962.8513276 -2617.13454 -3568.066332)
(1237.788707 -2617.13454 -3568.066332)
(1512.726086 -2617.13454 -3568.066332)
(1787.663466 -2617.13454 -3568.066332)
(2062.600845 -2617.13454 -3568.066332)
(2337.538224 -2617.13454 -3568.066332)
(2612.475603 -2617.13454 -3568.066332)
(2887.412983 -2617.13454 -3568.066332)
(3162.350362 -2617.13454 -3568.066332)
(3437.287741 -2617.13454 -3568.066332)
(3712.225121 -2617.13454 -3568.066332)
(3987.1625 -2617.13454 -3568.066332)
(-3986.0215 -2389.32928 -3568.066332)
(-3711.084121 -2389.32928 -3568.066332)
(-3436.146741 -2389.32928 -3568.066332)
(-3161.209362 -2389.32928 -3568.066332)
(-2886.271983 -2389.32928 -3568.066332)
(-2611.334603 -2389.32928 -3568.066332)
(-2336.397224 -2389.32928 -3568.066332)
(-2061.459845 -2389.32928 -3568.066332)
(-1786.522466 -2389.32928 -3568.066332)
(-1511.585086 -2389.32928 -3568.066332)
(-1236.647707 -2389.32928 -3568.066332)
(-961.7103276 -2389.32928 -3568.066332)
(-686.7729483 -2389.32928 -3568.066332)
(-411.835569 -2389.32928 -3568.066332)
(-136.8981897 -2389.32928 -3568.066332)
(138.0391897 -2389.32928 -3568.066332)
(412.976569 -2389.32928 -3568.066332)
(687.9139483 -2389.32928 -3568.066332)
(962.8513276 -2389.32928 -3568.066332)
(1237.788707 -2389.32928 -3568.066332)
(1512.726086 -2389.32928 -3568.066332)
(1787.663466 -2389.32928 -3568.066332)
(2062.600845 -2389.32928 -3568.066332)
(2337.538224 -2389.32928 -3568.066332)
(2612.475603 -2389.32928 -3568.066332)
(2887.412983 -2389.32928 -3568.066332)
(3162.350362 -2389.32928 -3568.066332)
(3437.287741 -2389.32928 -3568.066332)
(3712.225121 -2389.32928 -3568.066332)
(3987.1625 -2389.32928 -3568.066332)
(-3986.0215 -2161.52402 -3568.066332)
(-3711.084121 -2161.52402 -3568.066332)
(-3436.146741 -2161.52402 -3568.066332)
(-3161.209362 -2161.52402 -3568.066332)
(-2886.271983 -2161.52402 -3568.066332)
(-2611.334603 -2161.52402 -3568.066332)
(-2336.397224 -2161.52402 -3568.066332)
(-2061.459845 -2161.52402 -3568.066332)
(-1786.522466 -2161.52402 -3568.066332)
(-1511.585086 -2161.52402 -3568.066332)
(-1236.647707 -2161.52402 -3568.066332)
(-961.7103276 -2161.52402 -3568.066332)
(-686.7729483 -2161.52402 -3568.066332)
(-411.835569 -2161.52402 -3568.066332)
(-136.8981897 -2161.52402 -3568.066332)
(138.0391897 -2161.52402 -3568.066332)
(412.976569 -2161.52402 -3568.066332)
(687.9139483 -2161.52402 -3568.066332)
(962.8513276 -2161.52402 -3568.066332)
(1237.788707 -2161.52402 -3568.066332)
(1512.726086 -2161.52402 -3568.066332)
(1787.663466 -2161.52402 -3568.066332)
(2062.600845 -2161.52402 -3568.066332)
(2337.538224 -2161.52402 -3568.066332)
(2612.475603 -2161.52402 -3568.066332)
(2887.412983 -2161.52402 -3568.066332)
(3162.350362 -2161.52402 -3568.066332)
(3437.287741 -2161.52402 -3568.066332)
(3712.225121 -2161.52402 -3568.066332)
(3987.1625 -2161.52402 -3568.066332)
(-3986.0215 -1933.71876 -3568.066332)
(-3711.084121 -1933.71876 -3568.066332)
(-3436.146741 -1933.71876 -3568.066332)
(-3161.209362 -1933.71876 -3568.066332)
(-2886.271983 -1933.71876 -3568.066332)
(-2611.334603 -1933.71876 -3568.066332)
(-2336.397224 -1933.71876 -3568.066332)
(-2061.459845 -1933.71876 -3568.066332)
(-1786.522466 -1933.71876 -3568.066332)
(-1511.585086 -1933.71876 -3568.066332)
(-1236.647707 -1933.71876 -3568.066332)
(-961.7103276 -1933.71876 -3568.066332)
(-686.7729483 -1933.71876 -3568.066332)
(-411.835569 -1933.71876 -3568.066332)
(-136.8981897 -1933.71876 -3568.066332)
(138.0391897 -1933.71876 -3568.066332)
(412.976569 -1933.71876 -3568.066332)
(687.9139483 -1933.71876 -3568.066332)
(962.8513276 -1933.71876 -3568.066332)
(1237.788707 -1933.71876 -3568.066332)
(1512.726086 -1933.71876 -3568.066332)
(1787.663466 -1933.71876 -3568.066332)
(2062.600845 -1933.71876 -3568.066332)
(2337.538224 -1933.71876 -3568.066332)
(2612.475603 -1933.71876 -3568.066332)
(2887.412983 -1933.71876 -3568.066332)
(3162.350362 -1933.71876 -3568.066332)
(3437.287741 -1933.71876 -3568.066332)
(3712.225121 -1933.71876 -3568.066332)
(3987.1625 -1933.71876 -3568.066332)
(-3986.0215 -1705.9135 -3568.066332)
(-3711.084121 -1705.9135 -3568.066332)
(-3436.146741 -1705.9135 -3568.066332)
(-3161.209362 -1705.9135 -3568.066332)
(-2886.271983 -1705.9135 -3568.066332)
(-2611.334603 -1705.9135 -3568.066332)
(-2336.397224 -1705.9135 -3568.066332)
(-2061.459845 -1705.9135 -3568.066332)
(-1786.522466 -1705.9135 -3568.066332)
(-1511.585086 -1705.9135 -3568.066332)
(-1236.647707 -1705.9135 -3568.066332)
(-961.7103276 -1705.9135 -3568.066332)
(-686.7729483 -1705.9135 -3568.066332)
(-411.835569 -1705.9135 -3568.066332)
(-136.8981897 -1705.9135 -3568.066332)
(138.0391897 -1705.9135 -3568.066332)
(412.976569 -1705.9135 -3568.066332)
(687.9139483 -1705.9135 -3568.066332)
(962.8513276 -1705.9135 -3568.066332)
(1237.788707 -1705.9135 -3568.066332)
(1512.726086 -1705.9135 -3568.066332)
(1787.663466 -1705.9135 -3568.066332)
(2062.600845 -1705.9135 -3568.066332)
(2337.538224 -1705.9135 -3568.066332)
(2612.475603 -1705.9135 -3568.066332)
(2887.412983 -1705.9135 -3568.066332)
(3162.350362 -1705.9135 -3568.066332)
(3437.287741 -1705.9135 -3568.066332)
(3712.225121 -1705.9135 -3568.066332)
(3987.1625 -1705.9135 -3568.066332)
(-3986.0215 -1478.10824 -3568.066332)
(-3711.084121 -1478.10824 -3568.066332)
(-3436.146741 -1478.10824 -3568.066332)
(-3161.209362 -1478.10824 -3568.066332)
(-2886.271983 -1478.10824 -3568.066332)
(-2611.334603 -1478.10824 -3568.066332)
(-2336.397224 -1478.10824 -3568.066332)
(-2061.459845 -1478.10824 -3568.066332)
(-1786.522466 -1478.10824 -3568.066332)
(-1511.585086 -1478.10824 -3568.066332)
(-1236.647707 -1478.10824 -3568.066332)
(-961.7103276 -1478.10824 -3568.066332)
(-686.7729483 -1478.10824 -3568.066332)
(-411.835569 -1478.10824 -3568.066332)
(-136.8981897 -1478.10824 -3568.066332)
(138.0391897 -1478.10824 -3568.066332)
(412.976569 -1478.10824 -3568.066332)
(687.9139483 -1478.10824 -3568.066332)
(962.8513276 -1478.10824 -3568.066332)
(1237.788707 -1478.10824 -3568.066332)
(1512.726086 -1478.10824 -3568.066332)
(1787.663466 -1478.10824 -3568.066332)
(2062.600845 -1478.10824 -3568.066332)
(2337.538224 -1478.10824 -3568.066332)
(2612.475603 -1478.10824 -3568.066332)
(2887.412983 -1478.10824 -3568.066332)
(3162.350362 -1478.10824 -3568.066332)
(3437.287741 -1478.10824 -3568.066332)
(3712.225121 -1478.10824 -3568.066332)
(3987.1625 -1478.10824 -3568.066332)
(-3986.0215 -1250.30298 -3568.066332)
(-3711.084121 -1250.30298 -3568.066332)
(-3436.146741 -1250.30298 -3568.066332)
(-3161.209362 -1250.30298 -3568.066332)
(-2886.271983 -1250.30298 -3568.066332)
(-2611.334603 -1250.30298 -3568.066332)
(-2336.397224 -1250.30298 -3568.066332)
(-2061.459845 -1250.30298 -3568.066332)
(-1786.522466 -1250.30298 -3568.066332)
(-1511.585086 -1250.30298 -3568.066332)
(-1236.647707 -1250.30298 -3568.066332)
(-961.7103276 -1250.30298 -3568.066332)
(-686.7729483 -1250.30298 -3568.066332)
(-411.835569 -1250.30298 -3568.066332)
(-136.8981897 -1250.30298 -3568.066332)
(138.0391897 -1250.30298 -3568.066332)
(412.976569 -1250.30298 -3568.066332)
(687.9139483 -1250.30298 -3568.066332)
(962.8513276 -1250.30298 -3568.066332)
(1237.788707 -1250.30298 -3568.066332)
(1512.726086 -1250.30298 -3568.066332)
(1787.663466 -1250.30298 -3568.066332)
(2062.600845 -1250.30298 -3568.066332)
(2337.538224 -1250.30298 -3568.066332)
(2612.475603 -1250.30298 -3568.066332)
(2887.412983 -1250.30298 -3568.066332)
(3162.350362 -1250.30298 -3568.066332)
(3437.287741 -1250.30298 -3568.066332)
(3712.225121 -1250.30298 -3568.066332)
(3987.1625 -1250.30298 -3568.066332)
(-3986.0215 -1022.49772 -3568.066332)
(-3711.084121 -1022.49772 -3568.066332)
(-3436.146741 -1022.49772 -3568.066332)
(-3161.209362 -1022.49772 -3568.066332)
(-2886.271983 -1022.49772 -3568.066332)
(-2611.334603 -1022.49772 -3568.066332)
(-2336.397224 -1022.49772 -3568.066332)
(-2061.459845 -1022.49772 -3568.066332)
(-1786.522466 -1022.49772 -3568.066332)
(-1511.585086 -1022.49772 -3568.066332)
(-1236.647707 -1022.49772 -3568.066332)
(-961.7103276 -1022.49772 -3568.066332)
(-686.7729483 -1022.49772 -3568.066332)
(-411.835569 -1022.49772 -3568.066332)
(-136.8981897 -1022.49772 -3568.066332)
(138.0391897 -1022.49772 -3568.066332)
(412.976569 -1022.49772 -3568.066332)
(687.9139483 -1022.49772 -3568.066332)
(962.8513276 -1022.49772 -3568.066332)
(1237.788707 -1022.49772 -3568.066332)
(1512.726086 -1022.49772 -3568.066332)
(1787.663466 -1022.49772 -3568.066332)
(2062.600845 -1022.49772 -3568.066332)
(2337.538224 -1022.49772 -3568.066332)
(2612.475603 -1022.49772 -3568.066332)
(2887.412983 -1022.49772 -3568.066332)
(3162.350362 -1022.49772 -3568.066332)
(3437.287741 -1022.49772 -3568.066332)
(3712.225121 -1022.49772 -3568.066332)
(3987.1625 -1022.49772 -3568.066332)
(-3986.0215 -794.69246 -3568.066332)
(-3711.084121 -794.69246 -3568.066332)
(-3436.146741 -794.69246 -3568.066332)
(-3161.209362 -794.69246 -3568.066332)
(-2886.271983 -794.69246 -3568.066332)
(-2611.334603 -794.69246 -3568.066332)
(-2336.397224 -794.69246 -3568.066332)
(-2061.459845 -794.69246 -3568.066332)
(-1786.522466 -794.69246 -3568.066332)
(-1511.585086 -794.69246 -3568.066332)
(-1236.647707 -794.69246 -3568.066332)
(-961.7103276 -794.69246 -3568.066332)
(-686.7729483 -794.69246 -3568.066332)
(-411.835569 -794.69246 -3568.066332)
(-136.8981897 -794.69246 -3568.066332)
(138.0391897 -794.69246 -3568.066332)
(412.976569 -794.69246 -3568.066332)
(687.9139483 -794.69246 -3568.066332)
(962.8513276 -794.69246 -3568.066332)
(1237.788707 -794.69246 -3568.066332)
(1512.726086 -794.69246 -3568.066332)
(1787.663466 -794.69246 -3568.066332)
(2062.600845 -794.69246 -3568.066332)
(2337.538224 -794.69246 -3568.066332)
(2612.475603 -794.69246 -3568.066332)
(2887.412983 -794.69246 -3568.066332)
(3162.350362 -794.69246 -3568.066332)
(3437.287741 -794.69246 -3568.066332)
(3712.225121 -794.69246 -3568.066332)
(3987.1625 -794.69246 -3568.066332)
(-3986.0215 -566.8872 -3568.066332)
(-3711.084121 -566.8872 -3568.066332)
(-3436.146741 -566.8872 -3568.066332)
(-3161.209362 -566.8872 -3568.066332)
(-2886.271983 -566.8872 -3568.066332)
(-2611.334603 -566.8872 -3568.066332)
(-2336.397224 -566.8872 -3568.066332)
(-2061.459845 -566.8872 -3568.066332)
(-1786.522466 -566.8872 -3568.066332)
(-1511.585086 -566.8872 -3568.066332)
(-1236.647707 -566.8872 -3568.066332)
(-961.7103276 -566.8872 -3568.066332)
(-686.7729483 -566.8872 -3568.066332)
(-411.835569 -566.8872 -3568.066332)
(-136.8981897 -566.8872 -3568.066332)
(138.0391897 -566.8872 -3568.066332)
(412.976569 -566.8872 -3568.066332)
(687.9139483 -566.8872 -3568.066332)
(962.8513276 -566.8872 -3568.066332)
(1237.788707 -566.8872 -3568.066332)
(1512.726086 -566.8872 -3568.066332)
(1787.663466 -566.8872 -3568.066332)
(2062.600845 -566.8872 -3568.066332)
(2337.538224 -566.8872 -3568.066332)
(2612.475603 -566.8872 -3568.066332)
(2887.412983 -566.8872 -3568.066332)
(3162.350362 -566.8872 -3568.066332)
(3437.287741 -566.8872 -3568.066332)
(3712.225121 -566.8872 -3568.066332)
(3987.1625 -566.8872 -3568.066332)
(-3986.0215 -339.08194 -3568.066332)
(-3711.084121 -339.08194 -3568.066332)
(-3436.146741 -339.08194 -3568.066332)
(-3161.209362 -339.08194 -3568.066332)
(-2886.271983 -339.08194 -3568.066332)
(-2611.334603 -339.08194 -3568.066332)
(-2336.397224 -339.08194 -3568.066332)
(-2061.459845 -339.08194 -3568.066332)
(-1786.522466 -339.08194 -3568.066332)
(-1511.585086 -339.08194 -3568.066332)
(-1236.647707 -339.08194 -3568.066332)
(-961.7103276 -339.08194 -3568.066332)
(-686.7729483 -339.08194 -3568.066332)
(-411.835569 -339.08194 -3568.066332)
(-136.8981897 -339.08194 -3568.066332)
(138.0391897 -339.08194 -3568.066332)
(412.976569 -339.08194 -3568.066332)
(687.9139483 -339.08194 -3568.066332)
(962.8513276 -339.08194 -3568.066332)
(1237.788707 -339.08194 -3568.066332)
(1512.726086 -339.08194 -3568.066332)
(1787.663466 -339.08194 -3568.066332)
(2062.600845 -339.08194 -3568.066332)
(2337.538224 -339.08194 -3568.066332)
(2612.475603 -339.08194 -3568.066332)
(2887.412983 -339.08194 -3568.066332)
(3162.350362 -339.08194 -3568.066332)
(3437.287741 -339.08194 -3568.066332)
(3712.225121 -339.08194 -3568.066332)
(3987.1625 -339.08194 -3568.066332)
(-3986.0215 -111.27668 -3568.066332)
(-3711.084121 -111.27668 -3568.066332)
(-3436.146741 -111.27668 -3568.066332)
(-3161.209362 -111.27668 -3568.066332)
(-2886.271983 -111.27668 -3568.066332)
(-2611.334603 -111.27668 -3568.066332)
(-2336.397224 -111.27668 -3568.066332)
(-2061.459845 -111.27668 -3568.066332)
(-1786.522466 -111.27668 -3568.066332)
(-1511.585086 -111.27668 -3568.066332)
(-1236.647707 -111.27668 -3568.066332)
(-961.7103276 -111.27668 -3568.066332)
(-686.7729483 -111.27668 -3568.066332)
(-411.835569 -111.27668 -3568.066332)
(-136.8981897 -111.27668 -3568.066332)
(138.0391897 -111.27668 -3568.066332)
(412.976569 -111.27668 -3568.066332)
(687.9139483 -111.27668 -3568.066332)
(962.8513276 -111.27668 -3568.066332)
(1237.788707 -111.27668 -3568.066332)
(1512.726086 -111.27668 -3568.066332)
(1787.663466 -111.27668 -3568.066332)
(2062.600845 -111.27668 -3568.066332)
(2337.538224 -111.27668 -3568.066332)
(2612.475603 -111.27668 -3568.066332)
(2887.412983 -111.27668 -3568.066332)
(3162.350362 -111.27668 -3568.066332)
(3437.287741 -111.27668 -3568.066332)
(3712.225121 -111.27668 -3568.066332)
(3987.1625 -111.27668 -3568.066332)
(-3986.0215 116.52858 -3568.066332)
(-3711.084121 116.52858 -3568.066332)
(-3436.146741 116.52858 -3568.066332)
(-3161.209362 116.52858 -3568.066332)
(-2886.271983 116.52858 -3568.066332)
(-2611.334603 116.52858 -3568.066332)
(-2336.397224 116.52858 -3568.066332)
(-2061.459845 116.52858 -3568.066332)
(-1786.522466 116.52858 -3568.066332)
(-1511.585086 116.52858 -3568.066332)
(-1236.647707 116.52858 -3568.066332)
(-961.7103276 116.52858 -3568.066332)
(-686.7729483 116.52858 -3568.066332)
(-411.835569 116.52858 -3568.066332)
(-136.8981897 116.52858 -3568.066332)
(138.0391897 116.52858 -3568.066332)
(412.976569 116.52858 -3568.066332)
(687.9139483 116.52858 -3568.066332)
(962.8513276 116.52858 -3568.066332)
(1237.788707 116.52858 -3568.066332)
(1512.726086 116.52858 -3568.066332)
(1787.663466 116.52858 -3568.066332)
(2062.600845 116.52858 -3568.066332)
(2337.538224 116.52858 -3568.066332)
(2612.475603 116.52858 -3568.066332)
(2887.412983 116.52858 -3568.066332)
(3162.350362 116.52858 -3568.066332)
(3437.287741 116.52858 -3568.066332)
(3712.225121 116.52858 -3568.066332)
(3987.1625 116.52858 -3568.066332)
(-3986.0215 344.33384 -3568.066332)
(-3711.084121 344.33384 -3568.066332)
(-3436.146741 344.33384 -3568.066332)
(-3161.209362 344.33384 -3568.066332)
(-2886.271983 344.33384 -3568.066332)
(-2611.334603 344.33384 -3568.066332)
(-2336.397224 344.33384 -3568.066332)
(-2061.459845 344.33384 -3568.066332)
(-1786.522466 344.33384 -3568.066332)
(-1511.585086 344.33384 -3568.066332)
(-1236.647707 344.33384 -3568.066332)
(-961.7103276 344.33384 -3568.066332)
(-686.7729483 344.33384 -3568.066332)
(-411.835569 344.33384 -3568.066332)
(-136.8981897 344.33384 -3568.066332)
(138.0391897 344.33384 -3568.066332)
(412.976569 344.33384 -3568.066332)
(687.9139483 344.33384 -3568.066332)
(962.8513276 344.33384 -3568.066332)
(1237.788707 344.33384 -3568.066332)
(1512.726086 344.33384 -3568.066332)
(1787.663466 344.33384 -3568.066332)
(2062.600845 344.33384 -3568.066332)
(2337.538224 344.33384 -3568.066332)
(2612.475603 344.33384 -3568.066332)
(2887.412983 344.33384 -3568.066332)
(3162.350362 344.33384 -3568.066332)
(3437.287741 344.33384 -3568.066332)
(3712.225121 344.33384 -3568.066332)
(3987.1625 344.33384 -3568.066332)
(-3986.0215 572.1391 -3568.066332)
(-3711.084121 572.1391 -3568.066332)
(-3436.146741 572.1391 -3568.066332)
(-3161.209362 572.1391 -3568.066332)
(-2886.271983 572.1391 -3568.066332)
(-2611.334603 572.1391 -3568.066332)
(-2336.397224 572.1391 -3568.066332)
(-2061.459845 572.1391 -3568.066332)
(-1786.522466 572.1391 -3568.066332)
(-1511.585086 572.1391 -3568.066332)
(-1236.647707 572.1391 -3568.066332)
(-961.7103276 572.1391 -3568.066332)
(-686.7729483 572.1391 -3568.066332)
(-411.835569 572.1391 -3568.066332)
(-136.8981897 572.1391 -3568.066332)
(138.0391897 572.1391 -3568.066332)
(412.976569 572.1391 -3568.066332)
(687.9139483 572.1391 -3568.066332)
(962.8513276 572.1391 -3568.066332)
(1237.788707 572.1391 -3568.066332)
(1512.726086 572.1391 -3568.066332)
(1787.663466 572.1391 -3568.066332)
(2062.600845 572.1391 -3568.066332)
(2337.538224 572.1391 -3568.066332)
(2612.475603 572.1391 -3568.066332)
(2887.412983 572.1391 -3568.066332)
(3162.350362 572.1391 -3568.066332)
(3437.287741 572.1391 -3568.066332)
(3712.225121 572.1391 -3568.066332)
(3987.1625 572.1391 -3568.066332)
(-3986.0215 799.94436 -3568.066332)
(-3711.084121 799.94436 -3568.066332)
(-3436.146741 799.94436 -3568.066332)
(-3161.209362 799.94436 -3568.066332)
(-2886.271983 799.94436 -3568.066332)
(-2611.334603 799.94436 -3568.066332)
(-2336.397224 799.94436 -3568.066332)
(-2061.459845 799.94436 -3568.066332)
(-1786.522466 799.94436 -3568.066332)
(-1511.585086 799.94436 -3568.066332)
(-1236.647707 799.94436 -3568.066332)
(-961.7103276 799.94436 -3568.066332)
(-686.7729483 799.94436 -3568.066332)
(-411.835569 799.94436 -3568.066332)
(-136.8981897 799.94436 -3568.066332)
(138.0391897 799.94436 -3568.066332)
(412.976569 799.94436 -3568.066332)
(687.9139483 799.94436 -3568.066332)
(962.8513276 799.94436 -3568.066332)
(1237.788707 799.94436 -3568.066332)
(1512.726086 799.94436 -3568.066332)
(1787.663466 799.94436 -3568.066332)
(2062.600845 799.94436 -3568.066332)
(2337.538224 799.94436 -3568.066332)
(2612.475603 799.94436 -3568.066332)
(2887.412983 799.94436 -3568.066332)
(3162.350362 799.94436 -3568.066332)
(3437.287741 799.94436 -3568.066332)
(3712.225121 799.94436 -3568.066332)
(3987.1625 799.94436 -3568.066332)
(-3986.0215 1027.74962 -3568.066332)
(-3711.084121 1027.74962 -3568.066332)
(-3436.146741 1027.74962 -3568.066332)
(-3161.209362 1027.74962 -3568.066332)
(-2886.271983 1027.74962 -3568.066332)
(-2611.334603 1027.74962 -3568.066332)
(-2336.397224 1027.74962 -3568.066332)
(-2061.459845 1027.74962 -3568.066332)
(-1786.522466 1027.74962 -3568.066332)
(-1511.585086 1027.74962 -3568.066332)
(-1236.647707 1027.74962 -3568.066332)
(-961.7103276 1027.74962 -3568.066332)
(-686.7729483 1027.74962 -3568.066332)
(-411.835569 1027.74962 -3568.066332)
(-136.8981897 1027.74962 -3568.066332)
(138.0391897 1027.74962 -3568.066332)
(412.976569 1027.74962 -3568.066332)
(687.9139483 1027.74962 -3568.066332)
(962.8513276 1027.74962 -3568.066332)
(1237.788707 1027.74962 -3568.066332)
(1512.726086 1027.74962 -3568.066332)
(1787.663466 1027.74962 -3568.066332)
(2062.600845 1027.74962 -3568.066332)
(2337.538224 1027.74962 -3568.066332)
(2612.475603 1027.74962 -3568.066332)
(2887.412983 1027.74962 -3568.066332)
(3162.350362 1027.74962 -3568.066332)
(3437.287741 1027.74962 -3568.066332)
(3712.225121 1027.74962 -3568.066332)
(3987.1625 1027.74962 -3568.066332)
(-3986.0215 1255.55488 -3568.066332)
(-3711.084121 1255.55488 -3568.066332)
(-3436.146741 1255.55488 -3568.066332)
(-3161.209362 1255.55488 -3568.066332)
(-2886.271983 1255.55488 -3568.066332)
(-2611.334603 1255.55488 -3568.066332)
(-2336.397224 1255.55488 -3568.066332)
(-2061.459845 1255.55488 -3568.066332)
(-1786.522466 1255.55488 -3568.066332)
(-1511.585086 1255.55488 -3568.066332)
(-1236.647707 1255.55488 -3568.066332)
(-961.7103276 1255.55488 -3568.066332)
(-686.7729483 1255.55488 -3568.066332)
(-411.835569 1255.55488 -3568.066332)
(-136.8981897 1255.55488 -3568.066332)
(138.0391897 1255.55488 -3568.066332)
(412.976569 1255.55488 -3568.066332)
(687.9139483 1255.55488 -3568.066332)
(962.8513276 1255.55488 -3568.066332)
(1237.788707 1255.55488 -3568.066332)
(1512.726086 1255.55488 -3568.066332)
(1787.663466 1255.55488 -3568.066332)
(2062.600845 1255.55488 -3568.066332)
(2337.538224 1255.55488 -3568.066332)
(2612.475603 1255.55488 -3568.066332)
(2887.412983 1255.55488 -3568.066332)
(3162.350362 1255.55488 -3568.066332)
(3437.287741 1255.55488 -3568.066332)
(3712.225121 1255.55488 -3568.066332)
(3987.1625 1255.55488 -3568.066332)
(-3986.0215 1483.36014 -3568.066332)
(-3711.084121 1483.36014 -3568.066332)
(-3436.146741 1483.36014 -3568.066332)
(-3161.209362 1483.36014 -3568.066332)
(-2886.271983 1483.36014 -3568.066332)
(-2611.334603 1483.36014 -3568.066332)
(-2336.397224 1483.36014 -3568.066332)
(-2061.459845 1483.36014 -3568.066332)
(-1786.522466 1483.36014 -3568.066332)
(-1511.585086 1483.36014 -3568.066332)
(-1236.647707 1483.36014 -3568.066332)
(-961.7103276 1483.36014 -3568.066332)
(-686.7729483 1483.36014 -3568.066332)
(-411.835569 1483.36014 -3568.066332)
(-136.8981897 1483.36014 -3568.066332)
(138.0391897 1483.36014 -3568.066332)
(412.976569 1483.36014 -3568.066332)
(687.9139483 1483.36014 -3568.066332)
(962.8513276 1483.36014 -3568.066332)
(1237.788707 1483.36014 -3568.066332)
(1512.726086 1483.36014 -3568.066332)
(1787.663466 1483.36014 -3568.066332)
(2062.600845 1483.36014 -3568.066332)
(2337.538224 1483.36014 -3568.066332)
(2612.475603 1483.36014 -3568.066332)
(2887.412983 1483.36014 -3568.066332)
(3162.350362 1483.36014 -3568.066332)
(3437.287741 1483.36014 -3568.066332)
(3712.225121 1483.36014 -3568.066332)
(3987.1625 1483.36014 -3568.066332)
(-3986.0215 1711.1654 -3568.066332)
(-3711.084121 1711.1654 -3568.066332)
(-3436.146741 1711.1654 -3568.066332)
(-3161.209362 1711.1654 -3568.066332)
(-2886.271983 1711.1654 -3568.066332)
(-2611.334603 1711.1654 -3568.066332)
(-2336.397224 1711.1654 -3568.066332)
(-2061.459845 1711.1654 -3568.066332)
(-1786.522466 1711.1654 -3568.066332)
(-1511.585086 1711.1654 -3568.066332)
(-1236.647707 1711.1654 -3568.066332)
(-961.7103276 1711.1654 -3568.066332)
(-686.7729483 1711.1654 -3568.066332)
(-411.835569 1711.1654 -3568.066332)
(-136.8981897 1711.1654 -3568.066332)
(138.0391897 1711.1654 -3568.066332)
(412.976569 1711.1654 -3568.066332)
(687.9139483 1711.1654 -3568.066332)
(962.8513276 1711.1654 -3568.066332)
(1237.788707 1711.1654 -3568.066332)
(1512.726086 1711.1654 -3568.066332)
(1787.663466 1711.1654 -3568.066332)
(2062.600845 1711.1654 -3568.066332)
(2337.538224 1711.1654 -3568.066332)
(2612.475603 1711.1654 -3568.066332)
(2887.412983 1711.1654 -3568.066332)
(3162.350362 1711.1654 -3568.066332)
(3437.287741 1711.1654 -3568.066332)
(3712.225121 1711.1654 -3568.066332)
(3987.1625 1711.1654 -3568.066332)
(-3986.0215 1938.97066 -3568.066332)
(-3711.084121 1938.97066 -3568.066332)
(-3436.146741 1938.97066 -3568.066332)
(-3161.209362 1938.97066 -3568.066332)
(-2886.271983 1938.97066 -3568.066332)
(-2611.334603 1938.97066 -3568.066332)
(-2336.397224 1938.97066 -3568.066332)
(-2061.459845 1938.97066 -3568.066332)
(-1786.522466 1938.97066 -3568.066332)
(-1511.585086 1938.97066 -3568.066332)
(-1236.647707 1938.97066 -3568.066332)
(-961.7103276 1938.97066 -3568.066332)
(-686.7729483 1938.97066 -3568.066332)
(-411.835569 1938.97066 -3568.066332)
(-136.8981897 1938.97066 -3568.066332)
(138.0391897 1938.97066 -3568.066332)
(412.976569 1938.97066 -3568.066332)
(687.9139483 1938.97066 -3568.066332)
(962.8513276 1938.97066 -3568.066332)
(1237.788707 1938.97066 -3568.066332)
(1512.726086 1938.97066 -3568.066332)
(1787.663466 1938.97066 -3568.066332)
(2062.600845 1938.97066 -3568.066332)
(2337.538224 1938.97066 -3568.066332)
(2612.475603 1938.97066 -3568.066332)
(2887.412983 1938.97066 -3568.066332)
(3162.350362 1938.97066 -3568.066332)
(3437.287741 1938.97066 -3568.066332)
(3712.225121 1938.97066 -3568.066332)
(3987.1625 1938.97066 -3568.066332)
(-3986.0215 2166.77592 -3568.066332)
(-3711.084121 2166.77592 -3568.066332)
(-3436.146741 2166.77592 -3568.066332)
(-3161.209362 2166.77592 -3568.066332)
(-2886.271983 2166.77592 -3568.066332)
(-2611.334603 2166.77592 -3568.066332)
(-2336.397224 2166.77592 -3568.066332)
(-2061.459845 2166.77592 -3568.066332)
(-1786.522466 2166.77592 -3568.066332)
(-1511.585086 2166.77592 -3568.066332)
(-1236.647707 2166.77592 -3568.066332)
(-961.7103276 2166.77592 -3568.066332)
(-686.7729483 2166.77592 -3568.066332)
(-411.835569 2166.77592 -3568.066332)
(-136.8981897 2166.77592 -3568.066332)
(138.0391897 2166.77592 -3568.066332)
(412.976569 2166.77592 -3568.066332)
(687.9139483 2166.77592 -3568.066332)
(962.8513276 2166.77592 -3568.066332)
(1237.788707 2166.77592 -3568.066332)
(1512.726086 2166.77592 -3568.066332)
(1787.663466 2166.77592 -3568.066332)
(2062.600845 2166.77592 -3568.066332)
(2337.538224 2166.77592 -3568.066332)
(2612.475603 2166.77592 -3568.066332)
(2887.412983 2166.77592 -3568.066332)
(3162.350362 2166.77592 -3568.066332)
(3437.287741 2166.77592 -3568.066332)
(3712.225121 2166.77592 -3568.066332)
(3987.1625 2166.77592 -3568.066332)
(-3986.0215 2394.58118 -3568.066332)
(-3711.084121 2394.58118 -3568.066332)
(-3436.146741 2394.58118 -3568.066332)
(-3161.209362 2394.58118 -3568.066332)
(-2886.271983 2394.58118 -3568.066332)
(-2611.334603 2394.58118 -3568.066332)
(-2336.397224 2394.58118 -3568.066332)
(-2061.459845 2394.58118 -3568.066332)
(-1786.522466 2394.58118 -3568.066332)
(-1511.585086 2394.58118 -3568.066332)
(-1236.647707 2394.58118 -3568.066332)
(-961.7103276 2394.58118 -3568.066332)
(-686.7729483 2394.58118 -3568.066332)
(-411.835569 2394.58118 -3568.066332)
(-136.8981897 2394.58118 -3568.066332)
(138.0391897 2394.58118 -3568.066332)
(412.976569 2394.58118 -3568.066332)
(687.9139483 2394.58118 -3568.066332)
(962.8513276 2394.58118 -3568.066332)
(1237.788707 2394.58118 -3568.066332)
(1512.726086 2394.58118 -3568.066332)
(1787.663466 2394.58118 -3568.066332)
(2062.600845 2394.58118 -3568.066332)
(2337.538224 2394.58118 -3568.066332)
(2612.475603 2394.58118 -3568.066332)
(2887.412983 2394.58118 -3568.066332)
(3162.350362 2394.58118 -3568.066332)
(3437.287741 2394.58118 -3568.066332)
(3712.225121 2394.58118 -3568.066332)
(3987.1625 2394.58118 -3568.066332)
(-3986.0215 2622.38644 -3568.066332)
(-3711.084121 2622.38644 -3568.066332)
(-3436.146741 2622.38644 -3568.066332)
(-3161.209362 2622.38644 -3568.066332)
(-2886.271983 2622.38644 -3568.066332)
(-2611.334603 2622.38644 -3568.066332)
(-2336.397224 2622.38644 -3568.066332)
(-2061.459845 2622.38644 -3568.066332)
(-1786.522466 2622.38644 -3568.066332)
(-1511.585086 2622.38644 -3568.066332)
(-1236.647707 2622.38644 -3568.066332)
(-961.7103276 2622.38644 -3568.066332)
(-686.7729483 2622.38644 -3568.066332)
(-411.835569 2622.38644 -3568.066332)
(-136.8981897 2622.38644 -3568.066332)
(138.0391897 2622.38644 -3568.066332)
(412.976569 2622.38644 -3568.066332)
(687.9139483 2622.38644 -3568.066332)
(962.8513276 2622.38644 -3568.066332)
(1237.788707 2622.38644 -3568.066332)
(1512.726086 2622.38644 -3568.066332)
(1787.663466 2622.38644 -3568.066332)
(2062.600845 2622.38644 -3568.066332)
(2337.538224 2622.38644 -3568.066332)
(2612.475603 2622.38644 -3568.066332)
(2887.412983 2622.38644 -3568.066332)
(3162.350362 2622.38644 -3568.066332)
(3437.287741 2622.38644 -3568.066332)
(3712.225121 2622.38644 -3568.066332)
(3987.1625 2622.38644 -3568.066332)
(-3986.0215 2850.1917 -3568.066332)
(-3711.084121 2850.1917 -3568.066332)
(-3436.146741 2850.1917 -3568.066332)
(-3161.209362 2850.1917 -3568.066332)
(-2886.271983 2850.1917 -3568.066332)
(-2611.334603 2850.1917 -3568.066332)
(-2336.397224 2850.1917 -3568.066332)
(-2061.459845 2850.1917 -3568.066332)
(-1786.522466 2850.1917 -3568.066332)
(-1511.585086 2850.1917 -3568.066332)
(-1236.647707 2850.1917 -3568.066332)
(-961.7103276 2850.1917 -3568.066332)
(-686.7729483 2850.1917 -3568.066332)
(-411.835569 2850.1917 -3568.066332)
(-136.8981897 2850.1917 -3568.066332)
(138.0391897 2850.1917 -3568.066332)
(412.976569 2850.1917 -3568.066332)
(687.9139483 2850.1917 -3568.066332)
(962.8513276 2850.1917 -3568.066332)
(1237.788707 2850.1917 -3568.066332)
(1512.726086 2850.1917 -3568.066332)
(1787.663466 2850.1917 -3568.066332)
(2062.600845 2850.1917 -3568.066332)
(2337.538224 2850.1917 -3568.066332)
(2612.475603 2850.1917 -3568.066332)
(2887.412983 2850.1917 -3568.066332)
(3162.350362 2850.1917 -3568.066332)
(3437.287741 2850.1917 -3568.066332)
(3712.225121 2850.1917 -3568.066332)
(3987.1625 2850.1917 -3568.066332)
(-3986.0215 3077.99696 -3568.066332)
(-3711.084121 3077.99696 -3568.066332)
(-3436.146741 3077.99696 -3568.066332)
(-3161.209362 3077.99696 -3568.066332)
(-2886.271983 3077.99696 -3568.066332)
(-2611.334603 3077.99696 -3568.066332)
(-2336.397224 3077.99696 -3568.066332)
(-2061.459845 3077.99696 -3568.066332)
(-1786.522466 3077.99696 -3568.066332)
(-1511.585086 3077.99696 -3568.066332)
(-1236.647707 3077.99696 -3568.066332)
(-961.7103276 3077.99696 -3568.066332)
(-686.7729483 3077.99696 -3568.066332)
(-411.835569 3077.99696 -3568.066332)
(-136.8981897 3077.99696 -3568.066332)
(138.0391897 3077.99696 -3568.066332)
(412.976569 3077.99696 -3568.066332)
(687.9139483 3077.99696 -3568.066332)
(962.8513276 3077.99696 -3568.066332)
(1237.788707 3077.99696 -3568.066332)
(1512.726086 3077.99696 -3568.066332)
(1787.663466 3077.99696 -3568.066332)
(2062.600845 3077.99696 -3568.066332)
(2337.538224 3077.99696 -3568.066332)
(2612.475603 3077.99696 -3568.066332)
(2887.412983 3077.99696 -3568.066332)
(3162.350362 3077.99696 -3568.066332)
(3437.287741 3077.99696 -3568.066332)
(3712.225121 3077.99696 -3568.066332)
(3987.1625 3077.99696 -3568.066332)
(-3986.0215 3305.80222 -3568.066332)
(-3711.084121 3305.80222 -3568.066332)
(-3436.146741 3305.80222 -3568.066332)
(-3161.209362 3305.80222 -3568.066332)
(-2886.271983 3305.80222 -3568.066332)
(-2611.334603 3305.80222 -3568.066332)
(-2336.397224 3305.80222 -3568.066332)
(-2061.459845 3305.80222 -3568.066332)
(-1786.522466 3305.80222 -3568.066332)
(-1511.585086 3305.80222 -3568.066332)
(-1236.647707 3305.80222 -3568.066332)
(-961.7103276 3305.80222 -3568.066332)
(-686.7729483 3305.80222 -3568.066332)
(-411.835569 3305.80222 -3568.066332)
(-136.8981897 3305.80222 -3568.066332)
(138.0391897 3305.80222 -3568.066332)
(412.976569 3305.80222 -3568.066332)
(687.9139483 3305.80222 -3568.066332)
(962.8513276 3305.80222 -3568.066332)
(1237.788707 3305.80222 -3568.066332)
(1512.726086 3305.80222 -3568.066332)
(1787.663466 3305.80222 -3568.066332)
(2062.600845 3305.80222 -3568.066332)
(2337.538224 3305.80222 -3568.066332)
(2612.475603 3305.80222 -3568.066332)
(2887.412983 3305.80222 -3568.066332)
(3162.350362 3305.80222 -3568.066332)
(3437.287741 3305.80222 -3568.066332)
(3712.225121 3305.80222 -3568.066332)
(3987.1625 3305.80222 -3568.066332)
(-3986.0215 3533.60748 -3568.066332)
(-3711.084121 3533.60748 -3568.066332)
(-3436.146741 3533.60748 -3568.066332)
(-3161.209362 3533.60748 -3568.066332)
(-2886.271983 3533.60748 -3568.066332)
(-2611.334603 3533.60748 -3568.066332)
(-2336.397224 3533.60748 -3568.066332)
(-2061.459845 3533.60748 -3568.066332)
(-1786.522466 3533.60748 -3568.066332)
(-1511.585086 3533.60748 -3568.066332)
(-1236.647707 3533.60748 -3568.066332)
(-961.7103276 3533.60748 -3568.066332)
(-686.7729483 3533.60748 -3568.066332)
(-411.835569 3533.60748 -3568.066332)
(-136.8981897 3533.60748 -3568.066332)
(138.0391897 3533.60748 -3568.066332)
(412.976569 3533.60748 -3568.066332)
(687.9139483 3533.60748 -3568.066332)
(962.8513276 3533.60748 -3568.066332)
(1237.788707 3533.60748 -3568.066332)
(1512.726086 3533.60748 -3568.066332)
(1787.663466 3533.60748 -3568.066332)
(2062.600845 3533.60748 -3568.066332)
(2337.538224 3533.60748 -3568.066332)
(2612.475603 3533.60748 -3568.066332)
(2887.412983 3533.60748 -3568.066332)
(3162.350362 3533.60748 -3568.066332)
(3437.287741 3533.60748 -3568.066332)
(3712.225121 3533.60748 -3568.066332)
(3987.1625 3533.60748 -3568.066332)
(-3986.0215 3761.41274 -3568.066332)
(-3711.084121 3761.41274 -3568.066332)
(-3436.146741 3761.41274 -3568.066332)
(-3161.209362 3761.41274 -3568.066332)
(-2886.271983 3761.41274 -3568.066332)
(-2611.334603 3761.41274 -3568.066332)
(-2336.397224 3761.41274 -3568.066332)
(-2061.459845 3761.41274 -3568.066332)
(-1786.522466 3761.41274 -3568.066332)
(-1511.585086 3761.41274 -3568.066332)
(-1236.647707 3761.41274 -3568.066332)
(-961.7103276 3761.41274 -3568.066332)
(-686.7729483 3761.41274 -3568.066332)
(-411.835569 3761.41274 -3568.066332)
(-136.8981897 3761.41274 -3568.066332)
(138.0391897 3761.41274 -3568.066332)
(412.976569 3761.41274 -3568.066332)
(687.9139483 3761.41274 -3568.066332)
(962.8513276 3761.41274 -3568.066332)
(1237.788707 3761.41274 -3568.066332)
(1512.726086 3761.41274 -3568.066332)
(1787.663466 3761.41274 -3568.066332)
(2062.600845 3761.41274 -3568.066332)
(2337.538224 3761.41274 -3568.066332)
(2612.475603 3761.41274 -3568.066332)
(2887.412983 3761.41274 -3568.066332)
(3162.350362 3761.41274 -3568.066332)
(3437.287741 3761.41274 -3568.066332)
(3712.225121 3761.41274 -3568.066332)
(3987.1625 3761.41274 -3568.066332)
(-3986.0215 3989.218 -3568.066332)
(-3711.084121 3989.218 -3568.066332)
(-3436.146741 3989.218 -3568.066332)
(-3161.209362 3989.218 -3568.066332)
(-2886.271983 3989.218 -3568.066332)
(-2611.334603 3989.218 -3568.066332)
(-2336.397224 3989.218 -3568.066332)
(-2061.459845 3989.218 -3568.066332)
(-1786.522466 3989.218 -3568.066332)
(-1511.585086 3989.218 -3568.066332)
(-1236.647707 3989.218 -3568.066332)
(-961.7103276 3989.218 -3568.066332)
(-686.7729483 3989.218 -3568.066332)
(-411.835569 3989.218 -3568.066332)
(-136.8981897 3989.218 -3568.066332)
(138.0391897 3989.218 -3568.066332)
(412.976569 3989.218 -3568.066332)
(687.9139483 3989.218 -3568.066332)
(962.8513276 3989.218 -3568.066332)
(1237.788707 3989.218 -3568.066332)
(1512.726086 3989.218 -3568.066332)
(1787.663466 3989.218 -3568.066332)
(2062.600845 3989.218 -3568.066332)
(2337.538224 3989.218 -3568.066332)
(2612.475603 3989.218 -3568.066332)
(2887.412983 3989.218 -3568.066332)
(3162.350362 3989.218 -3568.066332)
(3437.287741 3989.218 -3568.066332)
(3712.225121 3989.218 -3568.066332)
(3987.1625 3989.218 -3568.066332)
(-3986.0215 -3983.9661 -3148.425063)
(-3711.084121 -3983.9661 -3148.425063)
(-3436.146741 -3983.9661 -3148.425063)
(-3161.209362 -3983.9661 -3148.425063)
(-2886.271983 -3983.9661 -3148.425063)
(-2611.334603 -3983.9661 -3148.425063)
(-2336.397224 -3983.9661 -3148.425063)
(-2061.459845 -3983.9661 -3148.425063)
(-1786.522466 -3983.9661 -3148.425063)
(-1511.585086 -3983.9661 -3148.425063)
(-1236.647707 -3983.9661 -3148.425063)
(-961.7103276 -3983.9661 -3148.425063)
(-686.7729483 -3983.9661 -3148.425063)
(-411.835569 -3983.9661 -3148.425063)
(-136.8981897 -3983.9661 -3148.425063)
(138.0391897 -3983.9661 -3148.425063)
(412.976569 -3983.9661 -3148.425063)
(687.9139483 -3983.9661 -3148.425063)
(962.8513276 -3983.9661 -3148.425063)
(1237.788707 -3983.9661 -3148.425063)
(1512.726086 -3983.9661 -3148.425063)
(1787.663466 -3983.9661 -3148.425063)
(2062.600845 -3983.9661 -3148.425063)
(2337.538224 -3983.9661 -3148.425063)
(2612.475603 -3983.9661 -3148.425063)
(2887.412983 -3983.9661 -3148.425063)
(3162.350362 -3983.9661 -3148.425063)
(3437.287741 -3983.9661 -3148.425063)
(3712.225121 -3983.9661 -3148.425063)
(3987.1625 -3983.9661 -3148.425063)
(-3986.0215 -3756.16084 -3148.425063)
(-3711.084121 -3756.16084 -3148.425063)
(-3436.146741 -3756.16084 -3148.425063)
(-3161.209362 -3756.16084 -3148.425063)
(-2886.271983 -3756.16084 -3148.425063)
(-2611.334603 -3756.16084 -3148.425063)
(-2336.397224 -3756.16084 -3148.425063)
(-2061.459845 -3756.16084 -3148.425063)
(-1786.522466 -3756.16084 -3148.425063)
(-1511.585086 -3756.16084 -3148.425063)
(-1236.647707 -3756.16084 -3148.425063)
(-961.7103276 -3756.16084 -3148.425063)
(-686.7729483 -3756.16084 -3148.425063)
(-411.835569 -3756.16084 -3148.425063)
(-136.8981897 -3756.16084 -3148.425063)
(138.0391897 -3756.16084 -3148.425063)
(412.976569 -3756.16084 -3148.425063)
(687.9139483 -3756.16084 -3148.425063)
(962.8513276 -3756.16084 -3148.425063)
(1237.788707 -3756.16084 -3148.425063)
(1512.726086 -3756.16084 -3148.425063)
(1787.663466 -3756.16084 -3148.425063)
(2062.600845 -3756.16084 -3148.425063)
(2337.538224 -3756.16084 -3148.425063)
(2612.475603 -3756.16084 -3148.425063)
(2887.412983 -3756.16084 -3148.425063)
(3162.350362 -3756.16084 -3148.425063)
(3437.287741 -3756.16084 -3148.425063)
(3712.225121 -3756.16084 -3148.425063)
(3987.1625 -3756.16084 -3148.425063)
(-3986.0215 -3528.35558 -3148.425063)
(-3711.084121 -3528.35558 -3148.425063)
(-3436.146741 -3528.35558 -3148.425063)
(-3161.209362 -3528.35558 -3148.425063)
(-2886.271983 -3528.35558 -3148.425063)
(-2611.334603 -3528.35558 -3148.425063)
(-2336.397224 -3528.35558 -3148.425063)
(-2061.459845 -3528.35558 -3148.425063)
(-1786.522466 -3528.35558 -3148.425063)
(-1511.585086 -3528.35558 -3148.425063)
(-1236.647707 -3528.35558 -3148.425063)
(-961.7103276 -3528.35558 -3148.425063)
(-686.7729483 -3528.35558 -3148.425063)
(-411.835569 -3528.35558 -3148.425063)
(-136.8981897 -3528.35558 -3148.425063)
(138.0391897 -3528.35558 -3148.425063)
(412.976569 -3528.35558 -3148.425063)
(687.9139483 -3528.35558 -3148.425063)
(962.8513276 -3528.35558 -3148.425063)
(1237.788707 -3528.35558 -3148.425063)
(1512.726086 -3528.35558 -3148.425063)
(1787.663466 -3528.35558 -3148.425063)
(2062.600845 -3528.35558 -3148.425063)
(2337.538224 -3528.35558 -3148.425063)
(2612.475603 -3528.35558 -3148.425063)
(2887.412983 -3528.35558 -3148.425063)
(3162.350362 -3528.35558 -3148.425063)
(3437.287741 -3528.35558 -3148.425063)
(3712.225121 -3528.35558 -3148.425063)
(3987.1625 -3528.35558 -3148.425063)
(-3986.0215 -3300.55032 -3148.425063)
(-3711.084121 -3300.55032 -3148.425063)
(-3436.146741 -3300.55032 -3148.425063)
(-3161.209362 -3300.55032 -3148.425063)
(-2886.271983 -3300.55032 -3148.425063)
(-2611.334603 -3300.55032 -3148.425063)
(-2336.397224 -3300.55032 -3148.425063)
(-2061.459845 -3300.55032 -3148.425063)
(-1786.522466 -3300.55032 -3148.425063)
(-1511.585086 -3300.55032 -3148.425063)
(-1236.647707 -3300.55032 -3148.425063)
(-961.7103276 -3300.55032 -3148.425063)
(-686.7729483 -3300.55032 -3148.425063)
(-411.835569 -3300.55032 -3148.425063)
(-136.8981897 -3300.55032 -3148.425063)
(138.0391897 -3300.55032 -3148.425063)
(412.976569 -3300.55032 -3148.425063)
(687.9139483 -3300.55032 -3148.425063)
(962.8513276 -3300.55032 -3148.425063)
(1237.788707 -3300.55032 -3148.425063)
(1512.726086 -3300.55032 -3148.425063)
(1787.663466 -3300.55032 -3148.425063)
(2062.600845 -3300.55032 -3148.425063)
(2337.538224 -3300.55032 -3148.425063)
(2612.475603 -3300.55032 -3148.425063)
(2887.412983 -3300.55032 -3148.425063)
(3162.350362 -3300.55032 -3148.425063)
(3437.287741 -3300.55032 -3148.425063)
(3712.225121 -3300.55032 -3148.425063)
(3987.1625 -3300.55032 -3148.425063)
(-3986.0215 -3072.74506 -3148.425063)
(-3711.084121 -3072.74506 -3148.425063)
(-3436.146741 -3072.74506 -3148.425063)
(-3161.209362 -3072.74506 -3148.425063)
(-2886.271983 -3072.74506 -3148.425063)
(-2611.334603 -3072.74506 -3148.425063)
(-2336.397224 -3072.74506 -3148.425063)
(-2061.459845 -3072.74506 -3148.425063)
(-1786.522466 -3072.74506 -3148.425063)
(-1511.585086 -3072.74506 -3148.425063)
(-1236.647707 -3072.74506 -3148.425063)
(-961.7103276 -3072.74506 -3148.425063)
(-686.7729483 -3072.74506 -3148.425063)
(-411.835569 -3072.74506 -3148.425063)
(-136.8981897 -3072.74506 -3148.425063)
(138.0391897 -3072.74506 -3148.425063)
(412.976569 -3072.74506 -3148.425063)
(687.9139483 -3072.74506 -3148.425063)
(962.8513276 -3072.74506 -3148.425063)
(1237.788707 -3072.74506 -3148.425063)
(1512.726086 -3072.74506 -3148.425063)
(1787.663466 -3072.74506 -3148.425063)
(2062.600845 -3072.74506 -3148.425063)
(2337.538224 -3072.74506 -3148.425063)
(2612.475603 -3072.74506 -3148.425063)
(2887.412983 -3072.74506 -3148.425063)
(3162.350362 -3072.74506 -3148.425063)
(3437.287741 -3072.74506 -3148.425063)
(3712.225121 -3072.74506 -3148.425063)
(3987.1625 -3072.74506 -3148.425063)
(-3986.0215 -2844.9398 -3148.425063)
(-3711.084121 -2844.9398 -3148.425063)
(-3436.146741 -2844.9398 -3148.425063)
(-3161.209362 -2844.9398 -3148.425063)
(-2886.271983 -2844.9398 -3148.425063)
(-2611.334603 -2844.9398 -3148.425063)
(-2336.397224 -2844.9398 -3148.425063)
(-2061.459845 -2844.9398 -3148.425063)
(-1786.522466 -2844.9398 -3148.425063)
(-1511.585086 -2844.9398 -3148.425063)
(-1236.647707 -2844.9398 -3148.425063)
(-961.7103276 -2844.9398 -3148.425063)
(-686.7729483 -2844.9398 -3148.425063)
(-411.835569 -2844.9398 -3148.425063)
(-136.8981897 -2844.9398 -3148.425063)
(138.0391897 -2844.9398 -3148.425063)
(412.976569 -2844.9398 -3148.425063)
(687.9139483 -2844.9398 -3148.425063)
(962.8513276 -2844.9398 -3148.425063)
(1237.788707 -2844.9398 -3148.425063)
(1512.726086 -2844.9398 -3148.425063)
(1787.663466 -2844.9398 -3148.425063)
(2062.600845 -2844.9398 -3148.425063)
(2337.538224 -2844.9398 -3148.425063)
(2612.475603 -2844.9398 -3148.425063)
(2887.412983 -2844.9398 -3148.425063)
(3162.350362 -2844.9398 -3148.425063)
(3437.287741 -2844.9398 -3148.425063)
(3712.225121 -2844.9398 -3148.425063)
(3987.1625 -2844.9398 -3148.425063)
(-3986.0215 -2617.13454 -3148.425063)
(-3711.084121 -2617.13454 -3148.425063)
(-3436.146741 -2617.13454 -3148.425063)
(-3161.209362 -2617.13454 -3148.425063)
(-2886.271983 -2617.13454 -3148.425063)
(-2611.334603 -2617.13454 -3148.425063)
(-2336.397224 -2617.13454 -3148.425063)
(-2061.459845 -2617.13454 -3148.425063)
(-1786.522466 -2617.13454 -3148.425063)
(-1511.585086 -2617.13454 -3148.425063)
(-1236.647707 -2617.13454 -3148.425063)
(-961.7103276 -2617.13454 -3148.425063)
(-686.7729483 -2617.13454 -3148.425063)
(-411.835569 -2617.13454 -3148.425063)
(-136.8981897 -2617.13454 -3148.425063)
(138.0391897 -2617.13454 -3148.425063)
(412.976569 -2617.13454 -3148.425063)
(687.9139483 -2617.13454 -3148.425063)
(962.8513276 -2617.13454 -3148.425063)
(1237.788707 -2617.13454 -3148.425063)
(1512.726086 -2617.13454 -3148.425063)
(1787.663466 -2617.13454 -3148.425063)
(2062.600845 -2617.13454 -3148.425063)
(2337.538224 -2617.13454 -3148.425063)
(2612.475603 -2617.13454 -3148.425063)
(2887.412983 -2617.13454 -3148.425063)
(3162.350362 -2617.13454 -3148.425063)
(3437.287741 -2617.13454 -3148.425063)
(3712.225121 -2617.13454 -3148.425063)
(3987.1625 -2617.13454 -3148.425063)
(-3986.0215 -2389.32928 -3148.425063)
(-3711.084121 -2389.32928 -3148.425063)
(-3436.146741 -2389.32928 -3148.425063)
(-3161.209362 -2389.32928 -3148.425063)
(-2886.271983 -2389.32928 -3148.425063)
(-2611.334603 -2389.32928 -3148.425063)
(-2336.397224 -2389.32928 -3148.425063)
(-2061.459845 -2389.32928 -3148.425063)
(-1786.522466 -2389.32928 -3148.425063)
(-1511.585086 -2389.32928 -3148.425063)
(-1236.647707 -2389.32928 -3148.425063)
(-961.7103276 -2389.32928 -3148.425063)
(-686.7729483 -2389.32928 -3148.425063)
(-411.835569 -2389.32928 -3148.425063)
(-136.8981897 -2389.32928 -3148.425063)
(138.0391897 -2389.32928 -3148.425063)
(412.976569 -2389.32928 -3148.425063)
(687.9139483 -2389.32928 -3148.425063)
(962.8513276 -2389.32928 -3148.425063)
(1237.788707 -2389.32928 -3148.425063)
(1512.726086 -2389.32928 -3148.425063)
(1787.663466 -2389.32928 -3148.425063)
(2062.600845 -2389.32928 -3148.425063)
(2337.538224 -2389.32928 -3148.425063)
(2612.475603 -2389.32928 -3148.425063)
(2887.412983 -2389.32928 -3148.425063)
(3162.350362 -2389.32928 -3148.425063)
(3437.287741 -2389.32928 -3148.425063)
(3712.225121 -2389.32928 -3148.425063)
(3987.1625 -2389.32928 -3148.425063)
(-3986.0215 -2161.52402 -3148.425063)
(-3711.084121 -2161.52402 -3148.425063)
(-3436.146741 -2161.52402 -3148.425063)
(-3161.209362 -2161.52402 -3148.425063)
(-2886.271983 -2161.52402 -3148.425063)
(-2611.334603 -2161.52402 -3148.425063)
(-2336.397224 -2161.52402 -3148.425063)
(-2061.459845 -2161.52402 -3148.425063)
(-1786.522466 -2161.52402 -3148.425063)
(-1511.585086 -2161.52402 -3148.425063)
(-1236.647707 -2161.52402 -3148.425063)
(-961.7103276 -2161.52402 -3148.425063)
(-686.7729483 -2161.52402 -3148.425063)
(-411.835569 -2161.52402 -3148.425063)
(-136.8981897 -2161.52402 -3148.425063)
(138.0391897 -2161.52402 -3148.425063)
(412.976569 -2161.52402 -3148.425063)
(687.9139483 -2161.52402 -3148.425063)
(962.8513276 -2161.52402 -3148.425063)
(1237.788707 -2161.52402 -3148.425063)
(1512.726086 -2161.52402 -3148.425063)
(1787.663466 -2161.52402 -3148.425063)
(2062.600845 -2161.52402 -3148.425063)
(2337.538224 -2161.52402 -3148.425063)
(2612.475603 -2161.52402 -3148.425063)
(2887.412983 -2161.52402 -3148.425063)
(3162.350362 -2161.52402 -3148.425063)
(3437.287741 -2161.52402 -3148.425063)
(3712.225121 -2161.52402 -3148.425063)
(3987.1625 -2161.52402 -3148.425063)
(-3986.0215 -1933.71876 -3148.425063)
(-3711.084121 -1933.71876 -3148.425063)
(-3436.146741 -1933.71876 -3148.425063)
(-3161.209362 -1933.71876 -3148.425063)
(-2886.271983 -1933.71876 -3148.425063)
(-2611.334603 -1933.71876 -3148.425063)
(-2336.397224 -1933.71876 -3148.425063)
(-2061.459845 -1933.71876 -3148.425063)
(-1786.522466 -1933.71876 -3148.425063)
(-1511.585086 -1933.71876 -3148.425063)
(-1236.647707 -1933.71876 -3148.425063)
(-961.7103276 -1933.71876 -3148.425063)
(-686.7729483 -1933.71876 -3148.425063)
(-411.835569 -1933.71876 -3148.425063)
(-136.8981897 -1933.71876 -3148.425063)
(138.0391897 -1933.71876 -3148.425063)
(412.976569 -1933.71876 -3148.425063)
(687.9139483 -1933.71876 -3148.425063)
(962.8513276 -1933.71876 -3148.425063)
(1237.788707 -1933.71876 -3148.425063)
(1512.726086 -1933.71876 -3148.425063)
(1787.663466 -1933.71876 -3148.425063)
(2062.600845 -1933.71876 -3148.425063)
(2337.538224 -1933.71876 -3148.425063)
(2612.475603 -1933.71876 -3148.425063)
(2887.412983 -1933.71876 -3148.425063)
(3162.350362 -1933.71876 -3148.425063)
(3437.287741 -1933.71876 -3148.425063)
(3712.225121 -1933.71876 -3148.425063)
(3987.1625 -1933.71876 -3148.425063)
(-3986.0215 -1705.9135 -3148.425063)
(-3711.084121 -1705.9135 -3148.425063)
(-3436.146741 -1705.9135 -3148.425063)
(-3161.209362 -1705.9135 -3148.425063)
(-2886.271983 -1705.9135 -3148.425063)
(-2611.334603 -1705.9135 -3148.425063)
(-2336.397224 -1705.9135 -3148.425063)
(-2061.459845 -1705.9135 -3148.425063)
(-1786.522466 -1705.9135 -3148.425063)
(-1511.585086 -1705.9135 -3148.425063)
(-1236.647707 -1705.9135 -3148.425063)
(-961.7103276 -1705.9135 -3148.425063)
(-686.7729483 -1705.9135 -3148.425063)
(-411.835569 -1705.9135 -3148.425063)
(-136.8981897 -1705.9135 -3148.425063)
(138.0391897 -1705.9135 -3148.425063)
(412.976569 -1705.9135 -3148.425063)
(687.9139483 -1705.9135 -3148.425063)
(962.8513276 -1705.9135 -3148.425063)
(1237.788707 -1705.9135 -3148.425063)
(1512.726086 -1705.9135 -3148.425063)
(1787.663466 -1705.9135 -3148.425063)
(2062.600845 -1705.9135 -3148.425063)
(2337.538224 -1705.9135 -3148.425063)
(2612.475603 -1705.9135 -3148.425063)
(2887.412983 -1705.9135 -3148.425063)
(3162.350362 -1705.9135 -3148.425063)
(3437.287741 -1705.9135 -3148.425063)
(3712.225121 -1705.9135 -3148.425063)
(3987.1625 -1705.9135 -3148.425063)
(-3986.0215 -1478.10824 -3148.425063)
(-3711.084121 -1478.10824 -3148.425063)
(-3436.146741 -1478.10824 -3148.425063)
(-3161.209362 -1478.10824 -3148.425063)
(-2886.271983 -1478.10824 -3148.425063)
(-2611.334603 -1478.10824 -3148.425063)
(-2336.397224 -1478.10824 -3148.425063)
(-2061.459845 -1478.10824 -3148.425063)
(-1786.522466 -1478.10824 -3148.425063)
(-1511.585086 -1478.10824 -3148.425063)
(-1236.647707 -1478.10824 -3148.425063)
(-961.7103276 -1478.10824 -3148.425063)
(-686.7729483 -1478.10824 -3148.425063)
(-411.835569 -1478.10824 -3148.425063)
(-136.8981897 -1478.10824 -3148.425063)
(138.0391897 -1478.10824 -3148.425063)
(412.976569 -1478.10824 -3148.425063)
(687.9139483 -1478.10824 -3148.425063)
(962.8513276 -1478.10824 -3148.425063)
(1237.788707 -1478.10824 -3148.425063)
(1512.726086 -1478.10824 -3148.425063)
(1787.663466 -1478.10824 -3148.425063)
(2062.600845 -1478.10824 -3148.425063)
(2337.538224 -1478.10824 -3148.425063)
(2612.475603 -1478.10824 -3148.425063)
(2887.412983 -1478.10824 -3148.425063)
(3162.350362 -1478.10824 -3148.425063)
(3437.287741 -1478.10824 -3148.425063)
(3712.225121 -1478.10824 -3148.425063)
(3987.1625 -1478.10824 -3148.425063)
(-3986.0215 -1250.30298 -3148.425063)
(-3711.084121 -1250.30298 -3148.425063)
(-3436.146741 -1250.30298 -3148.425063)
(-3161.209362 -1250.30298 -3148.425063)
(-2886.271983 -1250.30298 -3148.425063)
(-2611.334603 -1250.30298 -3148.425063)
(-2336.397224 -1250.30298 -3148.425063)
(-2061.459845 -1250.30298 -3148.425063)
(-1786.522466 -1250.30298 -3148.425063)
(-1511.585086 -1250.30298 -3148.425063)
(-1236.647707 -1250.30298 -3148.425063)
(-961.7103276 -1250.30298 -3148.425063)
(-686.7729483 -1250.30298 -3148.425063)
(-411.835569 -1250.30298 -3148.425063)
(-136.8981897 -1250.30298 -3148.425063)
(138.0391897 -1250.30298 -3148.425063)
(412.976569 -1250.30298 -3148.425063)
(687.9139483 -1250.30298 -3148.425063)
(962.8513276 -1250.30298 -3148.425063)
(1237.788707 -1250.30298 -3148.425063)
(1512.726086 -1250.30298 -3148.425063)
(1787.663466 -1250.30298 -3148.425063)
(2062.600845 -1250.30298 -3148.425063)
(2337.538224 -1250.30298 -3148.425063)
(2612.475603 -1250.30298 -3148.425063)
(2887.412983 -1250.30298 -3148.425063)
(3162.350362 -1250.30298 -3148.425063)
(3437.287741 -1250.30298 -3148.425063)
(3712.225121 -1250.30298 -3148.425063)
(3987.1625 -1250.30298 -3148.425063)
(-3986.0215 -1022.49772 -3148.425063)
(-3711.084121 -1022.49772 -3148.425063)
(-3436.146741 -1022.49772 -3148.425063)
(-3161.209362 -1022.49772 -3148.425063)
(-2886.271983 -1022.49772 -3148.425063)
(-2611.334603 -1022.49772 -3148.425063)
(-2336.397224 -1022.49772 -3148.425063)
(-2061.459845 -1022.49772 -3148.425063)
(-1786.522466 -1022.49772 -3148.425063)
(-1511.585086 -1022.49772 -3148.425063)
(-1236.647707 -1022.49772 -3148.425063)
(-961.7103276 -1022.49772 -3148.425063)
(-686.7729483 -1022.49772 -3148.425063)
(-411.835569 -1022.49772 -3148.425063)
(-136.8981897 -1022.49772 -3148.425063)
(138.0391897 -1022.49772 -3148.425063)
(412.976569 -1022.49772 -3148.425063)
(687.9139483 -1022.49772 -3148.425063)
(962.8513276 -1022.49772 -3148.425063)
(1237.788707 -1022.49772 -3148.425063)
(1512.726086 -1022.49772 -3148.425063)
(1787.663466 -1022.49772 -3148.425063)
(2062.600845 -1022.49772 -3148.425063)
(2337.538224 -1022.49772 -3148.425063)
(2612.475603 -1022.49772 -3148.425063)
(2887.412983 -1022.49772 -3148.425063)
(3162.350362 -1022.49772 -3148.425063)
(3437.287741 -1022.49772 -3148.425063)
(3712.225121 -1022.49772 -3148.425063)
(3987.1625 -1022.49772 -3148.425063)
(-3986.0215 -794.69246 -3148.425063)
(-3711.084121 -794.69246 -3148.425063)
(-3436.146741 -794.69246 -3148.425063)
(-3161.209362 -794.69246 -3148.425063)
(-2886.271983 -794.69246 -3148.425063)
(-2611.334603 -794.69246 -3148.425063)
(-2336.397224 -794.69246 -3148.425063)
(-2061.459845 -794.69246 -3148.425063)
(-1786.522466 -794.69246 -3148.425063)
(-1511.585086 -794.69246 -3148.425063)
(-1236.647707 -794.69246 -3148.425063)
(-961.7103276 -794.69246 -3148.425063)
(-686.7729483 -794.69246 -3148.425063)
(-411.835569 -794.69246 -3148.425063)
(-136.8981897 -794.69246 -3148.425063)
(138.0391897 -794.69246 -3148.425063)
(412.976569 -794.69246 -3148.425063)
(687.9139483 -794.69246 -3148.425063)
(962.8513276 -794.69246 -3148.425063)
(1237.788707 -794.69246 -3148.425063)
(1512.726086 -794.69246 -3148.425063)
(1787.663466 -794.69246 -3148.425063)
(2062.600845 -794.69246 -3148.425063)
(2337.538224 -794.69246 -3148.425063)
(2612.475603 -794.69246 -3148.425063)
(2887.412983 -794.69246 -3148.425063)
(3162.350362 -794.69246 -3148.425063)
(3437.287741 -794.69246 -3148.425063)
(3712.225121 -794.69246 -3148.425063)
(3987.1625 -794.69246 -3148.425063)
(-3986.0215 -566.8872 -3148.425063)
(-3711.084121 -566.8872 -3148.425063)
(-3436.146741 -566.8872 -3148.425063)
(-3161.209362 -566.8872 -3148.425063)
(-2886.271983 -566.8872 -3148.425063)
(-2611.334603 -566.8872 -3148.425063)
(-2336.397224 -566.8872 -3148.425063)
(-2061.459845 -566.8872 -3148.425063)
(-1786.522466 -566.8872 -3148.425063)
(-1511.585086 -566.8872 -3148.425063)
(-1236.647707 -566.8872 -3148.425063)
(-961.7103276 -566.8872 -3148.425063)
(-686.7729483 -566.8872 -3148.425063)
(-411.835569 -566.8872 -3148.425063)
(-136.8981897 -566.8872 -3148.425063)
(138.0391897 -566.8872 -3148.425063)
(412.976569 -566.8872 -3148.425063)
(687.9139483 -566.8872 -3148.425063)
(962.8513276 -566.8872 -3148.425063)
(1237.788707 -566.8872 -3148.425063)
(1512.726086 -566.8872 -3148.425063)
(1787.663466 -566.8872 -3148.425063)
(2062.600845 -566.8872 -3148.425063)
(2337.538224 -566.8872 -3148.425063)
(2612.475603 -566.8872 -3148.425063)
(2887.412983 -566.8872 -3148.425063)
(3162.350362 -566.8872 -3148.425063)
(3437.287741 -566.8872 -3148.425063)
(3712.225121 -566.8872 -3148.425063)
(3987.1625 -566.8872 -3148.425063)
(-3986.0215 -339.08194 -3148.425063)
(-3711.084121 -339.08194 -3148.425063)
(-3436.146741 -339.08194 -3148.425063)
(-3161.209362 -339.08194 -3148.425063)
(-2886.271983 -339.08194 -3148.425063)
(-2611.334603 -339.08194 -3148.425063)
(-2336.397224 -339.08194 -3148.425063)
(-2061.459845 -339.08194 -3148.425063)
(-1786.522466 -339.08194 -3148.425063)
(-1511.585086 -339.08194 -3148.425063)
(-1236.647707 -339.08194 -3148.425063)
(-961.7103276 -339.08194 -3148.425063)
(-686.7729483 -339.08194 -3148.425063)
(-411.835569 -339.08194 -3148.425063)
(-136.8981897 -339.08194 -3148.425063)
(138.0391897 -339.08194 -3148.425063)
(412.976569 -339.08194 -3148.425063)
(687.9139483 -339.08194 -3148.425063)
(962.8513276 -339.08194 -3148.425063)
(1237.788707 -339.08194 -3148.425063)
(1512.726086 -339.08194 -3148.425063)
(1787.663466 -339.08194 -3148.425063)
(2062.600845 -339.08194 -3148.425063)
(2337.538224 -339.08194 -3148.425063)
(2612.475603 -339.08194 -3148.425063)
(2887.412983 -339.08194 -3148.425063)
(3162.350362 -339.08194 -3148.425063)
(3437.287741 -339.08194 -3148.425063)
(3712.225121 -339.08194 -3148.425063)
(3987.1625 -339.08194 -3148.425063)
(-3986.0215 -111.27668 -3148.425063)
(-3711.084121 -111.27668 -3148.425063)
(-3436.146741 -111.27668 -3148.425063)
(-3161.209362 -111.27668 -3148.425063)
(-2886.271983 -111.27668 -3148.425063)
(-2611.334603 -111.27668 -3148.425063)
(-2336.397224 -111.27668 -3148.425063)
(-2061.459845 -111.27668 -3148.425063)
(-1786.522466 -111.27668 -3148.425063)
(-1511.585086 -111.27668 -3148.425063)
(-1236.647707 -111.27668 -3148.425063)
(-961.7103276 -111.27668 -3148.425063)
(-686.7729483 -111.27668 -3148.425063)
(-411.835569 -111.27668 -3148.425063)
(-136.8981897 -111.27668 -3148.425063)
(138.0391897 -111.27668 -3148.425063)
(412.976569 -111.27668 -3148.425063)
(687.9139483 -111.27668 -3148.425063)
(962.8513276 -111.27668 -3148.425063)
(1237.788707 -111.27668 -3148.425063)
(1512.726086 -111.27668 -3148.425063)
(1787.663466 -111.27668 -3148.425063)
(2062.600845 -111.27668 -3148.425063)
(2337.538224 -111.27668 -3148.425063)
(2612.475603 -111.27668 -3148.425063)
(2887.412983 -111.27668 -3148.425063)
(3162.350362 -111.27668 -3148.425063)
(3437.287741 -111.27668 -3148.425063)
(3712.225121 -111.27668 -3148.425063)
(3987.1625 -111.27668 -3148.425063)
(-3986.0215 116.52858 -3148.425063)
(-3711.084121 116.52858 -3148.425063)
(-3436.146741 116.52858 -3148.425063)
(-3161.209362 116.52858 -3148.425063)
(-2886.271983 116.52858 -3148.425063)
(-2611.334603 116.52858 -3148.425063)
(-2336.397224 116.52858 -3148.425063)
(-2061.459845 116.52858 -3148.425063)
(-1786.522466 116.52858 -3148.425063)
(-1511.585086 116.52858 -3148.425063)
(-1236.647707 116.52858 -3148.425063)
(-961.7103276 116.52858 -3148.425063)
(-686.7729483 116.52858 -3148.425063)
(-411.835569 116.52858 -3148.425063)
(-136.8981897 116.52858 -3148.425063)
(138.0391897 116.52858 -3148.425063)
(412.976569 116.52858 -3148.425063)
(687.9139483 116.52858 -3148.425063)
(962.8513276 116.52858 -3148.425063)
(1237.788707 116.52858 -3148.425063)
(1512.726086 116.52858 -3148.425063)
(1787.663466 116.52858 -3148.425063)
(2062.600845 116.52858 -3148.425063)
(2337.538224 116.52858 -3148.425063)
(2612.475603 116.52858 -3148.425063)
(2887.412983 116.52858 -3148.425063)
(3162.350362 116.52858 -3148.425063)
(3437.287741 116.52858 -3148.425063)
(3712.225121 116.52858 -3148.425063)
(3987.1625 116.52858 -3148.425063)
(-3986.0215 344.33384 -3148.425063)
(-3711.084121 344.33384 -3148.425063)
(-3436.146741 344.33384 -3148.425063)
(-3161.209362 344.33384 -3148.425063)
(-2886.271983 344.33384 -3148.425063)
(-2611.334603 344.33384 -3148.425063)
(-2336.397224 344.33384 -3148.425063)
(-2061.459845 344.33384 -3148.425063)
(-1786.522466 344.33384 -3148.425063)
(-1511.585086 344.33384 -3148.425063)
(-1236.647707 344.33384 -3148.425063)
(-961.7103276 344.33384 -3148.425063)
(-686.7729483 344.33384 -3148.425063)
(-411.835569 344.33384 -3148.425063)
(-136.8981897 344.33384 -3148.425063)
(138.0391897 344.33384 -3148.425063)
(412.976569 344.33384 -3148.425063)
(687.9139483 344.33384 -3148.425063)
(962.8513276 344.33384 -3148.425063)
(1237.788707 344.33384 -3148.425063)
(1512.726086 344.33384 -3148.425063)
(1787.663466 344.33384 -3148.425063)
(2062.600845 344.33384 -3148.425063)
(2337.538224 344.33384 -3148.425063)
(2612.475603 344.33384 -3148.425063)
(2887.412983 344.33384 -3148.425063)
(3162.350362 344.33384 -3148.425063)
(3437.287741 344.33384 -3148.425063)
(3712.225121 344.33384 -3148.425063)
(3987.1625 344.33384 -3148.425063)
(-3986.0215 572.1391 -3148.425063)
(-3711.084121 572.1391 -3148.425063)
(-3436.146741 572.1391 -3148.425063)
(-3161.209362 572.1391 -3148.425063)
(-2886.271983 572.1391 -3148.425063)
(-2611.334603 572.1391 -3148.425063)
(-2336.397224 572.1391 -3148.425063)
(-2061.459845 572.1391 -3148.425063)
(-1786.522466 572.1391 -3148.425063)
(-1511.585086 572.1391 -3148.425063)
(-1236.647707 572.1391 -3148.425063)
(-961.7103276 572.1391 -3148.425063)
(-686.7729483 572.1391 -3148.425063)
(-411.835569 572.1391 -3148.425063)
(-136.8981897 572.1391 -3148.425063)
(138.0391897 572.1391 -3148.425063)
(412.976569 572.1391 -3148.425063)
(687.9139483 572.1391 -3148.425063)
(962.8513276 572.1391 -3148.425063)
(1237.788707 572.1391 -3148.425063)
(1512.726086 572.1391 -3148.425063)
(1787.663466 572.1391 -3148.425063)
(2062.600845 572.1391 -3148.425063)
(2337.538224 572.1391 -3148.425063)
(2612.475603 572.1391 -3148.425063)
(2887.412983 572.1391 -3148.425063)
(3162.350362 572.1391 -3148.425063)
(3437.287741 572.1391 -3148.425063)
(3712.225121 572.1391 -3148.425063)
(3987.1625 572.1391 -3148.425063)
(-3986.0215 799.94436 -3148.425063)
(-3711.084121 799.94436 -3148.425063)
(-3436.146741 799.94436 -3148.425063)
(-3161.209362 799.94436 -3148.425063)
(-2886.271983 799.94436 -3148.425063)
(-2611.334603 799.94436 -3148.425063)
(-2336.397224 799.94436 -3148.425063)
(-2061.459845 799.94436 -3148.425063)
(-1786.522466 799.94436 -3148.425063)
(-1511.585086 799.94436 -3148.425063)
(-1236.647707 799.94436 -3148.425063)
(-961.7103276 799.94436 -3148.425063)
(-686.7729483 799.94436 -3148.425063)
(-411.835569 799.94436 -3148.425063)
(-136.8981897 799.94436 -3148.425063)
(138.0391897 799.94436 -3148.425063)
(412.976569 799.94436 -3148.425063)
(687.9139483 799.94436 -3148.425063)
(962.8513276 799.94436 -3148.425063)
(1237.788707 799.94436 -3148.425063)
(1512.726086 799.94436 -3148.425063)
(1787.663466 799.94436 -3148.425063)
(2062.600845 799.94436 -3148.425063)
(2337.538224 799.94436 -3148.425063)
(2612.475603 799.94436 -3148.425063)
(2887.412983 799.94436 -3148.425063)
(3162.350362 799.94436 -3148.425063)
(3437.287741 799.94436 -3148.425063)
(3712.225121 799.94436 -3148.425063)
(3987.1625 799.94436 -3148.425063)
(-3986.0215 1027.74962 -3148.425063)
(-3711.084121 1027.74962 -3148.425063)
(-3436.146741 1027.74962 -3148.425063)
(-3161.209362 1027.74962 -3148.425063)
(-2886.271983 1027.74962 -3148.425063)
(-2611.334603 1027.74962 -3148.425063)
(-2336.397224 1027.74962 -3148.425063)
(-2061.459845 1027.74962 -3148.425063)
(-1786.522466 1027.74962 -3148.425063)
(-1511.585086 1027.74962 -3148.425063)
(-1236.647707 1027.74962 -3148.425063)
(-961.7103276 1027.74962 -3148.425063)
(-686.7729483 1027.74962 -3148.425063)
(-411.835569 1027.74962 -3148.425063)
(-136.8981897 1027.74962 -3148.425063)
(138.0391897 1027.74962 -3148.425063)
(412.976569 1027.74962 -3148.425063)
(687.9139483 1027.74962 -3148.425063)
(962.8513276 1027.74962 -3148.425063)
(1237.788707 1027.74962 -3148.425063)
(1512.726086 1027.74962 -3148.425063)
(1787.663466 1027.74962 -3148.425063)
(2062.600845 1027.74962 -3148.425063)
(2337.538224 1027.74962 -3148.425063)
(2612.475603 1027.74962 -3148.425063)
(2887.412983 1027.74962 -3148.425063)
(3162.350362 1027.74962 -3148.425063)
(3437.287741 1027.74962 -3148.425063)
(3712.225121 1027.74962 -3148.425063)
(3987.1625 1027.74962 -3148.425063)
(-3986.0215 1255.55488 -3148.425063)
(-3711.084121 1255.55488 -3148.425063)
(-3436.146741 1255.55488 -3148.425063)
(-3161.209362 1255.55488 -3148.425063)
(-2886.271983 1255.55488 -3148.425063)
(-2611.334603 1255.55488 -3148.425063)
(-2336.397224 1255.55488 -3148.425063)
(-2061.459845 1255.55488 -3148.425063)
(-1786.522466 1255.55488 -3148.425063)
(-1511.585086 1255.55488 -3148.425063)
(-1236.647707 1255.55488 -3148.425063)
(-961.7103276 1255.55488 -3148.425063)
(-686.7729483 1255.55488 -3148.425063)
(-411.835569 1255.55488 -3148.425063)
(-136.8981897 1255.55488 -3148.425063)
(138.0391897 1255.55488 -3148.425063)
(412.976569 1255.55488 -3148.425063)
(687.9139483 1255.55488 -3148.425063)
(962.8513276 1255.55488 -3148.425063)
(1237.788707 1255.55488 -3148.425063)
(1512.726086 1255.55488 -3148.425063)
(1787.663466 1255.55488 -3148.425063)
(2062.600845 1255.55488 -3148.425063)
(2337.538224 1255.55488 -3148.425063)
(2612.475603 1255.55488 -3148.425063)
(2887.412983 1255.55488 -3148.425063)
(3162.350362 1255.55488 -3148.425063)
(3437.287741 1255.55488 -3148.425063)
(3712.225121 1255.55488 -3148.425063)
(3987.1625 1255.55488 -3148.425063)
(-3986.0215 1483.36014 -3148.425063)
(-3711.084121 1483.36014 -3148.425063)
(-3436.146741 1483.36014 -3148.425063)
(-3161.209362 1483.36014 -3148.425063)
(-2886.271983 1483.36014 -3148.425063)
(-2611.334603 1483.36014 -3148.425063)
(-2336.397224 1483.36014 -3148.425063)
(-2061.459845 1483.36014 -3148.425063)
(-1786.522466 1483.36014 -3148.425063)
(-1511.585086 1483.36014 -3148.425063)
(-1236.647707 1483.36014 -3148.425063)
(-961.7103276 1483.36014 -3148.425063)
(-686.7729483 1483.36014 -3148.425063)
(-411.835569 1483.36014 -3148.425063)
(-136.8981897 1483.36014 -3148.425063)
(138.0391897 1483.36014 -3148.425063)
(412.976569 1483.36014 -3148.425063)
(687.9139483 1483.36014 -3148.425063)
(962.8513276 1483.36014 -3148.425063)
(1237.788707 1483.36014 -3148.425063)
(1512.726086 1483.36014 -3148.425063)
(1787.663466 1483.36014 -3148.425063)
(2062.600845 1483.36014 -3148.425063)
(2337.538224 1483.36014 -3148.425063)
(2612.475603 1483.36014 -3148.425063)
(2887.412983 1483.36014 -3148.425063)
(3162.350362 1483.36014 -3148.425063)
(3437.287741 1483.36014 -3148.425063)
(3712.225121 1483.36014 -3148.425063)
(3987.1625 1483.36014 -3148.425063)
(-3986.0215 1711.1654 -3148.425063)
(-3711.084121 1711.1654 -3148.425063)
(-3436.146741 1711.1654 -3148.425063)
(-3161.209362 1711.1654 -3148.425063)
(-2886.271983 1711.1654 -3148.425063)
(-2611.334603 1711.1654 -3148.425063)
(-2336.397224 1711.1654 -3148.425063)
(-2061.459845 1711.1654 -3148.425063)
(-1786.522466 1711.1654 -3148.425063)
(-1511.585086 1711.1654 -3148.425063)
(-1236.647707 1711.1654 -3148.425063)
(-961.7103276 1711.1654 -3148.425063)
(-686.7729483 1711.1654 -3148.425063)
(-411.835569 1711.1654 -3148.425063)
(-136.8981897 1711.1654 -3148.425063)
(138.0391897 1711.1654 -3148.425063)
(412.976569 1711.1654 -3148.425063)
(687.9139483 1711.1654 -3148.425063)
(962.8513276 1711.1654 -3148.425063)
(1237.788707 1711.1654 -3148.425063)
(1512.726086 1711.1654 -3148.425063)
(1787.663466 1711.1654 -3148.425063)
(2062.600845 1711.1654 -3148.425063)
(2337.538224 1711.1654 -3148.425063)
(2612.475603 1711.1654 -3148.425063)
(2887.412983 1711.1654 -3148.425063)
(3162.350362 1711.1654 -3148.425063)
(3437.287741 1711.1654 -3148.425063)
(3712.225121 1711.1654 -3148.425063)
(3987.1625 1711.1654 -3148.425063)
(-3986.0215 1938.97066 -3148.425063)
(-3711.084121 1938.97066 -3148.425063)
(-3436.146741 1938.97066 -3148.425063)
(-3161.209362 1938.97066 -3148.425063)
(-2886.271983 1938.97066 -3148.425063)
(-2611.334603 1938.97066 -3148.425063)
(-2336.397224 1938.97066 -3148.425063)
(-2061.459845 1938.97066 -3148.425063)
(-1786.522466 1938.97066 -3148.425063)
(-1511.585086 1938.97066 -3148.425063)
(-1236.647707 1938.97066 -3148.425063)
(-961.7103276 1938.97066 -3148.425063)
(-686.7729483 1938.97066 -3148.425063)
(-411.835569 1938.97066 -3148.425063)
(-136.8981897 1938.97066 -3148.425063)
(138.0391897 1938.97066 -3148.425063)
(412.976569 1938.97066 -3148.425063)
(687.9139483 1938.97066 -3148.425063)
(962.8513276 1938.97066 -3148.425063)
(1237.788707 1938.97066 -3148.425063)
(1512.726086 1938.97066 -3148.425063)
(1787.663466 1938.97066 -3148.425063)
(2062.600845 1938.97066 -3148.425063)
(2337.538224 1938.97066 -3148.425063)
(2612.475603 1938.97066 -3148.425063)
(2887.412983 1938.97066 -3148.425063)
(3162.350362 1938.97066 -3148.425063)
(3437.287741 1938.97066 -3148.425063)
(3712.225121 1938.97066 -3148.425063)
(3987.1625 1938.97066 -3148.425063)
(-3986.0215 2166.77592 -3148.425063)
(-3711.084121 2166.77592 -3148.425063)
(-3436.146741 2166.77592 -3148.425063)
(-3161.209362 2166.77592 -3148.425063)
(-2886.271983 2166.77592 -3148.425063)
(-2611.334603 2166.77592 -3148.425063)
(-2336.397224 2166.77592 -3148.425063)
(-2061.459845 2166.77592 -3148.425063)
(-1786.522466 2166.77592 -3148.425063)
(-1511.585086 2166.77592 -3148.425063)
(-1236.647707 2166.77592 -3148.425063)
(-961.7103276 2166.77592 -3148.425063)
(-686.7729483 2166.77592 -3148.425063)
(-411.835569 2166.77592 -3148.425063)
(-136.8981897 2166.77592 -3148.425063)
(138.0391897 2166.77592 -3148.425063)
(412.976569 2166.77592 -3148.425063)
(687.9139483 2166.77592 -3148.425063)
(962.8513276 2166.77592 -3148.425063)
(1237.788707 2166.77592 -3148.425063)
(1512.726086 2166.77592 -3148.425063)
(1787.663466 2166.77592 -3148.425063)
(2062.600845 2166.77592 -3148.425063)
(2337.538224 2166.77592 -3148.425063)
(2612.475603 2166.77592 -3148.425063)
(2887.412983 2166.77592 -3148.425063)
(3162.350362 2166.77592 -3148.425063)
(3437.287741 2166.77592 -3148.425063)
(3712.225121 2166.77592 -3148.425063)
(3987.1625 2166.77592 -3148.425063)
(-3986.0215 2394.58118 -3148.425063)
(-3711.084121 2394.58118 -3148.425063)
(-3436.146741 2394.58118 -3148.425063)
(-3161.209362 2394.58118 -3148.425063)
(-2886.271983 2394.58118 -3148.425063)
(-2611.334603 2394.58118 -3148.425063)
(-2336.397224 2394.58118 -3148.425063)
(-2061.459845 2394.58118 -3148.425063)
(-1786.522466 2394.58118 -3148.425063)
(-1511.585086 2394.58118 -3148.425063)
(-1236.647707 2394.58118 -3148.425063)
(-961.7103276 2394.58118 -3148.425063)
(-686.7729483 2394.58118 -3148.425063)
(-411.835569 2394.58118 -3148.425063)
(-136.8981897 2394.58118 -3148.425063)
(138.0391897 2394.58118 -3148.425063)
(412.976569 2394.58118 -3148.425063)
(687.9139483 2394.58118 -3148.425063)
(962.8513276 2394.58118 -3148.425063)
(1237.788707 2394.58118 -3148.425063)
(1512.726086 2394.58118 -3148.425063)
(1787.663466 2394.58118 -3148.425063)
(2062.600845 2394.58118 -3148.425063)
(2337.538224 2394.58118 -3148.425063)
(2612.475603 2394.58118 -3148.425063)
(2887.412983 2394.58118 -3148.425063)
(3162.350362 2394.58118 -3148.425063)
(3437.287741 2394.58118 -3148.425063)
(3712.225121 2394.58118 -3148.425063)
(3987.1625 2394.58118 -3148.425063)
(-3986.0215 2622.38644 -3148.425063)
(-3711.084121 2622.38644 -3148.425063)
(-3436.146741 2622.38644 -3148.425063)
(-3161.209362 2622.38644 -3148.425063)
(-2886.271983 2622.38644 -3148.425063)
(-2611.334603 2622.38644 -3148.425063)
(-2336.397224 2622.38644 -3148.425063)
(-2061.459845 2622.38644 -3148.425063)
(-1786.522466 2622.38644 -3148.425063)
(-1511.585086 2622.38644 -3148.425063)
(-1236.647707 2622.38644 -3148.425063)
(-961.7103276 2622.38644 -3148.425063)
(-686.7729483 2622.38644 -3148.425063)
(-411.835569 2622.38644 -3148.425063)
(-136.8981897 2622.38644 -3148.425063)
(138.0391897 2622.38644 -3148.425063)
(412.976569 2622.38644 -3148.425063)
(687.9139483 2622.38644 -3148.425063)
(962.8513276 2622.38644 -3148.425063)
(1237.788707 2622.38644 -3148.425063)
(1512.726086 2622.38644 -3148.425063)
(1787.663466 2622.38644 -3148.425063)
(2062.600845 2622.38644 -3148.425063)
(2337.538224 2622.38644 -3148.425063)
(2612.475603 2622.38644 -3148.425063)
(2887.412983 2622.38644 -3148.425063)
(3162.350362 2622.38644 -3148.425063)
(3437.287741 2622.38644 -3148.425063)
(3712.225121 2622.38644 -3148.425063)
(3987.1625 2622.38644 -3148.425063)
(-3986.0215 2850.1917 -3148.425063)
(-3711.084121 2850.1917 -3148.425063)
(-3436.146741 2850.1917 -3148.425063)
(-3161.209362 2850.1917 -3148.425063)
(-2886.271983 2850.1917 -3148.425063)
(-2611.334603 2850.1917 -3148.425063)
(-2336.397224 2850.1917 -3148.425063)
(-2061.459845 2850.1917 -3148.425063)
(-1786.522466 2850.1917 -3148.425063)
(-1511.585086 2850.1917 -3148.425063)
(-1236.647707 2850.1917 -3148.425063)
(-961.7103276 2850.1917 -3148.425063)
(-686.7729483 2850.1917 -3148.425063)
(-411.835569 2850.1917 -3148.425063)
(-136.8981897 2850.1917 -3148.425063)
(138.0391897 2850.1917 -3148.425063)
(412.976569 2850.1917 -3148.425063)
(687.9139483 2850.1917 -3148.425063)
(962.8513276 2850.1917 -3148.425063)
(1237.788707 2850.1917 -3148.425063)
(1512.726086 2850.1917 -3148.425063)
(1787.663466 2850.1917 -3148.425063)
(2062.600845 2850.1917 -3148.425063)
(2337.538224 2850.1917 -3148.425063)
(2612.475603 2850.1917 -3148.425063)
(2887.412983 2850.1917 -3148.425063)
(3162.350362 2850.1917 -3148.425063)
(3437.287741 2850.1917 -3148.425063)
(3712.225121 2850.1917 -3148.425063)
(3987.1625 2850.1917 -3148.425063)
(-3986.0215 3077.99696 -3148.425063)
(-3711.084121 3077.99696 -3148.425063)
(-3436.146741 3077.99696 -3148.425063)
(-3161.209362 3077.99696 -3148.425063)
(-2886.271983 3077.99696 -3148.425063)
(-2611.334603 3077.99696 -3148.425063)
(-2336.397224 3077.99696 -3148.425063)
(-2061.459845 3077.99696 -3148.425063)
(-1786.522466 3077.99696 -3148.425063)
(-1511.585086 3077.99696 -3148.425063)
(-1236.647707 3077.99696 -3148.425063)
(-961.7103276 3077.99696 -3148.425063)
(-686.7729483 3077.99696 -3148.425063)
(-411.835569 3077.99696 -3148.425063)
(-136.8981897 3077.99696 -3148.425063)
(138.0391897 3077.99696 -3148.425063)
(412.976569 3077.99696 -3148.425063)
(687.9139483 3077.99696 -3148.425063)
(962.8513276 3077.99696 -3148.425063)
(1237.788707 3077.99696 -3148.425063)
(1512.726086 3077.99696 -3148.425063)
(1787.663466 3077.99696 -3148.425063)
(2062.600845 3077.99696 -3148.425063)
(2337.538224 3077.99696 -3148.425063)
(2612.475603 3077.99696 -3148.425063)
(2887.412983 3077.99696 -3148.425063)
(3162.350362 3077.99696 -3148.425063)
(3437.287741 3077.99696 -3148.425063)
(3712.225121 3077.99696 -3148.425063)
(3987.1625 3077.99696 -3148.425063)
(-3986.0215 3305.80222 -3148.425063)
(-3711.084121 3305.80222 -3148.425063)
(-3436.146741 3305.80222 -3148.425063)
(-3161.209362 3305.80222 -3148.425063)
(-2886.271983 3305.80222 -3148.425063)
(-2611.334603 3305.80222 -3148.425063)
(-2336.397224 3305.80222 -3148.425063)
(-2061.459845 3305.80222 -3148.425063)
(-1786.522466 3305.80222 -3148.425063)
(-1511.585086 3305.80222 -3148.425063)
(-1236.647707 3305.80222 -3148.425063)
(-961.7103276 3305.80222 -3148.425063)
(-686.7729483 3305.80222 -3148.425063)
(-411.835569 3305.80222 -3148.425063)
(-136.8981897 3305.80222 -3148.425063)
(138.0391897 3305.80222 -3148.425063)
(412.976569 3305.80222 -3148.425063)
(687.9139483 3305.80222 -3148.425063)
(962.8513276 3305.80222 -3148.425063)
(1237.788707 3305.80222 -3148.425063)
(1512.726086 3305.80222 -3148.425063)
(1787.663466 3305.80222 -3148.425063)
(2062.600845 3305.80222 -3148.425063)
(2337.538224 3305.80222 -3148.425063)
(2612.475603 3305.80222 -3148.425063)
(2887.412983 3305.80222 -3148.425063)
(3162.350362 3305.80222 -3148.425063)
(3437.287741 3305.80222 -3148.425063)
(3712.225121 3305.80222 -3148.425063)
(3987.1625 3305.80222 -3148.425063)
(-3986.0215 3533.60748 -3148.425063)
(-3711.084121 3533.60748 -3148.425063)
(-3436.146741 3533.60748 -3148.425063)
(-3161.209362 3533.60748 -3148.425063)
(-2886.271983 3533.60748 -3148.425063)
(-2611.334603 3533.60748 -3148.425063)
(-2336.397224 3533.60748 -3148.425063)
(-2061.459845 3533.60748 -3148.425063)
(-1786.522466 3533.60748 -3148.425063)
(-1511.585086 3533.60748 -3148.425063)
(-1236.647707 3533.60748 -3148.425063)
(-961.7103276 3533.60748 -3148.425063)
(-686.7729483 3533.60748 -3148.425063)
(-411.835569 3533.60748 -3148.425063)
(-136.8981897 3533.60748 -3148.425063)
(138.0391897 3533.60748 -3148.425063)
(412.976569 3533.60748 -3148.425063)
(687.9139483 3533.60748 -3148.425063)
(962.8513276 3533.60748 -3148.425063)
(1237.788707 3533.60748 -3148.425063)
(1512.726086 3533.60748 -3148.425063)
(1787.663466 3533.60748 -3148.425063)
(2062.600845 3533.60748 -3148.425063)
(2337.538224 3533.60748 -3148.425063)
(2612.475603 3533.60748 -3148.425063)
(2887.412983 3533.60748 -3148.425063)
(3162.350362 3533.60748 -3148.425063)
(3437.287741 3533.60748 -3148.425063)
(3712.225121 3533.60748 -3148.425063)
(3987.1625 3533.60748 -3148.425063)
(-3986.0215 3761.41274 -3148.425063)
(-3711.084121 3761.41274 -3148.425063)
(-3436.146741 3761.41274 -3148.425063)
(-3161.209362 3761.41274 -3148.425063)
(-2886.271983 3761.41274 -3148.425063)
(-2611.334603 3761.41274 -3148.425063)
(-2336.397224 3761.41274 -3148.425063)
(-2061.459845 3761.41274 -3148.425063)
(-1786.522466 3761.41274 -3148.425063)
(-1511.585086 3761.41274 -3148.425063)
(-1236.647707 3761.41274 -3148.425063)
(-961.7103276 3761.41274 -3148.425063)
(-686.7729483 3761.41274 -3148.425063)
(-411.835569 3761.41274 -3148.425063)
(-136.8981897 3761.41274 -3148.425063)
(138.0391897 3761.41274 -3148.425063)
(412.976569 3761.41274 -3148.425063)
(687.9139483 3761.41274 -3148.425063)
(962.8513276 3761.41274 -3148.425063)
(1237.788707 3761.41274 -3148.425063)
(1512.726086 3761.41274 -3148.425063)
(1787.663466 3761.41274 -3148.425063)
(2062.600845 3761.41274 -3148.425063)
(2337.538224 3761.41274 -3148.425063)
(2612.475603 3761.41274 -3148.425063)
(2887.412983 3761.41274 -3148.425063)
(3162.350362 3761.41274 -3148.425063)
(3437.287741 3761.41274 -3148.425063)
(3712.225121 3761.41274 -3148.425063)
(3987.1625 3761.41274 -3148.425063)
(-3986.0215 3989.218 -3148.425063)
(-3711.084121 3989.218 -3148.425063)
(-3436.146741 3989.218 -3148.425063)
(-3161.209362 3989.218 -3148.425063)
(-2886.271983 3989.218 -3148.425063)
(-2611.334603 3989.218 -3148.425063)
(-2336.397224 3989.218 -3148.425063)
(-2061.459845 3989.218 -3148.425063)
(-1786.522466 3989.218 -3148.425063)
(-1511.585086 3989.218 -3148.425063)
(-1236.647707 3989.218 -3148.425063)
(-961.7103276 3989.218 -3148.425063)
(-686.7729483 3989.218 -3148.425063)
(-411.835569 3989.218 -3148.425063)
(-136.8981897 3989.218 -3148.425063)
(138.0391897 3989.218 -3148.425063)
(412.976569 3989.218 -3148.425063)
(687.9139483 3989.218 -3148.425063)
(962.8513276 3989.218 -3148.425063)
(1237.788707 3989.218 -3148.425063)
(1512.726086 3989.218 -3148.425063)
(1787.663466 3989.218 -3148.425063)
(2062.600845 3989.218 -3148.425063)
(2337.538224 3989.218 -3148.425063)
(2612.475603 3989.218 -3148.425063)
(2887.412983 3989.218 -3148.425063)
(3162.350362 3989.218 -3148.425063)
(3437.287741 3989.218 -3148.425063)
(3712.225121 3989.218 -3148.425063)
(3987.1625 3989.218 -3148.425063)
(-3986.0215 -3983.9661 -2728.783795)
(-3711.084121 -3983.9661 -2728.783795)
(-3436.146741 -3983.9661 -2728.783795)
(-3161.209362 -3983.9661 -2728.783795)
(-2886.271983 -3983.9661 -2728.783795)
(-2611.334603 -3983.9661 -2728.783795)
(-2336.397224 -3983.9661 -2728.783795)
(-2061.459845 -3983.9661 -2728.783795)
(-1786.522466 -3983.9661 -2728.783795)
(-1511.585086 -3983.9661 -2728.783795)
(-1236.647707 -3983.9661 -2728.783795)
(-961.7103276 -3983.9661 -2728.783795)
(-686.7729483 -3983.9661 -2728.783795)
(-411.835569 -3983.9661 -2728.783795)
(-136.8981897 -3983.9661 -2728.783795)
(138.0391897 -3983.9661 -2728.783795)
(412.976569 -3983.9661 -2728.783795)
(687.9139483 -3983.9661 -2728.783795)
(962.8513276 -3983.9661 -2728.783795)
(1237.788707 -3983.9661 -2728.783795)
(1512.726086 -3983.9661 -2728.783795)
(1787.663466 -3983.9661 -2728.783795)
(2062.600845 -3983.9661 -2728.783795)
(2337.538224 -3983.9661 -2728.783795)
(2612.475603 -3983.9661 -2728.783795)
(2887.412983 -3983.9661 -2728.783795)
(3162.350362 -3983.9661 -2728.783795)
(3437.287741 -3983.9661 -2728.783795)
(3712.225121 -3983.9661 -2728.783795)
(3987.1625 -3983.9661 -2728.783795)
(-3986.0215 -3756.16084 -2728.783795)
(-3711.084121 -3756.16084 -2728.783795)
(-3436.146741 -3756.16084 -2728.783795)
(-3161.209362 -3756.16084 -2728.783795)
(-2886.271983 -3756.16084 -2728.783795)
(-2611.334603 -3756.16084 -2728.783795)
(-2336.397224 -3756.16084 -2728.783795)
(-2061.459845 -3756.16084 -2728.783795)
(-1786.522466 -3756.16084 -2728.783795)
(-1511.585086 -3756.16084 -2728.783795)
(-1236.647707 -3756.16084 -2728.783795)
(-961.7103276 -3756.16084 -2728.783795)
(-686.7729483 -3756.16084 -2728.783795)
(-411.835569 -3756.16084 -2728.783795)
(-136.8981897 -3756.16084 -2728.783795)
(138.0391897 -3756.16084 -2728.783795)
(412.976569 -3756.16084 -2728.783795)
(687.9139483 -3756.16084 -2728.783795)
(962.8513276 -3756.16084 -2728.783795)
(1237.788707 -3756.16084 -2728.783795)
(1512.726086 -3756.16084 -2728.783795)
(1787.663466 -3756.16084 -2728.783795)
(2062.600845 -3756.16084 -2728.783795)
(2337.538224 -3756.16084 -2728.783795)
(2612.475603 -3756.16084 -2728.783795)
(2887.412983 -3756.16084 -2728.783795)
(3162.350362 -3756.16084 -2728.783795)
(3437.287741 -3756.16084 -2728.783795)
(3712.225121 -3756.16084 -2728.783795)
(3987.1625 -3756.16084 -2728.783795)
(-3986.0215 -3528.35558 -2728.783795)
(-3711.084121 -3528.35558 -2728.783795)
(-3436.146741 -3528.35558 -2728.783795)
(-3161.209362 -3528.35558 -2728.783795)
(-2886.271983 -3528.35558 -2728.783795)
(-2611.334603 -3528.35558 -2728.783795)
(-2336.397224 -3528.35558 -2728.783795)
(-2061.459845 -3528.35558 -2728.783795)
(-1786.522466 -3528.35558 -2728.783795)
(-1511.585086 -3528.35558 -2728.783795)
(-1236.647707 -3528.35558 -2728.783795)
(-961.7103276 -3528.35558 -2728.783795)
(-686.7729483 -3528.35558 -2728.783795)
(-411.835569 -3528.35558 -2728.783795)
(-136.8981897 -3528.35558 -2728.783795)
(138.0391897 -3528.35558 -2728.783795)
(412.976569 -3528.35558 -2728.783795)
(687.9139483 -3528.35558 -2728.783795)
(962.8513276 -3528.35558 -2728.783795)
(1237.788707 -3528.35558 -2728.783795)
(1512.726086 -3528.35558 -2728.783795)
(1787.663466 -3528.35558 -2728.783795)
(2062.600845 -3528.35558 -2728.783795)
(2337.538224 -3528.35558 -2728.783795)
(2612.475603 -3528.35558 -2728.783795)
(2887.412983 -3528.35558 -2728.783795)
(3162.350362 -3528.35558 -2728.783795)
(3437.287741 -3528.35558 -2728.783795)
(3712.225121 -3528.35558 -2728.783795)
(3987.1625 -3528.35558 -2728.783795)
(-3986.0215 -3300.55032 -2728.783795)
(-3711.084121 -3300.55032 -2728.783795)
(-3436.146741 -3300.55032 -2728.783795)
(-3161.209362 -3300.55032 -2728.783795)
(-2886.271983 -3300.55032 -2728.783795)
(-2611.334603 -3300.55032 -2728.783795)
(-2336.397224 -3300.55032 -2728.783795)
(-2061.459845 -3300.55032 -2728.783795)
(-1786.522466 -3300.55032 -2728.783795)
(-1511.585086 -3300.55032 -2728.783795)
(-1236.647707 -3300.55032 -2728.783795)
(-961.7103276 -3300.55032 -2728.783795)
(-686.7729483 -3300.55032 -2728.783795)
(-411.835569 -3300.55032 -2728.783795)
(-136.8981897 -3300.55032 -2728.783795)
(138.0391897 -3300.55032 -2728.783795)
(412.976569 -3300.55032 -2728.783795)
(687.9139483 -3300.55032 -2728.783795)
(962.8513276 -3300.55032 -2728.783795)
(1237.788707 -3300.55032 -2728.783795)
(1512.726086 -3300.55032 -2728.783795)
(1787.663466 -3300.55032 -2728.783795)
(2062.600845 -3300.55032 -2728.783795)
(2337.538224 -3300.55032 -2728.783795)
(2612.475603 -3300.55032 -2728.783795)
(2887.412983 -3300.55032 -2728.783795)
(3162.350362 -3300.55032 -2728.783795)
(3437.287741 -3300.55032 -2728.783795)
(3712.225121 -3300.55032 -2728.783795)
(3987.1625 -3300.55032 -2728.783795)
(-3986.0215 -3072.74506 -2728.783795)
(-3711.084121 -3072.74506 -2728.783795)
(-3436.146741 -3072.74506 -2728.783795)
(-3161.209362 -3072.74506 -2728.783795)
(-2886.271983 -3072.74506 -2728.783795)
(-2611.334603 -3072.74506 -2728.783795)
(-2336.397224 -3072.74506 -2728.783795)
(-2061.459845 -3072.74506 -2728.783795)
(-1786.522466 -3072.74506 -2728.783795)
(-1511.585086 -3072.74506 -2728.783795)
(-1236.647707 -3072.74506 -2728.783795)
(-961.7103276 -3072.74506 -2728.783795)
(-686.7729483 -3072.74506 -2728.783795)
(-411.835569 -3072.74506 -2728.783795)
(-136.8981897 -3072.74506 -2728.783795)
(138.0391897 -3072.74506 -2728.783795)
(412.976569 -3072.74506 -2728.783795)
(687.9139483 -3072.74506 -2728.783795)
(962.8513276 -3072.74506 -2728.783795)
(1237.788707 -3072.74506 -2728.783795)
(1512.726086 -3072.74506 -2728.783795)
(1787.663466 -3072.74506 -2728.783795)
(2062.600845 -3072.74506 -2728.783795)
(2337.538224 -3072.74506 -2728.783795)
(2612.475603 -3072.74506 -2728.783795)
(2887.412983 -3072.74506 -2728.783795)
(3162.350362 -3072.74506 -2728.783795)
(3437.287741 -3072.74506 -2728.783795)
(3712.225121 -3072.74506 -2728.783795)
(3987.1625 -3072.74506 -2728.783795)
(-3986.0215 -2844.9398 -2728.783795)
(-3711.084121 -2844.9398 -2728.783795)
(-3436.146741 -2844.9398 -2728.783795)
(-3161.209362 -2844.9398 -2728.783795)
(-2886.271983 -2844.9398 -2728.783795)
(-2611.334603 -2844.9398 -2728.783795)
(-2336.397224 -2844.9398 -2728.783795)
(-2061.459845 -2844.9398 -2728.783795)
(-1786.522466 -2844.9398 -2728.783795)
(-1511.585086 -2844.9398 -2728.783795)
(-1236.647707 -2844.9398 -2728.783795)
(-961.7103276 -2844.9398 -2728.783795)
(-686.7729483 -2844.9398 -2728.783795)
(-411.835569 -2844.9398 -2728.783795)
(-136.8981897 -2844.9398 -2728.783795)
(138.0391897 -2844.9398 -2728.783795)
(412.976569 -2844.9398 -2728.783795)
(687.9139483 -2844.9398 -2728.783795)
(962.8513276 -2844.9398 -2728.783795)
(1237.788707 -2844.9398 -2728.783795)
(1512.726086 -2844.9398 -2728.783795)
(1787.663466 -2844.9398 -2728.783795)
(2062.600845 -2844.9398 -2728.783795)
(2337.538224 -2844.9398 -2728.783795)
(2612.475603 -2844.9398 -2728.783795)
(2887.412983 -2844.9398 -2728.783795)
(3162.350362 -2844.9398 -2728.783795)
(3437.287741 -2844.9398 -2728.783795)
(3712.225121 -2844.9398 -2728.783795)
(3987.1625 -2844.9398 -2728.783795)
(-3986.0215 -2617.13454 -2728.783795)
(-3711.084121 -2617.13454 -2728.783795)
(-3436.146741 -2617.13454 -2728.783795)
(-3161.209362 -2617.13454 -2728.783795)
(-2886.271983 -2617.13454 -2728.783795)
(-2611.334603 -2617.13454 -2728.783795)
(-2336.397224 -2617.13454 -2728.783795)
(-2061.459845 -2617.13454 -2728.783795)
(-1786.522466 -2617.13454 -2728.783795)
(-1511.585086 -2617.13454 -2728.783795)
(-1236.647707 -2617.13454 -2728.783795)
(-961.7103276 -2617.13454 -2728.783795)
(-686.7729483 -2617.13454 -2728.783795)
(-411.835569 -2617.13454 -2728.783795)
(-136.8981897 -2617.13454 -2728.783795)
(138.0391897 -2617.13454 -2728.783795)
(412.976569 -2617.13454 -2728.783795)
(687.9139483 -2617.13454 -2728.783795)
(962.8513276 -2617.13454 -2728.783795)
(1237.788707 -2617.13454 -2728.783795)
(1512.726086 -2617.13454 -2728.783795)
(1787.663466 -2617.13454 -2728.783795)
(2062.600845 -2617.13454 -2728.783795)
(2337.538224 -2617.13454 -2728.783795)
(2612.475603 -2617.13454 -2728.783795)
(2887.412983 -2617.13454 -2728.783795)
(3162.350362 -2617.13454 -2728.783795)
(3437.287741 -2617.13454 -2728.783795)
(3712.225121 -2617.13454 -2728.783795)
(3987.1625 -2617.13454 -2728.783795)
(-3986.0215 -2389.32928 -2728.783795)
(-3711.084121 -2389.32928 -2728.783795)
(-3436.146741 -2389.32928 -2728.783795)
(-3161.209362 -2389.32928 -2728.783795)
(-2886.271983 -2389.32928 -2728.783795)
(-2611.334603 -2389.32928 -2728.783795)
(-2336.397224 -2389.32928 -2728.783795)
(-2061.459845 -2389.32928 -2728.783795)
(-1786.522466 -2389.32928 -2728.783795)
(-1511.585086 -2389.32928 -2728.783795)
(-1236.647707 -2389.32928 -2728.783795)
(-961.7103276 -2389.32928 -2728.783795)
(-686.7729483 -2389.32928 -2728.783795)
(-411.835569 -2389.32928 -2728.783795)
(-136.8981897 -2389.32928 -2728.783795)
(138.0391897 -2389.32928 -2728.783795)
(412.976569 -2389.32928 -2728.783795)
(687.9139483 -2389.32928 -2728.783795)
(962.8513276 -2389.32928 -2728.783795)
(1237.788707 -2389.32928 -2728.783795)
(1512.726086 -2389.32928 -2728.783795)
(1787.663466 -2389.32928 -2728.783795)
(2062.600845 -2389.32928 -2728.783795)
(2337.538224 -2389.32928 -2728.783795)
(2612.475603 -2389.32928 -2728.783795)
(2887.412983 -2389.32928 -2728.783795)
(3162.350362 -2389.32928 -2728.783795)
(3437.287741 -2389.32928 -2728.783795)
(3712.225121 -2389.32928 -2728.783795)
(3987.1625 -2389.32928 -2728.783795)
(-3986.0215 -2161.52402 -2728.783795)
(-3711.084121 -2161.52402 -2728.783795)
(-3436.146741 -2161.52402 -2728.783795)
(-3161.209362 -2161.52402 -2728.783795)
(-2886.271983 -2161.52402 -2728.783795)
(-2611.334603 -2161.52402 -2728.783795)
(-2336.397224 -2161.52402 -2728.783795)
(-2061.459845 -2161.52402 -2728.783795)
(-1786.522466 -2161.52402 -2728.783795)
(-1511.585086 -2161.52402 -2728.783795)
(-1236.647707 -2161.52402 -2728.783795)
(-961.7103276 -2161.52402 -2728.783795)
(-686.7729483 -2161.52402 -2728.783795)
(-411.835569 -2161.52402 -2728.783795)
(-136.8981897 -2161.52402 -2728.783795)
(138.0391897 -2161.52402 -2728.783795)
(412.976569 -2161.52402 -2728.783795)
(687.9139483 -2161.52402 -2728.783795)
(962.8513276 -2161.52402 -2728.783795)
(1237.788707 -2161.52402 -2728.783795)
(1512.726086 -2161.52402 -2728.783795)
(1787.663466 -2161.52402 -2728.783795)
(2062.600845 -2161.52402 -2728.783795)
(2337.538224 -2161.52402 -2728.783795)
(2612.475603 -2161.52402 -2728.783795)
(2887.412983 -2161.52402 -2728.783795)
(3162.350362 -2161.52402 -2728.783795)
(3437.287741 -2161.52402 -2728.783795)
(3712.225121 -2161.52402 -2728.783795)
(3987.1625 -2161.52402 -2728.783795)
(-3986.0215 -1933.71876 -2728.783795)
(-3711.084121 -1933.71876 -2728.783795)
(-3436.146741 -1933.71876 -2728.783795)
(-3161.209362 -1933.71876 -2728.783795)
(-2886.271983 -1933.71876 -2728.783795)
(-2611.334603 -1933.71876 -2728.783795)
(-2336.397224 -1933.71876 -2728.783795)
(-2061.459845 -1933.71876 -2728.783795)
(-1786.522466 -1933.71876 -2728.783795)
(-1511.585086 -1933.71876 -2728.783795)
(-1236.647707 -1933.71876 -2728.783795)
(-961.7103276 -1933.71876 -2728.783795)
(-686.7729483 -1933.71876 -2728.783795)
(-411.835569 -1933.71876 -2728.783795)
(-136.8981897 -1933.71876 -2728.783795)
(138.0391897 -1933.71876 -2728.783795)
(412.976569 -1933.71876 -2728.783795)
(687.9139483 -1933.71876 -2728.783795)
(962.8513276 -1933.71876 -2728.783795)
(1237.788707 -1933.71876 -2728.783795)
(1512.726086 -1933.71876 -2728.783795)
(1787.663466 -1933.71876 -2728.783795)
(2062.600845 -1933.71876 -2728.783795)
(2337.538224 -1933.71876 -2728.783795)
(2612.475603 -1933.71876 -2728.783795)
(2887.412983 -1933.71876 -2728.783795)
(3162.350362 -1933.71876 -2728.783795)
(3437.287741 -1933.71876 -2728.783795)
(3712.225121 -1933.71876 -2728.783795)
(3987.1625 -1933.71876 -2728.783795)
(-3986.0215 -1705.9135 -2728.783795)
(-3711.084121 -1705.9135 -2728.783795)
(-3436.146741 -1705.9135 -2728.783795)
(-3161.209362 -1705.9135 -2728.783795)
(-2886.271983 -1705.9135 -2728.783795)
(-2611.334603 -1705.9135 -2728.783795)
(-2336.397224 -1705.9135 -2728.783795)
(-2061.459845 -1705.9135 -2728.783795)
(-1786.522466 -1705.9135 -2728.783795)
(-1511.585086 -1705.9135 -2728.783795)
(-1236.647707 -1705.9135 -2728.783795)
(-961.7103276 -1705.9135 -2728.783795)
(-686.7729483 -1705.9135 -2728.783795)
(-411.835569 -1705.9135 -2728.783795)
(-136.8981897 -1705.9135 -2728.783795)
(138.0391897 -1705.9135 -2728.783795)
(412.976569 -1705.9135 -2728.783795)
(687.9139483 -1705.9135 -2728.783795)
(962.8513276 -1705.9135 -2728.783795)
(1237.788707 -1705.9135 -2728.783795)
(1512.726086 -1705.9135 -2728.783795)
(1787.663466 -1705.9135 -2728.783795)
(2062.600845 -1705.9135 -2728.783795)
(2337.538224 -1705.9135 -2728.783795)
(2612.475603 -1705.9135 -2728.783795)
(2887.412983 -1705.9135 -2728.783795)
(3162.350362 -1705.9135 -2728.783795)
(3437.287741 -1705.9135 -2728.783795)
(3712.225121 -1705.9135 -2728.783795)
(3987.1625 -1705.9135 -2728.783795)
(-3986.0215 -1478.10824 -2728.783795)
(-3711.084121 -1478.10824 -2728.783795)
(-3436.146741 -1478.10824 -2728.783795)
(-3161.209362 -1478.10824 -2728.783795)
(-2886.271983 -1478.10824 -2728.783795)
(-2611.334603 -1478.10824 -2728.783795)
(-2336.397224 -1478.10824 -2728.783795)
(-2061.459845 -1478.10824 -2728.783795)
(-1786.522466 -1478.10824 -2728.783795)
(-1511.585086 -1478.10824 -2728.783795)
(-1236.647707 -1478.10824 -2728.783795)
(-961.7103276 -1478.10824 -2728.783795)
(-686.7729483 -1478.10824 -2728.783795)
(-411.835569 -1478.10824 -2728.783795)
(-136.8981897 -1478.10824 -2728.783795)
(138.0391897 -1478.10824 -2728.783795)
(412.976569 -1478.10824 -2728.783795)
(687.9139483 -1478.10824 -2728.783795)
(962.8513276 -1478.10824 -2728.783795)
(1237.788707 -1478.10824 -2728.783795)
(1512.726086 -1478.10824 -2728.783795)
(1787.663466 -1478.10824 -2728.783795)
(2062.600845 -1478.10824 -2728.783795)
(2337.538224 -1478.10824 -2728.783795)
(2612.475603 -1478.10824 -2728.783795)
(2887.412983 -1478.10824 -2728.783795)
(3162.350362 -1478.10824 -2728.783795)
(3437.287741 -1478.10824 -2728.783795)
(3712.225121 -1478.10824 -2728.783795)
(3987.1625 -1478.10824 -2728.783795)
(-3986.0215 -1250.30298 -2728.783795)
(-3711.084121 -1250.30298 -2728.783795)
(-3436.146741 -1250.30298 -2728.783795)
(-3161.209362 -1250.30298 -2728.783795)
(-2886.271983 -1250.30298 -2728.783795)
(-2611.334603 -1250.30298 -2728.783795)
(-2336.397224 -1250.30298 -2728.783795)
(-2061.459845 -1250.30298 -2728.783795)
(-1786.522466 -1250.30298 -2728.783795)
(-1511.585086 -1250.30298 -2728.783795)
(-1236.647707 -1250.30298 -2728.783795)
(-961.7103276 -1250.30298 -2728.783795)
(-686.7729483 -1250.30298 -2728.783795)
(-411.835569 -1250.30298 -2728.783795)
(-136.8981897 -1250.30298 -2728.783795)
(138.0391897 -1250.30298 -2728.783795)
(412.976569 -1250.30298 -2728.783795)
(687.9139483 -1250.30298 -2728.783795)
(962.8513276 -1250.30298 -2728.783795)
(1237.788707 -1250.30298 -2728.783795)
(1512.726086 -1250.30298 -2728.783795)
(1787.663466 -1250.30298 -2728.783795)
(2062.600845 -1250.30298 -2728.783795)
(2337.538224 -1250.30298 -2728.783795)
(2612.475603 -1250.30298 -2728.783795)
(2887.412983 -1250.30298 -2728.783795)
(3162.350362 -1250.30298 -2728.783795)
(3437.287741 -1250.30298 -2728.783795)
(3712.225121 -1250.30298 -2728.783795)
(3987.1625 -1250.30298 -2728.783795)
(-3986.0215 -1022.49772 -2728.783795)
(-3711.084121 -1022.49772 -2728.783795)
(-3436.146741 -1022.49772 -2728.783795)
(-3161.209362 -1022.49772 -2728.783795)
(-2886.271983 -1022.49772 -2728.783795)
(-2611.334603 -1022.49772 -2728.783795)
(-2336.397224 -1022.49772 -2728.783795)
(-2061.459845 -1022.49772 -2728.783795)
(-1786.522466 -1022.49772 -2728.783795)
(-1511.585086 -1022.49772 -2728.783795)
(-1236.647707 -1022.49772 -2728.783795)
(-961.7103276 -1022.49772 -2728.783795)
(-686.7729483 -1022.49772 -2728.783795)
(-411.835569 -1022.49772 -2728.783795)
(-136.8981897 -1022.49772 -2728.783795)
(138.0391897 -1022.49772 -2728.783795)
(412.976569 -1022.49772 -2728.783795)
(687.9139483 -1022.49772 -2728.783795)
(962.8513276 -1022.49772 -2728.783795)
(1237.788707 -1022.49772 -2728.783795)
(1512.726086 -1022.49772 -2728.783795)
(1787.663466 -1022.49772 -2728.783795)
(2062.600845 -1022.49772 -2728.783795)
(2337.538224 -1022.49772 -2728.783795)
(2612.475603 -1022.49772 -2728.783795)
(2887.412983 -1022.49772 -2728.783795)
(3162.350362 -1022.49772 -2728.783795)
(3437.287741 -1022.49772 -2728.783795)
(3712.225121 -1022.49772 -2728.783795)
(3987.1625 -1022.49772 -2728.783795)
(-3986.0215 -794.69246 -2728.783795)
(-3711.084121 -794.69246 -2728.783795)
(-3436.146741 -794.69246 -2728.783795)
(-3161.209362 -794.69246 -2728.783795)
(-2886.271983 -794.69246 -2728.783795)
(-2611.334603 -794.69246 -2728.783795)
(-2336.397224 -794.69246 -2728.783795)
(-2061.459845 -794.69246 -2728.783795)
(-1786.522466 -794.69246 -2728.783795)
(-1511.585086 -794.69246 -2728.783795)
(-1236.647707 -794.69246 -2728.783795)
(-961.7103276 -794.69246 -2728.783795)
(-686.7729483 -794.69246 -2728.783795)
(-411.835569 -794.69246 -2728.783795)
(-136.8981897 -794.69246 -2728.783795)
(138.0391897 -794.69246 -2728.783795)
(412.976569 -794.69246 -2728.783795)
(687.9139483 -794.69246 -2728.783795)
(962.8513276 -794.69246 -2728.783795)
(1237.788707 -794.69246 -2728.783795)
(1512.726086 -794.69246 -2728.783795)
(1787.663466 -794.69246 -2728.783795)
(2062.600845 -794.69246 -2728.783795)
(2337.538224 -794.69246 -2728.783795)
(2612.475603 -794.69246 -2728.783795)
(2887.412983 -794.69246 -2728.783795)
(3162.350362 -794.69246 -2728.783795)
(3437.287741 -794.69246 -2728.783795)
(3712.225121 -794.69246 -2728.783795)
(3987.1625 -794.69246 -2728.783795)
(-3986.0215 -566.8872 -2728.783795)
(-3711.084121 -566.8872 -2728.783795)
(-3436.146741 -566.8872 -2728.783795)
(-3161.209362 -566.8872 -2728.783795)
(-2886.271983 -566.8872 -2728.783795)
(-2611.334603 -566.8872 -2728.783795)
(-2336.397224 -566.8872 -2728.783795)
(-2061.459845 -566.8872 -2728.783795)
(-1786.522466 -566.8872 -2728.783795)
(-1511.585086 -566.8872 -2728.783795)
(-1236.647707 -566.8872 -2728.783795)
(-961.7103276 -566.8872 -2728.783795)
(-686.7729483 -566.8872 -2728.783795)
(-411.835569 -566.8872 -2728.783795)
(-136.8981897 -566.8872 -2728.783795)
(138.0391897 -566.8872 -2728.783795)
(412.976569 -566.8872 -2728.783795)
(687.9139483 -566.8872 -2728.783795)
(962.8513276 -566.8872 -2728.783795)
(1237.788707 -566.8872 -2728.783795)
(1512.726086 -566.8872 -2728.783795)
(1787.663466 -566.8872 -2728.783795)
(2062.600845 -566.8872 -2728.783795)
(2337.538224 -566.8872 -2728.783795)
(2612.475603 -566.8872 -2728.783795)
(2887.412983 -566.8872 -2728.783795)
(3162.350362 -566.8872 -2728.783795)
(3437.287741 -566.8872 -2728.783795)
(3712.225121 -566.8872 -2728.783795)
(3987.1625 -566.8872 -2728.783795)
(-3986.0215 -339.08194 -2728.783795)
(-3711.084121 -339.08194 -2728.783795)
(-3436.146741 -339.08194 -2728.783795)
(-3161.209362 -339.08194 -2728.783795)
(-2886.271983 -339.08194 -2728.783795)
(-2611.334603 -339.08194 -2728.783795)
(-2336.397224 -339.08194 -2728.783795)
(-2061.459845 -339.08194 -2728.783795)
(-1786.522466 -339.08194 -2728.783795)
(-1511.585086 -339.08194 -2728.783795)
(-1236.647707 -339.08194 -2728.783795)
(-961.7103276 -339.08194 -2728.783795)
(-686.7729483 -339.08194 -2728.783795)
(-411.835569 -339.08194 -2728.783795)
(-136.8981897 -339.08194 -2728.783795)
(138.0391897 -339.08194 -2728.783795)
(412.976569 -339.08194 -2728.783795)
(687.9139483 -339.08194 -2728.783795)
(962.8513276 -339.08194 -2728.783795)
(1237.788707 -339.08194 -2728.783795)
(1512.726086 -339.08194 -2728.783795)
(1787.663466 -339.08194 -2728.783795)
(2062.600845 -339.08194 -2728.783795)
(2337.538224 -339.08194 -2728.783795)
(2612.475603 -339.08194 -2728.783795)
(2887.412983 -339.08194 -2728.783795)
(3162.350362 -339.08194 -2728.783795)
(3437.287741 -339.08194 -2728.783795)
(3712.225121 -339.08194 -2728.783795)
(3987.1625 -339.08194 -2728.783795)
(-3986.0215 -111.27668 -2728.783795)
(-3711.084121 -111.27668 -2728.783795)
(-3436.146741 -111.27668 -2728.783795)
(-3161.209362 -111.27668 -2728.783795)
(-2886.271983 -111.27668 -2728.783795)
(-2611.334603 -111.27668 -2728.783795)
(-2336.397224 -111.27668 -2728.783795)
(-2061.459845 -111.27668 -2728.783795)
(-1786.522466 -111.27668 -2728.783795)
(-1511.585086 -111.27668 -2728.783795)
(-1236.647707 -111.27668 -2728.783795)
(-961.7103276 -111.27668 -2728.783795)
(-686.7729483 -111.27668 -2728.783795)
(-411.835569 -111.27668 -2728.783795)
(-136.8981897 -111.27668 -2728.783795)
(138.0391897 -111.27668 -2728.783795)
(412.976569 -111.27668 -2728.783795)
(687.9139483 -111.27668 -2728.783795)
(962.8513276 -111.27668 -2728.783795)
(1237.788707 -111.27668 -2728.783795)
(1512.726086 -111.27668 -2728.783795)
(1787.663466 -111.27668 -2728.783795)
(2062.600845 -111.27668 -2728.783795)
(2337.538224 -111.27668 -2728.783795)
(2612.475603 -111.27668 -2728.783795)
(2887.412983 -111.27668 -2728.783795)
(3162.350362 -111.27668 -2728.783795)
(3437.287741 -111.27668 -2728.783795)
(3712.225121 -111.27668 -2728.783795)
(3987.1625 -111.27668 -2728.783795)
(-3986.0215 116.52858 -2728.783795)
(-3711.084121 116.52858 -2728.783795)
(-3436.146741 116.52858 -2728.783795)
(-3161.209362 116.52858 -2728.783795)
(-2886.271983 116.52858 -2728.783795)
(-2611.334603 116.52858 -2728.783795)
(-2336.397224 116.52858 -2728.783795)
(-2061.459845 116.52858 -2728.783795)
(-1786.522466 116.52858 -2728.783795)
(-1511.585086 116.52858 -2728.783795)
(-1236.647707 116.52858 -2728.783795)
(-961.7103276 116.52858 -2728.783795)
(-686.7729483 116.52858 -2728.783795)
(-411.835569 116.52858 -2728.783795)
(-136.8981897 116.52858 -2728.783795)
(138.0391897 116.52858 -2728.783795)
(412.976569 116.52858 -2728.783795)
(687.9139483 116.52858 -2728.783795)
(962.8513276 116.52858 -2728.783795)
(1237.788707 116.52858 -2728.783795)
(1512.726086 116.52858 -2728.783795)
(1787.663466 116.52858 -2728.783795)
(2062.600845 116.52858 -2728.783795)
(2337.538224 116.52858 -2728.783795)
(2612.475603 116.52858 -2728.783795)
(2887.412983 116.52858 -2728.783795)
(3162.350362 116.52858 -2728.783795)
(3437.287741 116.52858 -2728.783795)
(3712.225121 116.52858 -2728.783795)
(3987.1625 116.52858 -2728.783795)
(-3986.0215 344.33384 -2728.783795)
(-3711.084121 344.33384 -2728.783795)
(-3436.146741 344.33384 -2728.783795)
(-3161.209362 344.33384 -2728.783795)
(-2886.271983 344.33384 -2728.783795)
(-2611.334603 344.33384 -2728.783795)
(-2336.397224 344.33384 -2728.783795)
(-2061.459845 344.33384 -2728.783795)
(-1786.522466 344.33384 -2728.783795)
(-1511.585086 344.33384 -2728.783795)
(-1236.647707 344.33384 -2728.783795)
(-961.7103276 344.33384 -2728.783795)
(-686.7729483 344.33384 -2728.783795)
(-411.835569 344.33384 -2728.783795)
(-136.8981897 344.33384 -2728.783795)
(138.0391897 344.33384 -2728.783795)
(412.976569 344.33384 -2728.783795)
(687.9139483 344.33384 -2728.783795)
(962.8513276 344.33384 -2728.783795)
(1237.788707 344.33384 -2728.783795)
(1512.726086 344.33384 -2728.783795)
(1787.663466 344.33384 -2728.783795)
(2062.600845 344.33384 -2728.783795)
(2337.538224 344.33384 -2728.783795)
(2612.475603 344.33384 -2728.783795)
(2887.412983 344.33384 -2728.783795)
(3162.350362 344.33384 -2728.783795)
(3437.287741 344.33384 -2728.783795)
(3712.225121 344.33384 -2728.783795)
(3987.1625 344.33384 -2728.783795)
(-3986.0215 572.1391 -2728.783795)
(-3711.084121 572.1391 -2728.783795)
(-3436.146741 572.1391 -2728.783795)
(-3161.209362 572.1391 -2728.783795)
(-2886.271983 572.1391 -2728.783795)
(-2611.334603 572.1391 -2728.783795)
(-2336.397224 572.1391 -2728.783795)
(-2061.459845 572.1391 -2728.783795)
(-1786.522466 572.1391 -2728.783795)
(-1511.585086 572.1391 -2728.783795)
(-1236.647707 572.1391 -2728.783795)
(-961.7103276 572.1391 -2728.783795)
(-686.7729483 572.1391 -2728.783795)
(-411.835569 572.1391 -2728.783795)
(-136.8981897 572.1391 -2728.783795)
(138.0391897 572.1391 -2728.783795)
(412.976569 572.1391 -2728.783795)
(687.9139483 572.1391 -2728.783795)
(962.8513276 572.1391 -2728.783795)
(1237.788707 572.1391 -2728.783795)
(1512.726086 572.1391 -2728.783795)
(1787.663466 572.1391 -2728.783795)
(2062.600845 572.1391 -2728.783795)
(2337.538224 572.1391 -2728.783795)
(2612.475603 572.1391 -2728.783795)
(2887.412983 572.1391 -2728.783795)
(3162.350362 572.1391 -2728.783795)
(3437.287741 572.1391 -2728.783795)
(3712.225121 572.1391 -2728.783795)
(3987.1625 572.1391 -2728.783795)
(-3986.0215 799.94436 -2728.783795)
(-3711.084121 799.94436 -2728.783795)
(-3436.146741 799.94436 -2728.783795)
(-3161.209362 799.94436 -2728.783795)
(-2886.271983 799.94436 -2728.783795)
(-2611.334603 799.94436 -2728.783795)
(-2336.397224 799.94436 -2728.783795)
(-2061.459845 799.94436 -2728.783795)
(-1786.522466 799.94436 -2728.783795)
(-1511.585086 799.94436 -2728.783795)
(-1236.647707 799.94436 -2728.783795)
(-961.7103276 799.94436 -2728.783795)
(-686.7729483 799.94436 -2728.783795)
(-411.835569 799.94436 -2728.783795)
(-136.8981897 799.94436 -2728.783795)
(138.0391897 799.94436 -2728.783795)
(412.976569 799.94436 -2728.783795)
(687.9139483 799.94436 -2728.783795)
(962.8513276 799.94436 -2728.783795)
(1237.788707 799.94436 -2728.783795)
(1512.726086 799.94436 -2728.783795)
(1787.663466 799.94436 -2728.783795)
(2062.600845 799.94436 -2728.783795)
(2337.538224 799.94436 -2728.783795)
(2612.475603 799.94436 -2728.783795)
(2887.412983 799.94436 -2728.783795)
(3162.350362 799.94436 -2728.783795)
(3437.287741 799.94436 -2728.783795)
(3712.225121 799.94436 -2728.783795)
(3987.1625 799.94436 -2728.783795)
(-3986.0215 1027.74962 -2728.783795)
(-3711.084121 1027.74962 -2728.783795)
(-3436.146741 1027.74962 -2728.783795)
(-3161.209362 1027.74962 -2728.783795)
(-2886.271983 1027.74962 -2728.783795)
(-2611.334603 1027.74962 -2728.783795)
(-2336.397224 1027.74962 -2728.783795)
(-2061.459845 1027.74962 -2728.783795)
(-1786.522466 1027.74962 -2728.783795)
(-1511.585086 1027.74962 -2728.783795)
(-1236.647707 1027.74962 -2728.783795)
(-961.7103276 1027.74962 -2728.783795)
(-686.7729483 1027.74962 -2728.783795)
(-411.835569 1027.74962 -2728.783795)
(-136.8981897 1027.74962 -2728.783795)
(138.0391897 1027.74962 -2728.783795)
(412.976569 1027.74962 -2728.783795)
(687.9139483 1027.74962 -2728.783795)
(962.8513276 1027.74962 -2728.783795)
(1237.788707 1027.74962 -2728.783795)
(1512.726086 1027.74962 -2728.783795)
(1787.663466 1027.74962 -2728.783795)
(2062.600845 1027.74962 -2728.783795)
(2337.538224 1027.74962 -2728.783795)
(2612.475603 1027.74962 -2728.783795)
(2887.412983 1027.74962 -2728.783795)
(3162.350362 1027.74962 -2728.783795)
(3437.287741 1027.74962 -2728.783795)
(3712.225121 1027.74962 -2728.783795)
(3987.1625 1027.74962 -2728.783795)
(-3986.0215 1255.55488 -2728.783795)
(-3711.084121 1255.55488 -2728.783795)
(-3436.146741 1255.55488 -2728.783795)
(-3161.209362 1255.55488 -2728.783795)
(-2886.271983 1255.55488 -2728.783795)
(-2611.334603 1255.55488 -2728.783795)
(-2336.397224 1255.55488 -2728.783795)
(-2061.459845 1255.55488 -2728.783795)
(-1786.522466 1255.55488 -2728.783795)
(-1511.585086 1255.55488 -2728.783795)
(-1236.647707 1255.55488 -2728.783795)
(-961.7103276 1255.55488 -2728.783795)
(-686.7729483 1255.55488 -2728.783795)
(-411.835569 1255.55488 -2728.783795)
(-136.8981897 1255.55488 -2728.783795)
(138.0391897 1255.55488 -2728.783795)
(412.976569 1255.55488 -2728.783795)
(687.9139483 1255.55488 -2728.783795)
(962.8513276 1255.55488 -2728.783795)
(1237.788707 1255.55488 -2728.783795)
(1512.726086 1255.55488 -2728.783795)
(1787.663466 1255.55488 -2728.783795)
(2062.600845 1255.55488 -2728.783795)
(2337.538224 1255.55488 -2728.783795)
(2612.475603 1255.55488 -2728.783795)
(2887.412983 1255.55488 -2728.783795)
(3162.350362 1255.55488 -2728.783795)
(3437.287741 1255.55488 -2728.783795)
(3712.225121 1255.55488 -2728.783795)
(3987.1625 1255.55488 -2728.783795)
(-3986.0215 1483.36014 -2728.783795)
(-3711.084121 1483.36014 -2728.783795)
(-3436.146741 1483.36014 -2728.783795)
(-3161.209362 1483.36014 -2728.783795)
(-2886.271983 1483.36014 -2728.783795)
(-2611.334603 1483.36014 -2728.783795)
(-2336.397224 1483.36014 -2728.783795)
(-2061.459845 1483.36014 -2728.783795)
(-1786.522466 1483.36014 -2728.783795)
(-1511.585086 1483.36014 -2728.783795)
(-1236.647707 1483.36014 -2728.783795)
(-961.7103276 1483.36014 -2728.783795)
(-686.7729483 1483.36014 -2728.783795)
(-411.835569 1483.36014 -2728.783795)
(-136.8981897 1483.36014 -2728.783795)
(138.0391897 1483.36014 -2728.783795)
(412.976569 1483.36014 -2728.783795)
(687.9139483 1483.36014 -2728.783795)
(962.8513276 1483.36014 -2728.783795)
(1237.788707 1483.36014 -2728.783795)
(1512.726086 1483.36014 -2728.783795)
(1787.663466 1483.36014 -2728.783795)
(2062.600845 1483.36014 -2728.783795)
(2337.538224 1483.36014 -2728.783795)
(2612.475603 1483.36014 -2728.783795)
(2887.412983 1483.36014 -2728.783795)
(3162.350362 1483.36014 -2728.783795)
(3437.287741 1483.36014 -2728.783795)
(3712.225121 1483.36014 -2728.783795)
(3987.1625 1483.36014 -2728.783795)
(-3986.0215 1711.1654 -2728.783795)
(-3711.084121 1711.1654 -2728.783795)
(-3436.146741 1711.1654 -2728.783795)
(-3161.209362 1711.1654 -2728.783795)
(-2886.271983 1711.1654 -2728.783795)
(-2611.334603 1711.1654 -2728.783795)
(-2336.397224 1711.1654 -2728.783795)
(-2061.459845 1711.1654 -2728.783795)
(-1786.522466 1711.1654 -2728.783795)
(-1511.585086 1711.1654 -2728.783795)
(-1236.647707 1711.1654 -2728.783795)
(-961.7103276 1711.1654 -2728.783795)
(-686.7729483 1711.1654 -2728.783795)
(-411.835569 1711.1654 -2728.783795)
(-136.8981897 1711.1654 -2728.783795)
(138.0391897 1711.1654 -2728.783795)
(412.976569 1711.1654 -2728.783795)
(687.9139483 1711.1654 -2728.783795)
(962.8513276 1711.1654 -2728.783795)
(1237.788707 1711.1654 -2728.783795)
(1512.726086 1711.1654 -2728.783795)
(1787.663466 1711.1654 -2728.783795)
(2062.600845 1711.1654 -2728.783795)
(2337.538224 1711.1654 -2728.783795)
(2612.475603 1711.1654 -2728.783795)
(2887.412983 1711.1654 -2728.783795)
(3162.350362 1711.1654 -2728.783795)
(3437.287741 1711.1654 -2728.783795)
(3712.225121 1711.1654 -2728.783795)
(3987.1625 1711.1654 -2728.783795)
(-3986.0215 1938.97066 -2728.783795)
(-3711.084121 1938.97066 -2728.783795)
(-3436.146741 1938.97066 -2728.783795)
(-3161.209362 1938.97066 -2728.783795)
(-2886.271983 1938.97066 -2728.783795)
(-2611.334603 1938.97066 -2728.783795)
(-2336.397224 1938.97066 -2728.783795)
(-2061.459845 1938.97066 -2728.783795)
(-1786.522466 1938.97066 -2728.783795)
(-1511.585086 1938.97066 -2728.783795)
(-1236.647707 1938.97066 -2728.783795)
(-961.7103276 1938.97066 -2728.783795)
(-686.7729483 1938.97066 -2728.783795)
(-411.835569 1938.97066 -2728.783795)
(-136.8981897 1938.97066 -2728.783795)
(138.0391897 1938.97066 -2728.783795)
(412.976569 1938.97066 -2728.783795)
(687.9139483 1938.97066 -2728.783795)
(962.8513276 1938.97066 -2728.783795)
(1237.788707 1938.97066 -2728.783795)
(1512.726086 1938.97066 -2728.783795)
(1787.663466 1938.97066 -2728.783795)
(2062.600845 1938.97066 -2728.783795)
(2337.538224 1938.97066 -2728.783795)
(2612.475603 1938.97066 -2728.783795)
(2887.412983 1938.97066 -2728.783795)
(3162.350362 1938.97066 -2728.783795)
(3437.287741 1938.97066 -2728.783795)
(3712.225121 1938.97066 -2728.783795)
(3987.1625 1938.97066 -2728.783795)
(-3986.0215 2166.77592 -2728.783795)
(-3711.084121 2166.77592 -2728.783795)
(-3436.146741 2166.77592 -2728.783795)
(-3161.209362 2166.77592 -2728.783795)
(-2886.271983 2166.77592 -2728.783795)
(-2611.334603 2166.77592 -2728.783795)
(-2336.397224 2166.77592 -2728.783795)
(-2061.459845 2166.77592 -2728.783795)
(-1786.522466 2166.77592 -2728.783795)
(-1511.585086 2166.77592 -2728.783795)
(-1236.647707 2166.77592 -2728.783795)
(-961.7103276 2166.77592 -2728.783795)
(-686.7729483 2166.77592 -2728.783795)
(-411.835569 2166.77592 -2728.783795)
(-136.8981897 2166.77592 -2728.783795)
(138.0391897 2166.77592 -2728.783795)
(412.976569 2166.77592 -2728.783795)
(687.9139483 2166.77592 -2728.783795)
(962.8513276 2166.77592 -2728.783795)
(1237.788707 2166.77592 -2728.783795)
(1512.726086 2166.77592 -2728.783795)
(1787.663466 2166.77592 -2728.783795)
(2062.600845 2166.77592 -2728.783795)
(2337.538224 2166.77592 -2728.783795)
(2612.475603 2166.77592 -2728.783795)
(2887.412983 2166.77592 -2728.783795)
(3162.350362 2166.77592 -2728.783795)
(3437.287741 2166.77592 -2728.783795)
(3712.225121 2166.77592 -2728.783795)
(3987.1625 2166.77592 -2728.783795)
(-3986.0215 2394.58118 -2728.783795)
(-3711.084121 2394.58118 -2728.783795)
(-3436.146741 2394.58118 -2728.783795)
(-3161.209362 2394.58118 -2728.783795)
(-2886.271983 2394.58118 -2728.783795)
(-2611.334603 2394.58118 -2728.783795)
(-2336.397224 2394.58118 -2728.783795)
(-2061.459845 2394.58118 -2728.783795)
(-1786.522466 2394.58118 -2728.783795)
(-1511.585086 2394.58118 -2728.783795)
(-1236.647707 2394.58118 -2728.783795)
(-961.7103276 2394.58118 -2728.783795)
(-686.7729483 2394.58118 -2728.783795)
(-411.835569 2394.58118 -2728.783795)
(-136.8981897 2394.58118 -2728.783795)
(138.0391897 2394.58118 -2728.783795)
(412.976569 2394.58118 -2728.783795)
(687.9139483 2394.58118 -2728.783795)
(962.8513276 2394.58118 -2728.783795)
(1237.788707 2394.58118 -2728.783795)
(1512.726086 2394.58118 -2728.783795)
(1787.663466 2394.58118 -2728.783795)
(2062.600845 2394.58118 -2728.783795)
(2337.538224 2394.58118 -2728.783795)
(2612.475603 2394.58118 -2728.783795)
(2887.412983 2394.58118 -2728.783795)
(3162.350362 2394.58118 -2728.783795)
(3437.287741 2394.58118 -2728.783795)
(3712.225121 2394.58118 -2728.783795)
(3987.1625 2394.58118 -2728.783795)
(-3986.0215 2622.38644 -2728.783795)
(-3711.084121 2622.38644 -2728.783795)
(-3436.146741 2622.38644 -2728.783795)
(-3161.209362 2622.38644 -2728.783795)
(-2886.271983 2622.38644 -2728.783795)
(-2611.334603 2622.38644 -2728.783795)
(-2336.397224 2622.38644 -2728.783795)
(-2061.459845 2622.38644 -2728.783795)
(-1786.522466 2622.38644 -2728.783795)
(-1511.585086 2622.38644 -2728.783795)
(-1236.647707 2622.38644 -2728.783795)
(-961.7103276 2622.38644 -2728.783795)
(-686.7729483 2622.38644 -2728.783795)
(-411.835569 2622.38644 -2728.783795)
(-136.8981897 2622.38644 -2728.783795)
(138.0391897 2622.38644 -2728.783795)
(412.976569 2622.38644 -2728.783795)
(687.9139483 2622.38644 -2728.783795)
(962.8513276 2622.38644 -2728.783795)
(1237.788707 2622.38644 -2728.783795)
(1512.726086 2622.38644 -2728.783795)
(1787.663466 2622.38644 -2728.783795)
(2062.600845 2622.38644 -2728.783795)
(2337.538224 2622.38644 -2728.783795)
(2612.475603 2622.38644 -2728.783795)
(2887.412983 2622.38644 -2728.783795)
(3162.350362 2622.38644 -2728.783795)
(3437.287741 2622.38644 -2728.783795)
(3712.225121 2622.38644 -2728.783795)
(3987.1625 2622.38644 -2728.783795)
(-3986.0215 2850.1917 -2728.783795)
(-3711.084121 2850.1917 -2728.783795)
(-3436.146741 2850.1917 -2728.783795)
(-3161.209362 2850.1917 -2728.783795)
(-2886.271983 2850.1917 -2728.783795)
(-2611.334603 2850.1917 -2728.783795)
(-2336.397224 2850.1917 -2728.783795)
(-2061.459845 2850.1917 -2728.783795)
(-1786.522466 2850.1917 -2728.783795)
(-1511.585086 2850.1917 -2728.783795)
(-1236.647707 2850.1917 -2728.783795)
(-961.7103276 2850.1917 -2728.783795)
(-686.7729483 2850.1917 -2728.783795)
(-411.835569 2850.1917 -2728.783795)
(-136.8981897 2850.1917 -2728.783795)
(138.0391897 2850.1917 -2728.783795)
(412.976569 2850.1917 -2728.783795)
(687.9139483 2850.1917 -2728.783795)
(962.8513276 2850.1917 -2728.783795)
(1237.788707 2850.1917 -2728.783795)
(1512.726086 2850.1917 -2728.783795)
(1787.663466 2850.1917 -2728.783795)
(2062.600845 2850.1917 -2728.783795)
(2337.538224 2850.1917 -2728.783795)
(2612.475603 2850.1917 -2728.783795)
(2887.412983 2850.1917 -2728.783795)
(3162.350362 2850.1917 -2728.783795)
(3437.287741 2850.1917 -2728.783795)
(3712.225121 2850.1917 -2728.783795)
(3987.1625 2850.1917 -2728.783795)
(-3986.0215 3077.99696 -2728.783795)
(-3711.084121 3077.99696 -2728.783795)
(-3436.146741 3077.99696 -2728.783795)
(-3161.209362 3077.99696 -2728.783795)
(-2886.271983 3077.99696 -2728.783795)
(-2611.334603 3077.99696 -2728.783795)
(-2336.397224 3077.99696 -2728.783795)
(-2061.459845 3077.99696 -2728.783795)
(-1786.522466 3077.99696 -2728.783795)
(-1511.585086 3077.99696 -2728.783795)
(-1236.647707 3077.99696 -2728.783795)
(-961.7103276 3077.99696 -2728.783795)
(-686.7729483 3077.99696 -2728.783795)
(-411.835569 3077.99696 -2728.783795)
(-136.8981897 3077.99696 -2728.783795)
(138.0391897 3077.99696 -2728.783795)
(412.976569 3077.99696 -2728.783795)
(687.9139483 3077.99696 -2728.783795)
(962.8513276 3077.99696 -2728.783795)
(1237.788707 3077.99696 -2728.783795)
(1512.726086 3077.99696 -2728.783795)
(1787.663466 3077.99696 -2728.783795)
(2062.600845 3077.99696 -2728.783795)
(2337.538224 3077.99696 -2728.783795)
(2612.475603 3077.99696 -2728.783795)
(2887.412983 3077.99696 -2728.783795)
(3162.350362 3077.99696 -2728.783795)
(3437.287741 3077.99696 -2728.783795)
(3712.225121 3077.99696 -2728.783795)
(3987.1625 3077.99696 -2728.783795)
(-3986.0215 3305.80222 -2728.783795)
(-3711.084121 3305.80222 -2728.783795)
(-3436.146741 3305.80222 -2728.783795)
(-3161.209362 3305.80222 -2728.783795)
(-2886.271983 3305.80222 -2728.783795)
(-2611.334603 3305.80222 -2728.783795)
(-2336.397224 3305.80222 -2728.783795)
(-2061.459845 3305.80222 -2728.783795)
(-1786.522466 3305.80222 -2728.783795)
(-1511.585086 3305.80222 -2728.783795)
(-1236.647707 3305.80222 -2728.783795)
(-961.7103276 3305.80222 -2728.783795)
(-686.7729483 3305.80222 -2728.783795)
(-411.835569 3305.80222 -2728.783795)
(-136.8981897 3305.80222 -2728.783795)
(138.0391897 3305.80222 -2728.783795)
(412.976569 3305.80222 -2728.783795)
(687.9139483 3305.80222 -2728.783795)
(962.8513276 3305.80222 -2728.783795)
(1237.788707 3305.80222 -2728.783795)
(1512.726086 3305.80222 -2728.783795)
(1787.663466 3305.80222 -2728.783795)
(2062.600845 3305.80222 -2728.783795)
(2337.538224 3305.80222 -2728.783795)
(2612.475603 3305.80222 -2728.783795)
(2887.412983 3305.80222 -2728.783795)
(3162.350362 3305.80222 -2728.783795)
(3437.287741 3305.80222 -2728.783795)
(3712.225121 3305.80222 -2728.783795)
(3987.1625 3305.80222 -2728.783795)
(-3986.0215 3533.60748 -2728.783795)
(-3711.084121 3533.60748 -2728.783795)
(-3436.146741 3533.60748 -2728.783795)
(-3161.209362 3533.60748 -2728.783795)
(-2886.271983 3533.60748 -2728.783795)
(-2611.334603 3533.60748 -2728.783795)
(-2336.397224 3533.60748 -2728.783795)
(-2061.459845 3533.60748 -2728.783795)
(-1786.522466 3533.60748 -2728.783795)
(-1511.585086 3533.60748 -2728.783795)
(-1236.647707 3533.60748 -2728.783795)
(-961.7103276 3533.60748 -2728.783795)
(-686.7729483 3533.60748 -2728.783795)
(-411.835569 3533.60748 -2728.783795)
(-136.8981897 3533.60748 -2728.783795)
(138.0391897 3533.60748 -2728.783795)
(412.976569 3533.60748 -2728.783795)
(687.9139483 3533.60748 -2728.783795)
(962.8513276 3533.60748 -2728.783795)
(1237.788707 3533.60748 -2728.783795)
(1512.726086 3533.60748 -2728.783795)
(1787.663466 3533.60748 -2728.783795)
(2062.600845 3533.60748 -2728.783795)
(2337.538224 3533.60748 -2728.783795)
(2612.475603 3533.60748 -2728.783795)
(2887.412983 3533.60748 -2728.783795)
(3162.350362 3533.60748 -2728.783795)
(3437.287741 3533.60748 -2728.783795)
(3712.225121 3533.60748 -2728.783795)
(3987.1625 3533.60748 -2728.783795)
(-3986.0215 3761.41274 -2728.783795)
(-3711.084121 3761.41274 -2728.783795)
(-3436.146741 3761.41274 -2728.783795)
(-3161.209362 3761.41274 -2728.783795)
(-2886.271983 3761.41274 -2728.783795)
(-2611.334603 3761.41274 -2728.783795)
(-2336.397224 3761.41274 -2728.783795)
(-2061.459845 3761.41274 -2728.783795)
(-1786.522466 3761.41274 -2728.783795)
(-1511.585086 3761.41274 -2728.783795)
(-1236.647707 3761.41274 -2728.783795)
(-961.7103276 3761.41274 -2728.783795)
(-686.7729483 3761.41274 -2728.783795)
(-411.835569 3761.41274 -2728.783795)
(-136.8981897 3761.41274 -2728.783795)
(138.0391897 3761.41274 -2728.783795)
(412.976569 3761.41274 -2728.783795)
(687.9139483 3761.41274 -2728.783795)
(962.8513276 3761.41274 -2728.783795)
(1237.788707 3761.41274 -2728.783795)
(1512.726086 3761.41274 -2728.783795)
(1787.663466 3761.41274 -2728.783795)
(2062.600845 3761.41274 -2728.783795)
(2337.538224 3761.41274 -2728.783795)
(2612.475603 3761.41274 -2728.783795)
(2887.412983 3761.41274 -2728.783795)
(3162.350362 3761.41274 -2728.783795)
(3437.287741 3761.41274 -2728.783795)
(3712.225121 3761.41274 -2728.783795)
(3987.1625 3761.41274 -2728.783795)
(-3986.0215 3989.218 -2728.783795)
(-3711.084121 3989.218 -2728.783795)
(-3436.146741 3989.218 -2728.783795)
(-3161.209362 3989.218 -2728.783795)
(-2886.271983 3989.218 -2728.783795)
(-2611.334603 3989.218 -2728.783795)
(-2336.397224 3989.218 -2728.783795)
(-2061.459845 3989.218 -2728.783795)
(-1786.522466 3989.218 -2728.783795)
(-1511.585086 3989.218 -2728.783795)
(-1236.647707 3989.218 -2728.783795)
(-961.7103276 3989.218 -2728.783795)
(-686.7729483 3989.218 -2728.783795)
(-411.835569 3989.218 -2728.783795)
(-136.8981897 3989.218 -2728.783795)
(138.0391897 3989.218 -2728.783795)
(412.976569 3989.218 -2728.783795)
(687.9139483 3989.218 -2728.783795)
(962.8513276 3989.218 -2728.783795)
(1237.788707 3989.218 -2728.783795)
(1512.726086 3989.218 -2728.783795)
(1787.663466 3989.218 -2728.783795)
(2062.600845 3989.218 -2728.783795)
(2337.538224 3989.218 -2728.783795)
(2612.475603 3989.218 -2728.783795)
(2887.412983 3989.218 -2728.783795)
(3162.350362 3989.218 -2728.783795)
(3437.287741 3989.218 -2728.783795)
(3712.225121 3989.218 -2728.783795)
(3987.1625 3989.218 -2728.783795)
(-3986.0215 -3983.9661 -2309.142526)
(-3711.084121 -3983.9661 -2309.142526)
(-3436.146741 -3983.9661 -2309.142526)
(-3161.209362 -3983.9661 -2309.142526)
(-2886.271983 -3983.9661 -2309.142526)
(-2611.334603 -3983.9661 -2309.142526)
(-2336.397224 -3983.9661 -2309.142526)
(-2061.459845 -3983.9661 -2309.142526)
(-1786.522466 -3983.9661 -2309.142526)
(-1511.585086 -3983.9661 -2309.142526)
(-1236.647707 -3983.9661 -2309.142526)
(-961.7103276 -3983.9661 -2309.142526)
(-686.7729483 -3983.9661 -2309.142526)
(-411.835569 -3983.9661 -2309.142526)
(-136.8981897 -3983.9661 -2309.142526)
(138.0391897 -3983.9661 -2309.142526)
(412.976569 -3983.9661 -2309.142526)
(687.9139483 -3983.9661 -2309.142526)
(962.8513276 -3983.9661 -2309.142526)
(1237.788707 -3983.9661 -2309.142526)
(1512.726086 -3983.9661 -2309.142526)
(1787.663466 -3983.9661 -2309.142526)
(2062.600845 -3983.9661 -2309.142526)
(2337.538224 -3983.9661 -2309.142526)
(2612.475603 -3983.9661 -2309.142526)
(2887.412983 -3983.9661 -2309.142526)
(3162.350362 -3983.9661 -2309.142526)
(3437.287741 -3983.9661 -2309.142526)
(3712.225121 -3983.9661 -2309.142526)
(3987.1625 -3983.9661 -2309.142526)
(-3986.0215 -3756.16084 -2309.142526)
(-3711.084121 -3756.16084 -2309.142526)
(-3436.146741 -3756.16084 -2309.142526)
(-3161.209362 -3756.16084 -2309.142526)
(-2886.271983 -3756.16084 -2309.142526)
(-2611.334603 -3756.16084 -2309.142526)
(-2336.397224 -3756.16084 -2309.142526)
(-2061.459845 -3756.16084 -2309.142526)
(-1786.522466 -3756.16084 -2309.142526)
(-1511.585086 -3756.16084 -2309.142526)
(-1236.647707 -3756.16084 -2309.142526)
(-961.7103276 -3756.16084 -2309.142526)
(-686.7729483 -3756.16084 -2309.142526)
(-411.835569 -3756.16084 -2309.142526)
(-136.8981897 -3756.16084 -2309.142526)
(138.0391897 -3756.16084 -2309.142526)
(412.976569 -3756.16084 -2309.142526)
(687.9139483 -3756.16084 -2309.142526)
(962.8513276 -3756.16084 -2309.142526)
(1237.788707 -3756.16084 -2309.142526)
(1512.726086 -3756.16084 -2309.142526)
(1787.663466 -3756.16084 -2309.142526)
(2062.600845 -3756.16084 -2309.142526)
(2337.538224 -3756.16084 -2309.142526)
(2612.475603 -3756.16084 -2309.142526)
(2887.412983 -3756.16084 -2309.142526)
(3162.350362 -3756.16084 -2309.142526)
(3437.287741 -3756.16084 -2309.142526)
(3712.225121 -3756.16084 -2309.142526)
(3987.1625 -3756.16084 -2309.142526)
(-3986.0215 -3528.35558 -2309.142526)
(-3711.084121 -3528.35558 -2309.142526)
(-3436.146741 -3528.35558 -2309.142526)
(-3161.209362 -3528.35558 -2309.142526)
(-2886.271983 -3528.35558 -2309.142526)
(-2611.334603 -3528.35558 -2309.142526)
(-2336.397224 -3528.35558 -2309.142526)
(-2061.459845 -3528.35558 -2309.142526)
(-1786.522466 -3528.35558 -2309.142526)
(-1511.585086 -3528.35558 -2309.142526)
(-1236.647707 -3528.35558 -2309.142526)
(-961.7103276 -3528.35558 -2309.142526)
(-686.7729483 -3528.35558 -2309.142526)
(-411.835569 -3528.35558 -2309.142526)
(-136.8981897 -3528.35558 -2309.142526)
(138.0391897 -3528.35558 -2309.142526)
(412.976569 -3528.35558 -2309.142526)
(687.9139483 -3528.35558 -2309.142526)
(962.8513276 -3528.35558 -2309.142526)
(1237.788707 -3528.35558 -2309.142526)
(1512.726086 -3528.35558 -2309.142526)
(1787.663466 -3528.35558 -2309.142526)
(2062.600845 -3528.35558 -2309.142526)
(2337.538224 -3528.35558 -2309.142526)
(2612.475603 -3528.35558 -2309.142526)
(2887.412983 -3528.35558 -2309.142526)
(3162.350362 -3528.35558 -2309.142526)
(3437.287741 -3528.35558 -2309.142526)
(3712.225121 -3528.35558 -2309.142526)
(3987.1625 -3528.35558 -2309.142526)
(-3986.0215 -3300.55032 -2309.142526)
(-3711.084121 -3300.55032 -2309.142526)
(-3436.146741 -3300.55032 -2309.142526)
(-3161.209362 -3300.55032 -2309.142526)
(-2886.271983 -3300.55032 -2309.142526)
(-2611.334603 -3300.55032 -2309.142526)
(-2336.397224 -3300.55032 -2309.142526)
(-2061.459845 -3300.55032 -2309.142526)
(-1786.522466 -3300.55032 -2309.142526)
(-1511.585086 -3300.55032 -2309.142526)
(-1236.647707 -3300.55032 -2309.142526)
(-961.7103276 -3300.55032 -2309.142526)
(-686.7729483 -3300.55032 -2309.142526)
(-411.835569 -3300.55032 -2309.142526)
(-136.8981897 -3300.55032 -2309.142526)
(138.0391897 -3300.55032 -2309.142526)
(412.976569 -3300.55032 -2309.142526)
(687.9139483 -3300.55032 -2309.142526)
(962.8513276 -3300.55032 -2309.142526)
(1237.788707 -3300.55032 -2309.142526)
(1512.726086 -3300.55032 -2309.142526)
(1787.663466 -3300.55032 -2309.142526)
(2062.600845 -3300.55032 -2309.142526)
(2337.538224 -3300.55032 -2309.142526)
(2612.475603 -3300.55032 -2309.142526)
(2887.412983 -3300.55032 -2309.142526)
(3162.350362 -3300.55032 -2309.142526)
(3437.287741 -3300.55032 -2309.142526)
(3712.225121 -3300.55032 -2309.142526)
(3987.1625 -3300.55032 -2309.142526)
(-3986.0215 -3072.74506 -2309.142526)
(-3711.084121 -3072.74506 -2309.142526)
(-3436.146741 -3072.74506 -2309.142526)
(-3161.209362 -3072.74506 -2309.142526)
(-2886.271983 -3072.74506 -2309.142526)
(-2611.334603 -3072.74506 -2309.142526)
(-2336.397224 -3072.74506 -2309.142526)
(-2061.459845 -3072.74506 -2309.142526)
(-1786.522466 -3072.74506 -2309.142526)
(-1511.585086 -3072.74506 -2309.142526)
(-1236.647707 -3072.74506 -2309.142526)
(-961.7103276 -3072.74506 -2309.142526)
(-686.7729483 -3072.74506 -2309.142526)
(-411.835569 -3072.74506 -2309.142526)
(-136.8981897 -3072.74506 -2309.142526)
(138.0391897 -3072.74506 -2309.142526)
(412.976569 -3072.74506 -2309.142526)
(687.9139483 -3072.74506 -2309.142526)
(962.8513276 -3072.74506 -2309.142526)
(1237.788707 -3072.74506 -2309.142526)
(1512.726086 -3072.74506 -2309.142526)
(1787.663466 -3072.74506 -2309.142526)
(2062.600845 -3072.74506 -2309.142526)
(2337.538224 -3072.74506 -2309.142526)
(2612.475603 -3072.74506 -2309.142526)
(2887.412983 -3072.74506 -2309.142526)
(3162.350362 -3072.74506 -2309.142526)
(3437.287741 -3072.74506 -2309.142526)
(3712.225121 -3072.74506 -2309.142526)
(3987.1625 -3072.74506 -2309.142526)
(-3986.0215 -2844.9398 -2309.142526)
(-3711.084121 -2844.9398 -2309.142526)
(-3436.146741 -2844.9398 -2309.142526)
(-3161.209362 -2844.9398 -2309.142526)
(-2886.271983 -2844.9398 -2309.142526)
(-2611.334603 -2844.9398 -2309.142526)
(-2336.397224 -2844.9398 -2309.142526)
(-2061.459845 -2844.9398 -2309.142526)
(-1786.522466 -2844.9398 -2309.142526)
(-1511.585086 -2844.9398 -2309.142526)
(-1236.647707 -2844.9398 -2309.142526)
(-961.7103276 -2844.9398 -2309.142526)
(-686.7729483 -2844.9398 -2309.142526)
(-411.835569 -2844.9398 -2309.142526)
(-136.8981897 -2844.9398 -2309.142526)
(138.0391897 -2844.9398 -2309.142526)
(412.976569 -2844.9398 -2309.142526)
(687.9139483 -2844.9398 -2309.142526)
(962.8513276 -2844.9398 -2309.142526)
(1237.788707 -2844.9398 -2309.142526)
(1512.726086 -2844.9398 -2309.142526)
(1787.663466 -2844.9398 -2309.142526)
(2062.600845 -2844.9398 -2309.142526)
(2337.538224 -2844.9398 -2309.142526)
(2612.475603 -2844.9398 -2309.142526)
(2887.412983 -2844.9398 -2309.142526)
(3162.350362 -2844.9398 -2309.142526)
(3437.287741 -2844.9398 -2309.142526)
(3712.225121 -2844.9398 -2309.142526)
(3987.1625 -2844.9398 -2309.142526)
(-3986.0215 -2617.13454 -2309.142526)
(-3711.084121 -2617.13454 -2309.142526)
(-3436.146741 -2617.13454 -2309.142526)
(-3161.209362 -2617.13454 -2309.142526)
(-2886.271983 -2617.13454 -2309.142526)
(-2611.334603 -2617.13454 -2309.142526)
(-2336.397224 -2617.13454 -2309.142526)
(-2061.459845 -2617.13454 -2309.142526)
(-1786.522466 -2617.13454 -2309.142526)
(-1511.585086 -2617.13454 -2309.142526)
(-1236.647707 -2617.13454 -2309.142526)
(-961.7103276 -2617.13454 -2309.142526)
(-686.7729483 -2617.13454 -2309.142526)
(-411.835569 -2617.13454 -2309.142526)
(-136.8981897 -2617.13454 -2309.142526)
(138.0391897 -2617.13454 -2309.142526)
(412.976569 -2617.13454 -2309.142526)
(687.9139483 -2617.13454 -2309.142526)
(962.8513276 -2617.13454 -2309.142526)
(1237.788707 -2617.13454 -2309.142526)
(1512.726086 -2617.13454 -2309.142526)
(1787.663466 -2617.13454 -2309.142526)
(2062.600845 -2617.13454 -2309.142526)
(2337.538224 -2617.13454 -2309.142526)
(2612.475603 -2617.13454 -2309.142526)
(2887.412983 -2617.13454 -2309.142526)
(3162.350362 -2617.13454 -2309.142526)
(3437.287741 -2617.13454 -2309.142526)
(3712.225121 -2617.13454 -2309.142526)
(3987.1625 -2617.13454 -2309.142526)
(-3986.0215 -2389.32928 -2309.142526)
(-3711.084121 -2389.32928 -2309.142526)
(-3436.146741 -2389.32928 -2309.142526)
(-3161.209362 -2389.32928 -2309.142526)
(-2886.271983 -2389.32928 -2309.142526)
(-2611.334603 -2389.32928 -2309.142526)
(-2336.397224 -2389.32928 -2309.142526)
(-2061.459845 -2389.32928 -2309.142526)
(-1786.522466 -2389.32928 -2309.142526)
(-1511.585086 -2389.32928 -2309.142526)
(-1236.647707 -2389.32928 -2309.142526)
(-961.7103276 -2389.32928 -2309.142526)
(-686.7729483 -2389.32928 -2309.142526)
(-411.835569 -2389.32928 -2309.142526)
(-136.8981897 -2389.32928 -2309.142526)
(138.0391897 -2389.32928 -2309.142526)
(412.976569 -2389.32928 -2309.142526)
(687.9139483 -2389.32928 -2309.142526)
(962.8513276 -2389.32928 -2309.142526)
(1237.788707 -2389.32928 -2309.142526)
(1512.726086 -2389.32928 -2309.142526)
(1787.663466 -2389.32928 -2309.142526)
(2062.600845 -2389.32928 -2309.142526)
(2337.538224 -2389.32928 -2309.142526)
(2612.475603 -2389.32928 -2309.142526)
(2887.412983 -2389.32928 -2309.142526)
(3162.350362 -2389.32928 -2309.142526)
(3437.287741 -2389.32928 -2309.142526)
(3712.225121 -2389.32928 -2309.142526)
(3987.1625 -2389.32928 -2309.142526)
(-3986.0215 -2161.52402 -2309.142526)
(-3711.084121 -2161.52402 -2309.142526)
(-3436.146741 -2161.52402 -2309.142526)
(-3161.209362 -2161.52402 -2309.142526)
(-2886.271983 -2161.52402 -2309.142526)
(-2611.334603 -2161.52402 -2309.142526)
(-2336.397224 -2161.52402 -2309.142526)
(-2061.459845 -2161.52402 -2309.142526)
(-1786.522466 -2161.52402 -2309.142526)
(-1511.585086 -2161.52402 -2309.142526)
(-1236.647707 -2161.52402 -2309.142526)
(-961.7103276 -2161.52402 -2309.142526)
(-686.7729483 -2161.52402 -2309.142526)
(-411.835569 -2161.52402 -2309.142526)
(-136.8981897 -2161.52402 -2309.142526)
(138.0391897 -2161.52402 -2309.142526)
(412.976569 -2161.52402 -2309.142526)
(687.9139483 -2161.52402 -2309.142526)
(962.8513276 -2161.52402 -2309.142526)
(1237.788707 -2161.52402 -2309.142526)
(1512.726086 -2161.52402 -2309.142526)
(1787.663466 -2161.52402 -2309.142526)
(2062.600845 -2161.52402 -2309.142526)
(2337.538224 -2161.52402 -2309.142526)
(2612.475603 -2161.52402 -2309.142526)
(2887.412983 -2161.52402 -2309.142526)
(3162.350362 -2161.52402 -2309.142526)
(3437.287741 -2161.52402 -2309.142526)
(3712.225121 -2161.52402 -2309.142526)
(3987.1625 -2161.52402 -2309.142526)
(-3986.0215 -1933.71876 -2309.142526)
(-3711.084121 -1933.71876 -2309.142526)
(-3436.146741 -1933.71876 -2309.142526)
(-3161.209362 -1933.71876 -2309.142526)
(-2886.271983 -1933.71876 -2309.142526)
(-2611.334603 -1933.71876 -2309.142526)
(-2336.397224 -1933.71876 -2309.142526)
(-2061.459845 -1933.71876 -2309.142526)
(-1786.522466 -1933.71876 -2309.142526)
(-1511.585086 -1933.71876 -2309.142526)
(-1236.647707 -1933.71876 -2309.142526)
(-961.7103276 -1933.71876 -2309.142526)
(-686.7729483 -1933.71876 -2309.142526)
(-411.835569 -1933.71876 -2309.142526)
(-136.8981897 -1933.71876 -2309.142526)
(138.0391897 -1933.71876 -2309.142526)
(412.976569 -1933.71876 -2309.142526)
(687.9139483 -1933.71876 -2309.142526)
(962.8513276 -1933.71876 -2309.142526)
(1237.788707 -1933.71876 -2309.142526)
(1512.726086 -1933.71876 -2309.142526)
(1787.663466 -1933.71876 -2309.142526)
(2062.600845 -1933.71876 -2309.142526)
(2337.538224 -1933.71876 -2309.142526)
(2612.475603 -1933.71876 -2309.142526)
(2887.412983 -1933.71876 -2309.142526)
(3162.350362 -1933.71876 -2309.142526)
(3437.287741 -1933.71876 -2309.142526)
(3712.225121 -1933.71876 -2309.142526)
(3987.1625 -1933.71876 -2309.142526)
(-3986.0215 -1705.9135 -2309.142526)
(-3711.084121 -1705.9135 -2309.142526)
(-3436.146741 -1705.9135 -2309.142526)
(-3161.209362 -1705.9135 -2309.142526)
(-2886.271983 -1705.9135 -2309.142526)
(-2611.334603 -1705.9135 -2309.142526)
(-2336.397224 -1705.9135 -2309.142526)
(-2061.459845 -1705.9135 -2309.142526)
(-1786.522466 -1705.9135 -2309.142526)
(-1511.585086 -1705.9135 -2309.142526)
(-1236.647707 -1705.9135 -2309.142526)
(-961.7103276 -1705.9135 -2309.142526)
(-686.7729483 -1705.9135 -2309.142526)
(-411.835569 -1705.9135 -2309.142526)
(-136.8981897 -1705.9135 -2309.142526)
(138.0391897 -1705.9135 -2309.142526)
(412.976569 -1705.9135 -2309.142526)
(687.9139483 -1705.9135 -2309.142526)
(962.8513276 -1705.9135 -2309.142526)
(1237.788707 -1705.9135 -2309.142526)
(1512.726086 -1705.9135 -2309.142526)
(1787.663466 -1705.9135 -2309.142526)
(2062.600845 -1705.9135 -2309.142526)
(2337.538224 -1705.9135 -2309.142526)
(2612.475603 -1705.9135 -2309.142526)
(2887.412983 -1705.9135 -2309.142526)
(3162.350362 -1705.9135 -2309.142526)
(3437.287741 -1705.9135 -2309.142526)
(3712.225121 -1705.9135 -2309.142526)
(3987.1625 -1705.9135 -2309.142526)
(-3986.0215 -1478.10824 -2309.142526)
(-3711.084121 -1478.10824 -2309.142526)
(-3436.146741 -1478.10824 -2309.142526)
(-3161.209362 -1478.10824 -2309.142526)
(-2886.271983 -1478.10824 -2309.142526)
(-2611.334603 -1478.10824 -2309.142526)
(-2336.397224 -1478.10824 -2309.142526)
(-2061.459845 -1478.10824 -2309.142526)
(-1786.522466 -1478.10824 -2309.142526)
(-1511.585086 -1478.10824 -2309.142526)
(-1236.647707 -1478.10824 -2309.142526)
(-961.7103276 -1478.10824 -2309.142526)
(-686.7729483 -1478.10824 -2309.142526)
(-411.835569 -1478.10824 -2309.142526)
(-136.8981897 -1478.10824 -2309.142526)
(138.0391897 -1478.10824 -2309.142526)
(412.976569 -1478.10824 -2309.142526)
(687.9139483 -1478.10824 -2309.142526)
(962.8513276 -1478.10824 -2309.142526)
(1237.788707 -1478.10824 -2309.142526)
(1512.726086 -1478.10824 -2309.142526)
(1787.663466 -1478.10824 -2309.142526)
(2062.600845 -1478.10824 -2309.142526)
(2337.538224 -1478.10824 -2309.142526)
(2612.475603 -1478.10824 -2309.142526)
(2887.412983 -1478.10824 -2309.142526)
(3162.350362 -1478.10824 -2309.142526)
(3437.287741 -1478.10824 -2309.142526)
(3712.225121 -1478.10824 -2309.142526)
(3987.1625 -1478.10824 -2309.142526)
(-3986.0215 -1250.30298 -2309.142526)
(-3711.084121 -1250.30298 -2309.142526)
(-3436.146741 -1250.30298 -2309.142526)
(-3161.209362 -1250.30298 -2309.142526)
(-2886.271983 -1250.30298 -2309.142526)
(-2611.334603 -1250.30298 -2309.142526)
(-2336.397224 -1250.30298 -2309.142526)
(-2061.459845 -1250.30298 -2309.142526)
(-1786.522466 -1250.30298 -2309.142526)
(-1511.585086 -1250.30298 -2309.142526)
(-1236.647707 -1250.30298 -2309.142526)
(-961.7103276 -1250.30298 -2309.142526)
(-686.7729483 -1250.30298 -2309.142526)
(-411.835569 -1250.30298 -2309.142526)
(-136.8981897 -1250.30298 -2309.142526)
(138.0391897 -1250.30298 -2309.142526)
(412.976569 -1250.30298 -2309.142526)
(687.9139483 -1250.30298 -2309.142526)
(962.8513276 -1250.30298 -2309.142526)
(1237.788707 -1250.30298 -2309.142526)
(1512.726086 -1250.30298 -2309.142526)
(1787.663466 -1250.30298 -2309.142526)
(2062.600845 -1250.30298 -2309.142526)
(2337.538224 -1250.30298 -2309.142526)
(2612.475603 -1250.30298 -2309.142526)
(2887.412983 -1250.30298 -2309.142526)
(3162.350362 -1250.30298 -2309.142526)
(3437.287741 -1250.30298 -2309.142526)
(3712.225121 -1250.30298 -2309.142526)
(3987.1625 -1250.30298 -2309.142526)
(-3986.0215 -1022.49772 -2309.142526)
(-3711.084121 -1022.49772 -2309.142526)
(-3436.146741 -1022.49772 -2309.142526)
(-3161.209362 -1022.49772 -2309.142526)
(-2886.271983 -1022.49772 -2309.142526)
(-2611.334603 -1022.49772 -2309.142526)
(-2336.397224 -1022.49772 -2309.142526)
(-2061.459845 -1022.49772 -2309.142526)
(-1786.522466 -1022.49772 -2309.142526)
(-1511.585086 -1022.49772 -2309.142526)
(-1236.647707 -1022.49772 -2309.142526)
(-961.7103276 -1022.49772 -2309.142526)
(-686.7729483 -1022.49772 -2309.142526)
(-411.835569 -1022.49772 -2309.142526)
(-136.8981897 -1022.49772 -2309.142526)
(138.0391897 -1022.49772 -2309.142526)
(412.976569 -1022.49772 -2309.142526)
(687.9139483 -1022.49772 -2309.142526)
(962.8513276 -1022.49772 -2309.142526)
(1237.788707 -1022.49772 -2309.142526)
(1512.726086 -1022.49772 -2309.142526)
(1787.663466 -1022.49772 -2309.142526)
(2062.600845 -1022.49772 -2309.142526)
(2337.538224 -1022.49772 -2309.142526)
(2612.475603 -1022.49772 -2309.142526)
(2887.412983 -1022.49772 -2309.142526)
(3162.350362 -1022.49772 -2309.142526)
(3437.287741 -1022.49772 -2309.142526)
(3712.225121 -1022.49772 -2309.142526)
(3987.1625 -1022.49772 -2309.142526)
(-3986.0215 -794.69246 -2309.142526)
(-3711.084121 -794.69246 -2309.142526)
(-3436.146741 -794.69246 -2309.142526)
(-3161.209362 -794.69246 -2309.142526)
(-2886.271983 -794.69246 -2309.142526)
(-2611.334603 -794.69246 -2309.142526)
(-2336.397224 -794.69246 -2309.142526)
(-2061.459845 -794.69246 -2309.142526)
(-1786.522466 -794.69246 -2309.142526)
(-1511.585086 -794.69246 -2309.142526)
(-1236.647707 -794.69246 -2309.142526)
(-961.7103276 -794.69246 -2309.142526)
(-686.7729483 -794.69246 -2309.142526)
(-411.835569 -794.69246 -2309.142526)
(-136.8981897 -794.69246 -2309.142526)
(138.0391897 -794.69246 -2309.142526)
(412.976569 -794.69246 -2309.142526)
(687.9139483 -794.69246 -2309.142526)
(962.8513276 -794.69246 -2309.142526)
(1237.788707 -794.69246 -2309.142526)
(1512.726086 -794.69246 -2309.142526)
(1787.663466 -794.69246 -2309.142526)
(2062.600845 -794.69246 -2309.142526)
(2337.538224 -794.69246 -2309.142526)
(2612.475603 -794.69246 -2309.142526)
(2887.412983 -794.69246 -2309.142526)
(3162.350362 -794.69246 -2309.142526)
(3437.287741 -794.69246 -2309.142526)
(3712.225121 -794.69246 -2309.142526)
(3987.1625 -794.69246 -2309.142526)
(-3986.0215 -566.8872 -2309.142526)
(-3711.084121 -566.8872 -2309.142526)
(-3436.146741 -566.8872 -2309.142526)
(-3161.209362 -566.8872 -2309.142526)
(-2886.271983 -566.8872 -2309.142526)
(-2611.334603 -566.8872 -2309.142526)
(-2336.397224 -566.8872 -2309.142526)
(-2061.459845 -566.8872 -2309.142526)
(-1786.522466 -566.8872 -2309.142526)
(-1511.585086 -566.8872 -2309.142526)
(-1236.647707 -566.8872 -2309.142526)
(-961.7103276 -566.8872 -2309.142526)
(-686.7729483 -566.8872 -2309.142526)
(-411.835569 -566.8872 -2309.142526)
(-136.8981897 -566.8872 -2309.142526)
(138.0391897 -566.8872 -2309.142526)
(412.976569 -566.8872 -2309.142526)
(687.9139483 -566.8872 -2309.142526)
(962.8513276 -566.8872 -2309.142526)
(1237.788707 -566.8872 -2309.142526)
(1512.726086 -566.8872 -2309.142526)
(1787.663466 -566.8872 -2309.142526)
(2062.600845 -566.8872 -2309.142526)
(2337.538224 -566.8872 -2309.142526)
(2612.475603 -566.8872 -2309.142526)
(2887.412983 -566.8872 -2309.142526)
(3162.350362 -566.8872 -2309.142526)
(3437.287741 -566.8872 -2309.142526)
(3712.225121 -566.8872 -2309.142526)
(3987.1625 -566.8872 -2309.142526)
(-3986.0215 -339.08194 -2309.142526)
(-3711.084121 -339.08194 -2309.142526)
(-3436.146741 -339.08194 -2309.142526)
(-3161.209362 -339.08194 -2309.142526)
(-2886.271983 -339.08194 -2309.142526)
(-2611.334603 -339.08194 -2309.142526)
(-2336.397224 -339.08194 -2309.142526)
(-2061.459845 -339.08194 -2309.142526)
(-1786.522466 -339.08194 -2309.142526)
(-1511.585086 -339.08194 -2309.142526)
(-1236.647707 -339.08194 -2309.142526)
(-961.7103276 -339.08194 -2309.142526)
(-686.7729483 -339.08194 -2309.142526)
(-411.835569 -339.08194 -2309.142526)
(-136.8981897 -339.08194 -2309.142526)
(138.0391897 -339.08194 -2309.142526)
(412.976569 -339.08194 -2309.142526)
(687.9139483 -339.08194 -2309.142526)
(962.8513276 -339.08194 -2309.142526)
(1237.788707 -339.08194 -2309.142526)
(1512.726086 -339.08194 -2309.142526)
(1787.663466 -339.08194 -2309.142526)
(2062.600845 -339.08194 -2309.142526)
(2337.538224 -339.08194 -2309.142526)
(2612.475603 -339.08194 -2309.142526)
(2887.412983 -339.08194 -2309.142526)
(3162.350362 -339.08194 -2309.142526)
(3437.287741 -339.08194 -2309.142526)
(3712.225121 -339.08194 -2309.142526)
(3987.1625 -339.08194 -2309.142526)
(-3986.0215 -111.27668 -2309.142526)
(-3711.084121 -111.27668 -2309.142526)
(-3436.146741 -111.27668 -2309.142526)
(-3161.209362 -111.27668 -2309.142526)
(-2886.271983 -111.27668 -2309.142526)
(-2611.334603 -111.27668 -2309.142526)
(-2336.397224 -111.27668 -2309.142526)
(-2061.459845 -111.27668 -2309.142526)
(-1786.522466 -111.27668 -2309.142526)
(-1511.585086 -111.27668 -2309.142526)
(-1236.647707 -111.27668 -2309.142526)
(-961.7103276 -111.27668 -2309.142526)
(-686.7729483 -111.27668 -2309.142526)
(-411.835569 -111.27668 -2309.142526)
(-136.8981897 -111.27668 -2309.142526)
(138.0391897 -111.27668 -2309.142526)
(412.976569 -111.27668 -2309.142526)
(687.9139483 -111.27668 -2309.142526)
(962.8513276 -111.27668 -2309.142526)
(1237.788707 -111.27668 -2309.142526)
(1512.726086 -111.27668 -2309.142526)
(1787.663466 -111.27668 -2309.142526)
(2062.600845 -111.27668 -2309.142526)
(2337.538224 -111.27668 -2309.142526)
(2612.475603 -111.27668 -2309.142526)
(2887.412983 -111.27668 -2309.142526)
(3162.350362 -111.27668 -2309.142526)
(3437.287741 -111.27668 -2309.142526)
(3712.225121 -111.27668 -2309.142526)
(3987.1625 -111.27668 -2309.142526)
(-3986.0215 116.52858 -2309.142526)
(-3711.084121 116.52858 -2309.142526)
(-3436.146741 116.52858 -2309.142526)
(-3161.209362 116.52858 -2309.142526)
(-2886.271983 116.52858 -2309.142526)
(-2611.334603 116.52858 -2309.142526)
(-2336.397224 116.52858 -2309.142526)
(-2061.459845 116.52858 -2309.142526)
(-1786.522466 116.52858 -2309.142526)
(-1511.585086 116.52858 -2309.142526)
(-1236.647707 116.52858 -2309.142526)
(-961.7103276 116.52858 -2309.142526)
(-686.7729483 116.52858 -2309.142526)
(-411.835569 116.52858 -2309.142526)
(-136.8981897 116.52858 -2309.142526)
(138.0391897 116.52858 -2309.142526)
(412.976569 116.52858 -2309.142526)
(687.9139483 116.52858 -2309.142526)
(962.8513276 116.52858 -2309.142526)
(1237.788707 116.52858 -2309.142526)
(1512.726086 116.52858 -2309.142526)
(1787.663466 116.52858 -2309.142526)
(2062.600845 116.52858 -2309.142526)
(2337.538224 116.52858 -2309.142526)
(2612.475603 116.52858 -2309.142526)
(2887.412983 116.52858 -2309.142526)
(3162.350362 116.52858 -2309.142526)
(3437.287741 116.52858 -2309.142526)
(3712.225121 116.52858 -2309.142526)
(3987.1625 116.52858 -2309.142526)
(-3986.0215 344.33384 -2309.142526)
(-3711.084121 344.33384 -2309.142526)
(-3436.146741 344.33384 -2309.142526)
(-3161.209362 344.33384 -2309.142526)
(-2886.271983 344.33384 -2309.142526)
(-2611.334603 344.33384 -2309.142526)
(-2336.397224 344.33384 -2309.142526)
(-2061.459845 344.33384 -2309.142526)
(-1786.522466 344.33384 -2309.142526)
(-1511.585086 344.33384 -2309.142526)
(-1236.647707 344.33384 -2309.142526)
(-961.7103276 344.33384 -2309.142526)
(-686.7729483 344.33384 -2309.142526)
(-411.835569 344.33384 -2309.142526)
(-136.8981897 344.33384 -2309.142526)
(138.0391897 344.33384 -2309.142526)
(412.976569 344.33384 -2309.142526)
(687.9139483 344.33384 -2309.142526)
(962.8513276 344.33384 -2309.142526)
(1237.788707 344.33384 -2309.142526)
(1512.726086 344.33384 -2309.142526)
(1787.663466 344.33384 -2309.142526)
(2062.600845 344.33384 -2309.142526)
(2337.538224 344.33384 -2309.142526)
(2612.475603 344.33384 -2309.142526)
(2887.412983 344.33384 -2309.142526)
(3162.350362 344.33384 -2309.142526)
(3437.287741 344.33384 -2309.142526)
(3712.225121 344.33384 -2309.142526)
(3987.1625 344.33384 -2309.142526)
(-3986.0215 572.1391 -2309.142526)
(-3711.084121 572.1391 -2309.142526)
(-3436.146741 572.1391 -2309.142526)
(-3161.209362 572.1391 -2309.142526)
(-2886.271983 572.1391 -2309.142526)
(-2611.334603 572.1391 -2309.142526)
(-2336.397224 572.1391 -2309.142526)
(-2061.459845 572.1391 -2309.142526)
(-1786.522466 572.1391 -2309.142526)
(-1511.585086 572.1391 -2309.142526)
(-1236.647707 572.1391 -2309.142526)
(-961.7103276 572.1391 -2309.142526)
(-686.7729483 572.1391 -2309.142526)
(-411.835569 572.1391 -2309.142526)
(-136.8981897 572.1391 -2309.142526)
(138.0391897 572.1391 -2309.142526)
(412.976569 572.1391 -2309.142526)
(687.9139483 572.1391 -2309.142526)
(962.8513276 572.1391 -2309.142526)
(1237.788707 572.1391 -2309.142526)
(1512.726086 572.1391 -2309.142526)
(1787.663466 572.1391 -2309.142526)
(2062.600845 572.1391 -2309.142526)
(2337.538224 572.1391 -2309.142526)
(2612.475603 572.1391 -2309.142526)
(2887.412983 572.1391 -2309.142526)
(3162.350362 572.1391 -2309.142526)
(3437.287741 572.1391 -2309.142526)
(3712.225121 572.1391 -2309.142526)
(3987.1625 572.1391 -2309.142526)
(-3986.0215 799.94436 -2309.142526)
(-3711.084121 799.94436 -2309.142526)
(-3436.146741 799.94436 -2309.142526)
(-3161.209362 799.94436 -2309.142526)
(-2886.271983 799.94436 -2309.142526)
(-2611.334603 799.94436 -2309.142526)
(-2336.397224 799.94436 -2309.142526)
(-2061.459845 799.94436 -2309.142526)
(-1786.522466 799.94436 -2309.142526)
(-1511.585086 799.94436 -2309.142526)
(-1236.647707 799.94436 -2309.142526)
(-961.7103276 799.94436 -2309.142526)
(-686.7729483 799.94436 -2309.142526)
(-411.835569 799.94436 -2309.142526)
(-136.8981897 799.94436 -2309.142526)
(138.0391897 799.94436 -2309.142526)
(412.976569 799.94436 -2309.142526)
(687.9139483 799.94436 -2309.142526)
(962.8513276 799.94436 -2309.142526)
(1237.788707 799.94436 -2309.142526)
(1512.726086 799.94436 -2309.142526)
(1787.663466 799.94436 -2309.142526)
(2062.600845 799.94436 -2309.142526)
(2337.538224 799.94436 -2309.142526)
(2612.475603 799.94436 -2309.142526)
(2887.412983 799.94436 -2309.142526)
(3162.350362 799.94436 -2309.142526)
(3437.287741 799.94436 -2309.142526)
(3712.225121 799.94436 -2309.142526)
(3987.1625 799.94436 -2309.142526)
(-3986.0215 1027.74962 -2309.142526)
(-3711.084121 1027.74962 -2309.142526)
(-3436.146741 1027.74962 -2309.142526)
(-3161.209362 1027.74962 -2309.142526)
(-2886.271983 1027.74962 -2309.142526)
(-2611.334603 1027.74962 -2309.142526)
(-2336.397224 1027.74962 -2309.142526)
(-2061.459845 1027.74962 -2309.142526)
(-1786.522466 1027.74962 -2309.142526)
(-1511.585086 1027.74962 -2309.142526)
(-1236.647707 1027.74962 -2309.142526)
(-961.7103276 1027.74962 -2309.142526)
(-686.7729483 1027.74962 -2309.142526)
(-411.835569 1027.74962 -2309.142526)
(-136.8981897 1027.74962 -2309.142526)
(138.0391897 1027.74962 -2309.142526)
(412.976569 1027.74962 -2309.142526)
(687.9139483 1027.74962 -2309.142526)
(962.8513276 1027.74962 -2309.142526)
(1237.788707 1027.74962 -2309.142526)
(1512.726086 1027.74962 -2309.142526)
(1787.663466 1027.74962 -2309.142526)
(2062.600845 1027.74962 -2309.142526)
(2337.538224 1027.74962 -2309.142526)
(2612.475603 1027.74962 -2309.142526)
(2887.412983 1027.74962 -2309.142526)
(3162.350362 1027.74962 -2309.142526)
(3437.287741 1027.74962 -2309.142526)
(3712.225121 1027.74962 -2309.142526)
(3987.1625 1027.74962 -2309.142526)
(-3986.0215 1255.55488 -2309.142526)
(-3711.084121 1255.55488 -2309.142526)
(-3436.146741 1255.55488 -2309.142526)
(-3161.209362 1255.55488 -2309.142526)
(-2886.271983 1255.55488 -2309.142526)
(-2611.334603 1255.55488 -2309.142526)
(-2336.397224 1255.55488 -2309.142526)
(-2061.459845 1255.55488 -2309.142526)
(-1786.522466 1255.55488 -2309.142526)
(-1511.585086 1255.55488 -2309.142526)
(-1236.647707 1255.55488 -2309.142526)
(-961.7103276 1255.55488 -2309.142526)
(-686.7729483 1255.55488 -2309.142526)
(-411.835569 1255.55488 -2309.142526)
(-136.8981897 1255.55488 -2309.142526)
(138.0391897 1255.55488 -2309.142526)
(412.976569 1255.55488 -2309.142526)
(687.9139483 1255.55488 -2309.142526)
(962.8513276 1255.55488 -2309.142526)
(1237.788707 1255.55488 -2309.142526)
(1512.726086 1255.55488 -2309.142526)
(1787.663466 1255.55488 -2309.142526)
(2062.600845 1255.55488 -2309.142526)
(2337.538224 1255.55488 -2309.142526)
(2612.475603 1255.55488 -2309.142526)
(2887.412983 1255.55488 -2309.142526)
(3162.350362 1255.55488 -2309.142526)
(3437.287741 1255.55488 -2309.142526)
(3712.225121 1255.55488 -2309.142526)
(3987.1625 1255.55488 -2309.142526)
(-3986.0215 1483.36014 -2309.142526)
(-3711.084121 1483.36014 -2309.142526)
(-3436.146741 1483.36014 -2309.142526)
(-3161.209362 1483.36014 -2309.142526)
(-2886.271983 1483.36014 -2309.142526)
(-2611.334603 1483.36014 -2309.142526)
(-2336.397224 1483.36014 -2309.142526)
(-2061.459845 1483.36014 -2309.142526)
(-1786.522466 1483.36014 -2309.142526)
(-1511.585086 1483.36014 -2309.142526)
(-1236.647707 1483.36014 -2309.142526)
(-961.7103276 1483.36014 -2309.142526)
(-686.7729483 1483.36014 -2309.142526)
(-411.835569 1483.36014 -2309.142526)
(-136.8981897 1483.36014 -2309.142526)
(138.0391897 1483.36014 -2309.142526)
(412.976569 1483.36014 -2309.142526)
(687.9139483 1483.36014 -2309.142526)
(962.8513276 1483.36014 -2309.142526)
(1237.788707 1483.36014 -2309.142526)
(1512.726086 1483.36014 -2309.142526)
(1787.663466 1483.36014 -2309.142526)
(2062.600845 1483.36014 -2309.142526)
(2337.538224 1483.36014 -2309.142526)
(2612.475603 1483.36014 -2309.142526)
(2887.412983 1483.36014 -2309.142526)
(3162.350362 1483.36014 -2309.142526)
(3437.287741 1483.36014 -2309.142526)
(3712.225121 1483.36014 -2309.142526)
(3987.1625 1483.36014 -2309.142526)
(-3986.0215 1711.1654 -2309.142526)
(-3711.084121 1711.1654 -2309.142526)
(-3436.146741 1711.1654 -2309.142526)
(-3161.209362 1711.1654 -2309.142526)
(-2886.271983 1711.1654 -2309.142526)
(-2611.334603 1711.1654 -2309.142526)
(-2336.397224 1711.1654 -2309.142526)
(-2061.459845 1711.1654 -2309.142526)
(-1786.522466 1711.1654 -2309.142526)
(-1511.585086 1711.1654 -2309.142526)
(-1236.647707 1711.1654 -2309.142526)
(-961.7103276 1711.1654 -2309.142526)
(-686.7729483 1711.1654 -2309.142526)
(-411.835569 1711.1654 -2309.142526)
(-136.8981897 1711.1654 -2309.142526)
(138.0391897 1711.1654 -2309.142526)
(412.976569 1711.1654 -2309.142526)
(687.9139483 1711.1654 -2309.142526)
(962.8513276 1711.1654 -2309.142526)
(1237.788707 1711.1654 -2309.142526)
(1512.726086 1711.1654 -2309.142526)
(1787.663466 1711.1654 -2309.142526)
(2062.600845 1711.1654 -2309.142526)
(2337.538224 1711.1654 -2309.142526)
(2612.475603 1711.1654 -2309.142526)
(2887.412983 1711.1654 -2309.142526)
(3162.350362 1711.1654 -2309.142526)
(3437.287741 1711.1654 -2309.142526)
(3712.225121 1711.1654 -2309.142526)
(3987.1625 1711.1654 -2309.142526)
(-3986.0215 1938.97066 -2309.142526)
(-3711.084121 1938.97066 -2309.142526)
(-3436.146741 1938.97066 -2309.142526)
(-3161.209362 1938.97066 -2309.142526)
(-2886.271983 1938.97066 -2309.142526)
(-2611.334603 1938.97066 -2309.142526)
(-2336.397224 1938.97066 -2309.142526)
(-2061.459845 1938.97066 -2309.142526)
(-1786.522466 1938.97066 -2309.142526)
(-1511.585086 1938.97066 -2309.142526)
(-1236.647707 1938.97066 -2309.142526)
(-961.7103276 1938.97066 -2309.142526)
(-686.7729483 1938.97066 -2309.142526)
(-411.835569 1938.97066 -2309.142526)
(-136.8981897 1938.97066 -2309.142526)
(138.0391897 1938.97066 -2309.142526)
(412.976569 1938.97066 -2309.142526)
(687.9139483 1938.97066 -2309.142526)
(962.8513276 1938.97066 -2309.142526)
(1237.788707 1938.97066 -2309.142526)
(1512.726086 1938.97066 -2309.142526)
(1787.663466 1938.97066 -2309.142526)
(2062.600845 1938.97066 -2309.142526)
(2337.538224 1938.97066 -2309.142526)
(2612.475603 1938.97066 -2309.142526)
(2887.412983 1938.97066 -2309.142526)
(3162.350362 1938.97066 -2309.142526)
(3437.287741 1938.97066 -2309.142526)
(3712.225121 1938.97066 -2309.142526)
(3987.1625 1938.97066 -2309.142526)
(-3986.0215 2166.77592 -2309.142526)
(-3711.084121 2166.77592 -2309.142526)
(-3436.146741 2166.77592 -2309.142526)
(-3161.209362 2166.77592 -2309.142526)
(-2886.271983 2166.77592 -2309.142526)
(-2611.334603 2166.77592 -2309.142526)
(-2336.397224 2166.77592 -2309.142526)
(-2061.459845 2166.77592 -2309.142526)
(-1786.522466 2166.77592 -2309.142526)
(-1511.585086 2166.77592 -2309.142526)
(-1236.647707 2166.77592 -2309.142526)
(-961.7103276 2166.77592 -2309.142526)
(-686.7729483 2166.77592 -2309.142526)
(-411.835569 2166.77592 -2309.142526)
(-136.8981897 2166.77592 -2309.142526)
(138.0391897 2166.77592 -2309.142526)
(412.976569 2166.77592 -2309.142526)
(687.9139483 2166.77592 -2309.142526)
(962.8513276 2166.77592 -2309.142526)
(1237.788707 2166.77592 -2309.142526)
(1512.726086 2166.77592 -2309.142526)
(1787.663466 2166.77592 -2309.142526)
(2062.600845 2166.77592 -2309.142526)
(2337.538224 2166.77592 -2309.142526)
(2612.475603 2166.77592 -2309.142526)
(2887.412983 2166.77592 -2309.142526)
(3162.350362 2166.77592 -2309.142526)
(3437.287741 2166.77592 -2309.142526)
(3712.225121 2166.77592 -2309.142526)
(3987.1625 2166.77592 -2309.142526)
(-3986.0215 2394.58118 -2309.142526)
(-3711.084121 2394.58118 -2309.142526)
(-3436.146741 2394.58118 -2309.142526)
(-3161.209362 2394.58118 -2309.142526)
(-2886.271983 2394.58118 -2309.142526)
(-2611.334603 2394.58118 -2309.142526)
(-2336.397224 2394.58118 -2309.142526)
(-2061.459845 2394.58118 -2309.142526)
(-1786.522466 2394.58118 -2309.142526)
(-1511.585086 2394.58118 -2309.142526)
(-1236.647707 2394.58118 -2309.142526)
(-961.7103276 2394.58118 -2309.142526)
(-686.7729483 2394.58118 -2309.142526)
(-411.835569 2394.58118 -2309.142526)
(-136.8981897 2394.58118 -2309.142526)
(138.0391897 2394.58118 -2309.142526)
(412.976569 2394.58118 -2309.142526)
(687.9139483 2394.58118 -2309.142526)
(962.8513276 2394.58118 -2309.142526)
(1237.788707 2394.58118 -2309.142526)
(1512.726086 2394.58118 -2309.142526)
(1787.663466 2394.58118 -2309.142526)
(2062.600845 2394.58118 -2309.142526)
(2337.538224 2394.58118 -2309.142526)
(2612.475603 2394.58118 -2309.142526)
(2887.412983 2394.58118 -2309.142526)
(3162.350362 2394.58118 -2309.142526)
(3437.287741 2394.58118 -2309.142526)
(3712.225121 2394.58118 -2309.142526)
(3987.1625 2394.58118 -2309.142526)
(-3986.0215 2622.38644 -2309.142526)
(-3711.084121 2622.38644 -2309.142526)
(-3436.146741 2622.38644 -2309.142526)
(-3161.209362 2622.38644 -2309.142526)
(-2886.271983 2622.38644 -2309.142526)
(-2611.334603 2622.38644 -2309.142526)
(-2336.397224 2622.38644 -2309.142526)
(-2061.459845 2622.38644 -2309.142526)
(-1786.522466 2622.38644 -2309.142526)
(-1511.585086 2622.38644 -2309.142526)
(-1236.647707 2622.38644 -2309.142526)
(-961.7103276 2622.38644 -2309.142526)
(-686.7729483 2622.38644 -2309.142526)
(-411.835569 2622.38644 -2309.142526)
(-136.8981897 2622.38644 -2309.142526)
(138.0391897 2622.38644 -2309.142526)
(412.976569 2622.38644 -2309.142526)
(687.9139483 2622.38644 -2309.142526)
(962.8513276 2622.38644 -2309.142526)
(1237.788707 2622.38644 -2309.142526)
(1512.726086 2622.38644 -2309.142526)
(1787.663466 2622.38644 -2309.142526)
(2062.600845 2622.38644 -2309.142526)
(2337.538224 2622.38644 -2309.142526)
(2612.475603 2622.38644 -2309.142526)
(2887.412983 2622.38644 -2309.142526)
(3162.350362 2622.38644 -2309.142526)
(3437.287741 2622.38644 -2309.142526)
(3712.225121 2622.38644 -2309.142526)
(3987.1625 2622.38644 -2309.142526)
(-3986.0215 2850.1917 -2309.142526)
(-3711.084121 2850.1917 -2309.142526)
(-3436.146741 2850.1917 -2309.142526)
(-3161.209362 2850.1917 -2309.142526)
(-2886.271983 2850.1917 -2309.142526)
(-2611.334603 2850.1917 -2309.142526)
(-2336.397224 2850.1917 -2309.142526)
(-2061.459845 2850.1917 -2309.142526)
(-1786.522466 2850.1917 -2309.142526)
(-1511.585086 2850.1917 -2309.142526)
(-1236.647707 2850.1917 -2309.142526)
(-961.7103276 2850.1917 -2309.142526)
(-686.7729483 2850.1917 -2309.142526)
(-411.835569 2850.1917 -2309.142526)
(-136.8981897 2850.1917 -2309.142526)
(138.0391897 2850.1917 -2309.142526)
(412.976569 2850.1917 -2309.142526)
(687.9139483 2850.1917 -2309.142526)
(962.8513276 2850.1917 -2309.142526)
(1237.788707 2850.1917 -2309.142526)
(1512.726086 2850.1917 -2309.142526)
(1787.663466 2850.1917 -2309.142526)
(2062.600845 2850.1917 -2309.142526)
(2337.538224 2850.1917 -2309.142526)
(2612.475603 2850.1917 -2309.142526)
(2887.412983 2850.1917 -2309.142526)
(3162.350362 2850.1917 -2309.142526)
(3437.287741 2850.1917 -2309.142526)
(3712.225121 2850.1917 -2309.142526)
(3987.1625 2850.1917 -2309.142526)
(-3986.0215 3077.99696 -2309.142526)
(-3711.084121 3077.99696 -2309.142526)
(-3436.146741 3077.99696 -2309.142526)
(-3161.209362 3077.99696 -2309.142526)
(-2886.271983 3077.99696 -2309.142526)
(-2611.334603 3077.99696 -2309.142526)
(-2336.397224 3077.99696 -2309.142526)
(-2061.459845 3077.99696 -2309.142526)
(-1786.522466 3077.99696 -2309.142526)
(-1511.585086 3077.99696 -2309.142526)
(-1236.647707 3077.99696 -2309.142526)
(-961.7103276 3077.99696 -2309.142526)
(-686.7729483 3077.99696 -2309.142526)
(-411.835569 3077.99696 -2309.142526)
(-136.8981897 3077.99696 -2309.142526)
(138.0391897 3077.99696 -2309.142526)
(412.976569 3077.99696 -2309.142526)
(687.9139483 3077.99696 -2309.142526)
(962.8513276 3077.99696 -2309.142526)
(1237.788707 3077.99696 -2309.142526)
(1512.726086 3077.99696 -2309.142526)
(1787.663466 3077.99696 -2309.142526)
(2062.600845 3077.99696 -2309.142526)
(2337.538224 3077.99696 -2309.142526)
(2612.475603 3077.99696 -2309.142526)
(2887.412983 3077.99696 -2309.142526)
(3162.350362 3077.99696 -2309.142526)
(3437.287741 3077.99696 -2309.142526)
(3712.225121 3077.99696 -2309.142526)
(3987.1625 3077.99696 -2309.142526)
(-3986.0215 3305.80222 -2309.142526)
(-3711.084121 3305.80222 -2309.142526)
(-3436.146741 3305.80222 -2309.142526)
(-3161.209362 3305.80222 -2309.142526)
(-2886.271983 3305.80222 -2309.142526)
(-2611.334603 3305.80222 -2309.142526)
(-2336.397224 3305.80222 -2309.142526)
(-2061.459845 3305.80222 -2309.142526)
(-1786.522466 3305.80222 -2309.142526)
(-1511.585086 3305.80222 -2309.142526)
(-1236.647707 3305.80222 -2309.142526)
(-961.7103276 3305.80222 -2309.142526)
(-686.7729483 3305.80222 -2309.142526)
(-411.835569 3305.80222 -2309.142526)
(-136.8981897 3305.80222 -2309.142526)
(138.0391897 3305.80222 -2309.142526)
(412.976569 3305.80222 -2309.142526)
(687.9139483 3305.80222 -2309.142526)
(962.8513276 3305.80222 -2309.142526)
(1237.788707 3305.80222 -2309.142526)
(1512.726086 3305.80222 -2309.142526)
(1787.663466 3305.80222 -2309.142526)
(2062.600845 3305.80222 -2309.142526)
(2337.538224 3305.80222 -2309.142526)
(2612.475603 3305.80222 -2309.142526)
(2887.412983 3305.80222 -2309.142526)
(3162.350362 3305.80222 -2309.142526)
(3437.287741 3305.80222 -2309.142526)
(3712.225121 3305.80222 -2309.142526)
(3987.1625 3305.80222 -2309.142526)
(-3986.0215 3533.60748 -2309.142526)
(-3711.084121 3533.60748 -2309.142526)
(-3436.146741 3533.60748 -2309.142526)
(-3161.209362 3533.60748 -2309.142526)
(-2886.271983 3533.60748 -2309.142526)
(-2611.334603 3533.60748 -2309.142526)
(-2336.397224 3533.60748 -2309.142526)
(-2061.459845 3533.60748 -2309.142526)
(-1786.522466 3533.60748 -2309.142526)
(-1511.585086 3533.60748 -2309.142526)
(-1236.647707 3533.60748 -2309.142526)
(-961.7103276 3533.60748 -2309.142526)
(-686.7729483 3533.60748 -2309.142526)
(-411.835569 3533.60748 -2309.142526)
(-136.8981897 3533.60748 -2309.142526)
(138.0391897 3533.60748 -2309.142526)
(412.976569 3533.60748 -2309.142526)
(687.9139483 3533.60748 -2309.142526)
(962.8513276 3533.60748 -2309.142526)
(1237.788707 3533.60748 -2309.142526)
(1512.726086 3533.60748 -2309.142526)
(1787.663466 3533.60748 -2309.142526)
(2062.600845 3533.60748 -2309.142526)
(2337.538224 3533.60748 -2309.142526)
(2612.475603 3533.60748 -2309.142526)
(2887.412983 3533.60748 -2309.142526)
(3162.350362 3533.60748 -2309.142526)
(3437.287741 3533.60748 -2309.142526)
(3712.225121 3533.60748 -2309.142526)
(3987.1625 3533.60748 -2309.142526)
(-3986.0215 3761.41274 -2309.142526)
(-3711.084121 3761.41274 -2309.142526)
(-3436.146741 3761.41274 -2309.142526)
(-3161.209362 3761.41274 -2309.142526)
(-2886.271983 3761.41274 -2309.142526)
(-2611.334603 3761.41274 -2309.142526)
(-2336.397224 3761.41274 -2309.142526)
(-2061.459845 3761.41274 -2309.142526)
(-1786.522466 3761.41274 -2309.142526)
(-1511.585086 3761.41274 -2309.142526)
(-1236.647707 3761.41274 -2309.142526)
(-961.7103276 3761.41274 -2309.142526)
(-686.7729483 3761.41274 -2309.142526)
(-411.835569 3761.41274 -2309.142526)
(-136.8981897 3761.41274 -2309.142526)
(138.0391897 3761.41274 -2309.142526)
(412.976569 3761.41274 -2309.142526)
(687.9139483 3761.41274 -2309.142526)
(962.8513276 3761.41274 -2309.142526)
(1237.788707 3761.41274 -2309.142526)
(1512.726086 3761.41274 -2309.142526)
(1787.663466 3761.41274 -2309.142526)
(2062.600845 3761.41274 -2309.142526)
(2337.538224 3761.41274 -2309.142526)
(2612.475603 3761.41274 -2309.142526)
(2887.412983 3761.41274 -2309.142526)
(3162.350362 3761.41274 -2309.142526)
(3437.287741 3761.41274 -2309.142526)
(3712.225121 3761.41274 -2309.142526)
(3987.1625 3761.41274 -2309.142526)
(-3986.0215 3989.218 -2309.142526)
(-3711.084121 3989.218 -2309.142526)
(-3436.146741 3989.218 -2309.142526)
(-3161.209362 3989.218 -2309.142526)
(-2886.271983 3989.218 -2309.142526)
(-2611.334603 3989.218 -2309.142526)
(-2336.397224 3989.218 -2309.142526)
(-2061.459845 3989.218 -2309.142526)
(-1786.522466 3989.218 -2309.142526)
(-1511.585086 3989.218 -2309.142526)
(-1236.647707 3989.218 -2309.142526)
(-961.7103276 3989.218 -2309.142526)
(-686.7729483 3989.218 -2309.142526)
(-411.835569 3989.218 -2309.142526)
(-136.8981897 3989.218 -2309.142526)
(138.0391897 3989.218 -2309.142526)
(412.976569 3989.218 -2309.142526)
(687.9139483 3989.218 -2309.142526)
(962.8513276 3989.218 -2309.142526)
(1237.788707 3989.218 -2309.142526)
(1512.726086 3989.218 -2309.142526)
(1787.663466 3989.218 -2309.142526)
(2062.600845 3989.218 -2309.142526)
(2337.538224 3989.218 -2309.142526)
(2612.475603 3989.218 -2309.142526)
(2887.412983 3989.218 -2309.142526)
(3162.350362 3989.218 -2309.142526)
(3437.287741 3989.218 -2309.142526)
(3712.225121 3989.218 -2309.142526)
(3987.1625 3989.218 -2309.142526)
(-3986.0215 -3983.9661 -1889.501258)
(-3711.084121 -3983.9661 -1889.501258)
(-3436.146741 -3983.9661 -1889.501258)
(-3161.209362 -3983.9661 -1889.501258)
(-2886.271983 -3983.9661 -1889.501258)
(-2611.334603 -3983.9661 -1889.501258)
(-2336.397224 -3983.9661 -1889.501258)
(-2061.459845 -3983.9661 -1889.501258)
(-1786.522466 -3983.9661 -1889.501258)
(-1511.585086 -3983.9661 -1889.501258)
(-1236.647707 -3983.9661 -1889.501258)
(-961.7103276 -3983.9661 -1889.501258)
(-686.7729483 -3983.9661 -1889.501258)
(-411.835569 -3983.9661 -1889.501258)
(-136.8981897 -3983.9661 -1889.501258)
(138.0391897 -3983.9661 -1889.501258)
(412.976569 -3983.9661 -1889.501258)
(687.9139483 -3983.9661 -1889.501258)
(962.8513276 -3983.9661 -1889.501258)
(1237.788707 -3983.9661 -1889.501258)
(1512.726086 -3983.9661 -1889.501258)
(1787.663466 -3983.9661 -1889.501258)
(2062.600845 -3983.9661 -1889.501258)
(2337.538224 -3983.9661 -1889.501258)
(2612.475603 -3983.9661 -1889.501258)
(2887.412983 -3983.9661 -1889.501258)
(3162.350362 -3983.9661 -1889.501258)
(3437.287741 -3983.9661 -1889.501258)
(3712.225121 -3983.9661 -1889.501258)
(3987.1625 -3983.9661 -1889.501258)
(-3986.0215 -3756.16084 -1889.501258)
(-3711.084121 -3756.16084 -1889.501258)
(-3436.146741 -3756.16084 -1889.501258)
(-3161.209362 -3756.16084 -1889.501258)
(-2886.271983 -3756.16084 -1889.501258)
(-2611.334603 -3756.16084 -1889.501258)
(-2336.397224 -3756.16084 -1889.501258)
(-2061.459845 -3756.16084 -1889.501258)
(-1786.522466 -3756.16084 -1889.501258)
(-1511.585086 -3756.16084 -1889.501258)
(-1236.647707 -3756.16084 -1889.501258)
(-961.7103276 -3756.16084 -1889.501258)
(-686.7729483 -3756.16084 -1889.501258)
(-411.835569 -3756.16084 -1889.501258)
(-136.8981897 -3756.16084 -1889.501258)
(138.0391897 -3756.16084 -1889.501258)
(412.976569 -3756.16084 -1889.501258)
(687.9139483 -3756.16084 -1889.501258)
(962.8513276 -3756.16084 -1889.501258)
(1237.788707 -3756.16084 -1889.501258)
(1512.726086 -3756.16084 -1889.501258)
(1787.663466 -3756.16084 -1889.501258)
(2062.600845 -3756.16084 -1889.501258)
(2337.538224 -3756.16084 -1889.501258)
(2612.475603 -3756.16084 -1889.501258)
(2887.412983 -3756.16084 -1889.501258)
(3162.350362 -3756.16084 -1889.501258)
(3437.287741 -3756.16084 -1889.501258)
(3712.225121 -3756.16084 -1889.501258)
(3987.1625 -3756.16084 -1889.501258)
(-3986.0215 -3528.35558 -1889.501258)
(-3711.084121 -3528.35558 -1889.501258)
(-3436.146741 -3528.35558 -1889.501258)
(-3161.209362 -3528.35558 -1889.501258)
(-2886.271983 -3528.35558 -1889.501258)
(-2611.334603 -3528.35558 -1889.501258)
(-2336.397224 -3528.35558 -1889.501258)
(-2061.459845 -3528.35558 -1889.501258)
(-1786.522466 -3528.35558 -1889.501258)
(-1511.585086 -3528.35558 -1889.501258)
(-1236.647707 -3528.35558 -1889.501258)
(-961.7103276 -3528.35558 -1889.501258)
(-686.7729483 -3528.35558 -1889.501258)
(-411.835569 -3528.35558 -1889.501258)
(-136.8981897 -3528.35558 -1889.501258)
(138.0391897 -3528.35558 -1889.501258)
(412.976569 -3528.35558 -1889.501258)
(687.9139483 -3528.35558 -1889.501258)
(962.8513276 -3528.35558 -1889.501258)
(1237.788707 -3528.35558 -1889.501258)
(1512.726086 -3528.35558 -1889.501258)
(1787.663466 -3528.35558 -1889.501258)
(2062.600845 -3528.35558 -1889.501258)
(2337.538224 -3528.35558 -1889.501258)
(2612.475603 -3528.35558 -1889.501258)
(2887.412983 -3528.35558 -1889.501258)
(3162.350362 -3528.35558 -1889.501258)
(3437.287741 -3528.35558 -1889.501258)
(3712.225121 -3528.35558 -1889.501258)
(3987.1625 -3528.35558 -1889.501258)
(-3986.0215 -3300.55032 -1889.501258)
(-3711.084121 -3300.55032 -1889.501258)
(-3436.146741 -3300.55032 -1889.501258)
(-3161.209362 -3300.55032 -1889.501258)
(-2886.271983 -3300.55032 -1889.501258)
(-2611.334603 -3300.55032 -1889.501258)
(-2336.397224 -3300.55032 -1889.501258)
(-2061.459845 -3300.55032 -1889.501258)
(-1786.522466 -3300.55032 -1889.501258)
(-1511.585086 -3300.55032 -1889.501258)
(-1236.647707 -3300.55032 -1889.501258)
(-961.7103276 -3300.55032 -1889.501258)
(-686.7729483 -3300.55032 -1889.501258)
(-411.835569 -3300.55032 -1889.501258)
(-136.8981897 -3300.55032 -1889.501258)
(138.0391897 -3300.55032 -1889.501258)
(412.976569 -3300.55032 -1889.501258)
(687.9139483 -3300.55032 -1889.501258)
(962.8513276 -3300.55032 -1889.501258)
(1237.788707 -3300.55032 -1889.501258)
(1512.726086 -3300.55032 -1889.501258)
(1787.663466 -3300.55032 -1889.501258)
(2062.600845 -3300.55032 -1889.501258)
(2337.538224 -3300.55032 -1889.501258)
(2612.475603 -3300.55032 -1889.501258)
(2887.412983 -3300.55032 -1889.501258)
(3162.350362 -3300.55032 -1889.501258)
(3437.287741 -3300.55032 -1889.501258)
(3712.225121 -3300.55032 -1889.501258)
(3987.1625 -3300.55032 -1889.501258)
(-3986.0215 -3072.74506 -1889.501258)
(-3711.084121 -3072.74506 -1889.501258)
(-3436.146741 -3072.74506 -1889.501258)
(-3161.209362 -3072.74506 -1889.501258)
(-2886.271983 -3072.74506 -1889.501258)
(-2611.334603 -3072.74506 -1889.501258)
(-2336.397224 -3072.74506 -1889.501258)
(-2061.459845 -3072.74506 -1889.501258)
(-1786.522466 -3072.74506 -1889.501258)
(-1511.585086 -3072.74506 -1889.501258)
(-1236.647707 -3072.74506 -1889.501258)
(-961.7103276 -3072.74506 -1889.501258)
(-686.7729483 -3072.74506 -1889.501258)
(-411.835569 -3072.74506 -1889.501258)
(-136.8981897 -3072.74506 -1889.501258)
(138.0391897 -3072.74506 -1889.501258)
(412.976569 -3072.74506 -1889.501258)
(687.9139483 -3072.74506 -1889.501258)
(962.8513276 -3072.74506 -1889.501258)
(1237.788707 -3072.74506 -1889.501258)
(1512.726086 -3072.74506 -1889.501258)
(1787.663466 -3072.74506 -1889.501258)
(2062.600845 -3072.74506 -1889.501258)
(2337.538224 -3072.74506 -1889.501258)
(2612.475603 -3072.74506 -1889.501258)
(2887.412983 -3072.74506 -1889.501258)
(3162.350362 -3072.74506 -1889.501258)
(3437.287741 -3072.74506 -1889.501258)
(3712.225121 -3072.74506 -1889.501258)
(3987.1625 -3072.74506 -1889.501258)
(-3986.0215 -2844.9398 -1889.501258)
(-3711.084121 -2844.9398 -1889.501258)
(-3436.146741 -2844.9398 -1889.501258)
(-3161.209362 -2844.9398 -1889.501258)
(-2886.271983 -2844.9398 -1889.501258)
(-2611.334603 -2844.9398 -1889.501258)
(-2336.397224 -2844.9398 -1889.501258)
(-2061.459845 -2844.9398 -1889.501258)
(-1786.522466 -2844.9398 -1889.501258)
(-1511.585086 -2844.9398 -1889.501258)
(-1236.647707 -2844.9398 -1889.501258)
(-961.7103276 -2844.9398 -1889.501258)
(-686.7729483 -2844.9398 -1889.501258)
(-411.835569 -2844.9398 -1889.501258)
(-136.8981897 -2844.9398 -1889.501258)
(138.0391897 -2844.9398 -1889.501258)
(412.976569 -2844.9398 -1889.501258)
(687.9139483 -2844.9398 -1889.501258)
(962.8513276 -2844.9398 -1889.501258)
(1237.788707 -2844.9398 -1889.501258)
(1512.726086 -2844.9398 -1889.501258)
(1787.663466 -2844.9398 -1889.501258)
(2062.600845 -2844.9398 -1889.501258)
(2337.538224 -2844.9398 -1889.501258)
(2612.475603 -2844.9398 -1889.501258)
(2887.412983 -2844.9398 -1889.501258)
(3162.350362 -2844.9398 -1889.501258)
(3437.287741 -2844.9398 -1889.501258)
(3712.225121 -2844.9398 -1889.501258)
(3987.1625 -2844.9398 -1889.501258)
(-3986.0215 -2617.13454 -1889.501258)
(-3711.084121 -2617.13454 -1889.501258)
(-3436.146741 -2617.13454 -1889.501258)
(-3161.209362 -2617.13454 -1889.501258)
(-2886.271983 -2617.13454 -1889.501258)
(-2611.334603 -2617.13454 -1889.501258)
(-2336.397224 -2617.13454 -1889.501258)
(-2061.459845 -2617.13454 -1889.501258)
(-1786.522466 -2617.13454 -1889.501258)
(-1511.585086 -2617.13454 -1889.501258)
(-1236.647707 -2617.13454 -1889.501258)
(-961.7103276 -2617.13454 -1889.501258)
(-686.7729483 -2617.13454 -1889.501258)
(-411.835569 -2617.13454 -1889.501258)
(-136.8981897 -2617.13454 -1889.501258)
(138.0391897 -2617.13454 -1889.501258)
(412.976569 -2617.13454 -1889.501258)
(687.9139483 -2617.13454 -1889.501258)
(962.8513276 -2617.13454 -1889.501258)
(1237.788707 -2617.13454 -1889.501258)
(1512.726086 -2617.13454 -1889.501258)
(1787.663466 -2617.13454 -1889.501258)
(2062.600845 -2617.13454 -1889.501258)
(2337.538224 -2617.13454 -1889.501258)
(2612.475603 -2617.13454 -1889.501258)
(2887.412983 -2617.13454 -1889.501258)
(3162.350362 -2617.13454 -1889.501258)
(3437.287741 -2617.13454 -1889.501258)
(3712.225121 -2617.13454 -1889.501258)
(3987.1625 -2617.13454 -1889.501258)
(-3986.0215 -2389.32928 -1889.501258)
(-3711.084121 -2389.32928 -1889.501258)
(-3436.146741 -2389.32928 -1889.501258)
(-3161.209362 -2389.32928 -1889.501258)
(-2886.271983 -2389.32928 -1889.501258)
(-2611.334603 -2389.32928 -1889.501258)
(-2336.397224 -2389.32928 -1889.501258)
(-2061.459845 -2389.32928 -1889.501258)
(-1786.522466 -2389.32928 -1889.501258)
(-1511.585086 -2389.32928 -1889.501258)
(-1236.647707 -2389.32928 -1889.501258)
(-961.7103276 -2389.32928 -1889.501258)
(-686.7729483 -2389.32928 -1889.501258)
(-411.835569 -2389.32928 -1889.501258)
(-136.8981897 -2389.32928 -1889.501258)
(138.0391897 -2389.32928 -1889.501258)
(412.976569 -2389.32928 -1889.501258)
(687.9139483 -2389.32928 -1889.501258)
(962.8513276 -2389.32928 -1889.501258)
(1237.788707 -2389.32928 -1889.501258)
(1512.726086 -2389.32928 -1889.501258)
(1787.663466 -2389.32928 -1889.501258)
(2062.600845 -2389.32928 -1889.501258)
(2337.538224 -2389.32928 -1889.501258)
(2612.475603 -2389.32928 -1889.501258)
(2887.412983 -2389.32928 -1889.501258)
(3162.350362 -2389.32928 -1889.501258)
(3437.287741 -2389.32928 -1889.501258)
(3712.225121 -2389.32928 -1889.501258)
(3987.1625 -2389.32928 -1889.501258)
(-3986.0215 -2161.52402 -1889.501258)
(-3711.084121 -2161.52402 -1889.501258)
(-3436.146741 -2161.52402 -1889.501258)
(-3161.209362 -2161.52402 -1889.501258)
(-2886.271983 -2161.52402 -1889.501258)
(-2611.334603 -2161.52402 -1889.501258)
(-2336.397224 -2161.52402 -1889.501258)
(-2061.459845 -2161.52402 -1889.501258)
(-1786.522466 -2161.52402 -1889.501258)
(-1511.585086 -2161.52402 -1889.501258)
(-1236.647707 -2161.52402 -1889.501258)
(-961.7103276 -2161.52402 -1889.501258)
(-686.7729483 -2161.52402 -1889.501258)
(-411.835569 -2161.52402 -1889.501258)
(-136.8981897 -2161.52402 -1889.501258)
(138.0391897 -2161.52402 -1889.501258)
(412.976569 -2161.52402 -1889.501258)
(687.9139483 -2161.52402 -1889.501258)
(962.8513276 -2161.52402 -1889.501258)
(1237.788707 -2161.52402 -1889.501258)
(1512.726086 -2161.52402 -1889.501258)
(1787.663466 -2161.52402 -1889.501258)
(2062.600845 -2161.52402 -1889.501258)
(2337.538224 -2161.52402 -1889.501258)
(2612.475603 -2161.52402 -1889.501258)
(2887.412983 -2161.52402 -1889.501258)
(3162.350362 -2161.52402 -1889.501258)
(3437.287741 -2161.52402 -1889.501258)
(3712.225121 -2161.52402 -1889.501258)
(3987.1625 -2161.52402 -1889.501258)
(-3986.0215 -1933.71876 -1889.501258)
(-3711.084121 -1933.71876 -1889.501258)
(-3436.146741 -1933.71876 -1889.501258)
(-3161.209362 -1933.71876 -1889.501258)
(-2886.271983 -1933.71876 -1889.501258)
(-2611.334603 -1933.71876 -1889.501258)
(-2336.397224 -1933.71876 -1889.501258)
(-2061.459845 -1933.71876 -1889.501258)
(-1786.522466 -1933.71876 -1889.501258)
(-1511.585086 -1933.71876 -1889.501258)
(-1236.647707 -1933.71876 -1889.501258)
(-961.7103276 -1933.71876 -1889.501258)
(-686.7729483 -1933.71876 -1889.501258)
(-411.835569 -1933.71876 -1889.501258)
(-136.8981897 -1933.71876 -1889.501258)
(138.0391897 -1933.71876 -1889.501258)
(412.976569 -1933.71876 -1889.501258)
(687.9139483 -1933.71876 -1889.501258)
(962.8513276 -1933.71876 -1889.501258)
(1237.788707 -1933.71876 -1889.501258)
(1512.726086 -1933.71876 -1889.501258)
(1787.663466 -1933.71876 -1889.501258)
(2062.600845 -1933.71876 -1889.501258)
(2337.538224 -1933.71876 -1889.501258)
(2612.475603 -1933.71876 -1889.501258)
(2887.412983 -1933.71876 -1889.501258)
(3162.350362 -1933.71876 -1889.501258)
(3437.287741 -1933.71876 -1889.501258)
(3712.225121 -1933.71876 -1889.501258)
(3987.1625 -1933.71876 -1889.501258)
(-3986.0215 -1705.9135 -1889.501258)
(-3711.084121 -1705.9135 -1889.501258)
(-3436.146741 -1705.9135 -1889.501258)
(-3161.209362 -1705.9135 -1889.501258)
(-2886.271983 -1705.9135 -1889.501258)
(-2611.334603 -1705.9135 -1889.501258)
(-2336.397224 -1705.9135 -1889.501258)
(-2061.459845 -1705.9135 -1889.501258)
(-1786.522466 -1705.9135 -1889.501258)
(-1511.585086 -1705.9135 -1889.501258)
(-1236.647707 -1705.9135 -1889.501258)
(-961.7103276 -1705.9135 -1889.501258)
(-686.7729483 -1705.9135 -1889.501258)
(-411.835569 -1705.9135 -1889.501258)
(-136.8981897 -1705.9135 -1889.501258)
(138.0391897 -1705.9135 -1889.501258)
(412.976569 -1705.9135 -1889.501258)
(687.9139483 -1705.9135 -1889.501258)
(962.8513276 -1705.9135 -1889.501258)
(1237.788707 -1705.9135 -1889.501258)
(1512.726086 -1705.9135 -1889.501258)
(1787.663466 -1705.9135 -1889.501258)
(2062.600845 -1705.9135 -1889.501258)
(2337.538224 -1705.9135 -1889.501258)
(2612.475603 -1705.9135 -1889.501258)
(2887.412983 -1705.9135 -1889.501258)
(3162.350362 -1705.9135 -1889.501258)
(3437.287741 -1705.9135 -1889.501258)
(3712.225121 -1705.9135 -1889.501258)
(3987.1625 -1705.9135 -1889.501258)
(-3986.0215 -1478.10824 -1889.501258)
(-3711.084121 -1478.10824 -1889.501258)
(-3436.146741 -1478.10824 -1889.501258)
(-3161.209362 -1478.10824 -1889.501258)
(-2886.271983 -1478.10824 -1889.501258)
(-2611.334603 -1478.10824 -1889.501258)
(-2336.397224 -1478.10824 -1889.501258)
(-2061.459845 -1478.10824 -1889.501258)
(-1786.522466 -1478.10824 -1889.501258)
(-1511.585086 -1478.10824 -1889.501258)
(-1236.647707 -1478.10824 -1889.501258)
(-961.7103276 -1478.10824 -1889.501258)
(-686.7729483 -1478.10824 -1889.501258)
(-411.835569 -1478.10824 -1889.501258)
(-136.8981897 -1478.10824 -1889.501258)
(138.0391897 -1478.10824 -1889.501258)
(412.976569 -1478.10824 -1889.501258)
(687.9139483 -1478.10824 -1889.501258)
(962.8513276 -1478.10824 -1889.501258)
(1237.788707 -1478.10824 -1889.501258)
(1512.726086 -1478.10824 -1889.501258)
(1787.663466 -1478.10824 -1889.501258)
(2062.600845 -1478.10824 -1889.501258)
(2337.538224 -1478.10824 -1889.501258)
(2612.475603 -1478.10824 -1889.501258)
(2887.412983 -1478.10824 -1889.501258)
(3162.350362 -1478.10824 -1889.501258)
(3437.287741 -1478.10824 -1889.501258)
(3712.225121 -1478.10824 -1889.501258)
(3987.1625 -1478.10824 -1889.501258)
(-3986.0215 -1250.30298 -1889.501258)
(-3711.084121 -1250.30298 -1889.501258)
(-3436.146741 -1250.30298 -1889.501258)
(-3161.209362 -1250.30298 -1889.501258)
(-2886.271983 -1250.30298 -1889.501258)
(-2611.334603 -1250.30298 -1889.501258)
(-2336.397224 -1250.30298 -1889.501258)
(-2061.459845 -1250.30298 -1889.501258)
(-1786.522466 -1250.30298 -1889.501258)
(-1511.585086 -1250.30298 -1889.501258)
(-1236.647707 -1250.30298 -1889.501258)
(-961.7103276 -1250.30298 -1889.501258)
(-686.7729483 -1250.30298 -1889.501258)
(-411.835569 -1250.30298 -1889.501258)
(-136.8981897 -1250.30298 -1889.501258)
(138.0391897 -1250.30298 -1889.501258)
(412.976569 -1250.30298 -1889.501258)
(687.9139483 -1250.30298 -1889.501258)
(962.8513276 -1250.30298 -1889.501258)
(1237.788707 -1250.30298 -1889.501258)
(1512.726086 -1250.30298 -1889.501258)
(1787.663466 -1250.30298 -1889.501258)
(2062.600845 -1250.30298 -1889.501258)
(2337.538224 -1250.30298 -1889.501258)
(2612.475603 -1250.30298 -1889.501258)
(2887.412983 -1250.30298 -1889.501258)
(3162.350362 -1250.30298 -1889.501258)
(3437.287741 -1250.30298 -1889.501258)
(3712.225121 -1250.30298 -1889.501258)
(3987.1625 -1250.30298 -1889.501258)
(-3986.0215 -1022.49772 -1889.501258)
(-3711.084121 -1022.49772 -1889.501258)
(-3436.146741 -1022.49772 -1889.501258)
(-3161.209362 -1022.49772 -1889.501258)
(-2886.271983 -1022.49772 -1889.501258)
(-2611.334603 -1022.49772 -1889.501258)
(-2336.397224 -1022.49772 -1889.501258)
(-2061.459845 -1022.49772 -1889.501258)
(-1786.522466 -1022.49772 -1889.501258)
(-1511.585086 -1022.49772 -1889.501258)
(-1236.647707 -1022.49772 -1889.501258)
(-961.7103276 -1022.49772 -1889.501258)
(-686.7729483 -1022.49772 -1889.501258)
(-411.835569 -1022.49772 -1889.501258)
(-136.8981897 -1022.49772 -1889.501258)
(138.0391897 -1022.49772 -1889.501258)
(412.976569 -1022.49772 -1889.501258)
(687.9139483 -1022.49772 -1889.501258)
(962.8513276 -1022.49772 -1889.501258)
(1237.788707 -1022.49772 -1889.501258)
(1512.726086 -1022.49772 -1889.501258)
(1787.663466 -1022.49772 -1889.501258)
(2062.600845 -1022.49772 -1889.501258)
(2337.538224 -1022.49772 -1889.501258)
(2612.475603 -1022.49772 -1889.501258)
(2887.412983 -1022.49772 -1889.501258)
(3162.350362 -1022.49772 -1889.501258)
(3437.287741 -1022.49772 -1889.501258)
(3712.225121 -1022.49772 -1889.501258)
(3987.1625 -1022.49772 -1889.501258)
(-3986.0215 -794.69246 -1889.501258)
(-3711.084121 -794.69246 -1889.501258)
(-3436.146741 -794.69246 -1889.501258)
(-3161.209362 -794.69246 -1889.501258)
(-2886.271983 -794.69246 -1889.501258)
(-2611.334603 -794.69246 -1889.501258)
(-2336.397224 -794.69246 -1889.501258)
(-2061.459845 -794.69246 -1889.501258)
(-1786.522466 -794.69246 -1889.501258)
(-1511.585086 -794.69246 -1889.501258)
(-1236.647707 -794.69246 -1889.501258)
(-961.7103276 -794.69246 -1889.501258)
(-686.7729483 -794.69246 -1889.501258)
(-411.835569 -794.69246 -1889.501258)
(-136.8981897 -794.69246 -1889.501258)
(138.0391897 -794.69246 -1889.501258)
(412.976569 -794.69246 -1889.501258)
(687.9139483 -794.69246 -1889.501258)
(962.8513276 -794.69246 -1889.501258)
(1237.788707 -794.69246 -1889.501258)
(1512.726086 -794.69246 -1889.501258)
(1787.663466 -794.69246 -1889.501258)
(2062.600845 -794.69246 -1889.501258)
(2337.538224 -794.69246 -1889.501258)
(2612.475603 -794.69246 -1889.501258)
(2887.412983 -794.69246 -1889.501258)
(3162.350362 -794.69246 -1889.501258)
(3437.287741 -794.69246 -1889.501258)
(3712.225121 -794.69246 -1889.501258)
(3987.1625 -794.69246 -1889.501258)
(-3986.0215 -566.8872 -1889.501258)
(-3711.084121 -566.8872 -1889.501258)
(-3436.146741 -566.8872 -1889.501258)
(-3161.209362 -566.8872 -1889.501258)
(-2886.271983 -566.8872 -1889.501258)
(-2611.334603 -566.8872 -1889.501258)
(-2336.397224 -566.8872 -1889.501258)
(-2061.459845 -566.8872 -1889.501258)
(-1786.522466 -566.8872 -1889.501258)
(-1511.585086 -566.8872 -1889.501258)
(-1236.647707 -566.8872 -1889.501258)
(-961.7103276 -566.8872 -1889.501258)
(-686.7729483 -566.8872 -1889.501258)
(-411.835569 -566.8872 -1889.501258)
(-136.8981897 -566.8872 -1889.501258)
(138.0391897 -566.8872 -1889.501258)
(412.976569 -566.8872 -1889.501258)
(687.9139483 -566.8872 -1889.501258)
(962.8513276 -566.8872 -1889.501258)
(1237.788707 -566.8872 -1889.501258)
(1512.726086 -566.8872 -1889.501258)
(1787.663466 -566.8872 -1889.501258)
(2062.600845 -566.8872 -1889.501258)
(2337.538224 -566.8872 -1889.501258)
(2612.475603 -566.8872 -1889.501258)
(2887.412983 -566.8872 -1889.501258)
(3162.350362 -566.8872 -1889.501258)
(3437.287741 -566.8872 -1889.501258)
(3712.225121 -566.8872 -1889.501258)
(3987.1625 -566.8872 -1889.501258)
(-3986.0215 -339.08194 -1889.501258)
(-3711.084121 -339.08194 -1889.501258)
(-3436.146741 -339.08194 -1889.501258)
(-3161.209362 -339.08194 -1889.501258)
(-2886.271983 -339.08194 -1889.501258)
(-2611.334603 -339.08194 -1889.501258)
(-2336.397224 -339.08194 -1889.501258)
(-2061.459845 -339.08194 -1889.501258)
(-1786.522466 -339.08194 -1889.501258)
(-1511.585086 -339.08194 -1889.501258)
(-1236.647707 -339.08194 -1889.501258)
(-961.7103276 -339.08194 -1889.501258)
(-686.7729483 -339.08194 -1889.501258)
(-411.835569 -339.08194 -1889.501258)
(-136.8981897 -339.08194 -1889.501258)
(138.0391897 -339.08194 -1889.501258)
(412.976569 -339.08194 -1889.501258)
(687.9139483 -339.08194 -1889.501258)
(962.8513276 -339.08194 -1889.501258)
(1237.788707 -339.08194 -1889.501258)
(1512.726086 -339.08194 -1889.501258)
(1787.663466 -339.08194 -1889.501258)
(2062.600845 -339.08194 -1889.501258)
(2337.538224 -339.08194 -1889.501258)
(2612.475603 -339.08194 -1889.501258)
(2887.412983 -339.08194 -1889.501258)
(3162.350362 -339.08194 -1889.501258)
(3437.287741 -339.08194 -1889.501258)
(3712.225121 -339.08194 -1889.501258)
(3987.1625 -339.08194 -1889.501258)
(-3986.0215 -111.27668 -1889.501258)
(-3711.084121 -111.27668 -1889.501258)
(-3436.146741 -111.27668 -1889.501258)
(-3161.209362 -111.27668 -1889.501258)
(-2886.271983 -111.27668 -1889.501258)
(-2611.334603 -111.27668 -1889.501258)
(-2336.397224 -111.27668 -1889.501258)
(-2061.459845 -111.27668 -1889.501258)
(-1786.522466 -111.27668 -1889.501258)
(-1511.585086 -111.27668 -1889.501258)
(-1236.647707 -111.27668 -1889.501258)
(-961.7103276 -111.27668 -1889.501258)
(-686.7729483 -111.27668 -1889.501258)
(-411.835569 -111.27668 -1889.501258)
(-136.8981897 -111.27668 -1889.501258)
(138.0391897 -111.27668 -1889.501258)
(412.976569 -111.27668 -1889.501258)
(687.9139483 -111.27668 -1889.501258)
(962.8513276 -111.27668 -1889.501258)
(1237.788707 -111.27668 -1889.501258)
(1512.726086 -111.27668 -1889.501258)
(1787.663466 -111.27668 -1889.501258)
(2062.600845 -111.27668 -1889.501258)
(2337.538224 -111.27668 -1889.501258)
(2612.475603 -111.27668 -1889.501258)
(2887.412983 -111.27668 -1889.501258)
(3162.350362 -111.27668 -1889.501258)
(3437.287741 -111.27668 -1889.501258)
(3712.225121 -111.27668 -1889.501258)
(3987.1625 -111.27668 -1889.501258)
(-3986.0215 116.52858 -1889.501258)
(-3711.084121 116.52858 -1889.501258)
(-3436.146741 116.52858 -1889.501258)
(-3161.209362 116.52858 -1889.501258)
(-2886.271983 116.52858 -1889.501258)
(-2611.334603 116.52858 -1889.501258)
(-2336.397224 116.52858 -1889.501258)
(-2061.459845 116.52858 -1889.501258)
(-1786.522466 116.52858 -1889.501258)
(-1511.585086 116.52858 -1889.501258)
(-1236.647707 116.52858 -1889.501258)
(-961.7103276 116.52858 -1889.501258)
(-686.7729483 116.52858 -1889.501258)
(-411.835569 116.52858 -1889.501258)
(-136.8981897 116.52858 -1889.501258)
(138.0391897 116.52858 -1889.501258)
(412.976569 116.52858 -1889.501258)
(687.9139483 116.52858 -1889.501258)
(962.8513276 116.52858 -1889.501258)
(1237.788707 116.52858 -1889.501258)
(1512.726086 116.52858 -1889.501258)
(1787.663466 116.52858 -1889.501258)
(2062.600845 116.52858 -1889.501258)
(2337.538224 116.52858 -1889.501258)
(2612.475603 116.52858 -1889.501258)
(2887.412983 116.52858 -1889.501258)
(3162.350362 116.52858 -1889.501258)
(3437.287741 116.52858 -1889.501258)
(3712.225121 116.52858 -1889.501258)
(3987.1625 116.52858 -1889.501258)
(-3986.0215 344.33384 -1889.501258)
(-3711.084121 344.33384 -1889.501258)
(-3436.146741 344.33384 -1889.501258)
(-3161.209362 344.33384 -1889.501258)
(-2886.271983 344.33384 -1889.501258)
(-2611.334603 344.33384 -1889.501258)
(-2336.397224 344.33384 -1889.501258)
(-2061.459845 344.33384 -1889.501258)
(-1786.522466 344.33384 -1889.501258)
(-1511.585086 344.33384 -1889.501258)
(-1236.647707 344.33384 -1889.501258)
(-961.7103276 344.33384 -1889.501258)
(-686.7729483 344.33384 -1889.501258)
(-411.835569 344.33384 -1889.501258)
(-136.8981897 344.33384 -1889.501258)
(138.0391897 344.33384 -1889.501258)
(412.976569 344.33384 -1889.501258)
(687.9139483 344.33384 -1889.501258)
(962.8513276 344.33384 -1889.501258)
(1237.788707 344.33384 -1889.501258)
(1512.726086 344.33384 -1889.501258)
(1787.663466 344.33384 -1889.501258)
(2062.600845 344.33384 -1889.501258)
(2337.538224 344.33384 -1889.501258)
(2612.475603 344.33384 -1889.501258)
(2887.412983 344.33384 -1889.501258)
(3162.350362 344.33384 -1889.501258)
(3437.287741 344.33384 -1889.501258)
(3712.225121 344.33384 -1889.501258)
(3987.1625 344.33384 -1889.501258)
(-3986.0215 572.1391 -1889.501258)
(-3711.084121 572.1391 -1889.501258)
(-3436.146741 572.1391 -1889.501258)
(-3161.209362 572.1391 -1889.501258)
(-2886.271983 572.1391 -1889.501258)
(-2611.334603 572.1391 -1889.501258)
(-2336.397224 572.1391 -1889.501258)
(-2061.459845 572.1391 -1889.501258)
(-1786.522466 572.1391 -1889.501258)
(-1511.585086 572.1391 -1889.501258)
(-1236.647707 572.1391 -1889.501258)
(-961.7103276 572.1391 -1889.501258)
(-686.7729483 572.1391 -1889.501258)
(-411.835569 572.1391 -1889.501258)
(-136.8981897 572.1391 -1889.501258)
(138.0391897 572.1391 -1889.501258)
(412.976569 572.1391 -1889.501258)
(687.9139483 572.1391 -1889.501258)
(962.8513276 572.1391 -1889.501258)
(1237.788707 572.1391 -1889.501258)
(1512.726086 572.1391 -1889.501258)
(1787.663466 572.1391 -1889.501258)
(2062.600845 572.1391 -1889.501258)
(2337.538224 572.1391 -1889.501258)
(2612.475603 572.1391 -1889.501258)
(2887.412983 572.1391 -1889.501258)
(3162.350362 572.1391 -1889.501258)
(3437.287741 572.1391 -1889.501258)
(3712.225121 572.1391 -1889.501258)
(3987.1625 572.1391 -1889.501258)
(-3986.0215 799.94436 -1889.501258)
(-3711.084121 799.94436 -1889.501258)
(-3436.146741 799.94436 -1889.501258)
(-3161.209362 799.94436 -1889.501258)
(-2886.271983 799.94436 -1889.501258)
(-2611.334603 799.94436 -1889.501258)
(-2336.397224 799.94436 -1889.501258)
(-2061.459845 799.94436 -1889.501258)
(-1786.522466 799.94436 -1889.501258)
(-1511.585086 799.94436 -1889.501258)
(-1236.647707 799.94436 -1889.501258)
(-961.7103276 799.94436 -1889.501258)
(-686.7729483 799.94436 -1889.501258)
(-411.835569 799.94436 -1889.501258)
(-136.8981897 799.94436 -1889.501258)
(138.0391897 799.94436 -1889.501258)
(412.976569 799.94436 -1889.501258)
(687.9139483 799.94436 -1889.501258)
(962.8513276 799.94436 -1889.501258)
(1237.788707 799.94436 -1889.501258)
(1512.726086 799.94436 -1889.501258)
(1787.663466 799.94436 -1889.501258)
(2062.600845 799.94436 -1889.501258)
(2337.538224 799.94436 -1889.501258)
(2612.475603 799.94436 -1889.501258)
(2887.412983 799.94436 -1889.501258)
(3162.350362 799.94436 -1889.501258)
(3437.287741 799.94436 -1889.501258)
(3712.225121 799.94436 -1889.501258)
(3987.1625 799.94436 -1889.501258)
(-3986.0215 1027.74962 -1889.501258)
(-3711.084121 1027.74962 -1889.501258)
(-3436.146741 1027.74962 -1889.501258)
(-3161.209362 1027.74962 -1889.501258)
(-2886.271983 1027.74962 -1889.501258)
(-2611.334603 1027.74962 -1889.501258)
(-2336.397224 1027.74962 -1889.501258)
(-2061.459845 1027.74962 -1889.501258)
(-1786.522466 1027.74962 -1889.501258)
(-1511.585086 1027.74962 -1889.501258)
(-1236.647707 1027.74962 -1889.501258)
(-961.7103276 1027.74962 -1889.501258)
(-686.7729483 1027.74962 -1889.501258)
(-411.835569 1027.74962 -1889.501258)
(-136.8981897 1027.74962 -1889.501258)
(138.0391897 1027.74962 -1889.501258)
(412.976569 1027.74962 -1889.501258)
(687.9139483 1027.74962 -1889.501258)
(962.8513276 1027.74962 -1889.501258)
(1237.788707 1027.74962 -1889.501258)
(1512.726086 1027.74962 -1889.501258)
(1787.663466 1027.74962 -1889.501258)
(2062.600845 1027.74962 -1889.501258)
(2337.538224 1027.74962 -1889.501258)
(2612.475603 1027.74962 -1889.501258)
(2887.412983 1027.74962 -1889.501258)
(3162.350362 1027.74962 -1889.501258)
(3437.287741 1027.74962 -1889.501258)
(3712.225121 1027.74962 -1889.501258)
(3987.1625 1027.74962 -1889.501258)
(-3986.0215 1255.55488 -1889.501258)
(-3711.084121 1255.55488 -1889.501258)
(-3436.146741 1255.55488 -1889.501258)
(-3161.209362 1255.55488 -1889.501258)
(-2886.271983 1255.55488 -1889.501258)
(-2611.334603 1255.55488 -1889.501258)
(-2336.397224 1255.55488 -1889.501258)
(-2061.459845 1255.55488 -1889.501258)
(-1786.522466 1255.55488 -1889.501258)
(-1511.585086 1255.55488 -1889.501258)
(-1236.647707 1255.55488 -1889.501258)
(-961.7103276 1255.55488 -1889.501258)
(-686.7729483 1255.55488 -1889.501258)
(-411.835569 1255.55488 -1889.501258)
(-136.8981897 1255.55488 -1889.501258)
(138.0391897 1255.55488 -1889.501258)
(412.976569 1255.55488 -1889.501258)
(687.9139483 1255.55488 -1889.501258)
(962.8513276 1255.55488 -1889.501258)
(1237.788707 1255.55488 -1889.501258)
(1512.726086 1255.55488 -1889.501258)
(1787.663466 1255.55488 -1889.501258)
(2062.600845 1255.55488 -1889.501258)
(2337.538224 1255.55488 -1889.501258)
(2612.475603 1255.55488 -1889.501258)
(2887.412983 1255.55488 -1889.501258)
(3162.350362 1255.55488 -1889.501258)
(3437.287741 1255.55488 -1889.501258)
(3712.225121 1255.55488 -1889.501258)
(3987.1625 1255.55488 -1889.501258)
(-3986.0215 1483.36014 -1889.501258)
(-3711.084121 1483.36014 -1889.501258)
(-3436.146741 1483.36014 -1889.501258)
(-3161.209362 1483.36014 -1889.501258)
(-2886.271983 1483.36014 -1889.501258)
(-2611.334603 1483.36014 -1889.501258)
(-2336.397224 1483.36014 -1889.501258)
(-2061.459845 1483.36014 -1889.501258)
(-1786.522466 1483.36014 -1889.501258)
(-1511.585086 1483.36014 -1889.501258)
(-1236.647707 1483.36014 -1889.501258)
(-961.7103276 1483.36014 -1889.501258)
(-686.7729483 1483.36014 -1889.501258)
(-411.835569 1483.36014 -1889.501258)
(-136.8981897 1483.36014 -1889.501258)
(138.0391897 1483.36014 -1889.501258)
(412.976569 1483.36014 -1889.501258)
(687.9139483 1483.36014 -1889.501258)
(962.8513276 1483.36014 -1889.501258)
(1237.788707 1483.36014 -1889.501258)
(1512.726086 1483.36014 -1889.501258)
(1787.663466 1483.36014 -1889.501258)
(2062.600845 1483.36014 -1889.501258)
(2337.538224 1483.36014 -1889.501258)
(2612.475603 1483.36014 -1889.501258)
(2887.412983 1483.36014 -1889.501258)
(3162.350362 1483.36014 -1889.501258)
(3437.287741 1483.36014 -1889.501258)
(3712.225121 1483.36014 -1889.501258)
(3987.1625 1483.36014 -1889.501258)
(-3986.0215 1711.1654 -1889.501258)
(-3711.084121 1711.1654 -1889.501258)
(-3436.146741 1711.1654 -1889.501258)
(-3161.209362 1711.1654 -1889.501258)
(-2886.271983 1711.1654 -1889.501258)
(-2611.334603 1711.1654 -1889.501258)
(-2336.397224 1711.1654 -1889.501258)
(-2061.459845 1711.1654 -1889.501258)
(-1786.522466 1711.1654 -1889.501258)
(-1511.585086 1711.1654 -1889.501258)
(-1236.647707 1711.1654 -1889.501258)
(-961.7103276 1711.1654 -1889.501258)
(-686.7729483 1711.1654 -1889.501258)
(-411.835569 1711.1654 -1889.501258)
(-136.8981897 1711.1654 -1889.501258)
(138.0391897 1711.1654 -1889.501258)
(412.976569 1711.1654 -1889.501258)
(687.9139483 1711.1654 -1889.501258)
(962.8513276 1711.1654 -1889.501258)
(1237.788707 1711.1654 -1889.501258)
(1512.726086 1711.1654 -1889.501258)
(1787.663466 1711.1654 -1889.501258)
(2062.600845 1711.1654 -1889.501258)
(2337.538224 1711.1654 -1889.501258)
(2612.475603 1711.1654 -1889.501258)
(2887.412983 1711.1654 -1889.501258)
(3162.350362 1711.1654 -1889.501258)
(3437.287741 1711.1654 -1889.501258)
(3712.225121 1711.1654 -1889.501258)
(3987.1625 1711.1654 -1889.501258)
(-3986.0215 1938.97066 -1889.501258)
(-3711.084121 1938.97066 -1889.501258)
(-3436.146741 1938.97066 -1889.501258)
(-3161.209362 1938.97066 -1889.501258)
(-2886.271983 1938.97066 -1889.501258)
(-2611.334603 1938.97066 -1889.501258)
(-2336.397224 1938.97066 -1889.501258)
(-2061.459845 1938.97066 -1889.501258)
(-1786.522466 1938.97066 -1889.501258)
(-1511.585086 1938.97066 -1889.501258)
(-1236.647707 1938.97066 -1889.501258)
(-961.7103276 1938.97066 -1889.501258)
(-686.7729483 1938.97066 -1889.501258)
(-411.835569 1938.97066 -1889.501258)
(-136.8981897 1938.97066 -1889.501258)
(138.0391897 1938.97066 -1889.501258)
(412.976569 1938.97066 -1889.501258)
(687.9139483 1938.97066 -1889.501258)
(962.8513276 1938.97066 -1889.501258)
(1237.788707 1938.97066 -1889.501258)
(1512.726086 1938.97066 -1889.501258)
(1787.663466 1938.97066 -1889.501258)
(2062.600845 1938.97066 -1889.501258)
(2337.538224 1938.97066 -1889.501258)
(2612.475603 1938.97066 -1889.501258)
(2887.412983 1938.97066 -1889.501258)
(3162.350362 1938.97066 -1889.501258)
(3437.287741 1938.97066 -1889.501258)
(3712.225121 1938.97066 -1889.501258)
(3987.1625 1938.97066 -1889.501258)
(-3986.0215 2166.77592 -1889.501258)
(-3711.084121 2166.77592 -1889.501258)
(-3436.146741 2166.77592 -1889.501258)
(-3161.209362 2166.77592 -1889.501258)
(-2886.271983 2166.77592 -1889.501258)
(-2611.334603 2166.77592 -1889.501258)
(-2336.397224 2166.77592 -1889.501258)
(-2061.459845 2166.77592 -1889.501258)
(-1786.522466 2166.77592 -1889.501258)
(-1511.585086 2166.77592 -1889.501258)
(-1236.647707 2166.77592 -1889.501258)
(-961.7103276 2166.77592 -1889.501258)
(-686.7729483 2166.77592 -1889.501258)
(-411.835569 2166.77592 -1889.501258)
(-136.8981897 2166.77592 -1889.501258)
(138.0391897 2166.77592 -1889.501258)
(412.976569 2166.77592 -1889.501258)
(687.9139483 2166.77592 -1889.501258)
(962.8513276 2166.77592 -1889.501258)
(1237.788707 2166.77592 -1889.501258)
(1512.726086 2166.77592 -1889.501258)
(1787.663466 2166.77592 -1889.501258)
(2062.600845 2166.77592 -1889.501258)
(2337.538224 2166.77592 -1889.501258)
(2612.475603 2166.77592 -1889.501258)
(2887.412983 2166.77592 -1889.501258)
(3162.350362 2166.77592 -1889.501258)
(3437.287741 2166.77592 -1889.501258)
(3712.225121 2166.77592 -1889.501258)
(3987.1625 2166.77592 -1889.501258)
(-3986.0215 2394.58118 -1889.501258)
(-3711.084121 2394.58118 -1889.501258)
(-3436.146741 2394.58118 -1889.501258)
(-3161.209362 2394.58118 -1889.501258)
(-2886.271983 2394.58118 -1889.501258)
(-2611.334603 2394.58118 -1889.501258)
(-2336.397224 2394.58118 -1889.501258)
(-2061.459845 2394.58118 -1889.501258)
(-1786.522466 2394.58118 -1889.501258)
(-1511.585086 2394.58118 -1889.501258)
(-1236.647707 2394.58118 -1889.501258)
(-961.7103276 2394.58118 -1889.501258)
(-686.7729483 2394.58118 -1889.501258)
(-411.835569 2394.58118 -1889.501258)
(-136.8981897 2394.58118 -1889.501258)
(138.0391897 2394.58118 -1889.501258)
(412.976569 2394.58118 -1889.501258)
(687.9139483 2394.58118 -1889.501258)
(962.8513276 2394.58118 -1889.501258)
(1237.788707 2394.58118 -1889.501258)
(1512.726086 2394.58118 -1889.501258)
(1787.663466 2394.58118 -1889.501258)
(2062.600845 2394.58118 -1889.501258)
(2337.538224 2394.58118 -1889.501258)
(2612.475603 2394.58118 -1889.501258)
(2887.412983 2394.58118 -1889.501258)
(3162.350362 2394.58118 -1889.501258)
(3437.287741 2394.58118 -1889.501258)
(3712.225121 2394.58118 -1889.501258)
(3987.1625 2394.58118 -1889.501258)
(-3986.0215 2622.38644 -1889.501258)
(-3711.084121 2622.38644 -1889.501258)
(-3436.146741 2622.38644 -1889.501258)
(-3161.209362 2622.38644 -1889.501258)
(-2886.271983 2622.38644 -1889.501258)
(-2611.334603 2622.38644 -1889.501258)
(-2336.397224 2622.38644 -1889.501258)
(-2061.459845 2622.38644 -1889.501258)
(-1786.522466 2622.38644 -1889.501258)
(-1511.585086 2622.38644 -1889.501258)
(-1236.647707 2622.38644 -1889.501258)
(-961.7103276 2622.38644 -1889.501258)
(-686.7729483 2622.38644 -1889.501258)
(-411.835569 2622.38644 -1889.501258)
(-136.8981897 2622.38644 -1889.501258)
(138.0391897 2622.38644 -1889.501258)
(412.976569 2622.38644 -1889.501258)
(687.9139483 2622.38644 -1889.501258)
(962.8513276 2622.38644 -1889.501258)
(1237.788707 2622.38644 -1889.501258)
(1512.726086 2622.38644 -1889.501258)
(1787.663466 2622.38644 -1889.501258)
(2062.600845 2622.38644 -1889.501258)
(2337.538224 2622.38644 -1889.501258)
(2612.475603 2622.38644 -1889.501258)
(2887.412983 2622.38644 -1889.501258)
(3162.350362 2622.38644 -1889.501258)
(3437.287741 2622.38644 -1889.501258)
(3712.225121 2622.38644 -1889.501258)
(3987.1625 2622.38644 -1889.501258)
(-3986.0215 2850.1917 -1889.501258)
(-3711.084121 2850.1917 -1889.501258)
(-3436.146741 2850.1917 -1889.501258)
(-3161.209362 2850.1917 -1889.501258)
(-2886.271983 2850.1917 -1889.501258)
(-2611.334603 2850.1917 -1889.501258)
(-2336.397224 2850.1917 -1889.501258)
(-2061.459845 2850.1917 -1889.501258)
(-1786.522466 2850.1917 -1889.501258)
(-1511.585086 2850.1917 -1889.501258)
(-1236.647707 2850.1917 -1889.501258)
(-961.7103276 2850.1917 -1889.501258)
(-686.7729483 2850.1917 -1889.501258)
(-411.835569 2850.1917 -1889.501258)
(-136.8981897 2850.1917 -1889.501258)
(138.0391897 2850.1917 -1889.501258)
(412.976569 2850.1917 -1889.501258)
(687.9139483 2850.1917 -1889.501258)
(962.8513276 2850.1917 -1889.501258)
(1237.788707 2850.1917 -1889.501258)
(1512.726086 2850.1917 -1889.501258)
(1787.663466 2850.1917 -1889.501258)
(2062.600845 2850.1917 -1889.501258)
(2337.538224 2850.1917 -1889.501258)
(2612.475603 2850.1917 -1889.501258)
(2887.412983 2850.1917 -1889.501258)
(3162.350362 2850.1917 -1889.501258)
(3437.287741 2850.1917 -1889.501258)
(3712.225121 2850.1917 -1889.501258)
(3987.1625 2850.1917 -1889.501258)
(-3986.0215 3077.99696 -1889.501258)
(-3711.084121 3077.99696 -1889.501258)
(-3436.146741 3077.99696 -1889.501258)
(-3161.209362 3077.99696 -1889.501258)
(-2886.271983 3077.99696 -1889.501258)
(-2611.334603 3077.99696 -1889.501258)
(-2336.397224 3077.99696 -1889.501258)
(-2061.459845 3077.99696 -1889.501258)
(-1786.522466 3077.99696 -1889.501258)
(-1511.585086 3077.99696 -1889.501258)
(-1236.647707 3077.99696 -1889.501258)
(-961.7103276 3077.99696 -1889.501258)
(-686.7729483 3077.99696 -1889.501258)
(-411.835569 3077.99696 -1889.501258)
(-136.8981897 3077.99696 -1889.501258)
(138.0391897 3077.99696 -1889.501258)
(412.976569 3077.99696 -1889.501258)
(687.9139483 3077.99696 -1889.501258)
(962.8513276 3077.99696 -1889.501258)
(1237.788707 3077.99696 -1889.501258)
(1512.726086 3077.99696 -1889.501258)
(1787.663466 3077.99696 -1889.501258)
(2062.600845 3077.99696 -1889.501258)
(2337.538224 3077.99696 -1889.501258)
(2612.475603 3077.99696 -1889.501258)
(2887.412983 3077.99696 -1889.501258)
(3162.350362 3077.99696 -1889.501258)
(3437.287741 3077.99696 -1889.501258)
(3712.225121 3077.99696 -1889.501258)
(3987.1625 3077.99696 -1889.501258)
(-3986.0215 3305.80222 -1889.501258)
(-3711.084121 3305.80222 -1889.501258)
(-3436.146741 3305.80222 -1889.501258)
(-3161.209362 3305.80222 -1889.501258)
(-2886.271983 3305.80222 -1889.501258)
(-2611.334603 3305.80222 -1889.501258)
(-2336.397224 3305.80222 -1889.501258)
(-2061.459845 3305.80222 -1889.501258)
(-1786.522466 3305.80222 -1889.501258)
(-1511.585086 3305.80222 -1889.501258)
(-1236.647707 3305.80222 -1889.501258)
(-961.7103276 3305.80222 -1889.501258)
(-686.7729483 3305.80222 -1889.501258)
(-411.835569 3305.80222 -1889.501258)
(-136.8981897 3305.80222 -1889.501258)
(138.0391897 3305.80222 -1889.501258)
(412.976569 3305.80222 -1889.501258)
(687.9139483 3305.80222 -1889.501258)
(962.8513276 3305.80222 -1889.501258)
(1237.788707 3305.80222 -1889.501258)
(1512.726086 3305.80222 -1889.501258)
(1787.663466 3305.80222 -1889.501258)
(2062.600845 3305.80222 -1889.501258)
(2337.538224 3305.80222 -1889.501258)
(2612.475603 3305.80222 -1889.501258)
(2887.412983 3305.80222 -1889.501258)
(3162.350362 3305.80222 -1889.501258)
(3437.287741 3305.80222 -1889.501258)
(3712.225121 3305.80222 -1889.501258)
(3987.1625 3305.80222 -1889.501258)
(-3986.0215 3533.60748 -1889.501258)
(-3711.084121 3533.60748 -1889.501258)
(-3436.146741 3533.60748 -1889.501258)
(-3161.209362 3533.60748 -1889.501258)
(-2886.271983 3533.60748 -1889.501258)
(-2611.334603 3533.60748 -1889.501258)
(-2336.397224 3533.60748 -1889.501258)
(-2061.459845 3533.60748 -1889.501258)
(-1786.522466 3533.60748 -1889.501258)
(-1511.585086 3533.60748 -1889.501258)
(-1236.647707 3533.60748 -1889.501258)
(-961.7103276 3533.60748 -1889.501258)
(-686.7729483 3533.60748 -1889.501258)
(-411.835569 3533.60748 -1889.501258)
(-136.8981897 3533.60748 -1889.501258)
(138.0391897 3533.60748 -1889.501258)
(412.976569 3533.60748 -1889.501258)
(687.9139483 3533.60748 -1889.501258)
(962.8513276 3533.60748 -1889.501258)
(1237.788707 3533.60748 -1889.501258)
(1512.726086 3533.60748 -1889.501258)
(1787.663466 3533.60748 -1889.501258)
(2062.600845 3533.60748 -1889.501258)
(2337.538224 3533.60748 -1889.501258)
(2612.475603 3533.60748 -1889.501258)
(2887.412983 3533.60748 -1889.501258)
(3162.350362 3533.60748 -1889.501258)
(3437.287741 3533.60748 -1889.501258)
(3712.225121 3533.60748 -1889.501258)
(3987.1625 3533.60748 -1889.501258)
(-3986.0215 3761.41274 -1889.501258)
(-3711.084121 3761.41274 -1889.501258)
(-3436.146741 3761.41274 -1889.501258)
(-3161.209362 3761.41274 -1889.501258)
(-2886.271983 3761.41274 -1889.501258)
(-2611.334603 3761.41274 -1889.501258)
(-2336.397224 3761.41274 -1889.501258)
(-2061.459845 3761.41274 -1889.501258)
(-1786.522466 3761.41274 -1889.501258)
(-1511.585086 3761.41274 -1889.501258)
(-1236.647707 3761.41274 -1889.501258)
(-961.7103276 3761.41274 -1889.501258)
(-686.7729483 3761.41274 -1889.501258)
(-411.835569 3761.41274 -1889.501258)
(-136.8981897 3761.41274 -1889.501258)
(138.0391897 3761.41274 -1889.501258)
(412.976569 3761.41274 -1889.501258)
(687.9139483 3761.41274 -1889.501258)
(962.8513276 3761.41274 -1889.501258)
(1237.788707 3761.41274 -1889.501258)
(1512.726086 3761.41274 -1889.501258)
(1787.663466 3761.41274 -1889.501258)
(2062.600845 3761.41274 -1889.501258)
(2337.538224 3761.41274 -1889.501258)
(2612.475603 3761.41274 -1889.501258)
(2887.412983 3761.41274 -1889.501258)
(3162.350362 3761.41274 -1889.501258)
(3437.287741 3761.41274 -1889.501258)
(3712.225121 3761.41274 -1889.501258)
(3987.1625 3761.41274 -1889.501258)
(-3986.0215 3989.218 -1889.501258)
(-3711.084121 3989.218 -1889.501258)
(-3436.146741 3989.218 -1889.501258)
(-3161.209362 3989.218 -1889.501258)
(-2886.271983 3989.218 -1889.501258)
(-2611.334603 3989.218 -1889.501258)
(-2336.397224 3989.218 -1889.501258)
(-2061.459845 3989.218 -1889.501258)
(-1786.522466 3989.218 -1889.501258)
(-1511.585086 3989.218 -1889.501258)
(-1236.647707 3989.218 -1889.501258)
(-961.7103276 3989.218 -1889.501258)
(-686.7729483 3989.218 -1889.501258)
(-411.835569 3989.218 -1889.501258)
(-136.8981897 3989.218 -1889.501258)
(138.0391897 3989.218 -1889.501258)
(412.976569 3989.218 -1889.501258)
(687.9139483 3989.218 -1889.501258)
(962.8513276 3989.218 -1889.501258)
(1237.788707 3989.218 -1889.501258)
(1512.726086 3989.218 -1889.501258)
(1787.663466 3989.218 -1889.501258)
(2062.600845 3989.218 -1889.501258)
(2337.538224 3989.218 -1889.501258)
(2612.475603 3989.218 -1889.501258)
(2887.412983 3989.218 -1889.501258)
(3162.350362 3989.218 -1889.501258)
(3437.287741 3989.218 -1889.501258)
(3712.225121 3989.218 -1889.501258)
(3987.1625 3989.218 -1889.501258)
(-3986.0215 -3983.9661 -1469.859989)
(-3711.084121 -3983.9661 -1469.859989)
(-3436.146741 -3983.9661 -1469.859989)
(-3161.209362 -3983.9661 -1469.859989)
(-2886.271983 -3983.9661 -1469.859989)
(-2611.334603 -3983.9661 -1469.859989)
(-2336.397224 -3983.9661 -1469.859989)
(-2061.459845 -3983.9661 -1469.859989)
(-1786.522466 -3983.9661 -1469.859989)
(-1511.585086 -3983.9661 -1469.859989)
(-1236.647707 -3983.9661 -1469.859989)
(-961.7103276 -3983.9661 -1469.859989)
(-686.7729483 -3983.9661 -1469.859989)
(-411.835569 -3983.9661 -1469.859989)
(-136.8981897 -3983.9661 -1469.859989)
(138.0391897 -3983.9661 -1469.859989)
(412.976569 -3983.9661 -1469.859989)
(687.9139483 -3983.9661 -1469.859989)
(962.8513276 -3983.9661 -1469.859989)
(1237.788707 -3983.9661 -1469.859989)
(1512.726086 -3983.9661 -1469.859989)
(1787.663466 -3983.9661 -1469.859989)
(2062.600845 -3983.9661 -1469.859989)
(2337.538224 -3983.9661 -1469.859989)
(2612.475603 -3983.9661 -1469.859989)
(2887.412983 -3983.9661 -1469.859989)
(3162.350362 -3983.9661 -1469.859989)
(3437.287741 -3983.9661 -1469.859989)
(3712.225121 -3983.9661 -1469.859989)
(3987.1625 -3983.9661 -1469.859989)
(-3986.0215 -3756.16084 -1469.859989)
(-3711.084121 -3756.16084 -1469.859989)
(-3436.146741 -3756.16084 -1469.859989)
(-3161.209362 -3756.16084 -1469.859989)
(-2886.271983 -3756.16084 -1469.859989)
(-2611.334603 -3756.16084 -1469.859989)
(-2336.397224 -3756.16084 -1469.859989)
(-2061.459845 -3756.16084 -1469.859989)
(-1786.522466 -3756.16084 -1469.859989)
(-1511.585086 -3756.16084 -1469.859989)
(-1236.647707 -3756.16084 -1469.859989)
(-961.7103276 -3756.16084 -1469.859989)
(-686.7729483 -3756.16084 -1469.859989)
(-411.835569 -3756.16084 -1469.859989)
(-136.8981897 -3756.16084 -1469.859989)
(138.0391897 -3756.16084 -1469.859989)
(412.976569 -3756.16084 -1469.859989)
(687.9139483 -3756.16084 -1469.859989)
(962.8513276 -3756.16084 -1469.859989)
(1237.788707 -3756.16084 -1469.859989)
(1512.726086 -3756.16084 -1469.859989)
(1787.663466 -3756.16084 -1469.859989)
(2062.600845 -3756.16084 -1469.859989)
(2337.538224 -3756.16084 -1469.859989)
(2612.475603 -3756.16084 -1469.859989)
(2887.412983 -3756.16084 -1469.859989)
(3162.350362 -3756.16084 -1469.859989)
(3437.287741 -3756.16084 -1469.859989)
(3712.225121 -3756.16084 -1469.859989)
(3987.1625 -3756.16084 -1469.859989)
(-3986.0215 -3528.35558 -1469.859989)
(-3711.084121 -3528.35558 -1469.859989)
(-3436.146741 -3528.35558 -1469.859989)
(-3161.209362 -3528.35558 -1469.859989)
(-2886.271983 -3528.35558 -1469.859989)
(-2611.334603 -3528.35558 -1469.859989)
(-2336.397224 -3528.35558 -1469.859989)
(-2061.459845 -3528.35558 -1469.859989)
(-1786.522466 -3528.35558 -1469.859989)
(-1511.585086 -3528.35558 -1469.859989)
(-1236.647707 -3528.35558 -1469.859989)
(-961.7103276 -3528.35558 -1469.859989)
(-686.7729483 -3528.35558 -1469.859989)
(-411.835569 -3528.35558 -1469.859989)
(-136.8981897 -3528.35558 -1469.859989)
(138.0391897 -3528.35558 -1469.859989)
(412.976569 -3528.35558 -1469.859989)
(687.9139483 -3528.35558 -1469.859989)
(962.8513276 -3528.35558 -1469.859989)
(1237.788707 -3528.35558 -1469.859989)
(1512.726086 -3528.35558 -1469.859989)
(1787.663466 -3528.35558 -1469.859989)
(2062.600845 -3528.35558 -1469.859989)
(2337.538224 -3528.35558 -1469.859989)
(2612.475603 -3528.35558 -1469.859989)
(2887.412983 -3528.35558 -1469.859989)
(3162.350362 -3528.35558 -1469.859989)
(3437.287741 -3528.35558 -1469.859989)
(3712.225121 -3528.35558 -1469.859989)
(3987.1625 -3528.35558 -1469.859989)
(-3986.0215 -3300.55032 -1469.859989)
(-3711.084121 -3300.55032 -1469.859989)
(-3436.146741 -3300.55032 -1469.859989)
(-3161.209362 -3300.55032 -1469.859989)
(-2886.271983 -3300.55032 -1469.859989)
(-2611.334603 -3300.55032 -1469.859989)
(-2336.397224 -3300.55032 -1469.859989)
(-2061.459845 -3300.55032 -1469.859989)
(-1786.522466 -3300.55032 -1469.859989)
(-1511.585086 -3300.55032 -1469.859989)
(-1236.647707 -3300.55032 -1469.859989)
(-961.7103276 -3300.55032 -1469.859989)
(-686.7729483 -3300.55032 -1469.859989)
(-411.835569 -3300.55032 -1469.859989)
(-136.8981897 -3300.55032 -1469.859989)
(138.0391897 -3300.55032 -1469.859989)
(412.976569 -3300.55032 -1469.859989)
(687.9139483 -3300.55032 -1469.859989)
(962.8513276 -3300.55032 -1469.859989)
(1237.788707 -3300.55032 -1469.859989)
(1512.726086 -3300.55032 -1469.859989)
(1787.663466 -3300.55032 -1469.859989)
(2062.600845 -3300.55032 -1469.859989)
(2337.538224 -3300.55032 -1469.859989)
(2612.475603 -3300.55032 -1469.859989)
(2887.412983 -3300.55032 -1469.859989)
(3162.350362 -3300.55032 -1469.859989)
(3437.287741 -3300.55032 -1469.859989)
(3712.225121 -3300.55032 -1469.859989)
(3987.1625 -3300.55032 -1469.859989)
(-3986.0215 -3072.74506 -1469.859989)
(-3711.084121 -3072.74506 -1469.859989)
(-3436.146741 -3072.74506 -1469.859989)
(-3161.209362 -3072.74506 -1469.859989)
(-2886.271983 -3072.74506 -1469.859989)
(-2611.334603 -3072.74506 -1469.859989)
(-2336.397224 -3072.74506 -1469.859989)
(-2061.459845 -3072.74506 -1469.859989)
(-1786.522466 -3072.74506 -1469.859989)
(-1511.585086 -3072.74506 -1469.859989)
(-1236.647707 -3072.74506 -1469.859989)
(-961.7103276 -3072.74506 -1469.859989)
(-686.7729483 -3072.74506 -1469.859989)
(-411.835569 -3072.74506 -1469.859989)
(-136.8981897 -3072.74506 -1469.859989)
(138.0391897 -3072.74506 -1469.859989)
(412.976569 -3072.74506 -1469.859989)
(687.9139483 -3072.74506 -1469.859989)
(962.8513276 -3072.74506 -1469.859989)
(1237.788707 -3072.74506 -1469.859989)
(1512.726086 -3072.74506 -1469.859989)
(1787.663466 -3072.74506 -1469.859989)
(2062.600845 -3072.74506 -1469.859989)
(2337.538224 -3072.74506 -1469.859989)
(2612.475603 -3072.74506 -1469.859989)
(2887.412983 -3072.74506 -1469.859989)
(3162.350362 -3072.74506 -1469.859989)
(3437.287741 -3072.74506 -1469.859989)
(3712.225121 -3072.74506 -1469.859989)
(3987.1625 -3072.74506 -1469.859989)
(-3986.0215 -2844.9398 -1469.859989)
(-3711.084121 -2844.9398 -1469.859989)
(-3436.146741 -2844.9398 -1469.859989)
(-3161.209362 -2844.9398 -1469.859989)
(-2886.271983 -2844.9398 -1469.859989)
(-2611.334603 -2844.9398 -1469.859989)
(-2336.397224 -2844.9398 -1469.859989)
(-2061.459845 -2844.9398 -1469.859989)
(-1786.522466 -2844.9398 -1469.859989)
(-1511.585086 -2844.9398 -1469.859989)
(-1236.647707 -2844.9398 -1469.859989)
(-961.7103276 -2844.9398 -1469.859989)
(-686.7729483 -2844.9398 -1469.859989)
(-411.835569 -2844.9398 -1469.859989)
(-136.8981897 -2844.9398 -1469.859989)
(138.0391897 -2844.9398 -1469.859989)
(412.976569 -2844.9398 -1469.859989)
(687.9139483 -2844.9398 -1469.859989)
(962.8513276 -2844.9398 -1469.859989)
(1237.788707 -2844.9398 -1469.859989)
(1512.726086 -2844.9398 -1469.859989)
(1787.663466 -2844.9398 -1469.859989)
(2062.600845 -2844.9398 -1469.859989)
(2337.538224 -2844.9398 -1469.859989)
(2612.475603 -2844.9398 -1469.859989)
(2887.412983 -2844.9398 -1469.859989)
(3162.350362 -2844.9398 -1469.859989)
(3437.287741 -2844.9398 -1469.859989)
(3712.225121 -2844.9398 -1469.859989)
(3987.1625 -2844.9398 -1469.859989)
(-3986.0215 -2617.13454 -1469.859989)
(-3711.084121 -2617.13454 -1469.859989)
(-3436.146741 -2617.13454 -1469.859989)
(-3161.209362 -2617.13454 -1469.859989)
(-2886.271983 -2617.13454 -1469.859989)
(-2611.334603 -2617.13454 -1469.859989)
(-2336.397224 -2617.13454 -1469.859989)
(-2061.459845 -2617.13454 -1469.859989)
(-1786.522466 -2617.13454 -1469.859989)
(-1511.585086 -2617.13454 -1469.859989)
(-1236.647707 -2617.13454 -1469.859989)
(-961.7103276 -2617.13454 -1469.859989)
(-686.7729483 -2617.13454 -1469.859989)
(-411.835569 -2617.13454 -1469.859989)
(-136.8981897 -2617.13454 -1469.859989)
(138.0391897 -2617.13454 -1469.859989)
(412.976569 -2617.13454 -1469.859989)
(687.9139483 -2617.13454 -1469.859989)
(962.8513276 -2617.13454 -1469.859989)
(1237.788707 -2617.13454 -1469.859989)
(1512.726086 -2617.13454 -1469.859989)
(1787.663466 -2617.13454 -1469.859989)
(2062.600845 -2617.13454 -1469.859989)
(2337.538224 -2617.13454 -1469.859989)
(2612.475603 -2617.13454 -1469.859989)
(2887.412983 -2617.13454 -1469.859989)
(3162.350362 -2617.13454 -1469.859989)
(3437.287741 -2617.13454 -1469.859989)
(3712.225121 -2617.13454 -1469.859989)
(3987.1625 -2617.13454 -1469.859989)
(-3986.0215 -2389.32928 -1469.859989)
(-3711.084121 -2389.32928 -1469.859989)
(-3436.146741 -2389.32928 -1469.859989)
(-3161.209362 -2389.32928 -1469.859989)
(-2886.271983 -2389.32928 -1469.859989)
(-2611.334603 -2389.32928 -1469.859989)
(-2336.397224 -2389.32928 -1469.859989)
(-2061.459845 -2389.32928 -1469.859989)
(-1786.522466 -2389.32928 -1469.859989)
(-1511.585086 -2389.32928 -1469.859989)
(-1236.647707 -2389.32928 -1469.859989)
(-961.7103276 -2389.32928 -1469.859989)
(-686.7729483 -2389.32928 -1469.859989)
(-411.835569 -2389.32928 -1469.859989)
(-136.8981897 -2389.32928 -1469.859989)
(138.0391897 -2389.32928 -1469.859989)
(412.976569 -2389.32928 -1469.859989)
(687.9139483 -2389.32928 -1469.859989)
(962.8513276 -2389.32928 -1469.859989)
(1237.788707 -2389.32928 -1469.859989)
(1512.726086 -2389.32928 -1469.859989)
(1787.663466 -2389.32928 -1469.859989)
(2062.600845 -2389.32928 -1469.859989)
(2337.538224 -2389.32928 -1469.859989)
(2612.475603 -2389.32928 -1469.859989)
(2887.412983 -2389.32928 -1469.859989)
(3162.350362 -2389.32928 -1469.859989)
(3437.287741 -2389.32928 -1469.859989)
(3712.225121 -2389.32928 -1469.859989)
(3987.1625 -2389.32928 -1469.859989)
(-3986.0215 -2161.52402 -1469.859989)
(-3711.084121 -2161.52402 -1469.859989)
(-3436.146741 -2161.52402 -1469.859989)
(-3161.209362 -2161.52402 -1469.859989)
(-2886.271983 -2161.52402 -1469.859989)
(-2611.334603 -2161.52402 -1469.859989)
(-2336.397224 -2161.52402 -1469.859989)
(-2061.459845 -2161.52402 -1469.859989)
(-1786.522466 -2161.52402 -1469.859989)
(-1511.585086 -2161.52402 -1469.859989)
(-1236.647707 -2161.52402 -1469.859989)
(-961.7103276 -2161.52402 -1469.859989)
(-686.7729483 -2161.52402 -1469.859989)
(-411.835569 -2161.52402 -1469.859989)
(-136.8981897 -2161.52402 -1469.859989)
(138.0391897 -2161.52402 -1469.859989)
(412.976569 -2161.52402 -1469.859989)
(687.9139483 -2161.52402 -1469.859989)
(962.8513276 -2161.52402 -1469.859989)
(1237.788707 -2161.52402 -1469.859989)
(1512.726086 -2161.52402 -1469.859989)
(1787.663466 -2161.52402 -1469.859989)
(2062.600845 -2161.52402 -1469.859989)
(2337.538224 -2161.52402 -1469.859989)
(2612.475603 -2161.52402 -1469.859989)
(2887.412983 -2161.52402 -1469.859989)
(3162.350362 -2161.52402 -1469.859989)
(3437.287741 -2161.52402 -1469.859989)
(3712.225121 -2161.52402 -1469.859989)
(3987.1625 -2161.52402 -1469.859989)
(-3986.0215 -1933.71876 -1469.859989)
(-3711.084121 -1933.71876 -1469.859989)
(-3436.146741 -1933.71876 -1469.859989)
(-3161.209362 -1933.71876 -1469.859989)
(-2886.271983 -1933.71876 -1469.859989)
(-2611.334603 -1933.71876 -1469.859989)
(-2336.397224 -1933.71876 -1469.859989)
(-2061.459845 -1933.71876 -1469.859989)
(-1786.522466 -1933.71876 -1469.859989)
(-1511.585086 -1933.71876 -1469.859989)
(-1236.647707 -1933.71876 -1469.859989)
(-961.7103276 -1933.71876 -1469.859989)
(-686.7729483 -1933.71876 -1469.859989)
(-411.835569 -1933.71876 -1469.859989)
(-136.8981897 -1933.71876 -1469.859989)
(138.0391897 -1933.71876 -1469.859989)
(412.976569 -1933.71876 -1469.859989)
(687.9139483 -1933.71876 -1469.859989)
(962.8513276 -1933.71876 -1469.859989)
(1237.788707 -1933.71876 -1469.859989)
(1512.726086 -1933.71876 -1469.859989)
(1787.663466 -1933.71876 -1469.859989)
(2062.600845 -1933.71876 -1469.859989)
(2337.538224 -1933.71876 -1469.859989)
(2612.475603 -1933.71876 -1469.859989)
(2887.412983 -1933.71876 -1469.859989)
(3162.350362 -1933.71876 -1469.859989)
(3437.287741 -1933.71876 -1469.859989)
(3712.225121 -1933.71876 -1469.859989)
(3987.1625 -1933.71876 -1469.859989)
(-3986.0215 -1705.9135 -1469.859989)
(-3711.084121 -1705.9135 -1469.859989)
(-3436.146741 -1705.9135 -1469.859989)
(-3161.209362 -1705.9135 -1469.859989)
(-2886.271983 -1705.9135 -1469.859989)
(-2611.334603 -1705.9135 -1469.859989)
(-2336.397224 -1705.9135 -1469.859989)
(-2061.459845 -1705.9135 -1469.859989)
(-1786.522466 -1705.9135 -1469.859989)
(-1511.585086 -1705.9135 -1469.859989)
(-1236.647707 -1705.9135 -1469.859989)
(-961.7103276 -1705.9135 -1469.859989)
(-686.7729483 -1705.9135 -1469.859989)
(-411.835569 -1705.9135 -1469.859989)
(-136.8981897 -1705.9135 -1469.859989)
(138.0391897 -1705.9135 -1469.859989)
(412.976569 -1705.9135 -1469.859989)
(687.9139483 -1705.9135 -1469.859989)
(962.8513276 -1705.9135 -1469.859989)
(1237.788707 -1705.9135 -1469.859989)
(1512.726086 -1705.9135 -1469.859989)
(1787.663466 -1705.9135 -1469.859989)
(2062.600845 -1705.9135 -1469.859989)
(2337.538224 -1705.9135 -1469.859989)
(2612.475603 -1705.9135 -1469.859989)
(2887.412983 -1705.9135 -1469.859989)
(3162.350362 -1705.9135 -1469.859989)
(3437.287741 -1705.9135 -1469.859989)
(3712.225121 -1705.9135 -1469.859989)
(3987.1625 -1705.9135 -1469.859989)
(-3986.0215 -1478.10824 -1469.859989)
(-3711.084121 -1478.10824 -1469.859989)
(-3436.146741 -1478.10824 -1469.859989)
(-3161.209362 -1478.10824 -1469.859989)
(-2886.271983 -1478.10824 -1469.859989)
(-2611.334603 -1478.10824 -1469.859989)
(-2336.397224 -1478.10824 -1469.859989)
(-2061.459845 -1478.10824 -1469.859989)
(-1786.522466 -1478.10824 -1469.859989)
(-1511.585086 -1478.10824 -1469.859989)
(-1236.647707 -1478.10824 -1469.859989)
(-961.7103276 -1478.10824 -1469.859989)
(-686.7729483 -1478.10824 -1469.859989)
(-411.835569 -1478.10824 -1469.859989)
(-136.8981897 -1478.10824 -1469.859989)
(138.0391897 -1478.10824 -1469.859989)
(412.976569 -1478.10824 -1469.859989)
(687.9139483 -1478.10824 -1469.859989)
(962.8513276 -1478.10824 -1469.859989)
(1237.788707 -1478.10824 -1469.859989)
(1512.726086 -1478.10824 -1469.859989)
(1787.663466 -1478.10824 -1469.859989)
(2062.600845 -1478.10824 -1469.859989)
(2337.538224 -1478.10824 -1469.859989)
(2612.475603 -1478.10824 -1469.859989)
(2887.412983 -1478.10824 -1469.859989)
(3162.350362 -1478.10824 -1469.859989)
(3437.287741 -1478.10824 -1469.859989)
(3712.225121 -1478.10824 -1469.859989)
(3987.1625 -1478.10824 -1469.859989)
(-3986.0215 -1250.30298 -1469.859989)
(-3711.084121 -1250.30298 -1469.859989)
(-3436.146741 -1250.30298 -1469.859989)
(-3161.209362 -1250.30298 -1469.859989)
(-2886.271983 -1250.30298 -1469.859989)
(-2611.334603 -1250.30298 -1469.859989)
(-2336.397224 -1250.30298 -1469.859989)
(-2061.459845 -1250.30298 -1469.859989)
(-1786.522466 -1250.30298 -1469.859989)
(-1511.585086 -1250.30298 -1469.859989)
(-1236.647707 -1250.30298 -1469.859989)
(-961.7103276 -1250.30298 -1469.859989)
(-686.7729483 -1250.30298 -1469.859989)
(-411.835569 -1250.30298 -1469.859989)
(-136.8981897 -1250.30298 -1469.859989)
(138.0391897 -1250.30298 -1469.859989)
(412.976569 -1250.30298 -1469.859989)
(687.9139483 -1250.30298 -1469.859989)
(962.8513276 -1250.30298 -1469.859989)
(1237.788707 -1250.30298 -1469.859989)
(1512.726086 -1250.30298 -1469.859989)
(1787.663466 -1250.30298 -1469.859989)
(2062.600845 -1250.30298 -1469.859989)
(2337.538224 -1250.30298 -1469.859989)
(2612.475603 -1250.30298 -1469.859989)
(2887.412983 -1250.30298 -1469.859989)
(3162.350362 -1250.30298 -1469.859989)
(3437.287741 -1250.30298 -1469.859989)
(3712.225121 -1250.30298 -1469.859989)
(3987.1625 -1250.30298 -1469.859989)
(-3986.0215 -1022.49772 -1469.859989)
(-3711.084121 -1022.49772 -1469.859989)
(-3436.146741 -1022.49772 -1469.859989)
(-3161.209362 -1022.49772 -1469.859989)
(-2886.271983 -1022.49772 -1469.859989)
(-2611.334603 -1022.49772 -1469.859989)
(-2336.397224 -1022.49772 -1469.859989)
(-2061.459845 -1022.49772 -1469.859989)
(-1786.522466 -1022.49772 -1469.859989)
(-1511.585086 -1022.49772 -1469.859989)
(-1236.647707 -1022.49772 -1469.859989)
(-961.7103276 -1022.49772 -1469.859989)
(-686.7729483 -1022.49772 -1469.859989)
(-411.835569 -1022.49772 -1469.859989)
(-136.8981897 -1022.49772 -1469.859989)
(138.0391897 -1022.49772 -1469.859989)
(412.976569 -1022.49772 -1469.859989)
(687.9139483 -1022.49772 -1469.859989)
(962.8513276 -1022.49772 -1469.859989)
(1237.788707 -1022.49772 -1469.859989)
(1512.726086 -1022.49772 -1469.859989)
(1787.663466 -1022.49772 -1469.859989)
(2062.600845 -1022.49772 -1469.859989)
(2337.538224 -1022.49772 -1469.859989)
(2612.475603 -1022.49772 -1469.859989)
(2887.412983 -1022.49772 -1469.859989)
(3162.350362 -1022.49772 -1469.859989)
(3437.287741 -1022.49772 -1469.859989)
(3712.225121 -1022.49772 -1469.859989)
(3987.1625 -1022.49772 -1469.859989)
(-3986.0215 -794.69246 -1469.859989)
(-3711.084121 -794.69246 -1469.859989)
(-3436.146741 -794.69246 -1469.859989)
(-3161.209362 -794.69246 -1469.859989)
(-2886.271983 -794.69246 -1469.859989)
(-2611.334603 -794.69246 -1469.859989)
(-2336.397224 -794.69246 -1469.859989)
(-2061.459845 -794.69246 -1469.859989)
(-1786.522466 -794.69246 -1469.859989)
(-1511.585086 -794.69246 -1469.859989)
(-1236.647707 -794.69246 -1469.859989)
(-961.7103276 -794.69246 -1469.859989)
(-686.7729483 -794.69246 -1469.859989)
(-411.835569 -794.69246 -1469.859989)
(-136.8981897 -794.69246 -1469.859989)
(138.0391897 -794.69246 -1469.859989)
(412.976569 -794.69246 -1469.859989)
(687.9139483 -794.69246 -1469.859989)
(962.8513276 -794.69246 -1469.859989)
(1237.788707 -794.69246 -1469.859989)
(1512.726086 -794.69246 -1469.859989)
(1787.663466 -794.69246 -1469.859989)
(2062.600845 -794.69246 -1469.859989)
(2337.538224 -794.69246 -1469.859989)
(2612.475603 -794.69246 -1469.859989)
(2887.412983 -794.69246 -1469.859989)
(3162.350362 -794.69246 -1469.859989)
(3437.287741 -794.69246 -1469.859989)
(3712.225121 -794.69246 -1469.859989)
(3987.1625 -794.69246 -1469.859989)
(-3986.0215 -566.8872 -1469.859989)
(-3711.084121 -566.8872 -1469.859989)
(-3436.146741 -566.8872 -1469.859989)
(-3161.209362 -566.8872 -1469.859989)
(-2886.271983 -566.8872 -1469.859989)
(-2611.334603 -566.8872 -1469.859989)
(-2336.397224 -566.8872 -1469.859989)
(-2061.459845 -566.8872 -1469.859989)
(-1786.522466 -566.8872 -1469.859989)
(-1511.585086 -566.8872 -1469.859989)
(-1236.647707 -566.8872 -1469.859989)
(-961.7103276 -566.8872 -1469.859989)
(-686.7729483 -566.8872 -1469.859989)
(-411.835569 -566.8872 -1469.859989)
(-136.8981897 -566.8872 -1469.859989)
(138.0391897 -566.8872 -1469.859989)
(412.976569 -566.8872 -1469.859989)
(687.9139483 -566.8872 -1469.859989)
(962.8513276 -566.8872 -1469.859989)
(1237.788707 -566.8872 -1469.859989)
(1512.726086 -566.8872 -1469.859989)
(1787.663466 -566.8872 -1469.859989)
(2062.600845 -566.8872 -1469.859989)
(2337.538224 -566.8872 -1469.859989)
(2612.475603 -566.8872 -1469.859989)
(2887.412983 -566.8872 -1469.859989)
(3162.350362 -566.8872 -1469.859989)
(3437.287741 -566.8872 -1469.859989)
(3712.225121 -566.8872 -1469.859989)
(3987.1625 -566.8872 -1469.859989)
(-3986.0215 -339.08194 -1469.859989)
(-3711.084121 -339.08194 -1469.859989)
(-3436.146741 -339.08194 -1469.859989)
(-3161.209362 -339.08194 -1469.859989)
(-2886.271983 -339.08194 -1469.859989)
(-2611.334603 -339.08194 -1469.859989)
(-2336.397224 -339.08194 -1469.859989)
(-2061.459845 -339.08194 -1469.859989)
(-1786.522466 -339.08194 -1469.859989)
(-1511.585086 -339.08194 -1469.859989)
(-1236.647707 -339.08194 -1469.859989)
(-961.7103276 -339.08194 -1469.859989)
(-686.7729483 -339.08194 -1469.859989)
(-411.835569 -339.08194 -1469.859989)
(-136.8981897 -339.08194 -1469.859989)
(138.0391897 -339.08194 -1469.859989)
(412.976569 -339.08194 -1469.859989)
(687.9139483 -339.08194 -1469.859989)
(962.8513276 -339.08194 -1469.859989)
(1237.788707 -339.08194 -1469.859989)
(1512.726086 -339.08194 -1469.859989)
(1787.663466 -339.08194 -1469.859989)
(2062.600845 -339.08194 -1469.859989)
(2337.538224 -339.08194 -1469.859989)
(2612.475603 -339.08194 -1469.859989)
(2887.412983 -339.08194 -1469.859989)
(3162.350362 -339.08194 -1469.859989)
(3437.287741 -339.08194 -1469.859989)
(3712.225121 -339.08194 -1469.859989)
(3987.1625 -339.08194 -1469.859989)
(-3986.0215 -111.27668 -1469.859989)
(-3711.084121 -111.27668 -1469.859989)
(-3436.146741 -111.27668 -1469.859989)
(-3161.209362 -111.27668 -1469.859989)
(-2886.271983 -111.27668 -1469.859989)
(-2611.334603 -111.27668 -1469.859989)
(-2336.397224 -111.27668 -1469.859989)
(-2061.459845 -111.27668 -1469.859989)
(-1786.522466 -111.27668 -1469.859989)
(-1511.585086 -111.27668 -1469.859989)
(-1236.647707 -111.27668 -1469.859989)
(-961.7103276 -111.27668 -1469.859989)
(-686.7729483 -111.27668 -1469.859989)
(-411.835569 -111.27668 -1469.859989)
(-136.8981897 -111.27668 -1469.859989)
(138.0391897 -111.27668 -1469.859989)
(412.976569 -111.27668 -1469.859989)
(687.9139483 -111.27668 -1469.859989)
(962.8513276 -111.27668 -1469.859989)
(1237.788707 -111.27668 -1469.859989)
(1512.726086 -111.27668 -1469.859989)
(1787.663466 -111.27668 -1469.859989)
(2062.600845 -111.27668 -1469.859989)
(2337.538224 -111.27668 -1469.859989)
(2612.475603 -111.27668 -1469.859989)
(2887.412983 -111.27668 -1469.859989)
(3162.350362 -111.27668 -1469.859989)
(3437.287741 -111.27668 -1469.859989)
(3712.225121 -111.27668 -1469.859989)
(3987.1625 -111.27668 -1469.859989)
(-3986.0215 116.52858 -1469.859989)
(-3711.084121 116.52858 -1469.859989)
(-3436.146741 116.52858 -1469.859989)
(-3161.209362 116.52858 -1469.859989)
(-2886.271983 116.52858 -1469.859989)
(-2611.334603 116.52858 -1469.859989)
(-2336.397224 116.52858 -1469.859989)
(-2061.459845 116.52858 -1469.859989)
(-1786.522466 116.52858 -1469.859989)
(-1511.585086 116.52858 -1469.859989)
(-1236.647707 116.52858 -1469.859989)
(-961.7103276 116.52858 -1469.859989)
(-686.7729483 116.52858 -1469.859989)
(-411.835569 116.52858 -1469.859989)
(-136.8981897 116.52858 -1469.859989)
(138.0391897 116.52858 -1469.859989)
(412.976569 116.52858 -1469.859989)
(687.9139483 116.52858 -1469.859989)
(962.8513276 116.52858 -1469.859989)
(1237.788707 116.52858 -1469.859989)
(1512.726086 116.52858 -1469.859989)
(1787.663466 116.52858 -1469.859989)
(2062.600845 116.52858 -1469.859989)
(2337.538224 116.52858 -1469.859989)
(2612.475603 116.52858 -1469.859989)
(2887.412983 116.52858 -1469.859989)
(3162.350362 116.52858 -1469.859989)
(3437.287741 116.52858 -1469.859989)
(3712.225121 116.52858 -1469.859989)
(3987.1625 116.52858 -1469.859989)
(-3986.0215 344.33384 -1469.859989)
(-3711.084121 344.33384 -1469.859989)
(-3436.146741 344.33384 -1469.859989)
(-3161.209362 344.33384 -1469.859989)
(-2886.271983 344.33384 -1469.859989)
(-2611.334603 344.33384 -1469.859989)
(-2336.397224 344.33384 -1469.859989)
(-2061.459845 344.33384 -1469.859989)
(-1786.522466 344.33384 -1469.859989)
(-1511.585086 344.33384 -1469.859989)
(-1236.647707 344.33384 -1469.859989)
(-961.7103276 344.33384 -1469.859989)
(-686.7729483 344.33384 -1469.859989)
(-411.835569 344.33384 -1469.859989)
(-136.8981897 344.33384 -1469.859989)
(138.0391897 344.33384 -1469.859989)
(412.976569 344.33384 -1469.859989)
(687.9139483 344.33384 -1469.859989)
(962.8513276 344.33384 -1469.859989)
(1237.788707 344.33384 -1469.859989)
(1512.726086 344.33384 -1469.859989)
(1787.663466 344.33384 -1469.859989)
(2062.600845 344.33384 -1469.859989)
(2337.538224 344.33384 -1469.859989)
(2612.475603 344.33384 -1469.859989)
(2887.412983 344.33384 -1469.859989)
(3162.350362 344.33384 -1469.859989)
(3437.287741 344.33384 -1469.859989)
(3712.225121 344.33384 -1469.859989)
(3987.1625 344.33384 -1469.859989)
(-3986.0215 572.1391 -1469.859989)
(-3711.084121 572.1391 -1469.859989)
(-3436.146741 572.1391 -1469.859989)
(-3161.209362 572.1391 -1469.859989)
(-2886.271983 572.1391 -1469.859989)
(-2611.334603 572.1391 -1469.859989)
(-2336.397224 572.1391 -1469.859989)
(-2061.459845 572.1391 -1469.859989)
(-1786.522466 572.1391 -1469.859989)
(-1511.585086 572.1391 -1469.859989)
(-1236.647707 572.1391 -1469.859989)
(-961.7103276 572.1391 -1469.859989)
(-686.7729483 572.1391 -1469.859989)
(-411.835569 572.1391 -1469.859989)
(-136.8981897 572.1391 -1469.859989)
(138.0391897 572.1391 -1469.859989)
(412.976569 572.1391 -1469.859989)
(687.9139483 572.1391 -1469.859989)
(962.8513276 572.1391 -1469.859989)
(1237.788707 572.1391 -1469.859989)
(1512.726086 572.1391 -1469.859989)
(1787.663466 572.1391 -1469.859989)
(2062.600845 572.1391 -1469.859989)
(2337.538224 572.1391 -1469.859989)
(2612.475603 572.1391 -1469.859989)
(2887.412983 572.1391 -1469.859989)
(3162.350362 572.1391 -1469.859989)
(3437.287741 572.1391 -1469.859989)
(3712.225121 572.1391 -1469.859989)
(3987.1625 572.1391 -1469.859989)
(-3986.0215 799.94436 -1469.859989)
(-3711.084121 799.94436 -1469.859989)
(-3436.146741 799.94436 -1469.859989)
(-3161.209362 799.94436 -1469.859989)
(-2886.271983 799.94436 -1469.859989)
(-2611.334603 799.94436 -1469.859989)
(-2336.397224 799.94436 -1469.859989)
(-2061.459845 799.94436 -1469.859989)
(-1786.522466 799.94436 -1469.859989)
(-1511.585086 799.94436 -1469.859989)
(-1236.647707 799.94436 -1469.859989)
(-961.7103276 799.94436 -1469.859989)
(-686.7729483 799.94436 -1469.859989)
(-411.835569 799.94436 -1469.859989)
(-136.8981897 799.94436 -1469.859989)
(138.0391897 799.94436 -1469.859989)
(412.976569 799.94436 -1469.859989)
(687.9139483 799.94436 -1469.859989)
(962.8513276 799.94436 -1469.859989)
(1237.788707 799.94436 -1469.859989)
(1512.726086 799.94436 -1469.859989)
(1787.663466 799.94436 -1469.859989)
(2062.600845 799.94436 -1469.859989)
(2337.538224 799.94436 -1469.859989)
(2612.475603 799.94436 -1469.859989)
(2887.412983 799.94436 -1469.859989)
(3162.350362 799.94436 -1469.859989)
(3437.287741 799.94436 -1469.859989)
(3712.225121 799.94436 -1469.859989)
(3987.1625 799.94436 -1469.859989)
(-3986.0215 1027.74962 -1469.859989)
(-3711.084121 1027.74962 -1469.859989)
(-3436.146741 1027.74962 -1469.859989)
(-3161.209362 1027.74962 -1469.859989)
(-2886.271983 1027.74962 -1469.859989)
(-2611.334603 1027.74962 -1469.859989)
(-2336.397224 1027.74962 -1469.859989)
(-2061.459845 1027.74962 -1469.859989)
(-1786.522466 1027.74962 -1469.859989)
(-1511.585086 1027.74962 -1469.859989)
(-1236.647707 1027.74962 -1469.859989)
(-961.7103276 1027.74962 -1469.859989)
(-686.7729483 1027.74962 -1469.859989)
(-411.835569 1027.74962 -1469.859989)
(-136.8981897 1027.74962 -1469.859989)
(138.0391897 1027.74962 -1469.859989)
(412.976569 1027.74962 -1469.859989)
(687.9139483 1027.74962 -1469.859989)
(962.8513276 1027.74962 -1469.859989)
(1237.788707 1027.74962 -1469.859989)
(1512.726086 1027.74962 -1469.859989)
(1787.663466 1027.74962 -1469.859989)
(2062.600845 1027.74962 -1469.859989)
(2337.538224 1027.74962 -1469.859989)
(2612.475603 1027.74962 -1469.859989)
(2887.412983 1027.74962 -1469.859989)
(3162.350362 1027.74962 -1469.859989)
(3437.287741 1027.74962 -1469.859989)
(3712.225121 1027.74962 -1469.859989)
(3987.1625 1027.74962 -1469.859989)
(-3986.0215 1255.55488 -1469.859989)
(-3711.084121 1255.55488 -1469.859989)
(-3436.146741 1255.55488 -1469.859989)
(-3161.209362 1255.55488 -1469.859989)
(-2886.271983 1255.55488 -1469.859989)
(-2611.334603 1255.55488 -1469.859989)
(-2336.397224 1255.55488 -1469.859989)
(-2061.459845 1255.55488 -1469.859989)
(-1786.522466 1255.55488 -1469.859989)
(-1511.585086 1255.55488 -1469.859989)
(-1236.647707 1255.55488 -1469.859989)
(-961.7103276 1255.55488 -1469.859989)
(-686.7729483 1255.55488 -1469.859989)
(-411.835569 1255.55488 -1469.859989)
(-136.8981897 1255.55488 -1469.859989)
(138.0391897 1255.55488 -1469.859989)
(412.976569 1255.55488 -1469.859989)
(687.9139483 1255.55488 -1469.859989)
(962.8513276 1255.55488 -1469.859989)
(1237.788707 1255.55488 -1469.859989)
(1512.726086 1255.55488 -1469.859989)
(1787.663466 1255.55488 -1469.859989)
(2062.600845 1255.55488 -1469.859989)
(2337.538224 1255.55488 -1469.859989)
(2612.475603 1255.55488 -1469.859989)
(2887.412983 1255.55488 -1469.859989)
(3162.350362 1255.55488 -1469.859989)
(3437.287741 1255.55488 -1469.859989)
(3712.225121 1255.55488 -1469.859989)
(3987.1625 1255.55488 -1469.859989)
(-3986.0215 1483.36014 -1469.859989)
(-3711.084121 1483.36014 -1469.859989)
(-3436.146741 1483.36014 -1469.859989)
(-3161.209362 1483.36014 -1469.859989)
(-2886.271983 1483.36014 -1469.859989)
(-2611.334603 1483.36014 -1469.859989)
(-2336.397224 1483.36014 -1469.859989)
(-2061.459845 1483.36014 -1469.859989)
(-1786.522466 1483.36014 -1469.859989)
(-1511.585086 1483.36014 -1469.859989)
(-1236.647707 1483.36014 -1469.859989)
(-961.7103276 1483.36014 -1469.859989)
(-686.7729483 1483.36014 -1469.859989)
(-411.835569 1483.36014 -1469.859989)
(-136.8981897 1483.36014 -1469.859989)
(138.0391897 1483.36014 -1469.859989)
(412.976569 1483.36014 -1469.859989)
(687.9139483 1483.36014 -1469.859989)
(962.8513276 1483.36014 -1469.859989)
(1237.788707 1483.36014 -1469.859989)
(1512.726086 1483.36014 -1469.859989)
(1787.663466 1483.36014 -1469.859989)
(2062.600845 1483.36014 -1469.859989)
(2337.538224 1483.36014 -1469.859989)
(2612.475603 1483.36014 -1469.859989)
(2887.412983 1483.36014 -1469.859989)
(3162.350362 1483.36014 -1469.859989)
(3437.287741 1483.36014 -1469.859989)
(3712.225121 1483.36014 -1469.859989)
(3987.1625 1483.36014 -1469.859989)
(-3986.0215 1711.1654 -1469.859989)
(-3711.084121 1711.1654 -1469.859989)
(-3436.146741 1711.1654 -1469.859989)
(-3161.209362 1711.1654 -1469.859989)
(-2886.271983 1711.1654 -1469.859989)
(-2611.334603 1711.1654 -1469.859989)
(-2336.397224 1711.1654 -1469.859989)
(-2061.459845 1711.1654 -1469.859989)
(-1786.522466 1711.1654 -1469.859989)
(-1511.585086 1711.1654 -1469.859989)
(-1236.647707 1711.1654 -1469.859989)
(-961.7103276 1711.1654 -1469.859989)
(-686.7729483 1711.1654 -1469.859989)
(-411.835569 1711.1654 -1469.859989)
(-136.8981897 1711.1654 -1469.859989)
(138.0391897 1711.1654 -1469.859989)
(412.976569 1711.1654 -1469.859989)
(687.9139483 1711.1654 -1469.859989)
(962.8513276 1711.1654 -1469.859989)
(1237.788707 1711.1654 -1469.859989)
(1512.726086 1711.1654 -1469.859989)
(1787.663466 1711.1654 -1469.859989)
(2062.600845 1711.1654 -1469.859989)
(2337.538224 1711.1654 -1469.859989)
(2612.475603 1711.1654 -1469.859989)
(2887.412983 1711.1654 -1469.859989)
(3162.350362 1711.1654 -1469.859989)
(3437.287741 1711.1654 -1469.859989)
(3712.225121 1711.1654 -1469.859989)
(3987.1625 1711.1654 -1469.859989)
(-3986.0215 1938.97066 -1469.859989)
(-3711.084121 1938.97066 -1469.859989)
(-3436.146741 1938.97066 -1469.859989)
(-3161.209362 1938.97066 -1469.859989)
(-2886.271983 1938.97066 -1469.859989)
(-2611.334603 1938.97066 -1469.859989)
(-2336.397224 1938.97066 -1469.859989)
(-2061.459845 1938.97066 -1469.859989)
(-1786.522466 1938.97066 -1469.859989)
(-1511.585086 1938.97066 -1469.859989)
(-1236.647707 1938.97066 -1469.859989)
(-961.7103276 1938.97066 -1469.859989)
(-686.7729483 1938.97066 -1469.859989)
(-411.835569 1938.97066 -1469.859989)
(-136.8981897 1938.97066 -1469.859989)
(138.0391897 1938.97066 -1469.859989)
(412.976569 1938.97066 -1469.859989)
(687.9139483 1938.97066 -1469.859989)
(962.8513276 1938.97066 -1469.859989)
(1237.788707 1938.97066 -1469.859989)
(1512.726086 1938.97066 -1469.859989)
(1787.663466 1938.97066 -1469.859989)
(2062.600845 1938.97066 -1469.859989)
(2337.538224 1938.97066 -1469.859989)
(2612.475603 1938.97066 -1469.859989)
(2887.412983 1938.97066 -1469.859989)
(3162.350362 1938.97066 -1469.859989)
(3437.287741 1938.97066 -1469.859989)
(3712.225121 1938.97066 -1469.859989)
(3987.1625 1938.97066 -1469.859989)
(-3986.0215 2166.77592 -1469.859989)
(-3711.084121 2166.77592 -1469.859989)
(-3436.146741 2166.77592 -1469.859989)
(-3161.209362 2166.77592 -1469.859989)
(-2886.271983 2166.77592 -1469.859989)
(-2611.334603 2166.77592 -1469.859989)
(-2336.397224 2166.77592 -1469.859989)
(-2061.459845 2166.77592 -1469.859989)
(-1786.522466 2166.77592 -1469.859989)
(-1511.585086 2166.77592 -1469.859989)
(-1236.647707 2166.77592 -1469.859989)
(-961.7103276 2166.77592 -1469.859989)
(-686.7729483 2166.77592 -1469.859989)
(-411.835569 2166.77592 -1469.859989)
(-136.8981897 2166.77592 -1469.859989)
(138.0391897 2166.77592 -1469.859989)
(412.976569 2166.77592 -1469.859989)
(687.9139483 2166.77592 -1469.859989)
(962.8513276 2166.77592 -1469.859989)
(1237.788707 2166.77592 -1469.859989)
(1512.726086 2166.77592 -1469.859989)
(1787.663466 2166.77592 -1469.859989)
(2062.600845 2166.77592 -1469.859989)
(2337.538224 2166.77592 -1469.859989)
(2612.475603 2166.77592 -1469.859989)
(2887.412983 2166.77592 -1469.859989)
(3162.350362 2166.77592 -1469.859989)
(3437.287741 2166.77592 -1469.859989)
(3712.225121 2166.77592 -1469.859989)
(3987.1625 2166.77592 -1469.859989)
(-3986.0215 2394.58118 -1469.859989)
(-3711.084121 2394.58118 -1469.859989)
(-3436.146741 2394.58118 -1469.859989)
(-3161.209362 2394.58118 -1469.859989)
(-2886.271983 2394.58118 -1469.859989)
(-2611.334603 2394.58118 -1469.859989)
(-2336.397224 2394.58118 -1469.859989)
(-2061.459845 2394.58118 -1469.859989)
(-1786.522466 2394.58118 -1469.859989)
(-1511.585086 2394.58118 -1469.859989)
(-1236.647707 2394.58118 -1469.859989)
(-961.7103276 2394.58118 -1469.859989)
(-686.7729483 2394.58118 -1469.859989)
(-411.835569 2394.58118 -1469.859989)
(-136.8981897 2394.58118 -1469.859989)
(138.0391897 2394.58118 -1469.859989)
(412.976569 2394.58118 -1469.859989)
(687.9139483 2394.58118 -1469.859989)
(962.8513276 2394.58118 -1469.859989)
(1237.788707 2394.58118 -1469.859989)
(1512.726086 2394.58118 -1469.859989)
(1787.663466 2394.58118 -1469.859989)
(2062.600845 2394.58118 -1469.859989)
(2337.538224 2394.58118 -1469.859989)
(2612.475603 2394.58118 -1469.859989)
(2887.412983 2394.58118 -1469.859989)
(3162.350362 2394.58118 -1469.859989)
(3437.287741 2394.58118 -1469.859989)
(3712.225121 2394.58118 -1469.859989)
(3987.1625 2394.58118 -1469.859989)
(-3986.0215 2622.38644 -1469.859989)
(-3711.084121 2622.38644 -1469.859989)
(-3436.146741 2622.38644 -1469.859989)
(-3161.209362 2622.38644 -1469.859989)
(-2886.271983 2622.38644 -1469.859989)
(-2611.334603 2622.38644 -1469.859989)
(-2336.397224 2622.38644 -1469.859989)
(-2061.459845 2622.38644 -1469.859989)
(-1786.522466 2622.38644 -1469.859989)
(-1511.585086 2622.38644 -1469.859989)
(-1236.647707 2622.38644 -1469.859989)
(-961.7103276 2622.38644 -1469.859989)
(-686.7729483 2622.38644 -1469.859989)
(-411.835569 2622.38644 -1469.859989)
(-136.8981897 2622.38644 -1469.859989)
(138.0391897 2622.38644 -1469.859989)
(412.976569 2622.38644 -1469.859989)
(687.9139483 2622.38644 -1469.859989)
(962.8513276 2622.38644 -1469.859989)
(1237.788707 2622.38644 -1469.859989)
(1512.726086 2622.38644 -1469.859989)
(1787.663466 2622.38644 -1469.859989)
(2062.600845 2622.38644 -1469.859989)
(2337.538224 2622.38644 -1469.859989)
(2612.475603 2622.38644 -1469.859989)
(2887.412983 2622.38644 -1469.859989)
(3162.350362 2622.38644 -1469.859989)
(3437.287741 2622.38644 -1469.859989)
(3712.225121 2622.38644 -1469.859989)
(3987.1625 2622.38644 -1469.859989)
(-3986.0215 2850.1917 -1469.859989)
(-3711.084121 2850.1917 -1469.859989)
(-3436.146741 2850.1917 -1469.859989)
(-3161.209362 2850.1917 -1469.859989)
(-2886.271983 2850.1917 -1469.859989)
(-2611.334603 2850.1917 -1469.859989)
(-2336.397224 2850.1917 -1469.859989)
(-2061.459845 2850.1917 -1469.859989)
(-1786.522466 2850.1917 -1469.859989)
(-1511.585086 2850.1917 -1469.859989)
(-1236.647707 2850.1917 -1469.859989)
(-961.7103276 2850.1917 -1469.859989)
(-686.7729483 2850.1917 -1469.859989)
(-411.835569 2850.1917 -1469.859989)
(-136.8981897 2850.1917 -1469.859989)
(138.0391897 2850.1917 -1469.859989)
(412.976569 2850.1917 -1469.859989)
(687.9139483 2850.1917 -1469.859989)
(962.8513276 2850.1917 -1469.859989)
(1237.788707 2850.1917 -1469.859989)
(1512.726086 2850.1917 -1469.859989)
(1787.663466 2850.1917 -1469.859989)
(2062.600845 2850.1917 -1469.859989)
(2337.538224 2850.1917 -1469.859989)
(2612.475603 2850.1917 -1469.859989)
(2887.412983 2850.1917 -1469.859989)
(3162.350362 2850.1917 -1469.859989)
(3437.287741 2850.1917 -1469.859989)
(3712.225121 2850.1917 -1469.859989)
(3987.1625 2850.1917 -1469.859989)
(-3986.0215 3077.99696 -1469.859989)
(-3711.084121 3077.99696 -1469.859989)
(-3436.146741 3077.99696 -1469.859989)
(-3161.209362 3077.99696 -1469.859989)
(-2886.271983 3077.99696 -1469.859989)
(-2611.334603 3077.99696 -1469.859989)
(-2336.397224 3077.99696 -1469.859989)
(-2061.459845 3077.99696 -1469.859989)
(-1786.522466 3077.99696 -1469.859989)
(-1511.585086 3077.99696 -1469.859989)
(-1236.647707 3077.99696 -1469.859989)
(-961.7103276 3077.99696 -1469.859989)
(-686.7729483 3077.99696 -1469.859989)
(-411.835569 3077.99696 -1469.859989)
(-136.8981897 3077.99696 -1469.859989)
(138.0391897 3077.99696 -1469.859989)
(412.976569 3077.99696 -1469.859989)
(687.9139483 3077.99696 -1469.859989)
(962.8513276 3077.99696 -1469.859989)
(1237.788707 3077.99696 -1469.859989)
(1512.726086 3077.99696 -1469.859989)
(1787.663466 3077.99696 -1469.859989)
(2062.600845 3077.99696 -1469.859989)
(2337.538224 3077.99696 -1469.859989)
(2612.475603 3077.99696 -1469.859989)
(2887.412983 3077.99696 -1469.859989)
(3162.350362 3077.99696 -1469.859989)
(3437.287741 3077.99696 -1469.859989)
(3712.225121 3077.99696 -1469.859989)
(3987.1625 3077.99696 -1469.859989)
(-3986.0215 3305.80222 -1469.859989)
(-3711.084121 3305.80222 -1469.859989)
(-3436.146741 3305.80222 -1469.859989)
(-3161.209362 3305.80222 -1469.859989)
(-2886.271983 3305.80222 -1469.859989)
(-2611.334603 3305.80222 -1469.859989)
(-2336.397224 3305.80222 -1469.859989)
(-2061.459845 3305.80222 -1469.859989)
(-1786.522466 3305.80222 -1469.859989)
(-1511.585086 3305.80222 -1469.859989)
(-1236.647707 3305.80222 -1469.859989)
(-961.7103276 3305.80222 -1469.859989)
(-686.7729483 3305.80222 -1469.859989)
(-411.835569 3305.80222 -1469.859989)
(-136.8981897 3305.80222 -1469.859989)
(138.0391897 3305.80222 -1469.859989)
(412.976569 3305.80222 -1469.859989)
(687.9139483 3305.80222 -1469.859989)
(962.8513276 3305.80222 -1469.859989)
(1237.788707 3305.80222 -1469.859989)
(1512.726086 3305.80222 -1469.859989)
(1787.663466 3305.80222 -1469.859989)
(2062.600845 3305.80222 -1469.859989)
(2337.538224 3305.80222 -1469.859989)
(2612.475603 3305.80222 -1469.859989)
(2887.412983 3305.80222 -1469.859989)
(3162.350362 3305.80222 -1469.859989)
(3437.287741 3305.80222 -1469.859989)
(3712.225121 3305.80222 -1469.859989)
(3987.1625 3305.80222 -1469.859989)
(-3986.0215 3533.60748 -1469.859989)
(-3711.084121 3533.60748 -1469.859989)
(-3436.146741 3533.60748 -1469.859989)
(-3161.209362 3533.60748 -1469.859989)
(-2886.271983 3533.60748 -1469.859989)
(-2611.334603 3533.60748 -1469.859989)
(-2336.397224 3533.60748 -1469.859989)
(-2061.459845 3533.60748 -1469.859989)
(-1786.522466 3533.60748 -1469.859989)
(-1511.585086 3533.60748 -1469.859989)
(-1236.647707 3533.60748 -1469.859989)
(-961.7103276 3533.60748 -1469.859989)
(-686.7729483 3533.60748 -1469.859989)
(-411.835569 3533.60748 -1469.859989)
(-136.8981897 3533.60748 -1469.859989)
(138.0391897 3533.60748 -1469.859989)
(412.976569 3533.60748 -1469.859989)
(687.9139483 3533.60748 -1469.859989)
(962.8513276 3533.60748 -1469.859989)
(1237.788707 3533.60748 -1469.859989)
(1512.726086 3533.60748 -1469.859989)
(1787.663466 3533.60748 -1469.859989)
(2062.600845 3533.60748 -1469.859989)
(2337.538224 3533.60748 -1469.859989)
(2612.475603 3533.60748 -1469.859989)
(2887.412983 3533.60748 -1469.859989)
(3162.350362 3533.60748 -1469.859989)
(3437.287741 3533.60748 -1469.859989)
(3712.225121 3533.60748 -1469.859989)
(3987.1625 3533.60748 -1469.859989)
(-3986.0215 3761.41274 -1469.859989)
(-3711.084121 3761.41274 -1469.859989)
(-3436.146741 3761.41274 -1469.859989)
(-3161.209362 3761.41274 -1469.859989)
(-2886.271983 3761.41274 -1469.859989)
(-2611.334603 3761.41274 -1469.859989)
(-2336.397224 3761.41274 -1469.859989)
(-2061.459845 3761.41274 -1469.859989)
(-1786.522466 3761.41274 -1469.859989)
(-1511.585086 3761.41274 -1469.859989)
(-1236.647707 3761.41274 -1469.859989)
(-961.7103276 3761.41274 -1469.859989)
(-686.7729483 3761.41274 -1469.859989)
(-411.835569 3761.41274 -1469.859989)
(-136.8981897 3761.41274 -1469.859989)
(138.0391897 3761.41274 -1469.859989)
(412.976569 3761.41274 -1469.859989)
(687.9139483 3761.41274 -1469.859989)
(962.8513276 3761.41274 -1469.859989)
(1237.788707 3761.41274 -1469.859989)
(1512.726086 3761.41274 -1469.859989)
(1787.663466 3761.41274 -1469.859989)
(2062.600845 3761.41274 -1469.859989)
(2337.538224 3761.41274 -1469.859989)
(2612.475603 3761.41274 -1469.859989)
(2887.412983 3761.41274 -1469.859989)
(3162.350362 3761.41274 -1469.859989)
(3437.287741 3761.41274 -1469.859989)
(3712.225121 3761.41274 -1469.859989)
(3987.1625 3761.41274 -1469.859989)
(-3986.0215 3989.218 -1469.859989)
(-3711.084121 3989.218 -1469.859989)
(-3436.146741 3989.218 -1469.859989)
(-3161.209362 3989.218 -1469.859989)
(-2886.271983 3989.218 -1469.859989)
(-2611.334603 3989.218 -1469.859989)
(-2336.397224 3989.218 -1469.859989)
(-2061.459845 3989.218 -1469.859989)
(-1786.522466 3989.218 -1469.859989)
(-1511.585086 3989.218 -1469.859989)
(-1236.647707 3989.218 -1469.859989)
(-961.7103276 3989.218 -1469.859989)
(-686.7729483 3989.218 -1469.859989)
(-411.835569 3989.218 -1469.859989)
(-136.8981897 3989.218 -1469.859989)
(138.0391897 3989.218 -1469.859989)
(412.976569 3989.218 -1469.859989)
(687.9139483 3989.218 -1469.859989)
(962.8513276 3989.218 -1469.859989)
(1237.788707 3989.218 -1469.859989)
(1512.726086 3989.218 -1469.859989)
(1787.663466 3989.218 -1469.859989)
(2062.600845 3989.218 -1469.859989)
(2337.538224 3989.218 -1469.859989)
(2612.475603 3989.218 -1469.859989)
(2887.412983 3989.218 -1469.859989)
(3162.350362 3989.218 -1469.859989)
(3437.287741 3989.218 -1469.859989)
(3712.225121 3989.218 -1469.859989)
(3987.1625 3989.218 -1469.859989)
(-3986.0215 -3983.9661 -1050.218721)
(-3711.084121 -3983.9661 -1050.218721)
(-3436.146741 -3983.9661 -1050.218721)
(-3161.209362 -3983.9661 -1050.218721)
(-2886.271983 -3983.9661 -1050.218721)
(-2611.334603 -3983.9661 -1050.218721)
(-2336.397224 -3983.9661 -1050.218721)
(-2061.459845 -3983.9661 -1050.218721)
(-1786.522466 -3983.9661 -1050.218721)
(-1511.585086 -3983.9661 -1050.218721)
(-1236.647707 -3983.9661 -1050.218721)
(-961.7103276 -3983.9661 -1050.218721)
(-686.7729483 -3983.9661 -1050.218721)
(-411.835569 -3983.9661 -1050.218721)
(-136.8981897 -3983.9661 -1050.218721)
(138.0391897 -3983.9661 -1050.218721)
(412.976569 -3983.9661 -1050.218721)
(687.9139483 -3983.9661 -1050.218721)
(962.8513276 -3983.9661 -1050.218721)
(1237.788707 -3983.9661 -1050.218721)
(1512.726086 -3983.9661 -1050.218721)
(1787.663466 -3983.9661 -1050.218721)
(2062.600845 -3983.9661 -1050.218721)
(2337.538224 -3983.9661 -1050.218721)
(2612.475603 -3983.9661 -1050.218721)
(2887.412983 -3983.9661 -1050.218721)
(3162.350362 -3983.9661 -1050.218721)
(3437.287741 -3983.9661 -1050.218721)
(3712.225121 -3983.9661 -1050.218721)
(3987.1625 -3983.9661 -1050.218721)
(-3986.0215 -3756.16084 -1050.218721)
(-3711.084121 -3756.16084 -1050.218721)
(-3436.146741 -3756.16084 -1050.218721)
(-3161.209362 -3756.16084 -1050.218721)
(-2886.271983 -3756.16084 -1050.218721)
(-2611.334603 -3756.16084 -1050.218721)
(-2336.397224 -3756.16084 -1050.218721)
(-2061.459845 -3756.16084 -1050.218721)
(-1786.522466 -3756.16084 -1050.218721)
(-1511.585086 -3756.16084 -1050.218721)
(-1236.647707 -3756.16084 -1050.218721)
(-961.7103276 -3756.16084 -1050.218721)
(-686.7729483 -3756.16084 -1050.218721)
(-411.835569 -3756.16084 -1050.218721)
(-136.8981897 -3756.16084 -1050.218721)
(138.0391897 -3756.16084 -1050.218721)
(412.976569 -3756.16084 -1050.218721)
(687.9139483 -3756.16084 -1050.218721)
(962.8513276 -3756.16084 -1050.218721)
(1237.788707 -3756.16084 -1050.218721)
(1512.726086 -3756.16084 -1050.218721)
(1787.663466 -3756.16084 -1050.218721)
(2062.600845 -3756.16084 -1050.218721)
(2337.538224 -3756.16084 -1050.218721)
(2612.475603 -3756.16084 -1050.218721)
(2887.412983 -3756.16084 -1050.218721)
(3162.350362 -3756.16084 -1050.218721)
(3437.287741 -3756.16084 -1050.218721)
(3712.225121 -3756.16084 -1050.218721)
(3987.1625 -3756.16084 -1050.218721)
(-3986.0215 -3528.35558 -1050.218721)
(-3711.084121 -3528.35558 -1050.218721)
(-3436.146741 -3528.35558 -1050.218721)
(-3161.209362 -3528.35558 -1050.218721)
(-2886.271983 -3528.35558 -1050.218721)
(-2611.334603 -3528.35558 -1050.218721)
(-2336.397224 -3528.35558 -1050.218721)
(-2061.459845 -3528.35558 -1050.218721)
(-1786.522466 -3528.35558 -1050.218721)
(-1511.585086 -3528.35558 -1050.218721)
(-1236.647707 -3528.35558 -1050.218721)
(-961.7103276 -3528.35558 -1050.218721)
(-686.7729483 -3528.35558 -1050.218721)
(-411.835569 -3528.35558 -1050.218721)
(-136.8981897 -3528.35558 -1050.218721)
(138.0391897 -3528.35558 -1050.218721)
(412.976569 -3528.35558 -1050.218721)
(687.9139483 -3528.35558 -1050.218721)
(962.8513276 -3528.35558 -1050.218721)
(1237.788707 -3528.35558 -1050.218721)
(1512.726086 -3528.35558 -1050.218721)
(1787.663466 -3528.35558 -1050.218721)
(2062.600845 -3528.35558 -1050.218721)
(2337.538224 -3528.35558 -1050.218721)
(2612.475603 -3528.35558 -1050.218721)
(2887.412983 -3528.35558 -1050.218721)
(3162.350362 -3528.35558 -1050.218721)
(3437.287741 -3528.35558 -1050.218721)
(3712.225121 -3528.35558 -1050.218721)
(3987.1625 -3528.35558 -1050.218721)
(-3986.0215 -3300.55032 -1050.218721)
(-3711.084121 -3300.55032 -1050.218721)
(-3436.146741 -3300.55032 -1050.218721)
(-3161.209362 -3300.55032 -1050.218721)
(-2886.271983 -3300.55032 -1050.218721)
(-2611.334603 -3300.55032 -1050.218721)
(-2336.397224 -3300.55032 -1050.218721)
(-2061.459845 -3300.55032 -1050.218721)
(-1786.522466 -3300.55032 -1050.218721)
(-1511.585086 -3300.55032 -1050.218721)
(-1236.647707 -3300.55032 -1050.218721)
(-961.7103276 -3300.55032 -1050.218721)
(-686.7729483 -3300.55032 -1050.218721)
(-411.835569 -3300.55032 -1050.218721)
(-136.8981897 -3300.55032 -1050.218721)
(138.0391897 -3300.55032 -1050.218721)
(412.976569 -3300.55032 -1050.218721)
(687.9139483 -3300.55032 -1050.218721)
(962.8513276 -3300.55032 -1050.218721)
(1237.788707 -3300.55032 -1050.218721)
(1512.726086 -3300.55032 -1050.218721)
(1787.663466 -3300.55032 -1050.218721)
(2062.600845 -3300.55032 -1050.218721)
(2337.538224 -3300.55032 -1050.218721)
(2612.475603 -3300.55032 -1050.218721)
(2887.412983 -3300.55032 -1050.218721)
(3162.350362 -3300.55032 -1050.218721)
(3437.287741 -3300.55032 -1050.218721)
(3712.225121 -3300.55032 -1050.218721)
(3987.1625 -3300.55032 -1050.218721)
(-3986.0215 -3072.74506 -1050.218721)
(-3711.084121 -3072.74506 -1050.218721)
(-3436.146741 -3072.74506 -1050.218721)
(-3161.209362 -3072.74506 -1050.218721)
(-2886.271983 -3072.74506 -1050.218721)
(-2611.334603 -3072.74506 -1050.218721)
(-2336.397224 -3072.74506 -1050.218721)
(-2061.459845 -3072.74506 -1050.218721)
(-1786.522466 -3072.74506 -1050.218721)
(-1511.585086 -3072.74506 -1050.218721)
(-1236.647707 -3072.74506 -1050.218721)
(-961.7103276 -3072.74506 -1050.218721)
(-686.7729483 -3072.74506 -1050.218721)
(-411.835569 -3072.74506 -1050.218721)
(-136.8981897 -3072.74506 -1050.218721)
(138.0391897 -3072.74506 -1050.218721)
(412.976569 -3072.74506 -1050.218721)
(687.9139483 -3072.74506 -1050.218721)
(962.8513276 -3072.74506 -1050.218721)
(1237.788707 -3072.74506 -1050.218721)
(1512.726086 -3072.74506 -1050.218721)
(1787.663466 -3072.74506 -1050.218721)
(2062.600845 -3072.74506 -1050.218721)
(2337.538224 -3072.74506 -1050.218721)
(2612.475603 -3072.74506 -1050.218721)
(2887.412983 -3072.74506 -1050.218721)
(3162.350362 -3072.74506 -1050.218721)
(3437.287741 -3072.74506 -1050.218721)
(3712.225121 -3072.74506 -1050.218721)
(3987.1625 -3072.74506 -1050.218721)
(-3986.0215 -2844.9398 -1050.218721)
(-3711.084121 -2844.9398 -1050.218721)
(-3436.146741 -2844.9398 -1050.218721)
(-3161.209362 -2844.9398 -1050.218721)
(-2886.271983 -2844.9398 -1050.218721)
(-2611.334603 -2844.9398 -1050.218721)
(-2336.397224 -2844.9398 -1050.218721)
(-2061.459845 -2844.9398 -1050.218721)
(-1786.522466 -2844.9398 -1050.218721)
(-1511.585086 -2844.9398 -1050.218721)
(-1236.647707 -2844.9398 -1050.218721)
(-961.7103276 -2844.9398 -1050.218721)
(-686.7729483 -2844.9398 -1050.218721)
(-411.835569 -2844.9398 -1050.218721)
(-136.8981897 -2844.9398 -1050.218721)
(138.0391897 -2844.9398 -1050.218721)
(412.976569 -2844.9398 -1050.218721)
(687.9139483 -2844.9398 -1050.218721)
(962.8513276 -2844.9398 -1050.218721)
(1237.788707 -2844.9398 -1050.218721)
(1512.726086 -2844.9398 -1050.218721)
(1787.663466 -2844.9398 -1050.218721)
(2062.600845 -2844.9398 -1050.218721)
(2337.538224 -2844.9398 -1050.218721)
(2612.475603 -2844.9398 -1050.218721)
(2887.412983 -2844.9398 -1050.218721)
(3162.350362 -2844.9398 -1050.218721)
(3437.287741 -2844.9398 -1050.218721)
(3712.225121 -2844.9398 -1050.218721)
(3987.1625 -2844.9398 -1050.218721)
(-3986.0215 -2617.13454 -1050.218721)
(-3711.084121 -2617.13454 -1050.218721)
(-3436.146741 -2617.13454 -1050.218721)
(-3161.209362 -2617.13454 -1050.218721)
(-2886.271983 -2617.13454 -1050.218721)
(-2611.334603 -2617.13454 -1050.218721)
(-2336.397224 -2617.13454 -1050.218721)
(-2061.459845 -2617.13454 -1050.218721)
(-1786.522466 -2617.13454 -1050.218721)
(-1511.585086 -2617.13454 -1050.218721)
(-1236.647707 -2617.13454 -1050.218721)
(-961.7103276 -2617.13454 -1050.218721)
(-686.7729483 -2617.13454 -1050.218721)
(-411.835569 -2617.13454 -1050.218721)
(-136.8981897 -2617.13454 -1050.218721)
(138.0391897 -2617.13454 -1050.218721)
(412.976569 -2617.13454 -1050.218721)
(687.9139483 -2617.13454 -1050.218721)
(962.8513276 -2617.13454 -1050.218721)
(1237.788707 -2617.13454 -1050.218721)
(1512.726086 -2617.13454 -1050.218721)
(1787.663466 -2617.13454 -1050.218721)
(2062.600845 -2617.13454 -1050.218721)
(2337.538224 -2617.13454 -1050.218721)
(2612.475603 -2617.13454 -1050.218721)
(2887.412983 -2617.13454 -1050.218721)
(3162.350362 -2617.13454 -1050.218721)
(3437.287741 -2617.13454 -1050.218721)
(3712.225121 -2617.13454 -1050.218721)
(3987.1625 -2617.13454 -1050.218721)
(-3986.0215 -2389.32928 -1050.218721)
(-3711.084121 -2389.32928 -1050.218721)
(-3436.146741 -2389.32928 -1050.218721)
(-3161.209362 -2389.32928 -1050.218721)
(-2886.271983 -2389.32928 -1050.218721)
(-2611.334603 -2389.32928 -1050.218721)
(-2336.397224 -2389.32928 -1050.218721)
(-2061.459845 -2389.32928 -1050.218721)
(-1786.522466 -2389.32928 -1050.218721)
(-1511.585086 -2389.32928 -1050.218721)
(-1236.647707 -2389.32928 -1050.218721)
(-961.7103276 -2389.32928 -1050.218721)
(-686.7729483 -2389.32928 -1050.218721)
(-411.835569 -2389.32928 -1050.218721)
(-136.8981897 -2389.32928 -1050.218721)
(138.0391897 -2389.32928 -1050.218721)
(412.976569 -2389.32928 -1050.218721)
(687.9139483 -2389.32928 -1050.218721)
(962.8513276 -2389.32928 -1050.218721)
(1237.788707 -2389.32928 -1050.218721)
(1512.726086 -2389.32928 -1050.218721)
(1787.663466 -2389.32928 -1050.218721)
(2062.600845 -2389.32928 -1050.218721)
(2337.538224 -2389.32928 -1050.218721)
(2612.475603 -2389.32928 -1050.218721)
(2887.412983 -2389.32928 -1050.218721)
(3162.350362 -2389.32928 -1050.218721)
(3437.287741 -2389.32928 -1050.218721)
(3712.225121 -2389.32928 -1050.218721)
(3987.1625 -2389.32928 -1050.218721)
(-3986.0215 -2161.52402 -1050.218721)
(-3711.084121 -2161.52402 -1050.218721)
(-3436.146741 -2161.52402 -1050.218721)
(-3161.209362 -2161.52402 -1050.218721)
(-2886.271983 -2161.52402 -1050.218721)
(-2611.334603 -2161.52402 -1050.218721)
(-2336.397224 -2161.52402 -1050.218721)
(-2061.459845 -2161.52402 -1050.218721)
(-1786.522466 -2161.52402 -1050.218721)
(-1511.585086 -2161.52402 -1050.218721)
(-1236.647707 -2161.52402 -1050.218721)
(-961.7103276 -2161.52402 -1050.218721)
(-686.7729483 -2161.52402 -1050.218721)
(-411.835569 -2161.52402 -1050.218721)
(-136.8981897 -2161.52402 -1050.218721)
(138.0391897 -2161.52402 -1050.218721)
(412.976569 -2161.52402 -1050.218721)
(687.9139483 -2161.52402 -1050.218721)
(962.8513276 -2161.52402 -1050.218721)
(1237.788707 -2161.52402 -1050.218721)
(1512.726086 -2161.52402 -1050.218721)
(1787.663466 -2161.52402 -1050.218721)
(2062.600845 -2161.52402 -1050.218721)
(2337.538224 -2161.52402 -1050.218721)
(2612.475603 -2161.52402 -1050.218721)
(2887.412983 -2161.52402 -1050.218721)
(3162.350362 -2161.52402 -1050.218721)
(3437.287741 -2161.52402 -1050.218721)
(3712.225121 -2161.52402 -1050.218721)
(3987.1625 -2161.52402 -1050.218721)
(-3986.0215 -1933.71876 -1050.218721)
(-3711.084121 -1933.71876 -1050.218721)
(-3436.146741 -1933.71876 -1050.218721)
(-3161.209362 -1933.71876 -1050.218721)
(-2886.271983 -1933.71876 -1050.218721)
(-2611.334603 -1933.71876 -1050.218721)
(-2336.397224 -1933.71876 -1050.218721)
(-2061.459845 -1933.71876 -1050.218721)
(-1786.522466 -1933.71876 -1050.218721)
(-1511.585086 -1933.71876 -1050.218721)
(-1236.647707 -1933.71876 -1050.218721)
(-961.7103276 -1933.71876 -1050.218721)
(-686.7729483 -1933.71876 -1050.218721)
(-411.835569 -1933.71876 -1050.218721)
(-136.8981897 -1933.71876 -1050.218721)
(138.0391897 -1933.71876 -1050.218721)
(412.976569 -1933.71876 -1050.218721)
(687.9139483 -1933.71876 -1050.218721)
(962.8513276 -1933.71876 -1050.218721)
(1237.788707 -1933.71876 -1050.218721)
(1512.726086 -1933.71876 -1050.218721)
(1787.663466 -1933.71876 -1050.218721)
(2062.600845 -1933.71876 -1050.218721)
(2337.538224 -1933.71876 -1050.218721)
(2612.475603 -1933.71876 -1050.218721)
(2887.412983 -1933.71876 -1050.218721)
(3162.350362 -1933.71876 -1050.218721)
(3437.287741 -1933.71876 -1050.218721)
(3712.225121 -1933.71876 -1050.218721)
(3987.1625 -1933.71876 -1050.218721)
(-3986.0215 -1705.9135 -1050.218721)
(-3711.084121 -1705.9135 -1050.218721)
(-3436.146741 -1705.9135 -1050.218721)
(-3161.209362 -1705.9135 -1050.218721)
(-2886.271983 -1705.9135 -1050.218721)
(-2611.334603 -1705.9135 -1050.218721)
(-2336.397224 -1705.9135 -1050.218721)
(-2061.459845 -1705.9135 -1050.218721)
(-1786.522466 -1705.9135 -1050.218721)
(-1511.585086 -1705.9135 -1050.218721)
(-1236.647707 -1705.9135 -1050.218721)
(-961.7103276 -1705.9135 -1050.218721)
(-686.7729483 -1705.9135 -1050.218721)
(-411.835569 -1705.9135 -1050.218721)
(-136.8981897 -1705.9135 -1050.218721)
(138.0391897 -1705.9135 -1050.218721)
(412.976569 -1705.9135 -1050.218721)
(687.9139483 -1705.9135 -1050.218721)
(962.8513276 -1705.9135 -1050.218721)
(1237.788707 -1705.9135 -1050.218721)
(1512.726086 -1705.9135 -1050.218721)
(1787.663466 -1705.9135 -1050.218721)
(2062.600845 -1705.9135 -1050.218721)
(2337.538224 -1705.9135 -1050.218721)
(2612.475603 -1705.9135 -1050.218721)
(2887.412983 -1705.9135 -1050.218721)
(3162.350362 -1705.9135 -1050.218721)
(3437.287741 -1705.9135 -1050.218721)
(3712.225121 -1705.9135 -1050.218721)
(3987.1625 -1705.9135 -1050.218721)
(-3986.0215 -1478.10824 -1050.218721)
(-3711.084121 -1478.10824 -1050.218721)
(-3436.146741 -1478.10824 -1050.218721)
(-3161.209362 -1478.10824 -1050.218721)
(-2886.271983 -1478.10824 -1050.218721)
(-2611.334603 -1478.10824 -1050.218721)
(-2336.397224 -1478.10824 -1050.218721)
(-2061.459845 -1478.10824 -1050.218721)
(-1786.522466 -1478.10824 -1050.218721)
(-1511.585086 -1478.10824 -1050.218721)
(-1236.647707 -1478.10824 -1050.218721)
(-961.7103276 -1478.10824 -1050.218721)
(-686.7729483 -1478.10824 -1050.218721)
(-411.835569 -1478.10824 -1050.218721)
(-136.8981897 -1478.10824 -1050.218721)
(138.0391897 -1478.10824 -1050.218721)
(412.976569 -1478.10824 -1050.218721)
(687.9139483 -1478.10824 -1050.218721)
(962.8513276 -1478.10824 -1050.218721)
(1237.788707 -1478.10824 -1050.218721)
(1512.726086 -1478.10824 -1050.218721)
(1787.663466 -1478.10824 -1050.218721)
(2062.600845 -1478.10824 -1050.218721)
(2337.538224 -1478.10824 -1050.218721)
(2612.475603 -1478.10824 -1050.218721)
(2887.412983 -1478.10824 -1050.218721)
(3162.350362 -1478.10824 -1050.218721)
(3437.287741 -1478.10824 -1050.218721)
(3712.225121 -1478.10824 -1050.218721)
(3987.1625 -1478.10824 -1050.218721)
(-3986.0215 -1250.30298 -1050.218721)
(-3711.084121 -1250.30298 -1050.218721)
(-3436.146741 -1250.30298 -1050.218721)
(-3161.209362 -1250.30298 -1050.218721)
(-2886.271983 -1250.30298 -1050.218721)
(-2611.334603 -1250.30298 -1050.218721)
(-2336.397224 -1250.30298 -1050.218721)
(-2061.459845 -1250.30298 -1050.218721)
(-1786.522466 -1250.30298 -1050.218721)
(-1511.585086 -1250.30298 -1050.218721)
(-1236.647707 -1250.30298 -1050.218721)
(-961.7103276 -1250.30298 -1050.218721)
(-686.7729483 -1250.30298 -1050.218721)
(-411.835569 -1250.30298 -1050.218721)
(-136.8981897 -1250.30298 -1050.218721)
(138.0391897 -1250.30298 -1050.218721)
(412.976569 -1250.30298 -1050.218721)
(687.9139483 -1250.30298 -1050.218721)
(962.8513276 -1250.30298 -1050.218721)
(1237.788707 -1250.30298 -1050.218721)
(1512.726086 -1250.30298 -1050.218721)
(1787.663466 -1250.30298 -1050.218721)
(2062.600845 -1250.30298 -1050.218721)
(2337.538224 -1250.30298 -1050.218721)
(2612.475603 -1250.30298 -1050.218721)
(2887.412983 -1250.30298 -1050.218721)
(3162.350362 -1250.30298 -1050.218721)
(3437.287741 -1250.30298 -1050.218721)
(3712.225121 -1250.30298 -1050.218721)
(3987.1625 -1250.30298 -1050.218721)
(-3986.0215 -1022.49772 -1050.218721)
(-3711.084121 -1022.49772 -1050.218721)
(-3436.146741 -1022.49772 -1050.218721)
(-3161.209362 -1022.49772 -1050.218721)
(-2886.271983 -1022.49772 -1050.218721)
(-2611.334603 -1022.49772 -1050.218721)
(-2336.397224 -1022.49772 -1050.218721)
(-2061.459845 -1022.49772 -1050.218721)
(-1786.522466 -1022.49772 -1050.218721)
(-1511.585086 -1022.49772 -1050.218721)
(-1236.647707 -1022.49772 -1050.218721)
(-961.7103276 -1022.49772 -1050.218721)
(-686.7729483 -1022.49772 -1050.218721)
(-411.835569 -1022.49772 -1050.218721)
(-136.8981897 -1022.49772 -1050.218721)
(138.0391897 -1022.49772 -1050.218721)
(412.976569 -1022.49772 -1050.218721)
(687.9139483 -1022.49772 -1050.218721)
(962.8513276 -1022.49772 -1050.218721)
(1237.788707 -1022.49772 -1050.218721)
(1512.726086 -1022.49772 -1050.218721)
(1787.663466 -1022.49772 -1050.218721)
(2062.600845 -1022.49772 -1050.218721)
(2337.538224 -1022.49772 -1050.218721)
(2612.475603 -1022.49772 -1050.218721)
(2887.412983 -1022.49772 -1050.218721)
(3162.350362 -1022.49772 -1050.218721)
(3437.287741 -1022.49772 -1050.218721)
(3712.225121 -1022.49772 -1050.218721)
(3987.1625 -1022.49772 -1050.218721)
(-3986.0215 -794.69246 -1050.218721)
(-3711.084121 -794.69246 -1050.218721)
(-3436.146741 -794.69246 -1050.218721)
(-3161.209362 -794.69246 -1050.218721)
(-2886.271983 -794.69246 -1050.218721)
(-2611.334603 -794.69246 -1050.218721)
(-2336.397224 -794.69246 -1050.218721)
(-2061.459845 -794.69246 -1050.218721)
(-1786.522466 -794.69246 -1050.218721)
(-1511.585086 -794.69246 -1050.218721)
(-1236.647707 -794.69246 -1050.218721)
(-961.7103276 -794.69246 -1050.218721)
(-686.7729483 -794.69246 -1050.218721)
(-411.835569 -794.69246 -1050.218721)
(-136.8981897 -794.69246 -1050.218721)
(138.0391897 -794.69246 -1050.218721)
(412.976569 -794.69246 -1050.218721)
(687.9139483 -794.69246 -1050.218721)
(962.8513276 -794.69246 -1050.218721)
(1237.788707 -794.69246 -1050.218721)
(1512.726086 -794.69246 -1050.218721)
(1787.663466 -794.69246 -1050.218721)
(2062.600845 -794.69246 -1050.218721)
(2337.538224 -794.69246 -1050.218721)
(2612.475603 -794.69246 -1050.218721)
(2887.412983 -794.69246 -1050.218721)
(3162.350362 -794.69246 -1050.218721)
(3437.287741 -794.69246 -1050.218721)
(3712.225121 -794.69246 -1050.218721)
(3987.1625 -794.69246 -1050.218721)
(-3986.0215 -566.8872 -1050.218721)
(-3711.084121 -566.8872 -1050.218721)
(-3436.146741 -566.8872 -1050.218721)
(-3161.209362 -566.8872 -1050.218721)
(-2886.271983 -566.8872 -1050.218721)
(-2611.334603 -566.8872 -1050.218721)
(-2336.397224 -566.8872 -1050.218721)
(-2061.459845 -566.8872 -1050.218721)
(-1786.522466 -566.8872 -1050.218721)
(-1511.585086 -566.8872 -1050.218721)
(-1236.647707 -566.8872 -1050.218721)
(-961.7103276 -566.8872 -1050.218721)
(-686.7729483 -566.8872 -1050.218721)
(-411.835569 -566.8872 -1050.218721)
(-136.8981897 -566.8872 -1050.218721)
(138.0391897 -566.8872 -1050.218721)
(412.976569 -566.8872 -1050.218721)
(687.9139483 -566.8872 -1050.218721)
(962.8513276 -566.8872 -1050.218721)
(1237.788707 -566.8872 -1050.218721)
(1512.726086 -566.8872 -1050.218721)
(1787.663466 -566.8872 -1050.218721)
(2062.600845 -566.8872 -1050.218721)
(2337.538224 -566.8872 -1050.218721)
(2612.475603 -566.8872 -1050.218721)
(2887.412983 -566.8872 -1050.218721)
(3162.350362 -566.8872 -1050.218721)
(3437.287741 -566.8872 -1050.218721)
(3712.225121 -566.8872 -1050.218721)
(3987.1625 -566.8872 -1050.218721)
(-3986.0215 -339.08194 -1050.218721)
(-3711.084121 -339.08194 -1050.218721)
(-3436.146741 -339.08194 -1050.218721)
(-3161.209362 -339.08194 -1050.218721)
(-2886.271983 -339.08194 -1050.218721)
(-2611.334603 -339.08194 -1050.218721)
(-2336.397224 -339.08194 -1050.218721)
(-2061.459845 -339.08194 -1050.218721)
(-1786.522466 -339.08194 -1050.218721)
(-1511.585086 -339.08194 -1050.218721)
(-1236.647707 -339.08194 -1050.218721)
(-961.7103276 -339.08194 -1050.218721)
(-686.7729483 -339.08194 -1050.218721)
(-411.835569 -339.08194 -1050.218721)
(-136.8981897 -339.08194 -1050.218721)
(138.0391897 -339.08194 -1050.218721)
(412.976569 -339.08194 -1050.218721)
(687.9139483 -339.08194 -1050.218721)
(962.8513276 -339.08194 -1050.218721)
(1237.788707 -339.08194 -1050.218721)
(1512.726086 -339.08194 -1050.218721)
(1787.663466 -339.08194 -1050.218721)
(2062.600845 -339.08194 -1050.218721)
(2337.538224 -339.08194 -1050.218721)
(2612.475603 -339.08194 -1050.218721)
(2887.412983 -339.08194 -1050.218721)
(3162.350362 -339.08194 -1050.218721)
(3437.287741 -339.08194 -1050.218721)
(3712.225121 -339.08194 -1050.218721)
(3987.1625 -339.08194 -1050.218721)
(-3986.0215 -111.27668 -1050.218721)
(-3711.084121 -111.27668 -1050.218721)
(-3436.146741 -111.27668 -1050.218721)
(-3161.209362 -111.27668 -1050.218721)
(-2886.271983 -111.27668 -1050.218721)
(-2611.334603 -111.27668 -1050.218721)
(-2336.397224 -111.27668 -1050.218721)
(-2061.459845 -111.27668 -1050.218721)
(-1786.522466 -111.27668 -1050.218721)
(-1511.585086 -111.27668 -1050.218721)
(-1236.647707 -111.27668 -1050.218721)
(-961.7103276 -111.27668 -1050.218721)
(-686.7729483 -111.27668 -1050.218721)
(-411.835569 -111.27668 -1050.218721)
(-136.8981897 -111.27668 -1050.218721)
(138.0391897 -111.27668 -1050.218721)
(412.976569 -111.27668 -1050.218721)
(687.9139483 -111.27668 -1050.218721)
(962.8513276 -111.27668 -1050.218721)
(1237.788707 -111.27668 -1050.218721)
(1512.726086 -111.27668 -1050.218721)
(1787.663466 -111.27668 -1050.218721)
(2062.600845 -111.27668 -1050.218721)
(2337.538224 -111.27668 -1050.218721)
(2612.475603 -111.27668 -1050.218721)
(2887.412983 -111.27668 -1050.218721)
(3162.350362 -111.27668 -1050.218721)
(3437.287741 -111.27668 -1050.218721)
(3712.225121 -111.27668 -1050.218721)
(3987.1625 -111.27668 -1050.218721)
(-3986.0215 116.52858 -1050.218721)
(-3711.084121 116.52858 -1050.218721)
(-3436.146741 116.52858 -1050.218721)
(-3161.209362 116.52858 -1050.218721)
(-2886.271983 116.52858 -1050.218721)
(-2611.334603 116.52858 -1050.218721)
(-2336.397224 116.52858 -1050.218721)
(-2061.459845 116.52858 -1050.218721)
(-1786.522466 116.52858 -1050.218721)
(-1511.585086 116.52858 -1050.218721)
(-1236.647707 116.52858 -1050.218721)
(-961.7103276 116.52858 -1050.218721)
(-686.7729483 116.52858 -1050.218721)
(-411.835569 116.52858 -1050.218721)
(-136.8981897 116.52858 -1050.218721)
(138.0391897 116.52858 -1050.218721)
(412.976569 116.52858 -1050.218721)
(687.9139483 116.52858 -1050.218721)
(962.8513276 116.52858 -1050.218721)
(1237.788707 116.52858 -1050.218721)
(1512.726086 116.52858 -1050.218721)
(1787.663466 116.52858 -1050.218721)
(2062.600845 116.52858 -1050.218721)
(2337.538224 116.52858 -1050.218721)
(2612.475603 116.52858 -1050.218721)
(2887.412983 116.52858 -1050.218721)
(3162.350362 116.52858 -1050.218721)
(3437.287741 116.52858 -1050.218721)
(3712.225121 116.52858 -1050.218721)
(3987.1625 116.52858 -1050.218721)
(-3986.0215 344.33384 -1050.218721)
(-3711.084121 344.33384 -1050.218721)
(-3436.146741 344.33384 -1050.218721)
(-3161.209362 344.33384 -1050.218721)
(-2886.271983 344.33384 -1050.218721)
(-2611.334603 344.33384 -1050.218721)
(-2336.397224 344.33384 -1050.218721)
(-2061.459845 344.33384 -1050.218721)
(-1786.522466 344.33384 -1050.218721)
(-1511.585086 344.33384 -1050.218721)
(-1236.647707 344.33384 -1050.218721)
(-961.7103276 344.33384 -1050.218721)
(-686.7729483 344.33384 -1050.218721)
(-411.835569 344.33384 -1050.218721)
(-136.8981897 344.33384 -1050.218721)
(138.0391897 344.33384 -1050.218721)
(412.976569 344.33384 -1050.218721)
(687.9139483 344.33384 -1050.218721)
(962.8513276 344.33384 -1050.218721)
(1237.788707 344.33384 -1050.218721)
(1512.726086 344.33384 -1050.218721)
(1787.663466 344.33384 -1050.218721)
(2062.600845 344.33384 -1050.218721)
(2337.538224 344.33384 -1050.218721)
(2612.475603 344.33384 -1050.218721)
(2887.412983 344.33384 -1050.218721)
(3162.350362 344.33384 -1050.218721)
(3437.287741 344.33384 -1050.218721)
(3712.225121 344.33384 -1050.218721)
(3987.1625 344.33384 -1050.218721)
(-3986.0215 572.1391 -1050.218721)
(-3711.084121 572.1391 -1050.218721)
(-3436.146741 572.1391 -1050.218721)
(-3161.209362 572.1391 -1050.218721)
(-2886.271983 572.1391 -1050.218721)
(-2611.334603 572.1391 -1050.218721)
(-2336.397224 572.1391 -1050.218721)
(-2061.459845 572.1391 -1050.218721)
(-1786.522466 572.1391 -1050.218721)
(-1511.585086 572.1391 -1050.218721)
(-1236.647707 572.1391 -1050.218721)
(-961.7103276 572.1391 -1050.218721)
(-686.7729483 572.1391 -1050.218721)
(-411.835569 572.1391 -1050.218721)
(-136.8981897 572.1391 -1050.218721)
(138.0391897 572.1391 -1050.218721)
(412.976569 572.1391 -1050.218721)
(687.9139483 572.1391 -1050.218721)
(962.8513276 572.1391 -1050.218721)
(1237.788707 572.1391 -1050.218721)
(1512.726086 572.1391 -1050.218721)
(1787.663466 572.1391 -1050.218721)
(2062.600845 572.1391 -1050.218721)
(2337.538224 572.1391 -1050.218721)
(2612.475603 572.1391 -1050.218721)
(2887.412983 572.1391 -1050.218721)
(3162.350362 572.1391 -1050.218721)
(3437.287741 572.1391 -1050.218721)
(3712.225121 572.1391 -1050.218721)
(3987.1625 572.1391 -1050.218721)
(-3986.0215 799.94436 -1050.218721)
(-3711.084121 799.94436 -1050.218721)
(-3436.146741 799.94436 -1050.218721)
(-3161.209362 799.94436 -1050.218721)
(-2886.271983 799.94436 -1050.218721)
(-2611.334603 799.94436 -1050.218721)
(-2336.397224 799.94436 -1050.218721)
(-2061.459845 799.94436 -1050.218721)
(-1786.522466 799.94436 -1050.218721)
(-1511.585086 799.94436 -1050.218721)
(-1236.647707 799.94436 -1050.218721)
(-961.7103276 799.94436 -1050.218721)
(-686.7729483 799.94436 -1050.218721)
(-411.835569 799.94436 -1050.218721)
(-136.8981897 799.94436 -1050.218721)
(138.0391897 799.94436 -1050.218721)
(412.976569 799.94436 -1050.218721)
(687.9139483 799.94436 -1050.218721)
(962.8513276 799.94436 -1050.218721)
(1237.788707 799.94436 -1050.218721)
(1512.726086 799.94436 -1050.218721)
(1787.663466 799.94436 -1050.218721)
(2062.600845 799.94436 -1050.218721)
(2337.538224 799.94436 -1050.218721)
(2612.475603 799.94436 -1050.218721)
(2887.412983 799.94436 -1050.218721)
(3162.350362 799.94436 -1050.218721)
(3437.287741 799.94436 -1050.218721)
(3712.225121 799.94436 -1050.218721)
(3987.1625 799.94436 -1050.218721)
(-3986.0215 1027.74962 -1050.218721)
(-3711.084121 1027.74962 -1050.218721)
(-3436.146741 1027.74962 -1050.218721)
(-3161.209362 1027.74962 -1050.218721)
(-2886.271983 1027.74962 -1050.218721)
(-2611.334603 1027.74962 -1050.218721)
(-2336.397224 1027.74962 -1050.218721)
(-2061.459845 1027.74962 -1050.218721)
(-1786.522466 1027.74962 -1050.218721)
(-1511.585086 1027.74962 -1050.218721)
(-1236.647707 1027.74962 -1050.218721)
(-961.7103276 1027.74962 -1050.218721)
(-686.7729483 1027.74962 -1050.218721)
(-411.835569 1027.74962 -1050.218721)
(-136.8981897 1027.74962 -1050.218721)
(138.0391897 1027.74962 -1050.218721)
(412.976569 1027.74962 -1050.218721)
(687.9139483 1027.74962 -1050.218721)
(962.8513276 1027.74962 -1050.218721)
(1237.788707 1027.74962 -1050.218721)
(1512.726086 1027.74962 -1050.218721)
(1787.663466 1027.74962 -1050.218721)
(2062.600845 1027.74962 -1050.218721)
(2337.538224 1027.74962 -1050.218721)
(2612.475603 1027.74962 -1050.218721)
(2887.412983 1027.74962 -1050.218721)
(3162.350362 1027.74962 -1050.218721)
(3437.287741 1027.74962 -1050.218721)
(3712.225121 1027.74962 -1050.218721)
(3987.1625 1027.74962 -1050.218721)
(-3986.0215 1255.55488 -1050.218721)
(-3711.084121 1255.55488 -1050.218721)
(-3436.146741 1255.55488 -1050.218721)
(-3161.209362 1255.55488 -1050.218721)
(-2886.271983 1255.55488 -1050.218721)
(-2611.334603 1255.55488 -1050.218721)
(-2336.397224 1255.55488 -1050.218721)
(-2061.459845 1255.55488 -1050.218721)
(-1786.522466 1255.55488 -1050.218721)
(-1511.585086 1255.55488 -1050.218721)
(-1236.647707 1255.55488 -1050.218721)
(-961.7103276 1255.55488 -1050.218721)
(-686.7729483 1255.55488 -1050.218721)
(-411.835569 1255.55488 -1050.218721)
(-136.8981897 1255.55488 -1050.218721)
(138.0391897 1255.55488 -1050.218721)
(412.976569 1255.55488 -1050.218721)
(687.9139483 1255.55488 -1050.218721)
(962.8513276 1255.55488 -1050.218721)
(1237.788707 1255.55488 -1050.218721)
(1512.726086 1255.55488 -1050.218721)
(1787.663466 1255.55488 -1050.218721)
(2062.600845 1255.55488 -1050.218721)
(2337.538224 1255.55488 -1050.218721)
(2612.475603 1255.55488 -1050.218721)
(2887.412983 1255.55488 -1050.218721)
(3162.350362 1255.55488 -1050.218721)
(3437.287741 1255.55488 -1050.218721)
(3712.225121 1255.55488 -1050.218721)
(3987.1625 1255.55488 -1050.218721)
(-3986.0215 1483.36014 -1050.218721)
(-3711.084121 1483.36014 -1050.218721)
(-3436.146741 1483.36014 -1050.218721)
(-3161.209362 1483.36014 -1050.218721)
(-2886.271983 1483.36014 -1050.218721)
(-2611.334603 1483.36014 -1050.218721)
(-2336.397224 1483.36014 -1050.218721)
(-2061.459845 1483.36014 -1050.218721)
(-1786.522466 1483.36014 -1050.218721)
(-1511.585086 1483.36014 -1050.218721)
(-1236.647707 1483.36014 -1050.218721)
(-961.7103276 1483.36014 -1050.218721)
(-686.7729483 1483.36014 -1050.218721)
(-411.835569 1483.36014 -1050.218721)
(-136.8981897 1483.36014 -1050.218721)
(138.0391897 1483.36014 -1050.218721)
(412.976569 1483.36014 -1050.218721)
(687.9139483 1483.36014 -1050.218721)
(962.8513276 1483.36014 -1050.218721)
(1237.788707 1483.36014 -1050.218721)
(1512.726086 1483.36014 -1050.218721)
(1787.663466 1483.36014 -1050.218721)
(2062.600845 1483.36014 -1050.218721)
(2337.538224 1483.36014 -1050.218721)
(2612.475603 1483.36014 -1050.218721)
(2887.412983 1483.36014 -1050.218721)
(3162.350362 1483.36014 -1050.218721)
(3437.287741 1483.36014 -1050.218721)
(3712.225121 1483.36014 -1050.218721)
(3987.1625 1483.36014 -1050.218721)
(-3986.0215 1711.1654 -1050.218721)
(-3711.084121 1711.1654 -1050.218721)
(-3436.146741 1711.1654 -1050.218721)
(-3161.209362 1711.1654 -1050.218721)
(-2886.271983 1711.1654 -1050.218721)
(-2611.334603 1711.1654 -1050.218721)
(-2336.397224 1711.1654 -1050.218721)
(-2061.459845 1711.1654 -1050.218721)
(-1786.522466 1711.1654 -1050.218721)
(-1511.585086 1711.1654 -1050.218721)
(-1236.647707 1711.1654 -1050.218721)
(-961.7103276 1711.1654 -1050.218721)
(-686.7729483 1711.1654 -1050.218721)
(-411.835569 1711.1654 -1050.218721)
(-136.8981897 1711.1654 -1050.218721)
(138.0391897 1711.1654 -1050.218721)
(412.976569 1711.1654 -1050.218721)
(687.9139483 1711.1654 -1050.218721)
(962.8513276 1711.1654 -1050.218721)
(1237.788707 1711.1654 -1050.218721)
(1512.726086 1711.1654 -1050.218721)
(1787.663466 1711.1654 -1050.218721)
(2062.600845 1711.1654 -1050.218721)
(2337.538224 1711.1654 -1050.218721)
(2612.475603 1711.1654 -1050.218721)
(2887.412983 1711.1654 -1050.218721)
(3162.350362 1711.1654 -1050.218721)
(3437.287741 1711.1654 -1050.218721)
(3712.225121 1711.1654 -1050.218721)
(3987.1625 1711.1654 -1050.218721)
(-3986.0215 1938.97066 -1050.218721)
(-3711.084121 1938.97066 -1050.218721)
(-3436.146741 1938.97066 -1050.218721)
(-3161.209362 1938.97066 -1050.218721)
(-2886.271983 1938.97066 -1050.218721)
(-2611.334603 1938.97066 -1050.218721)
(-2336.397224 1938.97066 -1050.218721)
(-2061.459845 1938.97066 -1050.218721)
(-1786.522466 1938.97066 -1050.218721)
(-1511.585086 1938.97066 -1050.218721)
(-1236.647707 1938.97066 -1050.218721)
(-961.7103276 1938.97066 -1050.218721)
(-686.7729483 1938.97066 -1050.218721)
(-411.835569 1938.97066 -1050.218721)
(-136.8981897 1938.97066 -1050.218721)
(138.0391897 1938.97066 -1050.218721)
(412.976569 1938.97066 -1050.218721)
(687.9139483 1938.97066 -1050.218721)
(962.8513276 1938.97066 -1050.218721)
(1237.788707 1938.97066 -1050.218721)
(1512.726086 1938.97066 -1050.218721)
(1787.663466 1938.97066 -1050.218721)
(2062.600845 1938.97066 -1050.218721)
(2337.538224 1938.97066 -1050.218721)
(2612.475603 1938.97066 -1050.218721)
(2887.412983 1938.97066 -1050.218721)
(3162.350362 1938.97066 -1050.218721)
(3437.287741 1938.97066 -1050.218721)
(3712.225121 1938.97066 -1050.218721)
(3987.1625 1938.97066 -1050.218721)
(-3986.0215 2166.77592 -1050.218721)
(-3711.084121 2166.77592 -1050.218721)
(-3436.146741 2166.77592 -1050.218721)
(-3161.209362 2166.77592 -1050.218721)
(-2886.271983 2166.77592 -1050.218721)
(-2611.334603 2166.77592 -1050.218721)
(-2336.397224 2166.77592 -1050.218721)
(-2061.459845 2166.77592 -1050.218721)
(-1786.522466 2166.77592 -1050.218721)
(-1511.585086 2166.77592 -1050.218721)
(-1236.647707 2166.77592 -1050.218721)
(-961.7103276 2166.77592 -1050.218721)
(-686.7729483 2166.77592 -1050.218721)
(-411.835569 2166.77592 -1050.218721)
(-136.8981897 2166.77592 -1050.218721)
(138.0391897 2166.77592 -1050.218721)
(412.976569 2166.77592 -1050.218721)
(687.9139483 2166.77592 -1050.218721)
(962.8513276 2166.77592 -1050.218721)
(1237.788707 2166.77592 -1050.218721)
(1512.726086 2166.77592 -1050.218721)
(1787.663466 2166.77592 -1050.218721)
(2062.600845 2166.77592 -1050.218721)
(2337.538224 2166.77592 -1050.218721)
(2612.475603 2166.77592 -1050.218721)
(2887.412983 2166.77592 -1050.218721)
(3162.350362 2166.77592 -1050.218721)
(3437.287741 2166.77592 -1050.218721)
(3712.225121 2166.77592 -1050.218721)
(3987.1625 2166.77592 -1050.218721)
(-3986.0215 2394.58118 -1050.218721)
(-3711.084121 2394.58118 -1050.218721)
(-3436.146741 2394.58118 -1050.218721)
(-3161.209362 2394.58118 -1050.218721)
(-2886.271983 2394.58118 -1050.218721)
(-2611.334603 2394.58118 -1050.218721)
(-2336.397224 2394.58118 -1050.218721)
(-2061.459845 2394.58118 -1050.218721)
(-1786.522466 2394.58118 -1050.218721)
(-1511.585086 2394.58118 -1050.218721)
(-1236.647707 2394.58118 -1050.218721)
(-961.7103276 2394.58118 -1050.218721)
(-686.7729483 2394.58118 -1050.218721)
(-411.835569 2394.58118 -1050.218721)
(-136.8981897 2394.58118 -1050.218721)
(138.0391897 2394.58118 -1050.218721)
(412.976569 2394.58118 -1050.218721)
(687.9139483 2394.58118 -1050.218721)
(962.8513276 2394.58118 -1050.218721)
(1237.788707 2394.58118 -1050.218721)
(1512.726086 2394.58118 -1050.218721)
(1787.663466 2394.58118 -1050.218721)
(2062.600845 2394.58118 -1050.218721)
(2337.538224 2394.58118 -1050.218721)
(2612.475603 2394.58118 -1050.218721)
(2887.412983 2394.58118 -1050.218721)
(3162.350362 2394.58118 -1050.218721)
(3437.287741 2394.58118 -1050.218721)
(3712.225121 2394.58118 -1050.218721)
(3987.1625 2394.58118 -1050.218721)
(-3986.0215 2622.38644 -1050.218721)
(-3711.084121 2622.38644 -1050.218721)
(-3436.146741 2622.38644 -1050.218721)
(-3161.209362 2622.38644 -1050.218721)
(-2886.271983 2622.38644 -1050.218721)
(-2611.334603 2622.38644 -1050.218721)
(-2336.397224 2622.38644 -1050.218721)
(-2061.459845 2622.38644 -1050.218721)
(-1786.522466 2622.38644 -1050.218721)
(-1511.585086 2622.38644 -1050.218721)
(-1236.647707 2622.38644 -1050.218721)
(-961.7103276 2622.38644 -1050.218721)
(-686.7729483 2622.38644 -1050.218721)
(-411.835569 2622.38644 -1050.218721)
(-136.8981897 2622.38644 -1050.218721)
(138.0391897 2622.38644 -1050.218721)
(412.976569 2622.38644 -1050.218721)
(687.9139483 2622.38644 -1050.218721)
(962.8513276 2622.38644 -1050.218721)
(1237.788707 2622.38644 -1050.218721)
(1512.726086 2622.38644 -1050.218721)
(1787.663466 2622.38644 -1050.218721)
(2062.600845 2622.38644 -1050.218721)
(2337.538224 2622.38644 -1050.218721)
(2612.475603 2622.38644 -1050.218721)
(2887.412983 2622.38644 -1050.218721)
(3162.350362 2622.38644 -1050.218721)
(3437.287741 2622.38644 -1050.218721)
(3712.225121 2622.38644 -1050.218721)
(3987.1625 2622.38644 -1050.218721)
(-3986.0215 2850.1917 -1050.218721)
(-3711.084121 2850.1917 -1050.218721)
(-3436.146741 2850.1917 -1050.218721)
(-3161.209362 2850.1917 -1050.218721)
(-2886.271983 2850.1917 -1050.218721)
(-2611.334603 2850.1917 -1050.218721)
(-2336.397224 2850.1917 -1050.218721)
(-2061.459845 2850.1917 -1050.218721)
(-1786.522466 2850.1917 -1050.218721)
(-1511.585086 2850.1917 -1050.218721)
(-1236.647707 2850.1917 -1050.218721)
(-961.7103276 2850.1917 -1050.218721)
(-686.7729483 2850.1917 -1050.218721)
(-411.835569 2850.1917 -1050.218721)
(-136.8981897 2850.1917 -1050.218721)
(138.0391897 2850.1917 -1050.218721)
(412.976569 2850.1917 -1050.218721)
(687.9139483 2850.1917 -1050.218721)
(962.8513276 2850.1917 -1050.218721)
(1237.788707 2850.1917 -1050.218721)
(1512.726086 2850.1917 -1050.218721)
(1787.663466 2850.1917 -1050.218721)
(2062.600845 2850.1917 -1050.218721)
(2337.538224 2850.1917 -1050.218721)
(2612.475603 2850.1917 -1050.218721)
(2887.412983 2850.1917 -1050.218721)
(3162.350362 2850.1917 -1050.218721)
(3437.287741 2850.1917 -1050.218721)
(3712.225121 2850.1917 -1050.218721)
(3987.1625 2850.1917 -1050.218721)
(-3986.0215 3077.99696 -1050.218721)
(-3711.084121 3077.99696 -1050.218721)
(-3436.146741 3077.99696 -1050.218721)
(-3161.209362 3077.99696 -1050.218721)
(-2886.271983 3077.99696 -1050.218721)
(-2611.334603 3077.99696 -1050.218721)
(-2336.397224 3077.99696 -1050.218721)
(-2061.459845 3077.99696 -1050.218721)
(-1786.522466 3077.99696 -1050.218721)
(-1511.585086 3077.99696 -1050.218721)
(-1236.647707 3077.99696 -1050.218721)
(-961.7103276 3077.99696 -1050.218721)
(-686.7729483 3077.99696 -1050.218721)
(-411.835569 3077.99696 -1050.218721)
(-136.8981897 3077.99696 -1050.218721)
(138.0391897 3077.99696 -1050.218721)
(412.976569 3077.99696 -1050.218721)
(687.9139483 3077.99696 -1050.218721)
(962.8513276 3077.99696 -1050.218721)
(1237.788707 3077.99696 -1050.218721)
(1512.726086 3077.99696 -1050.218721)
(1787.663466 3077.99696 -1050.218721)
(2062.600845 3077.99696 -1050.218721)
(2337.538224 3077.99696 -1050.218721)
(2612.475603 3077.99696 -1050.218721)
(2887.412983 3077.99696 -1050.218721)
(3162.350362 3077.99696 -1050.218721)
(3437.287741 3077.99696 -1050.218721)
(3712.225121 3077.99696 -1050.218721)
(3987.1625 3077.99696 -1050.218721)
(-3986.0215 3305.80222 -1050.218721)
(-3711.084121 3305.80222 -1050.218721)
(-3436.146741 3305.80222 -1050.218721)
(-3161.209362 3305.80222 -1050.218721)
(-2886.271983 3305.80222 -1050.218721)
(-2611.334603 3305.80222 -1050.218721)
(-2336.397224 3305.80222 -1050.218721)
(-2061.459845 3305.80222 -1050.218721)
(-1786.522466 3305.80222 -1050.218721)
(-1511.585086 3305.80222 -1050.218721)
(-1236.647707 3305.80222 -1050.218721)
(-961.7103276 3305.80222 -1050.218721)
(-686.7729483 3305.80222 -1050.218721)
(-411.835569 3305.80222 -1050.218721)
(-136.8981897 3305.80222 -1050.218721)
(138.0391897 3305.80222 -1050.218721)
(412.976569 3305.80222 -1050.218721)
(687.9139483 3305.80222 -1050.218721)
(962.8513276 3305.80222 -1050.218721)
(1237.788707 3305.80222 -1050.218721)
(1512.726086 3305.80222 -1050.218721)
(1787.663466 3305.80222 -1050.218721)
(2062.600845 3305.80222 -1050.218721)
(2337.538224 3305.80222 -1050.218721)
(2612.475603 3305.80222 -1050.218721)
(2887.412983 3305.80222 -1050.218721)
(3162.350362 3305.80222 -1050.218721)
(3437.287741 3305.80222 -1050.218721)
(3712.225121 3305.80222 -1050.218721)
(3987.1625 3305.80222 -1050.218721)
(-3986.0215 3533.60748 -1050.218721)
(-3711.084121 3533.60748 -1050.218721)
(-3436.146741 3533.60748 -1050.218721)
(-3161.209362 3533.60748 -1050.218721)
(-2886.271983 3533.60748 -1050.218721)
(-2611.334603 3533.60748 -1050.218721)
(-2336.397224 3533.60748 -1050.218721)
(-2061.459845 3533.60748 -1050.218721)
(-1786.522466 3533.60748 -1050.218721)
(-1511.585086 3533.60748 -1050.218721)
(-1236.647707 3533.60748 -1050.218721)
(-961.7103276 3533.60748 -1050.218721)
(-686.7729483 3533.60748 -1050.218721)
(-411.835569 3533.60748 -1050.218721)
(-136.8981897 3533.60748 -1050.218721)
(138.0391897 3533.60748 -1050.218721)
(412.976569 3533.60748 -1050.218721)
(687.9139483 3533.60748 -1050.218721)
(962.8513276 3533.60748 -1050.218721)
(1237.788707 3533.60748 -1050.218721)
(1512.726086 3533.60748 -1050.218721)
(1787.663466 3533.60748 -1050.218721)
(2062.600845 3533.60748 -1050.218721)
(2337.538224 3533.60748 -1050.218721)
(2612.475603 3533.60748 -1050.218721)
(2887.412983 3533.60748 -1050.218721)
(3162.350362 3533.60748 -1050.218721)
(3437.287741 3533.60748 -1050.218721)
(3712.225121 3533.60748 -1050.218721)
(3987.1625 3533.60748 -1050.218721)
(-3986.0215 3761.41274 -1050.218721)
(-3711.084121 3761.41274 -1050.218721)
(-3436.146741 3761.41274 -1050.218721)
(-3161.209362 3761.41274 -1050.218721)
(-2886.271983 3761.41274 -1050.218721)
(-2611.334603 3761.41274 -1050.218721)
(-2336.397224 3761.41274 -1050.218721)
(-2061.459845 3761.41274 -1050.218721)
(-1786.522466 3761.41274 -1050.218721)
(-1511.585086 3761.41274 -1050.218721)
(-1236.647707 3761.41274 -1050.218721)
(-961.7103276 3761.41274 -1050.218721)
(-686.7729483 3761.41274 -1050.218721)
(-411.835569 3761.41274 -1050.218721)
(-136.8981897 3761.41274 -1050.218721)
(138.0391897 3761.41274 -1050.218721)
(412.976569 3761.41274 -1050.218721)
(687.9139483 3761.41274 -1050.218721)
(962.8513276 3761.41274 -1050.218721)
(1237.788707 3761.41274 -1050.218721)
(1512.726086 3761.41274 -1050.218721)
(1787.663466 3761.41274 -1050.218721)
(2062.600845 3761.41274 -1050.218721)
(2337.538224 3761.41274 -1050.218721)
(2612.475603 3761.41274 -1050.218721)
(2887.412983 3761.41274 -1050.218721)
(3162.350362 3761.41274 -1050.218721)
(3437.287741 3761.41274 -1050.218721)
(3712.225121 3761.41274 -1050.218721)
(3987.1625 3761.41274 -1050.218721)
(-3986.0215 3989.218 -1050.218721)
(-3711.084121 3989.218 -1050.218721)
(-3436.146741 3989.218 -1050.218721)
(-3161.209362 3989.218 -1050.218721)
(-2886.271983 3989.218 -1050.218721)
(-2611.334603 3989.218 -1050.218721)
(-2336.397224 3989.218 -1050.218721)
(-2061.459845 3989.218 -1050.218721)
(-1786.522466 3989.218 -1050.218721)
(-1511.585086 3989.218 -1050.218721)
(-1236.647707 3989.218 -1050.218721)
(-961.7103276 3989.218 -1050.218721)
(-686.7729483 3989.218 -1050.218721)
(-411.835569 3989.218 -1050.218721)
(-136.8981897 3989.218 -1050.218721)
(138.0391897 3989.218 -1050.218721)
(412.976569 3989.218 -1050.218721)
(687.9139483 3989.218 -1050.218721)
(962.8513276 3989.218 -1050.218721)
(1237.788707 3989.218 -1050.218721)
(1512.726086 3989.218 -1050.218721)
(1787.663466 3989.218 -1050.218721)
(2062.600845 3989.218 -1050.218721)
(2337.538224 3989.218 -1050.218721)
(2612.475603 3989.218 -1050.218721)
(2887.412983 3989.218 -1050.218721)
(3162.350362 3989.218 -1050.218721)
(3437.287741 3989.218 -1050.218721)
(3712.225121 3989.218 -1050.218721)
(3987.1625 3989.218 -1050.218721)
(-3986.0215 -3983.9661 -630.5774526)
(-3711.084121 -3983.9661 -630.5774526)
(-3436.146741 -3983.9661 -630.5774526)
(-3161.209362 -3983.9661 -630.5774526)
(-2886.271983 -3983.9661 -630.5774526)
(-2611.334603 -3983.9661 -630.5774526)
(-2336.397224 -3983.9661 -630.5774526)
(-2061.459845 -3983.9661 -630.5774526)
(-1786.522466 -3983.9661 -630.5774526)
(-1511.585086 -3983.9661 -630.5774526)
(-1236.647707 -3983.9661 -630.5774526)
(-961.7103276 -3983.9661 -630.5774526)
(-686.7729483 -3983.9661 -630.5774526)
(-411.835569 -3983.9661 -630.5774526)
(-136.8981897 -3983.9661 -630.5774526)
(138.0391897 -3983.9661 -630.5774526)
(412.976569 -3983.9661 -630.5774526)
(687.9139483 -3983.9661 -630.5774526)
(962.8513276 -3983.9661 -630.5774526)
(1237.788707 -3983.9661 -630.5774526)
(1512.726086 -3983.9661 -630.5774526)
(1787.663466 -3983.9661 -630.5774526)
(2062.600845 -3983.9661 -630.5774526)
(2337.538224 -3983.9661 -630.5774526)
(2612.475603 -3983.9661 -630.5774526)
(2887.412983 -3983.9661 -630.5774526)
(3162.350362 -3983.9661 -630.5774526)
(3437.287741 -3983.9661 -630.5774526)
(3712.225121 -3983.9661 -630.5774526)
(3987.1625 -3983.9661 -630.5774526)
(-3986.0215 -3756.16084 -630.5774526)
(-3711.084121 -3756.16084 -630.5774526)
(-3436.146741 -3756.16084 -630.5774526)
(-3161.209362 -3756.16084 -630.5774526)
(-2886.271983 -3756.16084 -630.5774526)
(-2611.334603 -3756.16084 -630.5774526)
(-2336.397224 -3756.16084 -630.5774526)
(-2061.459845 -3756.16084 -630.5774526)
(-1786.522466 -3756.16084 -630.5774526)
(-1511.585086 -3756.16084 -630.5774526)
(-1236.647707 -3756.16084 -630.5774526)
(-961.7103276 -3756.16084 -630.5774526)
(-686.7729483 -3756.16084 -630.5774526)
(-411.835569 -3756.16084 -630.5774526)
(-136.8981897 -3756.16084 -630.5774526)
(138.0391897 -3756.16084 -630.5774526)
(412.976569 -3756.16084 -630.5774526)
(687.9139483 -3756.16084 -630.5774526)
(962.8513276 -3756.16084 -630.5774526)
(1237.788707 -3756.16084 -630.5774526)
(1512.726086 -3756.16084 -630.5774526)
(1787.663466 -3756.16084 -630.5774526)
(2062.600845 -3756.16084 -630.5774526)
(2337.538224 -3756.16084 -630.5774526)
(2612.475603 -3756.16084 -630.5774526)
(2887.412983 -3756.16084 -630.5774526)
(3162.350362 -3756.16084 -630.5774526)
(3437.287741 -3756.16084 -630.5774526)
(3712.225121 -3756.16084 -630.5774526)
(3987.1625 -3756.16084 -630.5774526)
(-3986.0215 -3528.35558 -630.5774526)
(-3711.084121 -3528.35558 -630.5774526)
(-3436.146741 -3528.35558 -630.5774526)
(-3161.209362 -3528.35558 -630.5774526)
(-2886.271983 -3528.35558 -630.5774526)
(-2611.334603 -3528.35558 -630.5774526)
(-2336.397224 -3528.35558 -630.5774526)
(-2061.459845 -3528.35558 -630.5774526)
(-1786.522466 -3528.35558 -630.5774526)
(-1511.585086 -3528.35558 -630.5774526)
(-1236.647707 -3528.35558 -630.5774526)
(-961.7103276 -3528.35558 -630.5774526)
(-686.7729483 -3528.35558 -630.5774526)
(-411.835569 -3528.35558 -630.5774526)
(-136.8981897 -3528.35558 -630.5774526)
(138.0391897 -3528.35558 -630.5774526)
(412.976569 -3528.35558 -630.5774526)
(687.9139483 -3528.35558 -630.5774526)
(962.8513276 -3528.35558 -630.5774526)
(1237.788707 -3528.35558 -630.5774526)
(1512.726086 -3528.35558 -630.5774526)
(1787.663466 -3528.35558 -630.5774526)
(2062.600845 -3528.35558 -630.5774526)
(2337.538224 -3528.35558 -630.5774526)
(2612.475603 -3528.35558 -630.5774526)
(2887.412983 -3528.35558 -630.5774526)
(3162.350362 -3528.35558 -630.5774526)
(3437.287741 -3528.35558 -630.5774526)
(3712.225121 -3528.35558 -630.5774526)
(3987.1625 -3528.35558 -630.5774526)
(-3986.0215 -3300.55032 -630.5774526)
(-3711.084121 -3300.55032 -630.5774526)
(-3436.146741 -3300.55032 -630.5774526)
(-3161.209362 -3300.55032 -630.5774526)
(-2886.271983 -3300.55032 -630.5774526)
(-2611.334603 -3300.55032 -630.5774526)
(-2336.397224 -3300.55032 -630.5774526)
(-2061.459845 -3300.55032 -630.5774526)
(-1786.522466 -3300.55032 -630.5774526)
(-1511.585086 -3300.55032 -630.5774526)
(-1236.647707 -3300.55032 -630.5774526)
(-961.7103276 -3300.55032 -630.5774526)
(-686.7729483 -3300.55032 -630.5774526)
(-411.835569 -3300.55032 -630.5774526)
(-136.8981897 -3300.55032 -630.5774526)
(138.0391897 -3300.55032 -630.5774526)
(412.976569 -3300.55032 -630.5774526)
(687.9139483 -3300.55032 -630.5774526)
(962.8513276 -3300.55032 -630.5774526)
(1237.788707 -3300.55032 -630.5774526)
(1512.726086 -3300.55032 -630.5774526)
(1787.663466 -3300.55032 -630.5774526)
(2062.600845 -3300.55032 -630.5774526)
(2337.538224 -3300.55032 -630.5774526)
(2612.475603 -3300.55032 -630.5774526)
(2887.412983 -3300.55032 -630.5774526)
(3162.350362 -3300.55032 -630.5774526)
(3437.287741 -3300.55032 -630.5774526)
(3712.225121 -3300.55032 -630.5774526)
(3987.1625 -3300.55032 -630.5774526)
(-3986.0215 -3072.74506 -630.5774526)
(-3711.084121 -3072.74506 -630.5774526)
(-3436.146741 -3072.74506 -630.5774526)
(-3161.209362 -3072.74506 -630.5774526)
(-2886.271983 -3072.74506 -630.5774526)
(-2611.334603 -3072.74506 -630.5774526)
(-2336.397224 -3072.74506 -630.5774526)
(-2061.459845 -3072.74506 -630.5774526)
(-1786.522466 -3072.74506 -630.5774526)
(-1511.585086 -3072.74506 -630.5774526)
(-1236.647707 -3072.74506 -630.5774526)
(-961.7103276 -3072.74506 -630.5774526)
(-686.7729483 -3072.74506 -630.5774526)
(-411.835569 -3072.74506 -630.5774526)
(-136.8981897 -3072.74506 -630.5774526)
(138.0391897 -3072.74506 -630.5774526)
(412.976569 -3072.74506 -630.5774526)
(687.9139483 -3072.74506 -630.5774526)
(962.8513276 -3072.74506 -630.5774526)
(1237.788707 -3072.74506 -630.5774526)
(1512.726086 -3072.74506 -630.5774526)
(1787.663466 -3072.74506 -630.5774526)
(2062.600845 -3072.74506 -630.5774526)
(2337.538224 -3072.74506 -630.5774526)
(2612.475603 -3072.74506 -630.5774526)
(2887.412983 -3072.74506 -630.5774526)
(3162.350362 -3072.74506 -630.5774526)
(3437.287741 -3072.74506 -630.5774526)
(3712.225121 -3072.74506 -630.5774526)
(3987.1625 -3072.74506 -630.5774526)
(-3986.0215 -2844.9398 -630.5774526)
(-3711.084121 -2844.9398 -630.5774526)
(-3436.146741 -2844.9398 -630.5774526)
(-3161.209362 -2844.9398 -630.5774526)
(-2886.271983 -2844.9398 -630.5774526)
(-2611.334603 -2844.9398 -630.5774526)
(-2336.397224 -2844.9398 -630.5774526)
(-2061.459845 -2844.9398 -630.5774526)
(-1786.522466 -2844.9398 -630.5774526)
(-1511.585086 -2844.9398 -630.5774526)
(-1236.647707 -2844.9398 -630.5774526)
(-961.7103276 -2844.9398 -630.5774526)
(-686.7729483 -2844.9398 -630.5774526)
(-411.835569 -2844.9398 -630.5774526)
(-136.8981897 -2844.9398 -630.5774526)
(138.0391897 -2844.9398 -630.5774526)
(412.976569 -2844.9398 -630.5774526)
(687.9139483 -2844.9398 -630.5774526)
(962.8513276 -2844.9398 -630.5774526)
(1237.788707 -2844.9398 -630.5774526)
(1512.726086 -2844.9398 -630.5774526)
(1787.663466 -2844.9398 -630.5774526)
(2062.600845 -2844.9398 -630.5774526)
(2337.538224 -2844.9398 -630.5774526)
(2612.475603 -2844.9398 -630.5774526)
(2887.412983 -2844.9398 -630.5774526)
(3162.350362 -2844.9398 -630.5774526)
(3437.287741 -2844.9398 -630.5774526)
(3712.225121 -2844.9398 -630.5774526)
(3987.1625 -2844.9398 -630.5774526)
(-3986.0215 -2617.13454 -630.5774526)
(-3711.084121 -2617.13454 -630.5774526)
(-3436.146741 -2617.13454 -630.5774526)
(-3161.209362 -2617.13454 -630.5774526)
(-2886.271983 -2617.13454 -630.5774526)
(-2611.334603 -2617.13454 -630.5774526)
(-2336.397224 -2617.13454 -630.5774526)
(-2061.459845 -2617.13454 -630.5774526)
(-1786.522466 -2617.13454 -630.5774526)
(-1511.585086 -2617.13454 -630.5774526)
(-1236.647707 -2617.13454 -630.5774526)
(-961.7103276 -2617.13454 -630.5774526)
(-686.7729483 -2617.13454 -630.5774526)
(-411.835569 -2617.13454 -630.5774526)
(-136.8981897 -2617.13454 -630.5774526)
(138.0391897 -2617.13454 -630.5774526)
(412.976569 -2617.13454 -630.5774526)
(687.9139483 -2617.13454 -630.5774526)
(962.8513276 -2617.13454 -630.5774526)
(1237.788707 -2617.13454 -630.5774526)
(1512.726086 -2617.13454 -630.5774526)
(1787.663466 -2617.13454 -630.5774526)
(2062.600845 -2617.13454 -630.5774526)
(2337.538224 -2617.13454 -630.5774526)
(2612.475603 -2617.13454 -630.5774526)
(2887.412983 -2617.13454 -630.5774526)
(3162.350362 -2617.13454 -630.5774526)
(3437.287741 -2617.13454 -630.5774526)
(3712.225121 -2617.13454 -630.5774526)
(3987.1625 -2617.13454 -630.5774526)
(-3986.0215 -2389.32928 -630.5774526)
(-3711.084121 -2389.32928 -630.5774526)
(-3436.146741 -2389.32928 -630.5774526)
(-3161.209362 -2389.32928 -630.5774526)
(-2886.271983 -2389.32928 -630.5774526)
(-2611.334603 -2389.32928 -630.5774526)
(-2336.397224 -2389.32928 -630.5774526)
(-2061.459845 -2389.32928 -630.5774526)
(-1786.522466 -2389.32928 -630.5774526)
(-1511.585086 -2389.32928 -630.5774526)
(-1236.647707 -2389.32928 -630.5774526)
(-961.7103276 -2389.32928 -630.5774526)
(-686.7729483 -2389.32928 -630.5774526)
(-411.835569 -2389.32928 -630.5774526)
(-136.8981897 -2389.32928 -630.5774526)
(138.0391897 -2389.32928 -630.5774526)
(412.976569 -2389.32928 -630.5774526)
(687.9139483 -2389.32928 -630.5774526)
(962.8513276 -2389.32928 -630.5774526)
(1237.788707 -2389.32928 -630.5774526)
(1512.726086 -2389.32928 -630.5774526)
(1787.663466 -2389.32928 -630.5774526)
(2062.600845 -2389.32928 -630.5774526)
(2337.538224 -2389.32928 -630.5774526)
(2612.475603 -2389.32928 -630.5774526)
(2887.412983 -2389.32928 -630.5774526)
(3162.350362 -2389.32928 -630.5774526)
(3437.287741 -2389.32928 -630.5774526)
(3712.225121 -2389.32928 -630.5774526)
(3987.1625 -2389.32928 -630.5774526)
(-3986.0215 -2161.52402 -630.5774526)
(-3711.084121 -2161.52402 -630.5774526)
(-3436.146741 -2161.52402 -630.5774526)
(-3161.209362 -2161.52402 -630.5774526)
(-2886.271983 -2161.52402 -630.5774526)
(-2611.334603 -2161.52402 -630.5774526)
(-2336.397224 -2161.52402 -630.5774526)
(-2061.459845 -2161.52402 -630.5774526)
(-1786.522466 -2161.52402 -630.5774526)
(-1511.585086 -2161.52402 -630.5774526)
(-1236.647707 -2161.52402 -630.5774526)
(-961.7103276 -2161.52402 -630.5774526)
(-686.7729483 -2161.52402 -630.5774526)
(-411.835569 -2161.52402 -630.5774526)
(-136.8981897 -2161.52402 -630.5774526)
(138.0391897 -2161.52402 -630.5774526)
(412.976569 -2161.52402 -630.5774526)
(687.9139483 -2161.52402 -630.5774526)
(962.8513276 -2161.52402 -630.5774526)
(1237.788707 -2161.52402 -630.5774526)
(1512.726086 -2161.52402 -630.5774526)
(1787.663466 -2161.52402 -630.5774526)
(2062.600845 -2161.52402 -630.5774526)
(2337.538224 -2161.52402 -630.5774526)
(2612.475603 -2161.52402 -630.5774526)
(2887.412983 -2161.52402 -630.5774526)
(3162.350362 -2161.52402 -630.5774526)
(3437.287741 -2161.52402 -630.5774526)
(3712.225121 -2161.52402 -630.5774526)
(3987.1625 -2161.52402 -630.5774526)
(-3986.0215 -1933.71876 -630.5774526)
(-3711.084121 -1933.71876 -630.5774526)
(-3436.146741 -1933.71876 -630.5774526)
(-3161.209362 -1933.71876 -630.5774526)
(-2886.271983 -1933.71876 -630.5774526)
(-2611.334603 -1933.71876 -630.5774526)
(-2336.397224 -1933.71876 -630.5774526)
(-2061.459845 -1933.71876 -630.5774526)
(-1786.522466 -1933.71876 -630.5774526)
(-1511.585086 -1933.71876 -630.5774526)
(-1236.647707 -1933.71876 -630.5774526)
(-961.7103276 -1933.71876 -630.5774526)
(-686.7729483 -1933.71876 -630.5774526)
(-411.835569 -1933.71876 -630.5774526)
(-136.8981897 -1933.71876 -630.5774526)
(138.0391897 -1933.71876 -630.5774526)
(412.976569 -1933.71876 -630.5774526)
(687.9139483 -1933.71876 -630.5774526)
(962.8513276 -1933.71876 -630.5774526)
(1237.788707 -1933.71876 -630.5774526)
(1512.726086 -1933.71876 -630.5774526)
(1787.663466 -1933.71876 -630.5774526)
(2062.600845 -1933.71876 -630.5774526)
(2337.538224 -1933.71876 -630.5774526)
(2612.475603 -1933.71876 -630.5774526)
(2887.412983 -1933.71876 -630.5774526)
(3162.350362 -1933.71876 -630.5774526)
(3437.287741 -1933.71876 -630.5774526)
(3712.225121 -1933.71876 -630.5774526)
(3987.1625 -1933.71876 -630.5774526)
(-3986.0215 -1705.9135 -630.5774526)
(-3711.084121 -1705.9135 -630.5774526)
(-3436.146741 -1705.9135 -630.5774526)
(-3161.209362 -1705.9135 -630.5774526)
(-2886.271983 -1705.9135 -630.5774526)
(-2611.334603 -1705.9135 -630.5774526)
(-2336.397224 -1705.9135 -630.5774526)
(-2061.459845 -1705.9135 -630.5774526)
(-1786.522466 -1705.9135 -630.5774526)
(-1511.585086 -1705.9135 -630.5774526)
(-1236.647707 -1705.9135 -630.5774526)
(-961.7103276 -1705.9135 -630.5774526)
(-686.7729483 -1705.9135 -630.5774526)
(-411.835569 -1705.9135 -630.5774526)
(-136.8981897 -1705.9135 -630.5774526)
(138.0391897 -1705.9135 -630.5774526)
(412.976569 -1705.9135 -630.5774526)
(687.9139483 -1705.9135 -630.5774526)
(962.8513276 -1705.9135 -630.5774526)
(1237.788707 -1705.9135 -630.5774526)
(1512.726086 -1705.9135 -630.5774526)
(1787.663466 -1705.9135 -630.5774526)
(2062.600845 -1705.9135 -630.5774526)
(2337.538224 -1705.9135 -630.5774526)
(2612.475603 -1705.9135 -630.5774526)
(2887.412983 -1705.9135 -630.5774526)
(3162.350362 -1705.9135 -630.5774526)
(3437.287741 -1705.9135 -630.5774526)
(3712.225121 -1705.9135 -630.5774526)
(3987.1625 -1705.9135 -630.5774526)
(-3986.0215 -1478.10824 -630.5774526)
(-3711.084121 -1478.10824 -630.5774526)
(-3436.146741 -1478.10824 -630.5774526)
(-3161.209362 -1478.10824 -630.5774526)
(-2886.271983 -1478.10824 -630.5774526)
(-2611.334603 -1478.10824 -630.5774526)
(-2336.397224 -1478.10824 -630.5774526)
(-2061.459845 -1478.10824 -630.5774526)
(-1786.522466 -1478.10824 -630.5774526)
(-1511.585086 -1478.10824 -630.5774526)
(-1236.647707 -1478.10824 -630.5774526)
(-961.7103276 -1478.10824 -630.5774526)
(-686.7729483 -1478.10824 -630.5774526)
(-411.835569 -1478.10824 -630.5774526)
(-136.8981897 -1478.10824 -630.5774526)
(138.0391897 -1478.10824 -630.5774526)
(412.976569 -1478.10824 -630.5774526)
(687.9139483 -1478.10824 -630.5774526)
(962.8513276 -1478.10824 -630.5774526)
(1237.788707 -1478.10824 -630.5774526)
(1512.726086 -1478.10824 -630.5774526)
(1787.663466 -1478.10824 -630.5774526)
(2062.600845 -1478.10824 -630.5774526)
(2337.538224 -1478.10824 -630.5774526)
(2612.475603 -1478.10824 -630.5774526)
(2887.412983 -1478.10824 -630.5774526)
(3162.350362 -1478.10824 -630.5774526)
(3437.287741 -1478.10824 -630.5774526)
(3712.225121 -1478.10824 -630.5774526)
(3987.1625 -1478.10824 -630.5774526)
(-3986.0215 -1250.30298 -630.5774526)
(-3711.084121 -1250.30298 -630.5774526)
(-3436.146741 -1250.30298 -630.5774526)
(-3161.209362 -1250.30298 -630.5774526)
(-2886.271983 -1250.30298 -630.5774526)
(-2611.334603 -1250.30298 -630.5774526)
(-2336.397224 -1250.30298 -630.5774526)
(-2061.459845 -1250.30298 -630.5774526)
(-1786.522466 -1250.30298 -630.5774526)
(-1511.585086 -1250.30298 -630.5774526)
(-1236.647707 -1250.30298 -630.5774526)
(-961.7103276 -1250.30298 -630.5774526)
(-686.7729483 -1250.30298 -630.5774526)
(-411.835569 -1250.30298 -630.5774526)
(-136.8981897 -1250.30298 -630.5774526)
(138.0391897 -1250.30298 -630.5774526)
(412.976569 -1250.30298 -630.5774526)
(687.9139483 -1250.30298 -630.5774526)
(962.8513276 -1250.30298 -630.5774526)
(1237.788707 -1250.30298 -630.5774526)
(1512.726086 -1250.30298 -630.5774526)
(1787.663466 -1250.30298 -630.5774526)
(2062.600845 -1250.30298 -630.5774526)
(2337.538224 -1250.30298 -630.5774526)
(2612.475603 -1250.30298 -630.5774526)
(2887.412983 -1250.30298 -630.5774526)
(3162.350362 -1250.30298 -630.5774526)
(3437.287741 -1250.30298 -630.5774526)
(3712.225121 -1250.30298 -630.5774526)
(3987.1625 -1250.30298 -630.5774526)
(-3986.0215 -1022.49772 -630.5774526)
(-3711.084121 -1022.49772 -630.5774526)
(-3436.146741 -1022.49772 -630.5774526)
(-3161.209362 -1022.49772 -630.5774526)
(-2886.271983 -1022.49772 -630.5774526)
(-2611.334603 -1022.49772 -630.5774526)
(-2336.397224 -1022.49772 -630.5774526)
(-2061.459845 -1022.49772 -630.5774526)
(-1786.522466 -1022.49772 -630.5774526)
(-1511.585086 -1022.49772 -630.5774526)
(-1236.647707 -1022.49772 -630.5774526)
(-961.7103276 -1022.49772 -630.5774526)
(-686.7729483 -1022.49772 -630.5774526)
(-411.835569 -1022.49772 -630.5774526)
(-136.8981897 -1022.49772 -630.5774526)
(138.0391897 -1022.49772 -630.5774526)
(412.976569 -1022.49772 -630.5774526)
(687.9139483 -1022.49772 -630.5774526)
(962.8513276 -1022.49772 -630.5774526)
(1237.788707 -1022.49772 -630.5774526)
(1512.726086 -1022.49772 -630.5774526)
(1787.663466 -1022.49772 -630.5774526)
(2062.600845 -1022.49772 -630.5774526)
(2337.538224 -1022.49772 -630.5774526)
(2612.475603 -1022.49772 -630.5774526)
(2887.412983 -1022.49772 -630.5774526)
(3162.350362 -1022.49772 -630.5774526)
(3437.287741 -1022.49772 -630.5774526)
(3712.225121 -1022.49772 -630.5774526)
(3987.1625 -1022.49772 -630.5774526)
(-3986.0215 -794.69246 -630.5774526)
(-3711.084121 -794.69246 -630.5774526)
(-3436.146741 -794.69246 -630.5774526)
(-3161.209362 -794.69246 -630.5774526)
(-2886.271983 -794.69246 -630.5774526)
(-2611.334603 -794.69246 -630.5774526)
(-2336.397224 -794.69246 -630.5774526)
(-2061.459845 -794.69246 -630.5774526)
(-1786.522466 -794.69246 -630.5774526)
(-1511.585086 -794.69246 -630.5774526)
(-1236.647707 -794.69246 -630.5774526)
(-961.7103276 -794.69246 -630.5774526)
(-686.7729483 -794.69246 -630.5774526)
(-411.835569 -794.69246 -630.5774526)
(-136.8981897 -794.69246 -630.5774526)
(138.0391897 -794.69246 -630.5774526)
(412.976569 -794.69246 -630.5774526)
(687.9139483 -794.69246 -630.5774526)
(962.8513276 -794.69246 -630.5774526)
(1237.788707 -794.69246 -630.5774526)
(1512.726086 -794.69246 -630.5774526)
(1787.663466 -794.69246 -630.5774526)
(2062.600845 -794.69246 -630.5774526)
(2337.538224 -794.69246 -630.5774526)
(2612.475603 -794.69246 -630.5774526)
(2887.412983 -794.69246 -630.5774526)
(3162.350362 -794.69246 -630.5774526)
(3437.287741 -794.69246 -630.5774526)
(3712.225121 -794.69246 -630.5774526)
(3987.1625 -794.69246 -630.5774526)
(-3986.0215 -566.8872 -630.5774526)
(-3711.084121 -566.8872 -630.5774526)
(-3436.146741 -566.8872 -630.5774526)
(-3161.209362 -566.8872 -630.5774526)
(-2886.271983 -566.8872 -630.5774526)
(-2611.334603 -566.8872 -630.5774526)
(-2336.397224 -566.8872 -630.5774526)
(-2061.459845 -566.8872 -630.5774526)
(-1786.522466 -566.8872 -630.5774526)
(-1511.585086 -566.8872 -630.5774526)
(-1236.647707 -566.8872 -630.5774526)
(-961.7103276 -566.8872 -630.5774526)
(-686.7729483 -566.8872 -630.5774526)
(-411.835569 -566.8872 -630.5774526)
(-136.8981897 -566.8872 -630.5774526)
(138.0391897 -566.8872 -630.5774526)
(412.976569 -566.8872 -630.5774526)
(687.9139483 -566.8872 -630.5774526)
(962.8513276 -566.8872 -630.5774526)
(1237.788707 -566.8872 -630.5774526)
(1512.726086 -566.8872 -630.5774526)
(1787.663466 -566.8872 -630.5774526)
(2062.600845 -566.8872 -630.5774526)
(2337.538224 -566.8872 -630.5774526)
(2612.475603 -566.8872 -630.5774526)
(2887.412983 -566.8872 -630.5774526)
(3162.350362 -566.8872 -630.5774526)
(3437.287741 -566.8872 -630.5774526)
(3712.225121 -566.8872 -630.5774526)
(3987.1625 -566.8872 -630.5774526)
(-3986.0215 -339.08194 -630.5774526)
(-3711.084121 -339.08194 -630.5774526)
(-3436.146741 -339.08194 -630.5774526)
(-3161.209362 -339.08194 -630.5774526)
(-2886.271983 -339.08194 -630.5774526)
(-2611.334603 -339.08194 -630.5774526)
(-2336.397224 -339.08194 -630.5774526)
(-2061.459845 -339.08194 -630.5774526)
(-1786.522466 -339.08194 -630.5774526)
(-1511.585086 -339.08194 -630.5774526)
(-1236.647707 -339.08194 -630.5774526)
(-961.7103276 -339.08194 -630.5774526)
(-686.7729483 -339.08194 -630.5774526)
(-411.835569 -339.08194 -630.5774526)
(-136.8981897 -339.08194 -630.5774526)
(138.0391897 -339.08194 -630.5774526)
(412.976569 -339.08194 -630.5774526)
(687.9139483 -339.08194 -630.5774526)
(962.8513276 -339.08194 -630.5774526)
(1237.788707 -339.08194 -630.5774526)
(1512.726086 -339.08194 -630.5774526)
(1787.663466 -339.08194 -630.5774526)
(2062.600845 -339.08194 -630.5774526)
(2337.538224 -339.08194 -630.5774526)
(2612.475603 -339.08194 -630.5774526)
(2887.412983 -339.08194 -630.5774526)
(3162.350362 -339.08194 -630.5774526)
(3437.287741 -339.08194 -630.5774526)
(3712.225121 -339.08194 -630.5774526)
(3987.1625 -339.08194 -630.5774526)
(-3986.0215 -111.27668 -630.5774526)
(-3711.084121 -111.27668 -630.5774526)
(-3436.146741 -111.27668 -630.5774526)
(-3161.209362 -111.27668 -630.5774526)
(-2886.271983 -111.27668 -630.5774526)
(-2611.334603 -111.27668 -630.5774526)
(-2336.397224 -111.27668 -630.5774526)
(-2061.459845 -111.27668 -630.5774526)
(-1786.522466 -111.27668 -630.5774526)
(-1511.585086 -111.27668 -630.5774526)
(-1236.647707 -111.27668 -630.5774526)
(-961.7103276 -111.27668 -630.5774526)
(-686.7729483 -111.27668 -630.5774526)
(-411.835569 -111.27668 -630.5774526)
(-136.8981897 -111.27668 -630.5774526)
(138.0391897 -111.27668 -630.5774526)
(412.976569 -111.27668 -630.5774526)
(687.9139483 -111.27668 -630.5774526)
(962.8513276 -111.27668 -630.5774526)
(1237.788707 -111.27668 -630.5774526)
(1512.726086 -111.27668 -630.5774526)
(1787.663466 -111.27668 -630.5774526)
(2062.600845 -111.27668 -630.5774526)
(2337.538224 -111.27668 -630.5774526)
(2612.475603 -111.27668 -630.5774526)
(2887.412983 -111.27668 -630.5774526)
(3162.350362 -111.27668 -630.5774526)
(3437.287741 -111.27668 -630.5774526)
(3712.225121 -111.27668 -630.5774526)
(3987.1625 -111.27668 -630.5774526)
(-3986.0215 116.52858 -630.5774526)
(-3711.084121 116.52858 -630.5774526)
(-3436.146741 116.52858 -630.5774526)
(-3161.209362 116.52858 -630.5774526)
(-2886.271983 116.52858 -630.5774526)
(-2611.334603 116.52858 -630.5774526)
(-2336.397224 116.52858 -630.5774526)
(-2061.459845 116.52858 -630.5774526)
(-1786.522466 116.52858 -630.5774526)
(-1511.585086 116.52858 -630.5774526)
(-1236.647707 116.52858 -630.5774526)
(-961.7103276 116.52858 -630.5774526)
(-686.7729483 116.52858 -630.5774526)
(-411.835569 116.52858 -630.5774526)
(-136.8981897 116.52858 -630.5774526)
(138.0391897 116.52858 -630.5774526)
(412.976569 116.52858 -630.5774526)
(687.9139483 116.52858 -630.5774526)
(962.8513276 116.52858 -630.5774526)
(1237.788707 116.52858 -630.5774526)
(1512.726086 116.52858 -630.5774526)
(1787.663466 116.52858 -630.5774526)
(2062.600845 116.52858 -630.5774526)
(2337.538224 116.52858 -630.5774526)
(2612.475603 116.52858 -630.5774526)
(2887.412983 116.52858 -630.5774526)
(3162.350362 116.52858 -630.5774526)
(3437.287741 116.52858 -630.5774526)
(3712.225121 116.52858 -630.5774526)
(3987.1625 116.52858 -630.5774526)
(-3986.0215 344.33384 -630.5774526)
(-3711.084121 344.33384 -630.5774526)
(-3436.146741 344.33384 -630.5774526)
(-3161.209362 344.33384 -630.5774526)
(-2886.271983 344.33384 -630.5774526)
(-2611.334603 344.33384 -630.5774526)
(-2336.397224 344.33384 -630.5774526)
(-2061.459845 344.33384 -630.5774526)
(-1786.522466 344.33384 -630.5774526)
(-1511.585086 344.33384 -630.5774526)
(-1236.647707 344.33384 -630.5774526)
(-961.7103276 344.33384 -630.5774526)
(-686.7729483 344.33384 -630.5774526)
(-411.835569 344.33384 -630.5774526)
(-136.8981897 344.33384 -630.5774526)
(138.0391897 344.33384 -630.5774526)
(412.976569 344.33384 -630.5774526)
(687.9139483 344.33384 -630.5774526)
(962.8513276 344.33384 -630.5774526)
(1237.788707 344.33384 -630.5774526)
(1512.726086 344.33384 -630.5774526)
(1787.663466 344.33384 -630.5774526)
(2062.600845 344.33384 -630.5774526)
(2337.538224 344.33384 -630.5774526)
(2612.475603 344.33384 -630.5774526)
(2887.412983 344.33384 -630.5774526)
(3162.350362 344.33384 -630.5774526)
(3437.287741 344.33384 -630.5774526)
(3712.225121 344.33384 -630.5774526)
(3987.1625 344.33384 -630.5774526)
(-3986.0215 572.1391 -630.5774526)
(-3711.084121 572.1391 -630.5774526)
(-3436.146741 572.1391 -630.5774526)
(-3161.209362 572.1391 -630.5774526)
(-2886.271983 572.1391 -630.5774526)
(-2611.334603 572.1391 -630.5774526)
(-2336.397224 572.1391 -630.5774526)
(-2061.459845 572.1391 -630.5774526)
(-1786.522466 572.1391 -630.5774526)
(-1511.585086 572.1391 -630.5774526)
(-1236.647707 572.1391 -630.5774526)
(-961.7103276 572.1391 -630.5774526)
(-686.7729483 572.1391 -630.5774526)
(-411.835569 572.1391 -630.5774526)
(-136.8981897 572.1391 -630.5774526)
(138.0391897 572.1391 -630.5774526)
(412.976569 572.1391 -630.5774526)
(687.9139483 572.1391 -630.5774526)
(962.8513276 572.1391 -630.5774526)
(1237.788707 572.1391 -630.5774526)
(1512.726086 572.1391 -630.5774526)
(1787.663466 572.1391 -630.5774526)
(2062.600845 572.1391 -630.5774526)
(2337.538224 572.1391 -630.5774526)
(2612.475603 572.1391 -630.5774526)
(2887.412983 572.1391 -630.5774526)
(3162.350362 572.1391 -630.5774526)
(3437.287741 572.1391 -630.5774526)
(3712.225121 572.1391 -630.5774526)
(3987.1625 572.1391 -630.5774526)
(-3986.0215 799.94436 -630.5774526)
(-3711.084121 799.94436 -630.5774526)
(-3436.146741 799.94436 -630.5774526)
(-3161.209362 799.94436 -630.5774526)
(-2886.271983 799.94436 -630.5774526)
(-2611.334603 799.94436 -630.5774526)
(-2336.397224 799.94436 -630.5774526)
(-2061.459845 799.94436 -630.5774526)
(-1786.522466 799.94436 -630.5774526)
(-1511.585086 799.94436 -630.5774526)
(-1236.647707 799.94436 -630.5774526)
(-961.7103276 799.94436 -630.5774526)
(-686.7729483 799.94436 -630.5774526)
(-411.835569 799.94436 -630.5774526)
(-136.8981897 799.94436 -630.5774526)
(138.0391897 799.94436 -630.5774526)
(412.976569 799.94436 -630.5774526)
(687.9139483 799.94436 -630.5774526)
(962.8513276 799.94436 -630.5774526)
(1237.788707 799.94436 -630.5774526)
(1512.726086 799.94436 -630.5774526)
(1787.663466 799.94436 -630.5774526)
(2062.600845 799.94436 -630.5774526)
(2337.538224 799.94436 -630.5774526)
(2612.475603 799.94436 -630.5774526)
(2887.412983 799.94436 -630.5774526)
(3162.350362 799.94436 -630.5774526)
(3437.287741 799.94436 -630.5774526)
(3712.225121 799.94436 -630.5774526)
(3987.1625 799.94436 -630.5774526)
(-3986.0215 1027.74962 -630.5774526)
(-3711.084121 1027.74962 -630.5774526)
(-3436.146741 1027.74962 -630.5774526)
(-3161.209362 1027.74962 -630.5774526)
(-2886.271983 1027.74962 -630.5774526)
(-2611.334603 1027.74962 -630.5774526)
(-2336.397224 1027.74962 -630.5774526)
(-2061.459845 1027.74962 -630.5774526)
(-1786.522466 1027.74962 -630.5774526)
(-1511.585086 1027.74962 -630.5774526)
(-1236.647707 1027.74962 -630.5774526)
(-961.7103276 1027.74962 -630.5774526)
(-686.7729483 1027.74962 -630.5774526)
(-411.835569 1027.74962 -630.5774526)
(-136.8981897 1027.74962 -630.5774526)
(138.0391897 1027.74962 -630.5774526)
(412.976569 1027.74962 -630.5774526)
(687.9139483 1027.74962 -630.5774526)
(962.8513276 1027.74962 -630.5774526)
(1237.788707 1027.74962 -630.5774526)
(1512.726086 1027.74962 -630.5774526)
(1787.663466 1027.74962 -630.5774526)
(2062.600845 1027.74962 -630.5774526)
(2337.538224 1027.74962 -630.5774526)
(2612.475603 1027.74962 -630.5774526)
(2887.412983 1027.74962 -630.5774526)
(3162.350362 1027.74962 -630.5774526)
(3437.287741 1027.74962 -630.5774526)
(3712.225121 1027.74962 -630.5774526)
(3987.1625 1027.74962 -630.5774526)
(-3986.0215 1255.55488 -630.5774526)
(-3711.084121 1255.55488 -630.5774526)
(-3436.146741 1255.55488 -630.5774526)
(-3161.209362 1255.55488 -630.5774526)
(-2886.271983 1255.55488 -630.5774526)
(-2611.334603 1255.55488 -630.5774526)
(-2336.397224 1255.55488 -630.5774526)
(-2061.459845 1255.55488 -630.5774526)
(-1786.522466 1255.55488 -630.5774526)
(-1511.585086 1255.55488 -630.5774526)
(-1236.647707 1255.55488 -630.5774526)
(-961.7103276 1255.55488 -630.5774526)
(-686.7729483 1255.55488 -630.5774526)
(-411.835569 1255.55488 -630.5774526)
(-136.8981897 1255.55488 -630.5774526)
(138.0391897 1255.55488 -630.5774526)
(412.976569 1255.55488 -630.5774526)
(687.9139483 1255.55488 -630.5774526)
(962.8513276 1255.55488 -630.5774526)
(1237.788707 1255.55488 -630.5774526)
(1512.726086 1255.55488 -630.5774526)
(1787.663466 1255.55488 -630.5774526)
(2062.600845 1255.55488 -630.5774526)
(2337.538224 1255.55488 -630.5774526)
(2612.475603 1255.55488 -630.5774526)
(2887.412983 1255.55488 -630.5774526)
(3162.350362 1255.55488 -630.5774526)
(3437.287741 1255.55488 -630.5774526)
(3712.225121 1255.55488 -630.5774526)
(3987.1625 1255.55488 -630.5774526)
(-3986.0215 1483.36014 -630.5774526)
(-3711.084121 1483.36014 -630.5774526)
(-3436.146741 1483.36014 -630.5774526)
(-3161.209362 1483.36014 -630.5774526)
(-2886.271983 1483.36014 -630.5774526)
(-2611.334603 1483.36014 -630.5774526)
(-2336.397224 1483.36014 -630.5774526)
(-2061.459845 1483.36014 -630.5774526)
(-1786.522466 1483.36014 -630.5774526)
(-1511.585086 1483.36014 -630.5774526)
(-1236.647707 1483.36014 -630.5774526)
(-961.7103276 1483.36014 -630.5774526)
(-686.7729483 1483.36014 -630.5774526)
(-411.835569 1483.36014 -630.5774526)
(-136.8981897 1483.36014 -630.5774526)
(138.0391897 1483.36014 -630.5774526)
(412.976569 1483.36014 -630.5774526)
(687.9139483 1483.36014 -630.5774526)
(962.8513276 1483.36014 -630.5774526)
(1237.788707 1483.36014 -630.5774526)
(1512.726086 1483.36014 -630.5774526)
(1787.663466 1483.36014 -630.5774526)
(2062.600845 1483.36014 -630.5774526)
(2337.538224 1483.36014 -630.5774526)
(2612.475603 1483.36014 -630.5774526)
(2887.412983 1483.36014 -630.5774526)
(3162.350362 1483.36014 -630.5774526)
(3437.287741 1483.36014 -630.5774526)
(3712.225121 1483.36014 -630.5774526)
(3987.1625 1483.36014 -630.5774526)
(-3986.0215 1711.1654 -630.5774526)
(-3711.084121 1711.1654 -630.5774526)
(-3436.146741 1711.1654 -630.5774526)
(-3161.209362 1711.1654 -630.5774526)
(-2886.271983 1711.1654 -630.5774526)
(-2611.334603 1711.1654 -630.5774526)
(-2336.397224 1711.1654 -630.5774526)
(-2061.459845 1711.1654 -630.5774526)
(-1786.522466 1711.1654 -630.5774526)
(-1511.585086 1711.1654 -630.5774526)
(-1236.647707 1711.1654 -630.5774526)
(-961.7103276 1711.1654 -630.5774526)
(-686.7729483 1711.1654 -630.5774526)
(-411.835569 1711.1654 -630.5774526)
(-136.8981897 1711.1654 -630.5774526)
(138.0391897 1711.1654 -630.5774526)
(412.976569 1711.1654 -630.5774526)
(687.9139483 1711.1654 -630.5774526)
(962.8513276 1711.1654 -630.5774526)
(1237.788707 1711.1654 -630.5774526)
(1512.726086 1711.1654 -630.5774526)
(1787.663466 1711.1654 -630.5774526)
(2062.600845 1711.1654 -630.5774526)
(2337.538224 1711.1654 -630.5774526)
(2612.475603 1711.1654 -630.5774526)
(2887.412983 1711.1654 -630.5774526)
(3162.350362 1711.1654 -630.5774526)
(3437.287741 1711.1654 -630.5774526)
(3712.225121 1711.1654 -630.5774526)
(3987.1625 1711.1654 -630.5774526)
(-3986.0215 1938.97066 -630.5774526)
(-3711.084121 1938.97066 -630.5774526)
(-3436.146741 1938.97066 -630.5774526)
(-3161.209362 1938.97066 -630.5774526)
(-2886.271983 1938.97066 -630.5774526)
(-2611.334603 1938.97066 -630.5774526)
(-2336.397224 1938.97066 -630.5774526)
(-2061.459845 1938.97066 -630.5774526)
(-1786.522466 1938.97066 -630.5774526)
(-1511.585086 1938.97066 -630.5774526)
(-1236.647707 1938.97066 -630.5774526)
(-961.7103276 1938.97066 -630.5774526)
(-686.7729483 1938.97066 -630.5774526)
(-411.835569 1938.97066 -630.5774526)
(-136.8981897 1938.97066 -630.5774526)
(138.0391897 1938.97066 -630.5774526)
(412.976569 1938.97066 -630.5774526)
(687.9139483 1938.97066 -630.5774526)
(962.8513276 1938.97066 -630.5774526)
(1237.788707 1938.97066 -630.5774526)
(1512.726086 1938.97066 -630.5774526)
(1787.663466 1938.97066 -630.5774526)
(2062.600845 1938.97066 -630.5774526)
(2337.538224 1938.97066 -630.5774526)
(2612.475603 1938.97066 -630.5774526)
(2887.412983 1938.97066 -630.5774526)
(3162.350362 1938.97066 -630.5774526)
(3437.287741 1938.97066 -630.5774526)
(3712.225121 1938.97066 -630.5774526)
(3987.1625 1938.97066 -630.5774526)
(-3986.0215 2166.77592 -630.5774526)
(-3711.084121 2166.77592 -630.5774526)
(-3436.146741 2166.77592 -630.5774526)
(-3161.209362 2166.77592 -630.5774526)
(-2886.271983 2166.77592 -630.5774526)
(-2611.334603 2166.77592 -630.5774526)
(-2336.397224 2166.77592 -630.5774526)
(-2061.459845 2166.77592 -630.5774526)
(-1786.522466 2166.77592 -630.5774526)
(-1511.585086 2166.77592 -630.5774526)
(-1236.647707 2166.77592 -630.5774526)
(-961.7103276 2166.77592 -630.5774526)
(-686.7729483 2166.77592 -630.5774526)
(-411.835569 2166.77592 -630.5774526)
(-136.8981897 2166.77592 -630.5774526)
(138.0391897 2166.77592 -630.5774526)
(412.976569 2166.77592 -630.5774526)
(687.9139483 2166.77592 -630.5774526)
(962.8513276 2166.77592 -630.5774526)
(1237.788707 2166.77592 -630.5774526)
(1512.726086 2166.77592 -630.5774526)
(1787.663466 2166.77592 -630.5774526)
(2062.600845 2166.77592 -630.5774526)
(2337.538224 2166.77592 -630.5774526)
(2612.475603 2166.77592 -630.5774526)
(2887.412983 2166.77592 -630.5774526)
(3162.350362 2166.77592 -630.5774526)
(3437.287741 2166.77592 -630.5774526)
(3712.225121 2166.77592 -630.5774526)
(3987.1625 2166.77592 -630.5774526)
(-3986.0215 2394.58118 -630.5774526)
(-3711.084121 2394.58118 -630.5774526)
(-3436.146741 2394.58118 -630.5774526)
(-3161.209362 2394.58118 -630.5774526)
(-2886.271983 2394.58118 -630.5774526)
(-2611.334603 2394.58118 -630.5774526)
(-2336.397224 2394.58118 -630.5774526)
(-2061.459845 2394.58118 -630.5774526)
(-1786.522466 2394.58118 -630.5774526)
(-1511.585086 2394.58118 -630.5774526)
(-1236.647707 2394.58118 -630.5774526)
(-961.7103276 2394.58118 -630.5774526)
(-686.7729483 2394.58118 -630.5774526)
(-411.835569 2394.58118 -630.5774526)
(-136.8981897 2394.58118 -630.5774526)
(138.0391897 2394.58118 -630.5774526)
(412.976569 2394.58118 -630.5774526)
(687.9139483 2394.58118 -630.5774526)
(962.8513276 2394.58118 -630.5774526)
(1237.788707 2394.58118 -630.5774526)
(1512.726086 2394.58118 -630.5774526)
(1787.663466 2394.58118 -630.5774526)
(2062.600845 2394.58118 -630.5774526)
(2337.538224 2394.58118 -630.5774526)
(2612.475603 2394.58118 -630.5774526)
(2887.412983 2394.58118 -630.5774526)
(3162.350362 2394.58118 -630.5774526)
(3437.287741 2394.58118 -630.5774526)
(3712.225121 2394.58118 -630.5774526)
(3987.1625 2394.58118 -630.5774526)
(-3986.0215 2622.38644 -630.5774526)
(-3711.084121 2622.38644 -630.5774526)
(-3436.146741 2622.38644 -630.5774526)
(-3161.209362 2622.38644 -630.5774526)
(-2886.271983 2622.38644 -630.5774526)
(-2611.334603 2622.38644 -630.5774526)
(-2336.397224 2622.38644 -630.5774526)
(-2061.459845 2622.38644 -630.5774526)
(-1786.522466 2622.38644 -630.5774526)
(-1511.585086 2622.38644 -630.5774526)
(-1236.647707 2622.38644 -630.5774526)
(-961.7103276 2622.38644 -630.5774526)
(-686.7729483 2622.38644 -630.5774526)
(-411.835569 2622.38644 -630.5774526)
(-136.8981897 2622.38644 -630.5774526)
(138.0391897 2622.38644 -630.5774526)
(412.976569 2622.38644 -630.5774526)
(687.9139483 2622.38644 -630.5774526)
(962.8513276 2622.38644 -630.5774526)
(1237.788707 2622.38644 -630.5774526)
(1512.726086 2622.38644 -630.5774526)
(1787.663466 2622.38644 -630.5774526)
(2062.600845 2622.38644 -630.5774526)
(2337.538224 2622.38644 -630.5774526)
(2612.475603 2622.38644 -630.5774526)
(2887.412983 2622.38644 -630.5774526)
(3162.350362 2622.38644 -630.5774526)
(3437.287741 2622.38644 -630.5774526)
(3712.225121 2622.38644 -630.5774526)
(3987.1625 2622.38644 -630.5774526)
(-3986.0215 2850.1917 -630.5774526)
(-3711.084121 2850.1917 -630.5774526)
(-3436.146741 2850.1917 -630.5774526)
(-3161.209362 2850.1917 -630.5774526)
(-2886.271983 2850.1917 -630.5774526)
(-2611.334603 2850.1917 -630.5774526)
(-2336.397224 2850.1917 -630.5774526)
(-2061.459845 2850.1917 -630.5774526)
(-1786.522466 2850.1917 -630.5774526)
(-1511.585086 2850.1917 -630.5774526)
(-1236.647707 2850.1917 -630.5774526)
(-961.7103276 2850.1917 -630.5774526)
(-686.7729483 2850.1917 -630.5774526)
(-411.835569 2850.1917 -630.5774526)
(-136.8981897 2850.1917 -630.5774526)
(138.0391897 2850.1917 -630.5774526)
(412.976569 2850.1917 -630.5774526)
(687.9139483 2850.1917 -630.5774526)
(962.8513276 2850.1917 -630.5774526)
(1237.788707 2850.1917 -630.5774526)
(1512.726086 2850.1917 -630.5774526)
(1787.663466 2850.1917 -630.5774526)
(2062.600845 2850.1917 -630.5774526)
(2337.538224 2850.1917 -630.5774526)
(2612.475603 2850.1917 -630.5774526)
(2887.412983 2850.1917 -630.5774526)
(3162.350362 2850.1917 -630.5774526)
(3437.287741 2850.1917 -630.5774526)
(3712.225121 2850.1917 -630.5774526)
(3987.1625 2850.1917 -630.5774526)
(-3986.0215 3077.99696 -630.5774526)
(-3711.084121 3077.99696 -630.5774526)
(-3436.146741 3077.99696 -630.5774526)
(-3161.209362 3077.99696 -630.5774526)
(-2886.271983 3077.99696 -630.5774526)
(-2611.334603 3077.99696 -630.5774526)
(-2336.397224 3077.99696 -630.5774526)
(-2061.459845 3077.99696 -630.5774526)
(-1786.522466 3077.99696 -630.5774526)
(-1511.585086 3077.99696 -630.5774526)
(-1236.647707 3077.99696 -630.5774526)
(-961.7103276 3077.99696 -630.5774526)
(-686.7729483 3077.99696 -630.5774526)
(-411.835569 3077.99696 -630.5774526)
(-136.8981897 3077.99696 -630.5774526)
(138.0391897 3077.99696 -630.5774526)
(412.976569 3077.99696 -630.5774526)
(687.9139483 3077.99696 -630.5774526)
(962.8513276 3077.99696 -630.5774526)
(1237.788707 3077.99696 -630.5774526)
(1512.726086 3077.99696 -630.5774526)
(1787.663466 3077.99696 -630.5774526)
(2062.600845 3077.99696 -630.5774526)
(2337.538224 3077.99696 -630.5774526)
(2612.475603 3077.99696 -630.5774526)
(2887.412983 3077.99696 -630.5774526)
(3162.350362 3077.99696 -630.5774526)
(3437.287741 3077.99696 -630.5774526)
(3712.225121 3077.99696 -630.5774526)
(3987.1625 3077.99696 -630.5774526)
(-3986.0215 3305.80222 -630.5774526)
(-3711.084121 3305.80222 -630.5774526)
(-3436.146741 3305.80222 -630.5774526)
(-3161.209362 3305.80222 -630.5774526)
(-2886.271983 3305.80222 -630.5774526)
(-2611.334603 3305.80222 -630.5774526)
(-2336.397224 3305.80222 -630.5774526)
(-2061.459845 3305.80222 -630.5774526)
(-1786.522466 3305.80222 -630.5774526)
(-1511.585086 3305.80222 -630.5774526)
(-1236.647707 3305.80222 -630.5774526)
(-961.7103276 3305.80222 -630.5774526)
(-686.7729483 3305.80222 -630.5774526)
(-411.835569 3305.80222 -630.5774526)
(-136.8981897 3305.80222 -630.5774526)
(138.0391897 3305.80222 -630.5774526)
(412.976569 3305.80222 -630.5774526)
(687.9139483 3305.80222 -630.5774526)
(962.8513276 3305.80222 -630.5774526)
(1237.788707 3305.80222 -630.5774526)
(1512.726086 3305.80222 -630.5774526)
(1787.663466 3305.80222 -630.5774526)
(2062.600845 3305.80222 -630.5774526)
(2337.538224 3305.80222 -630.5774526)
(2612.475603 3305.80222 -630.5774526)
(2887.412983 3305.80222 -630.5774526)
(3162.350362 3305.80222 -630.5774526)
(3437.287741 3305.80222 -630.5774526)
(3712.225121 3305.80222 -630.5774526)
(3987.1625 3305.80222 -630.5774526)
(-3986.0215 3533.60748 -630.5774526)
(-3711.084121 3533.60748 -630.5774526)
(-3436.146741 3533.60748 -630.5774526)
(-3161.209362 3533.60748 -630.5774526)
(-2886.271983 3533.60748 -630.5774526)
(-2611.334603 3533.60748 -630.5774526)
(-2336.397224 3533.60748 -630.5774526)
(-2061.459845 3533.60748 -630.5774526)
(-1786.522466 3533.60748 -630.5774526)
(-1511.585086 3533.60748 -630.5774526)
(-1236.647707 3533.60748 -630.5774526)
(-961.7103276 3533.60748 -630.5774526)
(-686.7729483 3533.60748 -630.5774526)
(-411.835569 3533.60748 -630.5774526)
(-136.8981897 3533.60748 -630.5774526)
(138.0391897 3533.60748 -630.5774526)
(412.976569 3533.60748 -630.5774526)
(687.9139483 3533.60748 -630.5774526)
(962.8513276 3533.60748 -630.5774526)
(1237.788707 3533.60748 -630.5774526)
(1512.726086 3533.60748 -630.5774526)
(1787.663466 3533.60748 -630.5774526)
(2062.600845 3533.60748 -630.5774526)
(2337.538224 3533.60748 -630.5774526)
(2612.475603 3533.60748 -630.5774526)
(2887.412983 3533.60748 -630.5774526)
(3162.350362 3533.60748 -630.5774526)
(3437.287741 3533.60748 -630.5774526)
(3712.225121 3533.60748 -630.5774526)
(3987.1625 3533.60748 -630.5774526)
(-3986.0215 3761.41274 -630.5774526)
(-3711.084121 3761.41274 -630.5774526)
(-3436.146741 3761.41274 -630.5774526)
(-3161.209362 3761.41274 -630.5774526)
(-2886.271983 3761.41274 -630.5774526)
(-2611.334603 3761.41274 -630.5774526)
(-2336.397224 3761.41274 -630.5774526)
(-2061.459845 3761.41274 -630.5774526)
(-1786.522466 3761.41274 -630.5774526)
(-1511.585086 3761.41274 -630.5774526)
(-1236.647707 3761.41274 -630.5774526)
(-961.7103276 3761.41274 -630.5774526)
(-686.7729483 3761.41274 -630.5774526)
(-411.835569 3761.41274 -630.5774526)
(-136.8981897 3761.41274 -630.5774526)
(138.0391897 3761.41274 -630.5774526)
(412.976569 3761.41274 -630.5774526)
(687.9139483 3761.41274 -630.5774526)
(962.8513276 3761.41274 -630.5774526)
(1237.788707 3761.41274 -630.5774526)
(1512.726086 3761.41274 -630.5774526)
(1787.663466 3761.41274 -630.5774526)
(2062.600845 3761.41274 -630.5774526)
(2337.538224 3761.41274 -630.5774526)
(2612.475603 3761.41274 -630.5774526)
(2887.412983 3761.41274 -630.5774526)
(3162.350362 3761.41274 -630.5774526)
(3437.287741 3761.41274 -630.5774526)
(3712.225121 3761.41274 -630.5774526)
(3987.1625 3761.41274 -630.5774526)
(-3986.0215 3989.218 -630.5774526)
(-3711.084121 3989.218 -630.5774526)
(-3436.146741 3989.218 -630.5774526)
(-3161.209362 3989.218 -630.5774526)
(-2886.271983 3989.218 -630.5774526)
(-2611.334603 3989.218 -630.5774526)
(-2336.397224 3989.218 -630.5774526)
(-2061.459845 3989.218 -630.5774526)
(-1786.522466 3989.218 -630.5774526)
(-1511.585086 3989.218 -630.5774526)
(-1236.647707 3989.218 -630.5774526)
(-961.7103276 3989.218 -630.5774526)
(-686.7729483 3989.218 -630.5774526)
(-411.835569 3989.218 -630.5774526)
(-136.8981897 3989.218 -630.5774526)
(138.0391897 3989.218 -630.5774526)
(412.976569 3989.218 -630.5774526)
(687.9139483 3989.218 -630.5774526)
(962.8513276 3989.218 -630.5774526)
(1237.788707 3989.218 -630.5774526)
(1512.726086 3989.218 -630.5774526)
(1787.663466 3989.218 -630.5774526)
(2062.600845 3989.218 -630.5774526)
(2337.538224 3989.218 -630.5774526)
(2612.475603 3989.218 -630.5774526)
(2887.412983 3989.218 -630.5774526)
(3162.350362 3989.218 -630.5774526)
(3437.287741 3989.218 -630.5774526)
(3712.225121 3989.218 -630.5774526)
(3987.1625 3989.218 -630.5774526)
(-3986.0215 -3983.9661 -210.9361842)
(-3711.084121 -3983.9661 -210.9361842)
(-3436.146741 -3983.9661 -210.9361842)
(-3161.209362 -3983.9661 -210.9361842)
(-2886.271983 -3983.9661 -210.9361842)
(-2611.334603 -3983.9661 -210.9361842)
(-2336.397224 -3983.9661 -210.9361842)
(-2061.459845 -3983.9661 -210.9361842)
(-1786.522466 -3983.9661 -210.9361842)
(-1511.585086 -3983.9661 -210.9361842)
(-1236.647707 -3983.9661 -210.9361842)
(-961.7103276 -3983.9661 -210.9361842)
(-686.7729483 -3983.9661 -210.9361842)
(-411.835569 -3983.9661 -210.9361842)
(-136.8981897 -3983.9661 -210.9361842)
(138.0391897 -3983.9661 -210.9361842)
(412.976569 -3983.9661 -210.9361842)
(687.9139483 -3983.9661 -210.9361842)
(962.8513276 -3983.9661 -210.9361842)
(1237.788707 -3983.9661 -210.9361842)
(1512.726086 -3983.9661 -210.9361842)
(1787.663466 -3983.9661 -210.9361842)
(2062.600845 -3983.9661 -210.9361842)
(2337.538224 -3983.9661 -210.9361842)
(2612.475603 -3983.9661 -210.9361842)
(2887.412983 -3983.9661 -210.9361842)
(3162.350362 -3983.9661 -210.9361842)
(3437.287741 -3983.9661 -210.9361842)
(3712.225121 -3983.9661 -210.9361842)
(3987.1625 -3983.9661 -210.9361842)
(-3986.0215 -3756.16084 -210.9361842)
(-3711.084121 -3756.16084 -210.9361842)
(-3436.146741 -3756.16084 -210.9361842)
(-3161.209362 -3756.16084 -210.9361842)
(-2886.271983 -3756.16084 -210.9361842)
(-2611.334603 -3756.16084 -210.9361842)
(-2336.397224 -3756.16084 -210.9361842)
(-2061.459845 -3756.16084 -210.9361842)
(-1786.522466 -3756.16084 -210.9361842)
(-1511.585086 -3756.16084 -210.9361842)
(-1236.647707 -3756.16084 -210.9361842)
(-961.7103276 -3756.16084 -210.9361842)
(-686.7729483 -3756.16084 -210.9361842)
(-411.835569 -3756.16084 -210.9361842)
(-136.8981897 -3756.16084 -210.9361842)
(138.0391897 -3756.16084 -210.9361842)
(412.976569 -3756.16084 -210.9361842)
(687.9139483 -3756.16084 -210.9361842)
(962.8513276 -3756.16084 -210.9361842)
(1237.788707 -3756.16084 -210.9361842)
(1512.726086 -3756.16084 -210.9361842)
(1787.663466 -3756.16084 -210.9361842)
(2062.600845 -3756.16084 -210.9361842)
(2337.538224 -3756.16084 -210.9361842)
(2612.475603 -3756.16084 -210.9361842)
(2887.412983 -3756.16084 -210.9361842)
(3162.350362 -3756.16084 -210.9361842)
(3437.287741 -3756.16084 -210.9361842)
(3712.225121 -3756.16084 -210.9361842)
(3987.1625 -3756.16084 -210.9361842)
(-3986.0215 -3528.35558 -210.9361842)
(-3711.084121 -3528.35558 -210.9361842)
(-3436.146741 -3528.35558 -210.9361842)
(-3161.209362 -3528.35558 -210.9361842)
(-2886.271983 -3528.35558 -210.9361842)
(-2611.334603 -3528.35558 -210.9361842)
(-2336.397224 -3528.35558 -210.9361842)
(-2061.459845 -3528.35558 -210.9361842)
(-1786.522466 -3528.35558 -210.9361842)
(-1511.585086 -3528.35558 -210.9361842)
(-1236.647707 -3528.35558 -210.9361842)
(-961.7103276 -3528.35558 -210.9361842)
(-686.7729483 -3528.35558 -210.9361842)
(-411.835569 -3528.35558 -210.9361842)
(-136.8981897 -3528.35558 -210.9361842)
(138.0391897 -3528.35558 -210.9361842)
(412.976569 -3528.35558 -210.9361842)
(687.9139483 -3528.35558 -210.9361842)
(962.8513276 -3528.35558 -210.9361842)
(1237.788707 -3528.35558 -210.9361842)
(1512.726086 -3528.35558 -210.9361842)
(1787.663466 -3528.35558 -210.9361842)
(2062.600845 -3528.35558 -210.9361842)
(2337.538224 -3528.35558 -210.9361842)
(2612.475603 -3528.35558 -210.9361842)
(2887.412983 -3528.35558 -210.9361842)
(3162.350362 -3528.35558 -210.9361842)
(3437.287741 -3528.35558 -210.9361842)
(3712.225121 -3528.35558 -210.9361842)
(3987.1625 -3528.35558 -210.9361842)
(-3986.0215 -3300.55032 -210.9361842)
(-3711.084121 -3300.55032 -210.9361842)
(-3436.146741 -3300.55032 -210.9361842)
(-3161.209362 -3300.55032 -210.9361842)
(-2886.271983 -3300.55032 -210.9361842)
(-2611.334603 -3300.55032 -210.9361842)
(-2336.397224 -3300.55032 -210.9361842)
(-2061.459845 -3300.55032 -210.9361842)
(-1786.522466 -3300.55032 -210.9361842)
(-1511.585086 -3300.55032 -210.9361842)
(-1236.647707 -3300.55032 -210.9361842)
(-961.7103276 -3300.55032 -210.9361842)
(-686.7729483 -3300.55032 -210.9361842)
(-411.835569 -3300.55032 -210.9361842)
(-136.8981897 -3300.55032 -210.9361842)
(138.0391897 -3300.55032 -210.9361842)
(412.976569 -3300.55032 -210.9361842)
(687.9139483 -3300.55032 -210.9361842)
(962.8513276 -3300.55032 -210.9361842)
(1237.788707 -3300.55032 -210.9361842)
(1512.726086 -3300.55032 -210.9361842)
(1787.663466 -3300.55032 -210.9361842)
(2062.600845 -3300.55032 -210.9361842)
(2337.538224 -3300.55032 -210.9361842)
(2612.475603 -3300.55032 -210.9361842)
(2887.412983 -3300.55032 -210.9361842)
(3162.350362 -3300.55032 -210.9361842)
(3437.287741 -3300.55032 -210.9361842)
(3712.225121 -3300.55032 -210.9361842)
(3987.1625 -3300.55032 -210.9361842)
(-3986.0215 -3072.74506 -210.9361842)
(-3711.084121 -3072.74506 -210.9361842)
(-3436.146741 -3072.74506 -210.9361842)
(-3161.209362 -3072.74506 -210.9361842)
(-2886.271983 -3072.74506 -210.9361842)
(-2611.334603 -3072.74506 -210.9361842)
(-2336.397224 -3072.74506 -210.9361842)
(-2061.459845 -3072.74506 -210.9361842)
(-1786.522466 -3072.74506 -210.9361842)
(-1511.585086 -3072.74506 -210.9361842)
(-1236.647707 -3072.74506 -210.9361842)
(-961.7103276 -3072.74506 -210.9361842)
(-686.7729483 -3072.74506 -210.9361842)
(-411.835569 -3072.74506 -210.9361842)
(-136.8981897 -3072.74506 -210.9361842)
(138.0391897 -3072.74506 -210.9361842)
(412.976569 -3072.74506 -210.9361842)
(687.9139483 -3072.74506 -210.9361842)
(962.8513276 -3072.74506 -210.9361842)
(1237.788707 -3072.74506 -210.9361842)
(1512.726086 -3072.74506 -210.9361842)
(1787.663466 -3072.74506 -210.9361842)
(2062.600845 -3072.74506 -210.9361842)
(2337.538224 -3072.74506 -210.9361842)
(2612.475603 -3072.74506 -210.9361842)
(2887.412983 -3072.74506 -210.9361842)
(3162.350362 -3072.74506 -210.9361842)
(3437.287741 -3072.74506 -210.9361842)
(3712.225121 -3072.74506 -210.9361842)
(3987.1625 -3072.74506 -210.9361842)
(-3986.0215 -2844.9398 -210.9361842)
(-3711.084121 -2844.9398 -210.9361842)
(-3436.146741 -2844.9398 -210.9361842)
(-3161.209362 -2844.9398 -210.9361842)
(-2886.271983 -2844.9398 -210.9361842)
(-2611.334603 -2844.9398 -210.9361842)
(-2336.397224 -2844.9398 -210.9361842)
(-2061.459845 -2844.9398 -210.9361842)
(-1786.522466 -2844.9398 -210.9361842)
(-1511.585086 -2844.9398 -210.9361842)
(-1236.647707 -2844.9398 -210.9361842)
(-961.7103276 -2844.9398 -210.9361842)
(-686.7729483 -2844.9398 -210.9361842)
(-411.835569 -2844.9398 -210.9361842)
(-136.8981897 -2844.9398 -210.9361842)
(138.0391897 -2844.9398 -210.9361842)
(412.976569 -2844.9398 -210.9361842)
(687.9139483 -2844.9398 -210.9361842)
(962.8513276 -2844.9398 -210.9361842)
(1237.788707 -2844.9398 -210.9361842)
(1512.726086 -2844.9398 -210.9361842)
(1787.663466 -2844.9398 -210.9361842)
(2062.600845 -2844.9398 -210.9361842)
(2337.538224 -2844.9398 -210.9361842)
(2612.475603 -2844.9398 -210.9361842)
(2887.412983 -2844.9398 -210.9361842)
(3162.350362 -2844.9398 -210.9361842)
(3437.287741 -2844.9398 -210.9361842)
(3712.225121 -2844.9398 -210.9361842)
(3987.1625 -2844.9398 -210.9361842)
(-3986.0215 -2617.13454 -210.9361842)
(-3711.084121 -2617.13454 -210.9361842)
(-3436.146741 -2617.13454 -210.9361842)
(-3161.209362 -2617.13454 -210.9361842)
(-2886.271983 -2617.13454 -210.9361842)
(-2611.334603 -2617.13454 -210.9361842)
(-2336.397224 -2617.13454 -210.9361842)
(-2061.459845 -2617.13454 -210.9361842)
(-1786.522466 -2617.13454 -210.9361842)
(-1511.585086 -2617.13454 -210.9361842)
(-1236.647707 -2617.13454 -210.9361842)
(-961.7103276 -2617.13454 -210.9361842)
(-686.7729483 -2617.13454 -210.9361842)
(-411.835569 -2617.13454 -210.9361842)
(-136.8981897 -2617.13454 -210.9361842)
(138.0391897 -2617.13454 -210.9361842)
(412.976569 -2617.13454 -210.9361842)
(687.9139483 -2617.13454 -210.9361842)
(962.8513276 -2617.13454 -210.9361842)
(1237.788707 -2617.13454 -210.9361842)
(1512.726086 -2617.13454 -210.9361842)
(1787.663466 -2617.13454 -210.9361842)
(2062.600845 -2617.13454 -210.9361842)
(2337.538224 -2617.13454 -210.9361842)
(2612.475603 -2617.13454 -210.9361842)
(2887.412983 -2617.13454 -210.9361842)
(3162.350362 -2617.13454 -210.9361842)
(3437.287741 -2617.13454 -210.9361842)
(3712.225121 -2617.13454 -210.9361842)
(3987.1625 -2617.13454 -210.9361842)
(-3986.0215 -2389.32928 -210.9361842)
(-3711.084121 -2389.32928 -210.9361842)
(-3436.146741 -2389.32928 -210.9361842)
(-3161.209362 -2389.32928 -210.9361842)
(-2886.271983 -2389.32928 -210.9361842)
(-2611.334603 -2389.32928 -210.9361842)
(-2336.397224 -2389.32928 -210.9361842)
(-2061.459845 -2389.32928 -210.9361842)
(-1786.522466 -2389.32928 -210.9361842)
(-1511.585086 -2389.32928 -210.9361842)
(-1236.647707 -2389.32928 -210.9361842)
(-961.7103276 -2389.32928 -210.9361842)
(-686.7729483 -2389.32928 -210.9361842)
(-411.835569 -2389.32928 -210.9361842)
(-136.8981897 -2389.32928 -210.9361842)
(138.0391897 -2389.32928 -210.9361842)
(412.976569 -2389.32928 -210.9361842)
(687.9139483 -2389.32928 -210.9361842)
(962.8513276 -2389.32928 -210.9361842)
(1237.788707 -2389.32928 -210.9361842)
(1512.726086 -2389.32928 -210.9361842)
(1787.663466 -2389.32928 -210.9361842)
(2062.600845 -2389.32928 -210.9361842)
(2337.538224 -2389.32928 -210.9361842)
(2612.475603 -2389.32928 -210.9361842)
(2887.412983 -2389.32928 -210.9361842)
(3162.350362 -2389.32928 -210.9361842)
(3437.287741 -2389.32928 -210.9361842)
(3712.225121 -2389.32928 -210.9361842)
(3987.1625 -2389.32928 -210.9361842)
(-3986.0215 -2161.52402 -210.9361842)
(-3711.084121 -2161.52402 -210.9361842)
(-3436.146741 -2161.52402 -210.9361842)
(-3161.209362 -2161.52402 -210.9361842)
(-2886.271983 -2161.52402 -210.9361842)
(-2611.334603 -2161.52402 -210.9361842)
(-2336.397224 -2161.52402 -210.9361842)
(-2061.459845 -2161.52402 -210.9361842)
(-1786.522466 -2161.52402 -210.9361842)
(-1511.585086 -2161.52402 -210.9361842)
(-1236.647707 -2161.52402 -210.9361842)
(-961.7103276 -2161.52402 -210.9361842)
(-686.7729483 -2161.52402 -210.9361842)
(-411.835569 -2161.52402 -210.9361842)
(-136.8981897 -2161.52402 -210.9361842)
(138.0391897 -2161.52402 -210.9361842)
(412.976569 -2161.52402 -210.9361842)
(687.9139483 -2161.52402 -210.9361842)
(962.8513276 -2161.52402 -210.9361842)
(1237.788707 -2161.52402 -210.9361842)
(1512.726086 -2161.52402 -210.9361842)
(1787.663466 -2161.52402 -210.9361842)
(2062.600845 -2161.52402 -210.9361842)
(2337.538224 -2161.52402 -210.9361842)
(2612.475603 -2161.52402 -210.9361842)
(2887.412983 -2161.52402 -210.9361842)
(3162.350362 -2161.52402 -210.9361842)
(3437.287741 -2161.52402 -210.9361842)
(3712.225121 -2161.52402 -210.9361842)
(3987.1625 -2161.52402 -210.9361842)
(-3986.0215 -1933.71876 -210.9361842)
(-3711.084121 -1933.71876 -210.9361842)
(-3436.146741 -1933.71876 -210.9361842)
(-3161.209362 -1933.71876 -210.9361842)
(-2886.271983 -1933.71876 -210.9361842)
(-2611.334603 -1933.71876 -210.9361842)
(-2336.397224 -1933.71876 -210.9361842)
(-2061.459845 -1933.71876 -210.9361842)
(-1786.522466 -1933.71876 -210.9361842)
(-1511.585086 -1933.71876 -210.9361842)
(-1236.647707 -1933.71876 -210.9361842)
(-961.7103276 -1933.71876 -210.9361842)
(-686.7729483 -1933.71876 -210.9361842)
(-411.835569 -1933.71876 -210.9361842)
(-136.8981897 -1933.71876 -210.9361842)
(138.0391897 -1933.71876 -210.9361842)
(412.976569 -1933.71876 -210.9361842)
(687.9139483 -1933.71876 -210.9361842)
(962.8513276 -1933.71876 -210.9361842)
(1237.788707 -1933.71876 -210.9361842)
(1512.726086 -1933.71876 -210.9361842)
(1787.663466 -1933.71876 -210.9361842)
(2062.600845 -1933.71876 -210.9361842)
(2337.538224 -1933.71876 -210.9361842)
(2612.475603 -1933.71876 -210.9361842)
(2887.412983 -1933.71876 -210.9361842)
(3162.350362 -1933.71876 -210.9361842)
(3437.287741 -1933.71876 -210.9361842)
(3712.225121 -1933.71876 -210.9361842)
(3987.1625 -1933.71876 -210.9361842)
(-3986.0215 -1705.9135 -210.9361842)
(-3711.084121 -1705.9135 -210.9361842)
(-3436.146741 -1705.9135 -210.9361842)
(-3161.209362 -1705.9135 -210.9361842)
(-2886.271983 -1705.9135 -210.9361842)
(-2611.334603 -1705.9135 -210.9361842)
(-2336.397224 -1705.9135 -210.9361842)
(-2061.459845 -1705.9135 -210.9361842)
(-1786.522466 -1705.9135 -210.9361842)
(-1511.585086 -1705.9135 -210.9361842)
(-1236.647707 -1705.9135 -210.9361842)
(-961.7103276 -1705.9135 -210.9361842)
(-686.7729483 -1705.9135 -210.9361842)
(-411.835569 -1705.9135 -210.9361842)
(-136.8981897 -1705.9135 -210.9361842)
(138.0391897 -1705.9135 -210.9361842)
(412.976569 -1705.9135 -210.9361842)
(687.9139483 -1705.9135 -210.9361842)
(962.8513276 -1705.9135 -210.9361842)
(1237.788707 -1705.9135 -210.9361842)
(1512.726086 -1705.9135 -210.9361842)
(1787.663466 -1705.9135 -210.9361842)
(2062.600845 -1705.9135 -210.9361842)
(2337.538224 -1705.9135 -210.9361842)
(2612.475603 -1705.9135 -210.9361842)
(2887.412983 -1705.9135 -210.9361842)
(3162.350362 -1705.9135 -210.9361842)
(3437.287741 -1705.9135 -210.9361842)
(3712.225121 -1705.9135 -210.9361842)
(3987.1625 -1705.9135 -210.9361842)
(-3986.0215 -1478.10824 -210.9361842)
(-3711.084121 -1478.10824 -210.9361842)
(-3436.146741 -1478.10824 -210.9361842)
(-3161.209362 -1478.10824 -210.9361842)
(-2886.271983 -1478.10824 -210.9361842)
(-2611.334603 -1478.10824 -210.9361842)
(-2336.397224 -1478.10824 -210.9361842)
(-2061.459845 -1478.10824 -210.9361842)
(-1786.522466 -1478.10824 -210.9361842)
(-1511.585086 -1478.10824 -210.9361842)
(-1236.647707 -1478.10824 -210.9361842)
(-961.7103276 -1478.10824 -210.9361842)
(-686.7729483 -1478.10824 -210.9361842)
(-411.835569 -1478.10824 -210.9361842)
(-136.8981897 -1478.10824 -210.9361842)
(138.0391897 -1478.10824 -210.9361842)
(412.976569 -1478.10824 -210.9361842)
(687.9139483 -1478.10824 -210.9361842)
(962.8513276 -1478.10824 -210.9361842)
(1237.788707 -1478.10824 -210.9361842)
(1512.726086 -1478.10824 -210.9361842)
(1787.663466 -1478.10824 -210.9361842)
(2062.600845 -1478.10824 -210.9361842)
(2337.538224 -1478.10824 -210.9361842)
(2612.475603 -1478.10824 -210.9361842)
(2887.412983 -1478.10824 -210.9361842)
(3162.350362 -1478.10824 -210.9361842)
(3437.287741 -1478.10824 -210.9361842)
(3712.225121 -1478.10824 -210.9361842)
(3987.1625 -1478.10824 -210.9361842)
(-3986.0215 -1250.30298 -210.9361842)
(-3711.084121 -1250.30298 -210.9361842)
(-3436.146741 -1250.30298 -210.9361842)
(-3161.209362 -1250.30298 -210.9361842)
(-2886.271983 -1250.30298 -210.9361842)
(-2611.334603 -1250.30298 -210.9361842)
(-2336.397224 -1250.30298 -210.9361842)
(-2061.459845 -1250.30298 -210.9361842)
(-1786.522466 -1250.30298 -210.9361842)
(-1511.585086 -1250.30298 -210.9361842)
(-1236.647707 -1250.30298 -210.9361842)
(-961.7103276 -1250.30298 -210.9361842)
(-686.7729483 -1250.30298 -210.9361842)
(-411.835569 -1250.30298 -210.9361842)
(-136.8981897 -1250.30298 -210.9361842)
(138.0391897 -1250.30298 -210.9361842)
(412.976569 -1250.30298 -210.9361842)
(687.9139483 -1250.30298 -210.9361842)
(962.8513276 -1250.30298 -210.9361842)
(1237.788707 -1250.30298 -210.9361842)
(1512.726086 -1250.30298 -210.9361842)
(1787.663466 -1250.30298 -210.9361842)
(2062.600845 -1250.30298 -210.9361842)
(2337.538224 -1250.30298 -210.9361842)
(2612.475603 -1250.30298 -210.9361842)
(2887.412983 -1250.30298 -210.9361842)
(3162.350362 -1250.30298 -210.9361842)
(3437.287741 -1250.30298 -210.9361842)
(3712.225121 -1250.30298 -210.9361842)
(3987.1625 -1250.30298 -210.9361842)
(-3986.0215 -1022.49772 -210.9361842)
(-3711.084121 -1022.49772 -210.9361842)
(-3436.146741 -1022.49772 -210.9361842)
(-3161.209362 -1022.49772 -210.9361842)
(-2886.271983 -1022.49772 -210.9361842)
(-2611.334603 -1022.49772 -210.9361842)
(-2336.397224 -1022.49772 -210.9361842)
(-2061.459845 -1022.49772 -210.9361842)
(-1786.522466 -1022.49772 -210.9361842)
(-1511.585086 -1022.49772 -210.9361842)
(-1236.647707 -1022.49772 -210.9361842)
(-961.7103276 -1022.49772 -210.9361842)
(-686.7729483 -1022.49772 -210.9361842)
(-411.835569 -1022.49772 -210.9361842)
(-136.8981897 -1022.49772 -210.9361842)
(138.0391897 -1022.49772 -210.9361842)
(412.976569 -1022.49772 -210.9361842)
(687.9139483 -1022.49772 -210.9361842)
(962.8513276 -1022.49772 -210.9361842)
(1237.788707 -1022.49772 -210.9361842)
(1512.726086 -1022.49772 -210.9361842)
(1787.663466 -1022.49772 -210.9361842)
(2062.600845 -1022.49772 -210.9361842)
(2337.538224 -1022.49772 -210.9361842)
(2612.475603 -1022.49772 -210.9361842)
(2887.412983 -1022.49772 -210.9361842)
(3162.350362 -1022.49772 -210.9361842)
(3437.287741 -1022.49772 -210.9361842)
(3712.225121 -1022.49772 -210.9361842)
(3987.1625 -1022.49772 -210.9361842)
(-3986.0215 -794.69246 -210.9361842)
(-3711.084121 -794.69246 -210.9361842)
(-3436.146741 -794.69246 -210.9361842)
(-3161.209362 -794.69246 -210.9361842)
(-2886.271983 -794.69246 -210.9361842)
(-2611.334603 -794.69246 -210.9361842)
(-2336.397224 -794.69246 -210.9361842)
(-2061.459845 -794.69246 -210.9361842)
(-1786.522466 -794.69246 -210.9361842)
(-1511.585086 -794.69246 -210.9361842)
(-1236.647707 -794.69246 -210.9361842)
(-961.7103276 -794.69246 -210.9361842)
(-686.7729483 -794.69246 -210.9361842)
(-411.835569 -794.69246 -210.9361842)
(-136.8981897 -794.69246 -210.9361842)
(138.0391897 -794.69246 -210.9361842)
(412.976569 -794.69246 -210.9361842)
(687.9139483 -794.69246 -210.9361842)
(962.8513276 -794.69246 -210.9361842)
(1237.788707 -794.69246 -210.9361842)
(1512.726086 -794.69246 -210.9361842)
(1787.663466 -794.69246 -210.9361842)
(2062.600845 -794.69246 -210.9361842)
(2337.538224 -794.69246 -210.9361842)
(2612.475603 -794.69246 -210.9361842)
(2887.412983 -794.69246 -210.9361842)
(3162.350362 -794.69246 -210.9361842)
(3437.287741 -794.69246 -210.9361842)
(3712.225121 -794.69246 -210.9361842)
(3987.1625 -794.69246 -210.9361842)
(-3986.0215 -566.8872 -210.9361842)
(-3711.084121 -566.8872 -210.9361842)
(-3436.146741 -566.8872 -210.9361842)
(-3161.209362 -566.8872 -210.9361842)
(-2886.271983 -566.8872 -210.9361842)
(-2611.334603 -566.8872 -210.9361842)
(-2336.397224 -566.8872 -210.9361842)
(-2061.459845 -566.8872 -210.9361842)
(-1786.522466 -566.8872 -210.9361842)
(-1511.585086 -566.8872 -210.9361842)
(-1236.647707 -566.8872 -210.9361842)
(-961.7103276 -566.8872 -210.9361842)
(-686.7729483 -566.8872 -210.9361842)
(-411.835569 -566.8872 -210.9361842)
(-136.8981897 -566.8872 -210.9361842)
(138.0391897 -566.8872 -210.9361842)
(412.976569 -566.8872 -210.9361842)
(687.9139483 -566.8872 -210.9361842)
(962.8513276 -566.8872 -210.9361842)
(1237.788707 -566.8872 -210.9361842)
(1512.726086 -566.8872 -210.9361842)
(1787.663466 -566.8872 -210.9361842)
(2062.600845 -566.8872 -210.9361842)
(2337.538224 -566.8872 -210.9361842)
(2612.475603 -566.8872 -210.9361842)
(2887.412983 -566.8872 -210.9361842)
(3162.350362 -566.8872 -210.9361842)
(3437.287741 -566.8872 -210.9361842)
(3712.225121 -566.8872 -210.9361842)
(3987.1625 -566.8872 -210.9361842)
(-3986.0215 -339.08194 -210.9361842)
(-3711.084121 -339.08194 -210.9361842)
(-3436.146741 -339.08194 -210.9361842)
(-3161.209362 -339.08194 -210.9361842)
(-2886.271983 -339.08194 -210.9361842)
(-2611.334603 -339.08194 -210.9361842)
(-2336.397224 -339.08194 -210.9361842)
(-2061.459845 -339.08194 -210.9361842)
(-1786.522466 -339.08194 -210.9361842)
(-1511.585086 -339.08194 -210.9361842)
(-1236.647707 -339.08194 -210.9361842)
(-961.7103276 -339.08194 -210.9361842)
(-686.7729483 -339.08194 -210.9361842)
(-411.835569 -339.08194 -210.9361842)
(-136.8981897 -339.08194 -210.9361842)
(138.0391897 -339.08194 -210.9361842)
(412.976569 -339.08194 -210.9361842)
(687.9139483 -339.08194 -210.9361842)
(962.8513276 -339.08194 -210.9361842)
(1237.788707 -339.08194 -210.9361842)
(1512.726086 -339.08194 -210.9361842)
(1787.663466 -339.08194 -210.9361842)
(2062.600845 -339.08194 -210.9361842)
(2337.538224 -339.08194 -210.9361842)
(2612.475603 -339.08194 -210.9361842)
(2887.412983 -339.08194 -210.9361842)
(3162.350362 -339.08194 -210.9361842)
(3437.287741 -339.08194 -210.9361842)
(3712.225121 -339.08194 -210.9361842)
(3987.1625 -339.08194 -210.9361842)
(-3986.0215 -111.27668 -210.9361842)
(-3711.084121 -111.27668 -210.9361842)
(-3436.146741 -111.27668 -210.9361842)
(-3161.209362 -111.27668 -210.9361842)
(-2886.271983 -111.27668 -210.9361842)
(-2611.334603 -111.27668 -210.9361842)
(-2336.397224 -111.27668 -210.9361842)
(-2061.459845 -111.27668 -210.9361842)
(-1786.522466 -111.27668 -210.9361842)
(-1511.585086 -111.27668 -210.9361842)
(-1236.647707 -111.27668 -210.9361842)
(-961.7103276 -111.27668 -210.9361842)
(-686.7729483 -111.27668 -210.9361842)
(-411.835569 -111.27668 -210.9361842)
(-136.8981897 -111.27668 -210.9361842)
(138.0391897 -111.27668 -210.9361842)
(412.976569 -111.27668 -210.9361842)
(687.9139483 -111.27668 -210.9361842)
(962.8513276 -111.27668 -210.9361842)
(1237.788707 -111.27668 -210.9361842)
(1512.726086 -111.27668 -210.9361842)
(1787.663466 -111.27668 -210.9361842)
(2062.600845 -111.27668 -210.9361842)
(2337.538224 -111.27668 -210.9361842)
(2612.475603 -111.27668 -210.9361842)
(2887.412983 -111.27668 -210.9361842)
(3162.350362 -111.27668 -210.9361842)
(3437.287741 -111.27668 -210.9361842)
(3712.225121 -111.27668 -210.9361842)
(3987.1625 -111.27668 -210.9361842)
(-3986.0215 116.52858 -210.9361842)
(-3711.084121 116.52858 -210.9361842)
(-3436.146741 116.52858 -210.9361842)
(-3161.209362 116.52858 -210.9361842)
(-2886.271983 116.52858 -210.9361842)
(-2611.334603 116.52858 -210.9361842)
(-2336.397224 116.52858 -210.9361842)
(-2061.459845 116.52858 -210.9361842)
(-1786.522466 116.52858 -210.9361842)
(-1511.585086 116.52858 -210.9361842)
(-1236.647707 116.52858 -210.9361842)
(-961.7103276 116.52858 -210.9361842)
(-686.7729483 116.52858 -210.9361842)
(-411.835569 116.52858 -210.9361842)
(-136.8981897 116.52858 -210.9361842)
(138.0391897 116.52858 -210.9361842)
(412.976569 116.52858 -210.9361842)
(687.9139483 116.52858 -210.9361842)
(962.8513276 116.52858 -210.9361842)
(1237.788707 116.52858 -210.9361842)
(1512.726086 116.52858 -210.9361842)
(1787.663466 116.52858 -210.9361842)
(2062.600845 116.52858 -210.9361842)
(2337.538224 116.52858 -210.9361842)
(2612.475603 116.52858 -210.9361842)
(2887.412983 116.52858 -210.9361842)
(3162.350362 116.52858 -210.9361842)
(3437.287741 116.52858 -210.9361842)
(3712.225121 116.52858 -210.9361842)
(3987.1625 116.52858 -210.9361842)
(-3986.0215 344.33384 -210.9361842)
(-3711.084121 344.33384 -210.9361842)
(-3436.146741 344.33384 -210.9361842)
(-3161.209362 344.33384 -210.9361842)
(-2886.271983 344.33384 -210.9361842)
(-2611.334603 344.33384 -210.9361842)
(-2336.397224 344.33384 -210.9361842)
(-2061.459845 344.33384 -210.9361842)
(-1786.522466 344.33384 -210.9361842)
(-1511.585086 344.33384 -210.9361842)
(-1236.647707 344.33384 -210.9361842)
(-961.7103276 344.33384 -210.9361842)
(-686.7729483 344.33384 -210.9361842)
(-411.835569 344.33384 -210.9361842)
(-136.8981897 344.33384 -210.9361842)
(138.0391897 344.33384 -210.9361842)
(412.976569 344.33384 -210.9361842)
(687.9139483 344.33384 -210.9361842)
(962.8513276 344.33384 -210.9361842)
(1237.788707 344.33384 -210.9361842)
(1512.726086 344.33384 -210.9361842)
(1787.663466 344.33384 -210.9361842)
(2062.600845 344.33384 -210.9361842)
(2337.538224 344.33384 -210.9361842)
(2612.475603 344.33384 -210.9361842)
(2887.412983 344.33384 -210.9361842)
(3162.350362 344.33384 -210.9361842)
(3437.287741 344.33384 -210.9361842)
(3712.225121 344.33384 -210.9361842)
(3987.1625 344.33384 -210.9361842)
(-3986.0215 572.1391 -210.9361842)
(-3711.084121 572.1391 -210.9361842)
(-3436.146741 572.1391 -210.9361842)
(-3161.209362 572.1391 -210.9361842)
(-2886.271983 572.1391 -210.9361842)
(-2611.334603 572.1391 -210.9361842)
(-2336.397224 572.1391 -210.9361842)
(-2061.459845 572.1391 -210.9361842)
(-1786.522466 572.1391 -210.9361842)
(-1511.585086 572.1391 -210.9361842)
(-1236.647707 572.1391 -210.9361842)
(-961.7103276 572.1391 -210.9361842)
(-686.7729483 572.1391 -210.9361842)
(-411.835569 572.1391 -210.9361842)
(-136.8981897 572.1391 -210.9361842)
(138.0391897 572.1391 -210.9361842)
(412.976569 572.1391 -210.9361842)
(687.9139483 572.1391 -210.9361842)
(962.8513276 572.1391 -210.9361842)
(1237.788707 572.1391 -210.9361842)
(1512.726086 572.1391 -210.9361842)
(1787.663466 572.1391 -210.9361842)
(2062.600845 572.1391 -210.9361842)
(2337.538224 572.1391 -210.9361842)
(2612.475603 572.1391 -210.9361842)
(2887.412983 572.1391 -210.9361842)
(3162.350362 572.1391 -210.9361842)
(3437.287741 572.1391 -210.9361842)
(3712.225121 572.1391 -210.9361842)
(3987.1625 572.1391 -210.9361842)
(-3986.0215 799.94436 -210.9361842)
(-3711.084121 799.94436 -210.9361842)
(-3436.146741 799.94436 -210.9361842)
(-3161.209362 799.94436 -210.9361842)
(-2886.271983 799.94436 -210.9361842)
(-2611.334603 799.94436 -210.9361842)
(-2336.397224 799.94436 -210.9361842)
(-2061.459845 799.94436 -210.9361842)
(-1786.522466 799.94436 -210.9361842)
(-1511.585086 799.94436 -210.9361842)
(-1236.647707 799.94436 -210.9361842)
(-961.7103276 799.94436 -210.9361842)
(-686.7729483 799.94436 -210.9361842)
(-411.835569 799.94436 -210.9361842)
(-136.8981897 799.94436 -210.9361842)
(138.0391897 799.94436 -210.9361842)
(412.976569 799.94436 -210.9361842)
(687.9139483 799.94436 -210.9361842)
(962.8513276 799.94436 -210.9361842)
(1237.788707 799.94436 -210.9361842)
(1512.726086 799.94436 -210.9361842)
(1787.663466 799.94436 -210.9361842)
(2062.600845 799.94436 -210.9361842)
(2337.538224 799.94436 -210.9361842)
(2612.475603 799.94436 -210.9361842)
(2887.412983 799.94436 -210.9361842)
(3162.350362 799.94436 -210.9361842)
(3437.287741 799.94436 -210.9361842)
(3712.225121 799.94436 -210.9361842)
(3987.1625 799.94436 -210.9361842)
(-3986.0215 1027.74962 -210.9361842)
(-3711.084121 1027.74962 -210.9361842)
(-3436.146741 1027.74962 -210.9361842)
(-3161.209362 1027.74962 -210.9361842)
(-2886.271983 1027.74962 -210.9361842)
(-2611.334603 1027.74962 -210.9361842)
(-2336.397224 1027.74962 -210.9361842)
(-2061.459845 1027.74962 -210.9361842)
(-1786.522466 1027.74962 -210.9361842)
(-1511.585086 1027.74962 -210.9361842)
(-1236.647707 1027.74962 -210.9361842)
(-961.7103276 1027.74962 -210.9361842)
(-686.7729483 1027.74962 -210.9361842)
(-411.835569 1027.74962 -210.9361842)
(-136.8981897 1027.74962 -210.9361842)
(138.0391897 1027.74962 -210.9361842)
(412.976569 1027.74962 -210.9361842)
(687.9139483 1027.74962 -210.9361842)
(962.8513276 1027.74962 -210.9361842)
(1237.788707 1027.74962 -210.9361842)
(1512.726086 1027.74962 -210.9361842)
(1787.663466 1027.74962 -210.9361842)
(2062.600845 1027.74962 -210.9361842)
(2337.538224 1027.74962 -210.9361842)
(2612.475603 1027.74962 -210.9361842)
(2887.412983 1027.74962 -210.9361842)
(3162.350362 1027.74962 -210.9361842)
(3437.287741 1027.74962 -210.9361842)
(3712.225121 1027.74962 -210.9361842)
(3987.1625 1027.74962 -210.9361842)
(-3986.0215 1255.55488 -210.9361842)
(-3711.084121 1255.55488 -210.9361842)
(-3436.146741 1255.55488 -210.9361842)
(-3161.209362 1255.55488 -210.9361842)
(-2886.271983 1255.55488 -210.9361842)
(-2611.334603 1255.55488 -210.9361842)
(-2336.397224 1255.55488 -210.9361842)
(-2061.459845 1255.55488 -210.9361842)
(-1786.522466 1255.55488 -210.9361842)
(-1511.585086 1255.55488 -210.9361842)
(-1236.647707 1255.55488 -210.9361842)
(-961.7103276 1255.55488 -210.9361842)
(-686.7729483 1255.55488 -210.9361842)
(-411.835569 1255.55488 -210.9361842)
(-136.8981897 1255.55488 -210.9361842)
(138.0391897 1255.55488 -210.9361842)
(412.976569 1255.55488 -210.9361842)
(687.9139483 1255.55488 -210.9361842)
(962.8513276 1255.55488 -210.9361842)
(1237.788707 1255.55488 -210.9361842)
(1512.726086 1255.55488 -210.9361842)
(1787.663466 1255.55488 -210.9361842)
(2062.600845 1255.55488 -210.9361842)
(2337.538224 1255.55488 -210.9361842)
(2612.475603 1255.55488 -210.9361842)
(2887.412983 1255.55488 -210.9361842)
(3162.350362 1255.55488 -210.9361842)
(3437.287741 1255.55488 -210.9361842)
(3712.225121 1255.55488 -210.9361842)
(3987.1625 1255.55488 -210.9361842)
(-3986.0215 1483.36014 -210.9361842)
(-3711.084121 1483.36014 -210.9361842)
(-3436.146741 1483.36014 -210.9361842)
(-3161.209362 1483.36014 -210.9361842)
(-2886.271983 1483.36014 -210.9361842)
(-2611.334603 1483.36014 -210.9361842)
(-2336.397224 1483.36014 -210.9361842)
(-2061.459845 1483.36014 -210.9361842)
(-1786.522466 1483.36014 -210.9361842)
(-1511.585086 1483.36014 -210.9361842)
(-1236.647707 1483.36014 -210.9361842)
(-961.7103276 1483.36014 -210.9361842)
(-686.7729483 1483.36014 -210.9361842)
(-411.835569 1483.36014 -210.9361842)
(-136.8981897 1483.36014 -210.9361842)
(138.0391897 1483.36014 -210.9361842)
(412.976569 1483.36014 -210.9361842)
(687.9139483 1483.36014 -210.9361842)
(962.8513276 1483.36014 -210.9361842)
(1237.788707 1483.36014 -210.9361842)
(1512.726086 1483.36014 -210.9361842)
(1787.663466 1483.36014 -210.9361842)
(2062.600845 1483.36014 -210.9361842)
(2337.538224 1483.36014 -210.9361842)
(2612.475603 1483.36014 -210.9361842)
(2887.412983 1483.36014 -210.9361842)
(3162.350362 1483.36014 -210.9361842)
(3437.287741 1483.36014 -210.9361842)
(3712.225121 1483.36014 -210.9361842)
(3987.1625 1483.36014 -210.9361842)
(-3986.0215 1711.1654 -210.9361842)
(-3711.084121 1711.1654 -210.9361842)
(-3436.146741 1711.1654 -210.9361842)
(-3161.209362 1711.1654 -210.9361842)
(-2886.271983 1711.1654 -210.9361842)
(-2611.334603 1711.1654 -210.9361842)
(-2336.397224 1711.1654 -210.9361842)
(-2061.459845 1711.1654 -210.9361842)
(-1786.522466 1711.1654 -210.9361842)
(-1511.585086 1711.1654 -210.9361842)
(-1236.647707 1711.1654 -210.9361842)
(-961.7103276 1711.1654 -210.9361842)
(-686.7729483 1711.1654 -210.9361842)
(-411.835569 1711.1654 -210.9361842)
(-136.8981897 1711.1654 -210.9361842)
(138.0391897 1711.1654 -210.9361842)
(412.976569 1711.1654 -210.9361842)
(687.9139483 1711.1654 -210.9361842)
(962.8513276 1711.1654 -210.9361842)
(1237.788707 1711.1654 -210.9361842)
(1512.726086 1711.1654 -210.9361842)
(1787.663466 1711.1654 -210.9361842)
(2062.600845 1711.1654 -210.9361842)
(2337.538224 1711.1654 -210.9361842)
(2612.475603 1711.1654 -210.9361842)
(2887.412983 1711.1654 -210.9361842)
(3162.350362 1711.1654 -210.9361842)
(3437.287741 1711.1654 -210.9361842)
(3712.225121 1711.1654 -210.9361842)
(3987.1625 1711.1654 -210.9361842)
(-3986.0215 1938.97066 -210.9361842)
(-3711.084121 1938.97066 -210.9361842)
(-3436.146741 1938.97066 -210.9361842)
(-3161.209362 1938.97066 -210.9361842)
(-2886.271983 1938.97066 -210.9361842)
(-2611.334603 1938.97066 -210.9361842)
(-2336.397224 1938.97066 -210.9361842)
(-2061.459845 1938.97066 -210.9361842)
(-1786.522466 1938.97066 -210.9361842)
(-1511.585086 1938.97066 -210.9361842)
(-1236.647707 1938.97066 -210.9361842)
(-961.7103276 1938.97066 -210.9361842)
(-686.7729483 1938.97066 -210.9361842)
(-411.835569 1938.97066 -210.9361842)
(-136.8981897 1938.97066 -210.9361842)
(138.0391897 1938.97066 -210.9361842)
(412.976569 1938.97066 -210.9361842)
(687.9139483 1938.97066 -210.9361842)
(962.8513276 1938.97066 -210.9361842)
(1237.788707 1938.97066 -210.9361842)
(1512.726086 1938.97066 -210.9361842)
(1787.663466 1938.97066 -210.9361842)
(2062.600845 1938.97066 -210.9361842)
(2337.538224 1938.97066 -210.9361842)
(2612.475603 1938.97066 -210.9361842)
(2887.412983 1938.97066 -210.9361842)
(3162.350362 1938.97066 -210.9361842)
(3437.287741 1938.97066 -210.9361842)
(3712.225121 1938.97066 -210.9361842)
(3987.1625 1938.97066 -210.9361842)
(-3986.0215 2166.77592 -210.9361842)
(-3711.084121 2166.77592 -210.9361842)
(-3436.146741 2166.77592 -210.9361842)
(-3161.209362 2166.77592 -210.9361842)
(-2886.271983 2166.77592 -210.9361842)
(-2611.334603 2166.77592 -210.9361842)
(-2336.397224 2166.77592 -210.9361842)
(-2061.459845 2166.77592 -210.9361842)
(-1786.522466 2166.77592 -210.9361842)
(-1511.585086 2166.77592 -210.9361842)
(-1236.647707 2166.77592 -210.9361842)
(-961.7103276 2166.77592 -210.9361842)
(-686.7729483 2166.77592 -210.9361842)
(-411.835569 2166.77592 -210.9361842)
(-136.8981897 2166.77592 -210.9361842)
(138.0391897 2166.77592 -210.9361842)
(412.976569 2166.77592 -210.9361842)
(687.9139483 2166.77592 -210.9361842)
(962.8513276 2166.77592 -210.9361842)
(1237.788707 2166.77592 -210.9361842)
(1512.726086 2166.77592 -210.9361842)
(1787.663466 2166.77592 -210.9361842)
(2062.600845 2166.77592 -210.9361842)
(2337.538224 2166.77592 -210.9361842)
(2612.475603 2166.77592 -210.9361842)
(2887.412983 2166.77592 -210.9361842)
(3162.350362 2166.77592 -210.9361842)
(3437.287741 2166.77592 -210.9361842)
(3712.225121 2166.77592 -210.9361842)
(3987.1625 2166.77592 -210.9361842)
(-3986.0215 2394.58118 -210.9361842)
(-3711.084121 2394.58118 -210.9361842)
(-3436.146741 2394.58118 -210.9361842)
(-3161.209362 2394.58118 -210.9361842)
(-2886.271983 2394.58118 -210.9361842)
(-2611.334603 2394.58118 -210.9361842)
(-2336.397224 2394.58118 -210.9361842)
(-2061.459845 2394.58118 -210.9361842)
(-1786.522466 2394.58118 -210.9361842)
(-1511.585086 2394.58118 -210.9361842)
(-1236.647707 2394.58118 -210.9361842)
(-961.7103276 2394.58118 -210.9361842)
(-686.7729483 2394.58118 -210.9361842)
(-411.835569 2394.58118 -210.9361842)
(-136.8981897 2394.58118 -210.9361842)
(138.0391897 2394.58118 -210.9361842)
(412.976569 2394.58118 -210.9361842)
(687.9139483 2394.58118 -210.9361842)
(962.8513276 2394.58118 -210.9361842)
(1237.788707 2394.58118 -210.9361842)
(1512.726086 2394.58118 -210.9361842)
(1787.663466 2394.58118 -210.9361842)
(2062.600845 2394.58118 -210.9361842)
(2337.538224 2394.58118 -210.9361842)
(2612.475603 2394.58118 -210.9361842)
(2887.412983 2394.58118 -210.9361842)
(3162.350362 2394.58118 -210.9361842)
(3437.287741 2394.58118 -210.9361842)
(3712.225121 2394.58118 -210.9361842)
(3987.1625 2394.58118 -210.9361842)
(-3986.0215 2622.38644 -210.9361842)
(-3711.084121 2622.38644 -210.9361842)
(-3436.146741 2622.38644 -210.9361842)
(-3161.209362 2622.38644 -210.9361842)
(-2886.271983 2622.38644 -210.9361842)
(-2611.334603 2622.38644 -210.9361842)
(-2336.397224 2622.38644 -210.9361842)
(-2061.459845 2622.38644 -210.9361842)
(-1786.522466 2622.38644 -210.9361842)
(-1511.585086 2622.38644 -210.9361842)
(-1236.647707 2622.38644 -210.9361842)
(-961.7103276 2622.38644 -210.9361842)
(-686.7729483 2622.38644 -210.9361842)
(-411.835569 2622.38644 -210.9361842)
(-136.8981897 2622.38644 -210.9361842)
(138.0391897 2622.38644 -210.9361842)
(412.976569 2622.38644 -210.9361842)
(687.9139483 2622.38644 -210.9361842)
(962.8513276 2622.38644 -210.9361842)
(1237.788707 2622.38644 -210.9361842)
(1512.726086 2622.38644 -210.9361842)
(1787.663466 2622.38644 -210.9361842)
(2062.600845 2622.38644 -210.9361842)
(2337.538224 2622.38644 -210.9361842)
(2612.475603 2622.38644 -210.9361842)
(2887.412983 2622.38644 -210.9361842)
(3162.350362 2622.38644 -210.9361842)
(3437.287741 2622.38644 -210.9361842)
(3712.225121 2622.38644 -210.9361842)
(3987.1625 2622.38644 -210.9361842)
(-3986.0215 2850.1917 -210.9361842)
(-3711.084121 2850.1917 -210.9361842)
(-3436.146741 2850.1917 -210.9361842)
(-3161.209362 2850.1917 -210.9361842)
(-2886.271983 2850.1917 -210.9361842)
(-2611.334603 2850.1917 -210.9361842)
(-2336.397224 2850.1917 -210.9361842)
(-2061.459845 2850.1917 -210.9361842)
(-1786.522466 2850.1917 -210.9361842)
(-1511.585086 2850.1917 -210.9361842)
(-1236.647707 2850.1917 -210.9361842)
(-961.7103276 2850.1917 -210.9361842)
(-686.7729483 2850.1917 -210.9361842)
(-411.835569 2850.1917 -210.9361842)
(-136.8981897 2850.1917 -210.9361842)
(138.0391897 2850.1917 -210.9361842)
(412.976569 2850.1917 -210.9361842)
(687.9139483 2850.1917 -210.9361842)
(962.8513276 2850.1917 -210.9361842)
(1237.788707 2850.1917 -210.9361842)
(1512.726086 2850.1917 -210.9361842)
(1787.663466 2850.1917 -210.9361842)
(2062.600845 2850.1917 -210.9361842)
(2337.538224 2850.1917 -210.9361842)
(2612.475603 2850.1917 -210.9361842)
(2887.412983 2850.1917 -210.9361842)
(3162.350362 2850.1917 -210.9361842)
(3437.287741 2850.1917 -210.9361842)
(3712.225121 2850.1917 -210.9361842)
(3987.1625 2850.1917 -210.9361842)
(-3986.0215 3077.99696 -210.9361842)
(-3711.084121 3077.99696 -210.9361842)
(-3436.146741 3077.99696 -210.9361842)
(-3161.209362 3077.99696 -210.9361842)
(-2886.271983 3077.99696 -210.9361842)
(-2611.334603 3077.99696 -210.9361842)
(-2336.397224 3077.99696 -210.9361842)
(-2061.459845 3077.99696 -210.9361842)
(-1786.522466 3077.99696 -210.9361842)
(-1511.585086 3077.99696 -210.9361842)
(-1236.647707 3077.99696 -210.9361842)
(-961.7103276 3077.99696 -210.9361842)
(-686.7729483 3077.99696 -210.9361842)
(-411.835569 3077.99696 -210.9361842)
(-136.8981897 3077.99696 -210.9361842)
(138.0391897 3077.99696 -210.9361842)
(412.976569 3077.99696 -210.9361842)
(687.9139483 3077.99696 -210.9361842)
(962.8513276 3077.99696 -210.9361842)
(1237.788707 3077.99696 -210.9361842)
(1512.726086 3077.99696 -210.9361842)
(1787.663466 3077.99696 -210.9361842)
(2062.600845 3077.99696 -210.9361842)
(2337.538224 3077.99696 -210.9361842)
(2612.475603 3077.99696 -210.9361842)
(2887.412983 3077.99696 -210.9361842)
(3162.350362 3077.99696 -210.9361842)
(3437.287741 3077.99696 -210.9361842)
(3712.225121 3077.99696 -210.9361842)
(3987.1625 3077.99696 -210.9361842)
(-3986.0215 3305.80222 -210.9361842)
(-3711.084121 3305.80222 -210.9361842)
(-3436.146741 3305.80222 -210.9361842)
(-3161.209362 3305.80222 -210.9361842)
(-2886.271983 3305.80222 -210.9361842)
(-2611.334603 3305.80222 -210.9361842)
(-2336.397224 3305.80222 -210.9361842)
(-2061.459845 3305.80222 -210.9361842)
(-1786.522466 3305.80222 -210.9361842)
(-1511.585086 3305.80222 -210.9361842)
(-1236.647707 3305.80222 -210.9361842)
(-961.7103276 3305.80222 -210.9361842)
(-686.7729483 3305.80222 -210.9361842)
(-411.835569 3305.80222 -210.9361842)
(-136.8981897 3305.80222 -210.9361842)
(138.0391897 3305.80222 -210.9361842)
(412.976569 3305.80222 -210.9361842)
(687.9139483 3305.80222 -210.9361842)
(962.8513276 3305.80222 -210.9361842)
(1237.788707 3305.80222 -210.9361842)
(1512.726086 3305.80222 -210.9361842)
(1787.663466 3305.80222 -210.9361842)
(2062.600845 3305.80222 -210.9361842)
(2337.538224 3305.80222 -210.9361842)
(2612.475603 3305.80222 -210.9361842)
(2887.412983 3305.80222 -210.9361842)
(3162.350362 3305.80222 -210.9361842)
(3437.287741 3305.80222 -210.9361842)
(3712.225121 3305.80222 -210.9361842)
(3987.1625 3305.80222 -210.9361842)
(-3986.0215 3533.60748 -210.9361842)
(-3711.084121 3533.60748 -210.9361842)
(-3436.146741 3533.60748 -210.9361842)
(-3161.209362 3533.60748 -210.9361842)
(-2886.271983 3533.60748 -210.9361842)
(-2611.334603 3533.60748 -210.9361842)
(-2336.397224 3533.60748 -210.9361842)
(-2061.459845 3533.60748 -210.9361842)
(-1786.522466 3533.60748 -210.9361842)
(-1511.585086 3533.60748 -210.9361842)
(-1236.647707 3533.60748 -210.9361842)
(-961.7103276 3533.60748 -210.9361842)
(-686.7729483 3533.60748 -210.9361842)
(-411.835569 3533.60748 -210.9361842)
(-136.8981897 3533.60748 -210.9361842)
(138.0391897 3533.60748 -210.9361842)
(412.976569 3533.60748 -210.9361842)
(687.9139483 3533.60748 -210.9361842)
(962.8513276 3533.60748 -210.9361842)
(1237.788707 3533.60748 -210.9361842)
(1512.726086 3533.60748 -210.9361842)
(1787.663466 3533.60748 -210.9361842)
(2062.600845 3533.60748 -210.9361842)
(2337.538224 3533.60748 -210.9361842)
(2612.475603 3533.60748 -210.9361842)
(2887.412983 3533.60748 -210.9361842)
(3162.350362 3533.60748 -210.9361842)
(3437.287741 3533.60748 -210.9361842)
(3712.225121 3533.60748 -210.9361842)
(3987.1625 3533.60748 -210.9361842)
(-3986.0215 3761.41274 -210.9361842)
(-3711.084121 3761.41274 -210.9361842)
(-3436.146741 3761.41274 -210.9361842)
(-3161.209362 3761.41274 -210.9361842)
(-2886.271983 3761.41274 -210.9361842)
(-2611.334603 3761.41274 -210.9361842)
(-2336.397224 3761.41274 -210.9361842)
(-2061.459845 3761.41274 -210.9361842)
(-1786.522466 3761.41274 -210.9361842)
(-1511.585086 3761.41274 -210.9361842)
(-1236.647707 3761.41274 -210.9361842)
(-961.7103276 3761.41274 -210.9361842)
(-686.7729483 3761.41274 -210.9361842)
(-411.835569 3761.41274 -210.9361842)
(-136.8981897 3761.41274 -210.9361842)
(138.0391897 3761.41274 -210.9361842)
(412.976569 3761.41274 -210.9361842)
(687.9139483 3761.41274 -210.9361842)
(962.8513276 3761.41274 -210.9361842)
(1237.788707 3761.41274 -210.9361842)
(1512.726086 3761.41274 -210.9361842)
(1787.663466 3761.41274 -210.9361842)
(2062.600845 3761.41274 -210.9361842)
(2337.538224 3761.41274 -210.9361842)
(2612.475603 3761.41274 -210.9361842)
(2887.412983 3761.41274 -210.9361842)
(3162.350362 3761.41274 -210.9361842)
(3437.287741 3761.41274 -210.9361842)
(3712.225121 3761.41274 -210.9361842)
(3987.1625 3761.41274 -210.9361842)
(-3986.0215 3989.218 -210.9361842)
(-3711.084121 3989.218 -210.9361842)
(-3436.146741 3989.218 -210.9361842)
(-3161.209362 3989.218 -210.9361842)
(-2886.271983 3989.218 -210.9361842)
(-2611.334603 3989.218 -210.9361842)
(-2336.397224 3989.218 -210.9361842)
(-2061.459845 3989.218 -210.9361842)
(-1786.522466 3989.218 -210.9361842)
(-1511.585086 3989.218 -210.9361842)
(-1236.647707 3989.218 -210.9361842)
(-961.7103276 3989.218 -210.9361842)
(-686.7729483 3989.218 -210.9361842)
(-411.835569 3989.218 -210.9361842)
(-136.8981897 3989.218 -210.9361842)
(138.0391897 3989.218 -210.9361842)
(412.976569 3989.218 -210.9361842)
(687.9139483 3989.218 -210.9361842)
(962.8513276 3989.218 -210.9361842)
(1237.788707 3989.218 -210.9361842)
(1512.726086 3989.218 -210.9361842)
(1787.663466 3989.218 -210.9361842)
(2062.600845 3989.218 -210.9361842)
(2337.538224 3989.218 -210.9361842)
(2612.475603 3989.218 -210.9361842)
(2887.412983 3989.218 -210.9361842)
(3162.350362 3989.218 -210.9361842)
(3437.287741 3989.218 -210.9361842)
(3712.225121 3989.218 -210.9361842)
(3987.1625 3989.218 -210.9361842)
(-3986.0215 -3983.9661 208.7050842)
(-3711.084121 -3983.9661 208.7050842)
(-3436.146741 -3983.9661 208.7050842)
(-3161.209362 -3983.9661 208.7050842)
(-2886.271983 -3983.9661 208.7050842)
(-2611.334603 -3983.9661 208.7050842)
(-2336.397224 -3983.9661 208.7050842)
(-2061.459845 -3983.9661 208.7050842)
(-1786.522466 -3983.9661 208.7050842)
(-1511.585086 -3983.9661 208.7050842)
(-1236.647707 -3983.9661 208.7050842)
(-961.7103276 -3983.9661 208.7050842)
(-686.7729483 -3983.9661 208.7050842)
(-411.835569 -3983.9661 208.7050842)
(-136.8981897 -3983.9661 208.7050842)
(138.0391897 -3983.9661 208.7050842)
(412.976569 -3983.9661 208.7050842)
(687.9139483 -3983.9661 208.7050842)
(962.8513276 -3983.9661 208.7050842)
(1237.788707 -3983.9661 208.7050842)
(1512.726086 -3983.9661 208.7050842)
(1787.663466 -3983.9661 208.7050842)
(2062.600845 -3983.9661 208.7050842)
(2337.538224 -3983.9661 208.7050842)
(2612.475603 -3983.9661 208.7050842)
(2887.412983 -3983.9661 208.7050842)
(3162.350362 -3983.9661 208.7050842)
(3437.287741 -3983.9661 208.7050842)
(3712.225121 -3983.9661 208.7050842)
(3987.1625 -3983.9661 208.7050842)
(-3986.0215 -3756.16084 208.7050842)
(-3711.084121 -3756.16084 208.7050842)
(-3436.146741 -3756.16084 208.7050842)
(-3161.209362 -3756.16084 208.7050842)
(-2886.271983 -3756.16084 208.7050842)
(-2611.334603 -3756.16084 208.7050842)
(-2336.397224 -3756.16084 208.7050842)
(-2061.459845 -3756.16084 208.7050842)
(-1786.522466 -3756.16084 208.7050842)
(-1511.585086 -3756.16084 208.7050842)
(-1236.647707 -3756.16084 208.7050842)
(-961.7103276 -3756.16084 208.7050842)
(-686.7729483 -3756.16084 208.7050842)
(-411.835569 -3756.16084 208.7050842)
(-136.8981897 -3756.16084 208.7050842)
(138.0391897 -3756.16084 208.7050842)
(412.976569 -3756.16084 208.7050842)
(687.9139483 -3756.16084 208.7050842)
(962.8513276 -3756.16084 208.7050842)
(1237.788707 -3756.16084 208.7050842)
(1512.726086 -3756.16084 208.7050842)
(1787.663466 -3756.16084 208.7050842)
(2062.600845 -3756.16084 208.7050842)
(2337.538224 -3756.16084 208.7050842)
(2612.475603 -3756.16084 208.7050842)
(2887.412983 -3756.16084 208.7050842)
(3162.350362 -3756.16084 208.7050842)
(3437.287741 -3756.16084 208.7050842)
(3712.225121 -3756.16084 208.7050842)
(3987.1625 -3756.16084 208.7050842)
(-3986.0215 -3528.35558 208.7050842)
(-3711.084121 -3528.35558 208.7050842)
(-3436.146741 -3528.35558 208.7050842)
(-3161.209362 -3528.35558 208.7050842)
(-2886.271983 -3528.35558 208.7050842)
(-2611.334603 -3528.35558 208.7050842)
(-2336.397224 -3528.35558 208.7050842)
(-2061.459845 -3528.35558 208.7050842)
(-1786.522466 -3528.35558 208.7050842)
(-1511.585086 -3528.35558 208.7050842)
(-1236.647707 -3528.35558 208.7050842)
(-961.7103276 -3528.35558 208.7050842)
(-686.7729483 -3528.35558 208.7050842)
(-411.835569 -3528.35558 208.7050842)
(-136.8981897 -3528.35558 208.7050842)
(138.0391897 -3528.35558 208.7050842)
(412.976569 -3528.35558 208.7050842)
(687.9139483 -3528.35558 208.7050842)
(962.8513276 -3528.35558 208.7050842)
(1237.788707 -3528.35558 208.7050842)
(1512.726086 -3528.35558 208.7050842)
(1787.663466 -3528.35558 208.7050842)
(2062.600845 -3528.35558 208.7050842)
(2337.538224 -3528.35558 208.7050842)
(2612.475603 -3528.35558 208.7050842)
(2887.412983 -3528.35558 208.7050842)
(3162.350362 -3528.35558 208.7050842)
(3437.287741 -3528.35558 208.7050842)
(3712.225121 -3528.35558 208.7050842)
(3987.1625 -3528.35558 208.7050842)
(-3986.0215 -3300.55032 208.7050842)
(-3711.084121 -3300.55032 208.7050842)
(-3436.146741 -3300.55032 208.7050842)
(-3161.209362 -3300.55032 208.7050842)
(-2886.271983 -3300.55032 208.7050842)
(-2611.334603 -3300.55032 208.7050842)
(-2336.397224 -3300.55032 208.7050842)
(-2061.459845 -3300.55032 208.7050842)
(-1786.522466 -3300.55032 208.7050842)
(-1511.585086 -3300.55032 208.7050842)
(-1236.647707 -3300.55032 208.7050842)
(-961.7103276 -3300.55032 208.7050842)
(-686.7729483 -3300.55032 208.7050842)
(-411.835569 -3300.55032 208.7050842)
(-136.8981897 -3300.55032 208.7050842)
(138.0391897 -3300.55032 208.7050842)
(412.976569 -3300.55032 208.7050842)
(687.9139483 -3300.55032 208.7050842)
(962.8513276 -3300.55032 208.7050842)
(1237.788707 -3300.55032 208.7050842)
(1512.726086 -3300.55032 208.7050842)
(1787.663466 -3300.55032 208.7050842)
(2062.600845 -3300.55032 208.7050842)
(2337.538224 -3300.55032 208.7050842)
(2612.475603 -3300.55032 208.7050842)
(2887.412983 -3300.55032 208.7050842)
(3162.350362 -3300.55032 208.7050842)
(3437.287741 -3300.55032 208.7050842)
(3712.225121 -3300.55032 208.7050842)
(3987.1625 -3300.55032 208.7050842)
(-3986.0215 -3072.74506 208.7050842)
(-3711.084121 -3072.74506 208.7050842)
(-3436.146741 -3072.74506 208.7050842)
(-3161.209362 -3072.74506 208.7050842)
(-2886.271983 -3072.74506 208.7050842)
(-2611.334603 -3072.74506 208.7050842)
(-2336.397224 -3072.74506 208.7050842)
(-2061.459845 -3072.74506 208.7050842)
(-1786.522466 -3072.74506 208.7050842)
(-1511.585086 -3072.74506 208.7050842)
(-1236.647707 -3072.74506 208.7050842)
(-961.7103276 -3072.74506 208.7050842)
(-686.7729483 -3072.74506 208.7050842)
(-411.835569 -3072.74506 208.7050842)
(-136.8981897 -3072.74506 208.7050842)
(138.0391897 -3072.74506 208.7050842)
(412.976569 -3072.74506 208.7050842)
(687.9139483 -3072.74506 208.7050842)
(962.8513276 -3072.74506 208.7050842)
(1237.788707 -3072.74506 208.7050842)
(1512.726086 -3072.74506 208.7050842)
(1787.663466 -3072.74506 208.7050842)
(2062.600845 -3072.74506 208.7050842)
(2337.538224 -3072.74506 208.7050842)
(2612.475603 -3072.74506 208.7050842)
(2887.412983 -3072.74506 208.7050842)
(3162.350362 -3072.74506 208.7050842)
(3437.287741 -3072.74506 208.7050842)
(3712.225121 -3072.74506 208.7050842)
(3987.1625 -3072.74506 208.7050842)
(-3986.0215 -2844.9398 208.7050842)
(-3711.084121 -2844.9398 208.7050842)
(-3436.146741 -2844.9398 208.7050842)
(-3161.209362 -2844.9398 208.7050842)
(-2886.271983 -2844.9398 208.7050842)
(-2611.334603 -2844.9398 208.7050842)
(-2336.397224 -2844.9398 208.7050842)
(-2061.459845 -2844.9398 208.7050842)
(-1786.522466 -2844.9398 208.7050842)
(-1511.585086 -2844.9398 208.7050842)
(-1236.647707 -2844.9398 208.7050842)
(-961.7103276 -2844.9398 208.7050842)
(-686.7729483 -2844.9398 208.7050842)
(-411.835569 -2844.9398 208.7050842)
(-136.8981897 -2844.9398 208.7050842)
(138.0391897 -2844.9398 208.7050842)
(412.976569 -2844.9398 208.7050842)
(687.9139483 -2844.9398 208.7050842)
(962.8513276 -2844.9398 208.7050842)
(1237.788707 -2844.9398 208.7050842)
(1512.726086 -2844.9398 208.7050842)
(1787.663466 -2844.9398 208.7050842)
(2062.600845 -2844.9398 208.7050842)
(2337.538224 -2844.9398 208.7050842)
(2612.475603 -2844.9398 208.7050842)
(2887.412983 -2844.9398 208.7050842)
(3162.350362 -2844.9398 208.7050842)
(3437.287741 -2844.9398 208.7050842)
(3712.225121 -2844.9398 208.7050842)
(3987.1625 -2844.9398 208.7050842)
(-3986.0215 -2617.13454 208.7050842)
(-3711.084121 -2617.13454 208.7050842)
(-3436.146741 -2617.13454 208.7050842)
(-3161.209362 -2617.13454 208.7050842)
(-2886.271983 -2617.13454 208.7050842)
(-2611.334603 -2617.13454 208.7050842)
(-2336.397224 -2617.13454 208.7050842)
(-2061.459845 -2617.13454 208.7050842)
(-1786.522466 -2617.13454 208.7050842)
(-1511.585086 -2617.13454 208.7050842)
(-1236.647707 -2617.13454 208.7050842)
(-961.7103276 -2617.13454 208.7050842)
(-686.7729483 -2617.13454 208.7050842)
(-411.835569 -2617.13454 208.7050842)
(-136.8981897 -2617.13454 208.7050842)
(138.0391897 -2617.13454 208.7050842)
(412.976569 -2617.13454 208.7050842)
(687.9139483 -2617.13454 208.7050842)
(962.8513276 -2617.13454 208.7050842)
(1237.788707 -2617.13454 208.7050842)
(1512.726086 -2617.13454 208.7050842)
(1787.663466 -2617.13454 208.7050842)
(2062.600845 -2617.13454 208.7050842)
(2337.538224 -2617.13454 208.7050842)
(2612.475603 -2617.13454 208.7050842)
(2887.412983 -2617.13454 208.7050842)
(3162.350362 -2617.13454 208.7050842)
(3437.287741 -2617.13454 208.7050842)
(3712.225121 -2617.13454 208.7050842)
(3987.1625 -2617.13454 208.7050842)
(-3986.0215 -2389.32928 208.7050842)
(-3711.084121 -2389.32928 208.7050842)
(-3436.146741 -2389.32928 208.7050842)
(-3161.209362 -2389.32928 208.7050842)
(-2886.271983 -2389.32928 208.7050842)
(-2611.334603 -2389.32928 208.7050842)
(-2336.397224 -2389.32928 208.7050842)
(-2061.459845 -2389.32928 208.7050842)
(-1786.522466 -2389.32928 208.7050842)
(-1511.585086 -2389.32928 208.7050842)
(-1236.647707 -2389.32928 208.7050842)
(-961.7103276 -2389.32928 208.7050842)
(-686.7729483 -2389.32928 208.7050842)
(-411.835569 -2389.32928 208.7050842)
(-136.8981897 -2389.32928 208.7050842)
(138.0391897 -2389.32928 208.7050842)
(412.976569 -2389.32928 208.7050842)
(687.9139483 -2389.32928 208.7050842)
(962.8513276 -2389.32928 208.7050842)
(1237.788707 -2389.32928 208.7050842)
(1512.726086 -2389.32928 208.7050842)
(1787.663466 -2389.32928 208.7050842)
(2062.600845 -2389.32928 208.7050842)
(2337.538224 -2389.32928 208.7050842)
(2612.475603 -2389.32928 208.7050842)
(2887.412983 -2389.32928 208.7050842)
(3162.350362 -2389.32928 208.7050842)
(3437.287741 -2389.32928 208.7050842)
(3712.225121 -2389.32928 208.7050842)
(3987.1625 -2389.32928 208.7050842)
(-3986.0215 -2161.52402 208.7050842)
(-3711.084121 -2161.52402 208.7050842)
(-3436.146741 -2161.52402 208.7050842)
(-3161.209362 -2161.52402 208.7050842)
(-2886.271983 -2161.52402 208.7050842)
(-2611.334603 -2161.52402 208.7050842)
(-2336.397224 -2161.52402 208.7050842)
(-2061.459845 -2161.52402 208.7050842)
(-1786.522466 -2161.52402 208.7050842)
(-1511.585086 -2161.52402 208.7050842)
(-1236.647707 -2161.52402 208.7050842)
(-961.7103276 -2161.52402 208.7050842)
(-686.7729483 -2161.52402 208.7050842)
(-411.835569 -2161.52402 208.7050842)
(-136.8981897 -2161.52402 208.7050842)
(138.0391897 -2161.52402 208.7050842)
(412.976569 -2161.52402 208.7050842)
(687.9139483 -2161.52402 208.7050842)
(962.8513276 -2161.52402 208.7050842)
(1237.788707 -2161.52402 208.7050842)
(1512.726086 -2161.52402 208.7050842)
(1787.663466 -2161.52402 208.7050842)
(2062.600845 -2161.52402 208.7050842)
(2337.538224 -2161.52402 208.7050842)
(2612.475603 -2161.52402 208.7050842)
(2887.412983 -2161.52402 208.7050842)
(3162.350362 -2161.52402 208.7050842)
(3437.287741 -2161.52402 208.7050842)
(3712.225121 -2161.52402 208.7050842)
(3987.1625 -2161.52402 208.7050842)
(-3986.0215 -1933.71876 208.7050842)
(-3711.084121 -1933.71876 208.7050842)
(-3436.146741 -1933.71876 208.7050842)
(-3161.209362 -1933.71876 208.7050842)
(-2886.271983 -1933.71876 208.7050842)
(-2611.334603 -1933.71876 208.7050842)
(-2336.397224 -1933.71876 208.7050842)
(-2061.459845 -1933.71876 208.7050842)
(-1786.522466 -1933.71876 208.7050842)
(-1511.585086 -1933.71876 208.7050842)
(-1236.647707 -1933.71876 208.7050842)
(-961.7103276 -1933.71876 208.7050842)
(-686.7729483 -1933.71876 208.7050842)
(-411.835569 -1933.71876 208.7050842)
(-136.8981897 -1933.71876 208.7050842)
(138.0391897 -1933.71876 208.7050842)
(412.976569 -1933.71876 208.7050842)
(687.9139483 -1933.71876 208.7050842)
(962.8513276 -1933.71876 208.7050842)
(1237.788707 -1933.71876 208.7050842)
(1512.726086 -1933.71876 208.7050842)
(1787.663466 -1933.71876 208.7050842)
(2062.600845 -1933.71876 208.7050842)
(2337.538224 -1933.71876 208.7050842)
(2612.475603 -1933.71876 208.7050842)
(2887.412983 -1933.71876 208.7050842)
(3162.350362 -1933.71876 208.7050842)
(3437.287741 -1933.71876 208.7050842)
(3712.225121 -1933.71876 208.7050842)
(3987.1625 -1933.71876 208.7050842)
(-3986.0215 -1705.9135 208.7050842)
(-3711.084121 -1705.9135 208.7050842)
(-3436.146741 -1705.9135 208.7050842)
(-3161.209362 -1705.9135 208.7050842)
(-2886.271983 -1705.9135 208.7050842)
(-2611.334603 -1705.9135 208.7050842)
(-2336.397224 -1705.9135 208.7050842)
(-2061.459845 -1705.9135 208.7050842)
(-1786.522466 -1705.9135 208.7050842)
(-1511.585086 -1705.9135 208.7050842)
(-1236.647707 -1705.9135 208.7050842)
(-961.7103276 -1705.9135 208.7050842)
(-686.7729483 -1705.9135 208.7050842)
(-411.835569 -1705.9135 208.7050842)
(-136.8981897 -1705.9135 208.7050842)
(138.0391897 -1705.9135 208.7050842)
(412.976569 -1705.9135 208.7050842)
(687.9139483 -1705.9135 208.7050842)
(962.8513276 -1705.9135 208.7050842)
(1237.788707 -1705.9135 208.7050842)
(1512.726086 -1705.9135 208.7050842)
(1787.663466 -1705.9135 208.7050842)
(2062.600845 -1705.9135 208.7050842)
(2337.538224 -1705.9135 208.7050842)
(2612.475603 -1705.9135 208.7050842)
(2887.412983 -1705.9135 208.7050842)
(3162.350362 -1705.9135 208.7050842)
(3437.287741 -1705.9135 208.7050842)
(3712.225121 -1705.9135 208.7050842)
(3987.1625 -1705.9135 208.7050842)
(-3986.0215 -1478.10824 208.7050842)
(-3711.084121 -1478.10824 208.7050842)
(-3436.146741 -1478.10824 208.7050842)
(-3161.209362 -1478.10824 208.7050842)
(-2886.271983 -1478.10824 208.7050842)
(-2611.334603 -1478.10824 208.7050842)
(-2336.397224 -1478.10824 208.7050842)
(-2061.459845 -1478.10824 208.7050842)
(-1786.522466 -1478.10824 208.7050842)
(-1511.585086 -1478.10824 208.7050842)
(-1236.647707 -1478.10824 208.7050842)
(-961.7103276 -1478.10824 208.7050842)
(-686.7729483 -1478.10824 208.7050842)
(-411.835569 -1478.10824 208.7050842)
(-136.8981897 -1478.10824 208.7050842)
(138.0391897 -1478.10824 208.7050842)
(412.976569 -1478.10824 208.7050842)
(687.9139483 -1478.10824 208.7050842)
(962.8513276 -1478.10824 208.7050842)
(1237.788707 -1478.10824 208.7050842)
(1512.726086 -1478.10824 208.7050842)
(1787.663466 -1478.10824 208.7050842)
(2062.600845 -1478.10824 208.7050842)
(2337.538224 -1478.10824 208.7050842)
(2612.475603 -1478.10824 208.7050842)
(2887.412983 -1478.10824 208.7050842)
(3162.350362 -1478.10824 208.7050842)
(3437.287741 -1478.10824 208.7050842)
(3712.225121 -1478.10824 208.7050842)
(3987.1625 -1478.10824 208.7050842)
(-3986.0215 -1250.30298 208.7050842)
(-3711.084121 -1250.30298 208.7050842)
(-3436.146741 -1250.30298 208.7050842)
(-3161.209362 -1250.30298 208.7050842)
(-2886.271983 -1250.30298 208.7050842)
(-2611.334603 -1250.30298 208.7050842)
(-2336.397224 -1250.30298 208.7050842)
(-2061.459845 -1250.30298 208.7050842)
(-1786.522466 -1250.30298 208.7050842)
(-1511.585086 -1250.30298 208.7050842)
(-1236.647707 -1250.30298 208.7050842)
(-961.7103276 -1250.30298 208.7050842)
(-686.7729483 -1250.30298 208.7050842)
(-411.835569 -1250.30298 208.7050842)
(-136.8981897 -1250.30298 208.7050842)
(138.0391897 -1250.30298 208.7050842)
(412.976569 -1250.30298 208.7050842)
(687.9139483 -1250.30298 208.7050842)
(962.8513276 -1250.30298 208.7050842)
(1237.788707 -1250.30298 208.7050842)
(1512.726086 -1250.30298 208.7050842)
(1787.663466 -1250.30298 208.7050842)
(2062.600845 -1250.30298 208.7050842)
(2337.538224 -1250.30298 208.7050842)
(2612.475603 -1250.30298 208.7050842)
(2887.412983 -1250.30298 208.7050842)
(3162.350362 -1250.30298 208.7050842)
(3437.287741 -1250.30298 208.7050842)
(3712.225121 -1250.30298 208.7050842)
(3987.1625 -1250.30298 208.7050842)
(-3986.0215 -1022.49772 208.7050842)
(-3711.084121 -1022.49772 208.7050842)
(-3436.146741 -1022.49772 208.7050842)
(-3161.209362 -1022.49772 208.7050842)
(-2886.271983 -1022.49772 208.7050842)
(-2611.334603 -1022.49772 208.7050842)
(-2336.397224 -1022.49772 208.7050842)
(-2061.459845 -1022.49772 208.7050842)
(-1786.522466 -1022.49772 208.7050842)
(-1511.585086 -1022.49772 208.7050842)
(-1236.647707 -1022.49772 208.7050842)
(-961.7103276 -1022.49772 208.7050842)
(-686.7729483 -1022.49772 208.7050842)
(-411.835569 -1022.49772 208.7050842)
(-136.8981897 -1022.49772 208.7050842)
(138.0391897 -1022.49772 208.7050842)
(412.976569 -1022.49772 208.7050842)
(687.9139483 -1022.49772 208.7050842)
(962.8513276 -1022.49772 208.7050842)
(1237.788707 -1022.49772 208.7050842)
(1512.726086 -1022.49772 208.7050842)
(1787.663466 -1022.49772 208.7050842)
(2062.600845 -1022.49772 208.7050842)
(2337.538224 -1022.49772 208.7050842)
(2612.475603 -1022.49772 208.7050842)
(2887.412983 -1022.49772 208.7050842)
(3162.350362 -1022.49772 208.7050842)
(3437.287741 -1022.49772 208.7050842)
(3712.225121 -1022.49772 208.7050842)
(3987.1625 -1022.49772 208.7050842)
(-3986.0215 -794.69246 208.7050842)
(-3711.084121 -794.69246 208.7050842)
(-3436.146741 -794.69246 208.7050842)
(-3161.209362 -794.69246 208.7050842)
(-2886.271983 -794.69246 208.7050842)
(-2611.334603 -794.69246 208.7050842)
(-2336.397224 -794.69246 208.7050842)
(-2061.459845 -794.69246 208.7050842)
(-1786.522466 -794.69246 208.7050842)
(-1511.585086 -794.69246 208.7050842)
(-1236.647707 -794.69246 208.7050842)
(-961.7103276 -794.69246 208.7050842)
(-686.7729483 -794.69246 208.7050842)
(-411.835569 -794.69246 208.7050842)
(-136.8981897 -794.69246 208.7050842)
(138.0391897 -794.69246 208.7050842)
(412.976569 -794.69246 208.7050842)
(687.9139483 -794.69246 208.7050842)
(962.8513276 -794.69246 208.7050842)
(1237.788707 -794.69246 208.7050842)
(1512.726086 -794.69246 208.7050842)
(1787.663466 -794.69246 208.7050842)
(2062.600845 -794.69246 208.7050842)
(2337.538224 -794.69246 208.7050842)
(2612.475603 -794.69246 208.7050842)
(2887.412983 -794.69246 208.7050842)
(3162.350362 -794.69246 208.7050842)
(3437.287741 -794.69246 208.7050842)
(3712.225121 -794.69246 208.7050842)
(3987.1625 -794.69246 208.7050842)
(-3986.0215 -566.8872 208.7050842)
(-3711.084121 -566.8872 208.7050842)
(-3436.146741 -566.8872 208.7050842)
(-3161.209362 -566.8872 208.7050842)
(-2886.271983 -566.8872 208.7050842)
(-2611.334603 -566.8872 208.7050842)
(-2336.397224 -566.8872 208.7050842)
(-2061.459845 -566.8872 208.7050842)
(-1786.522466 -566.8872 208.7050842)
(-1511.585086 -566.8872 208.7050842)
(-1236.647707 -566.8872 208.7050842)
(-961.7103276 -566.8872 208.7050842)
(-686.7729483 -566.8872 208.7050842)
(-411.835569 -566.8872 208.7050842)
(-136.8981897 -566.8872 208.7050842)
(138.0391897 -566.8872 208.7050842)
(412.976569 -566.8872 208.7050842)
(687.9139483 -566.8872 208.7050842)
(962.8513276 -566.8872 208.7050842)
(1237.788707 -566.8872 208.7050842)
(1512.726086 -566.8872 208.7050842)
(1787.663466 -566.8872 208.7050842)
(2062.600845 -566.8872 208.7050842)
(2337.538224 -566.8872 208.7050842)
(2612.475603 -566.8872 208.7050842)
(2887.412983 -566.8872 208.7050842)
(3162.350362 -566.8872 208.7050842)
(3437.287741 -566.8872 208.7050842)
(3712.225121 -566.8872 208.7050842)
(3987.1625 -566.8872 208.7050842)
(-3986.0215 -339.08194 208.7050842)
(-3711.084121 -339.08194 208.7050842)
(-3436.146741 -339.08194 208.7050842)
(-3161.209362 -339.08194 208.7050842)
(-2886.271983 -339.08194 208.7050842)
(-2611.334603 -339.08194 208.7050842)
(-2336.397224 -339.08194 208.7050842)
(-2061.459845 -339.08194 208.7050842)
(-1786.522466 -339.08194 208.7050842)
(-1511.585086 -339.08194 208.7050842)
(-1236.647707 -339.08194 208.7050842)
(-961.7103276 -339.08194 208.7050842)
(-686.7729483 -339.08194 208.7050842)
(-411.835569 -339.08194 208.7050842)
(-136.8981897 -339.08194 208.7050842)
(138.0391897 -339.08194 208.7050842)
(412.976569 -339.08194 208.7050842)
(687.9139483 -339.08194 208.7050842)
(962.8513276 -339.08194 208.7050842)
(1237.788707 -339.08194 208.7050842)
(1512.726086 -339.08194 208.7050842)
(1787.663466 -339.08194 208.7050842)
(2062.600845 -339.08194 208.7050842)
(2337.538224 -339.08194 208.7050842)
(2612.475603 -339.08194 208.7050842)
(2887.412983 -339.08194 208.7050842)
(3162.350362 -339.08194 208.7050842)
(3437.287741 -339.08194 208.7050842)
(3712.225121 -339.08194 208.7050842)
(3987.1625 -339.08194 208.7050842)
(-3986.0215 -111.27668 208.7050842)
(-3711.084121 -111.27668 208.7050842)
(-3436.146741 -111.27668 208.7050842)
(-3161.209362 -111.27668 208.7050842)
(-2886.271983 -111.27668 208.7050842)
(-2611.334603 -111.27668 208.7050842)
(-2336.397224 -111.27668 208.7050842)
(-2061.459845 -111.27668 208.7050842)
(-1786.522466 -111.27668 208.7050842)
(-1511.585086 -111.27668 208.7050842)
(-1236.647707 -111.27668 208.7050842)
(-961.7103276 -111.27668 208.7050842)
(-686.7729483 -111.27668 208.7050842)
(-411.835569 -111.27668 208.7050842)
(-136.8981897 -111.27668 208.7050842)
(138.0391897 -111.27668 208.7050842)
(412.976569 -111.27668 208.7050842)
(687.9139483 -111.27668 208.7050842)
(962.8513276 -111.27668 208.7050842)
(1237.788707 -111.27668 208.7050842)
(1512.726086 -111.27668 208.7050842)
(1787.663466 -111.27668 208.7050842)
(2062.600845 -111.27668 208.7050842)
(2337.538224 -111.27668 208.7050842)
(2612.475603 -111.27668 208.7050842)
(2887.412983 -111.27668 208.7050842)
(3162.350362 -111.27668 208.7050842)
(3437.287741 -111.27668 208.7050842)
(3712.225121 -111.27668 208.7050842)
(3987.1625 -111.27668 208.7050842)
(-3986.0215 116.52858 208.7050842)
(-3711.084121 116.52858 208.7050842)
(-3436.146741 116.52858 208.7050842)
(-3161.209362 116.52858 208.7050842)
(-2886.271983 116.52858 208.7050842)
(-2611.334603 116.52858 208.7050842)
(-2336.397224 116.52858 208.7050842)
(-2061.459845 116.52858 208.7050842)
(-1786.522466 116.52858 208.7050842)
(-1511.585086 116.52858 208.7050842)
(-1236.647707 116.52858 208.7050842)
(-961.7103276 116.52858 208.7050842)
(-686.7729483 116.52858 208.7050842)
(-411.835569 116.52858 208.7050842)
(-136.8981897 116.52858 208.7050842)
(138.0391897 116.52858 208.7050842)
(412.976569 116.52858 208.7050842)
(687.9139483 116.52858 208.7050842)
(962.8513276 116.52858 208.7050842)
(1237.788707 116.52858 208.7050842)
(1512.726086 116.52858 208.7050842)
(1787.663466 116.52858 208.7050842)
(2062.600845 116.52858 208.7050842)
(2337.538224 116.52858 208.7050842)
(2612.475603 116.52858 208.7050842)
(2887.412983 116.52858 208.7050842)
(3162.350362 116.52858 208.7050842)
(3437.287741 116.52858 208.7050842)
(3712.225121 116.52858 208.7050842)
(3987.1625 116.52858 208.7050842)
(-3986.0215 344.33384 208.7050842)
(-3711.084121 344.33384 208.7050842)
(-3436.146741 344.33384 208.7050842)
(-3161.209362 344.33384 208.7050842)
(-2886.271983 344.33384 208.7050842)
(-2611.334603 344.33384 208.7050842)
(-2336.397224 344.33384 208.7050842)
(-2061.459845 344.33384 208.7050842)
(-1786.522466 344.33384 208.7050842)
(-1511.585086 344.33384 208.7050842)
(-1236.647707 344.33384 208.7050842)
(-961.7103276 344.33384 208.7050842)
(-686.7729483 344.33384 208.7050842)
(-411.835569 344.33384 208.7050842)
(-136.8981897 344.33384 208.7050842)
(138.0391897 344.33384 208.7050842)
(412.976569 344.33384 208.7050842)
(687.9139483 344.33384 208.7050842)
(962.8513276 344.33384 208.7050842)
(1237.788707 344.33384 208.7050842)
(1512.726086 344.33384 208.7050842)
(1787.663466 344.33384 208.7050842)
(2062.600845 344.33384 208.7050842)
(2337.538224 344.33384 208.7050842)
(2612.475603 344.33384 208.7050842)
(2887.412983 344.33384 208.7050842)
(3162.350362 344.33384 208.7050842)
(3437.287741 344.33384 208.7050842)
(3712.225121 344.33384 208.7050842)
(3987.1625 344.33384 208.7050842)
(-3986.0215 572.1391 208.7050842)
(-3711.084121 572.1391 208.7050842)
(-3436.146741 572.1391 208.7050842)
(-3161.209362 572.1391 208.7050842)
(-2886.271983 572.1391 208.7050842)
(-2611.334603 572.1391 208.7050842)
(-2336.397224 572.1391 208.7050842)
(-2061.459845 572.1391 208.7050842)
(-1786.522466 572.1391 208.7050842)
(-1511.585086 572.1391 208.7050842)
(-1236.647707 572.1391 208.7050842)
(-961.7103276 572.1391 208.7050842)
(-686.7729483 572.1391 208.7050842)
(-411.835569 572.1391 208.7050842)
(-136.8981897 572.1391 208.7050842)
(138.0391897 572.1391 208.7050842)
(412.976569 572.1391 208.7050842)
(687.9139483 572.1391 208.7050842)
(962.8513276 572.1391 208.7050842)
(1237.788707 572.1391 208.7050842)
(1512.726086 572.1391 208.7050842)
(1787.663466 572.1391 208.7050842)
(2062.600845 572.1391 208.7050842)
(2337.538224 572.1391 208.7050842)
(2612.475603 572.1391 208.7050842)
(2887.412983 572.1391 208.7050842)
(3162.350362 572.1391 208.7050842)
(3437.287741 572.1391 208.7050842)
(3712.225121 572.1391 208.7050842)
(3987.1625 572.1391 208.7050842)
(-3986.0215 799.94436 208.7050842)
(-3711.084121 799.94436 208.7050842)
(-3436.146741 799.94436 208.7050842)
(-3161.209362 799.94436 208.7050842)
(-2886.271983 799.94436 208.7050842)
(-2611.334603 799.94436 208.7050842)
(-2336.397224 799.94436 208.7050842)
(-2061.459845 799.94436 208.7050842)
(-1786.522466 799.94436 208.7050842)
(-1511.585086 799.94436 208.7050842)
(-1236.647707 799.94436 208.7050842)
(-961.7103276 799.94436 208.7050842)
(-686.7729483 799.94436 208.7050842)
(-411.835569 799.94436 208.7050842)
(-136.8981897 799.94436 208.7050842)
(138.0391897 799.94436 208.7050842)
(412.976569 799.94436 208.7050842)
(687.9139483 799.94436 208.7050842)
(962.8513276 799.94436 208.7050842)
(1237.788707 799.94436 208.7050842)
(1512.726086 799.94436 208.7050842)
(1787.663466 799.94436 208.7050842)
(2062.600845 799.94436 208.7050842)
(2337.538224 799.94436 208.7050842)
(2612.475603 799.94436 208.7050842)
(2887.412983 799.94436 208.7050842)
(3162.350362 799.94436 208.7050842)
(3437.287741 799.94436 208.7050842)
(3712.225121 799.94436 208.7050842)
(3987.1625 799.94436 208.7050842)
(-3986.0215 1027.74962 208.7050842)
(-3711.084121 1027.74962 208.7050842)
(-3436.146741 1027.74962 208.7050842)
(-3161.209362 1027.74962 208.7050842)
(-2886.271983 1027.74962 208.7050842)
(-2611.334603 1027.74962 208.7050842)
(-2336.397224 1027.74962 208.7050842)
(-2061.459845 1027.74962 208.7050842)
(-1786.522466 1027.74962 208.7050842)
(-1511.585086 1027.74962 208.7050842)
(-1236.647707 1027.74962 208.7050842)
(-961.7103276 1027.74962 208.7050842)
(-686.7729483 1027.74962 208.7050842)
(-411.835569 1027.74962 208.7050842)
(-136.8981897 1027.74962 208.7050842)
(138.0391897 1027.74962 208.7050842)
(412.976569 1027.74962 208.7050842)
(687.9139483 1027.74962 208.7050842)
(962.8513276 1027.74962 208.7050842)
(1237.788707 1027.74962 208.7050842)
(1512.726086 1027.74962 208.7050842)
(1787.663466 1027.74962 208.7050842)
(2062.600845 1027.74962 208.7050842)
(2337.538224 1027.74962 208.7050842)
(2612.475603 1027.74962 208.7050842)
(2887.412983 1027.74962 208.7050842)
(3162.350362 1027.74962 208.7050842)
(3437.287741 1027.74962 208.7050842)
(3712.225121 1027.74962 208.7050842)
(3987.1625 1027.74962 208.7050842)
(-3986.0215 1255.55488 208.7050842)
(-3711.084121 1255.55488 208.7050842)
(-3436.146741 1255.55488 208.7050842)
(-3161.209362 1255.55488 208.7050842)
(-2886.271983 1255.55488 208.7050842)
(-2611.334603 1255.55488 208.7050842)
(-2336.397224 1255.55488 208.7050842)
(-2061.459845 1255.55488 208.7050842)
(-1786.522466 1255.55488 208.7050842)
(-1511.585086 1255.55488 208.7050842)
(-1236.647707 1255.55488 208.7050842)
(-961.7103276 1255.55488 208.7050842)
(-686.7729483 1255.55488 208.7050842)
(-411.835569 1255.55488 208.7050842)
(-136.8981897 1255.55488 208.7050842)
(138.0391897 1255.55488 208.7050842)
(412.976569 1255.55488 208.7050842)
(687.9139483 1255.55488 208.7050842)
(962.8513276 1255.55488 208.7050842)
(1237.788707 1255.55488 208.7050842)
(1512.726086 1255.55488 208.7050842)
(1787.663466 1255.55488 208.7050842)
(2062.600845 1255.55488 208.7050842)
(2337.538224 1255.55488 208.7050842)
(2612.475603 1255.55488 208.7050842)
(2887.412983 1255.55488 208.7050842)
(3162.350362 1255.55488 208.7050842)
(3437.287741 1255.55488 208.7050842)
(3712.225121 1255.55488 208.7050842)
(3987.1625 1255.55488 208.7050842)
(-3986.0215 1483.36014 208.7050842)
(-3711.084121 1483.36014 208.7050842)
(-3436.146741 1483.36014 208.7050842)
(-3161.209362 1483.36014 208.7050842)
(-2886.271983 1483.36014 208.7050842)
(-2611.334603 1483.36014 208.7050842)
(-2336.397224 1483.36014 208.7050842)
(-2061.459845 1483.36014 208.7050842)
(-1786.522466 1483.36014 208.7050842)
(-1511.585086 1483.36014 208.7050842)
(-1236.647707 1483.36014 208.7050842)
(-961.7103276 1483.36014 208.7050842)
(-686.7729483 1483.36014 208.7050842)
(-411.835569 1483.36014 208.7050842)
(-136.8981897 1483.36014 208.7050842)
(138.0391897 1483.36014 208.7050842)
(412.976569 1483.36014 208.7050842)
(687.9139483 1483.36014 208.7050842)
(962.8513276 1483.36014 208.7050842)
(1237.788707 1483.36014 208.7050842)
(1512.726086 1483.36014 208.7050842)
(1787.663466 1483.36014 208.7050842)
(2062.600845 1483.36014 208.7050842)
(2337.538224 1483.36014 208.7050842)
(2612.475603 1483.36014 208.7050842)
(2887.412983 1483.36014 208.7050842)
(3162.350362 1483.36014 208.7050842)
(3437.287741 1483.36014 208.7050842)
(3712.225121 1483.36014 208.7050842)
(3987.1625 1483.36014 208.7050842)
(-3986.0215 1711.1654 208.7050842)
(-3711.084121 1711.1654 208.7050842)
(-3436.146741 1711.1654 208.7050842)
(-3161.209362 1711.1654 208.7050842)
(-2886.271983 1711.1654 208.7050842)
(-2611.334603 1711.1654 208.7050842)
(-2336.397224 1711.1654 208.7050842)
(-2061.459845 1711.1654 208.7050842)
(-1786.522466 1711.1654 208.7050842)
(-1511.585086 1711.1654 208.7050842)
(-1236.647707 1711.1654 208.7050842)
(-961.7103276 1711.1654 208.7050842)
(-686.7729483 1711.1654 208.7050842)
(-411.835569 1711.1654 208.7050842)
(-136.8981897 1711.1654 208.7050842)
(138.0391897 1711.1654 208.7050842)
(412.976569 1711.1654 208.7050842)
(687.9139483 1711.1654 208.7050842)
(962.8513276 1711.1654 208.7050842)
(1237.788707 1711.1654 208.7050842)
(1512.726086 1711.1654 208.7050842)
(1787.663466 1711.1654 208.7050842)
(2062.600845 1711.1654 208.7050842)
(2337.538224 1711.1654 208.7050842)
(2612.475603 1711.1654 208.7050842)
(2887.412983 1711.1654 208.7050842)
(3162.350362 1711.1654 208.7050842)
(3437.287741 1711.1654 208.7050842)
(3712.225121 1711.1654 208.7050842)
(3987.1625 1711.1654 208.7050842)
(-3986.0215 1938.97066 208.7050842)
(-3711.084121 1938.97066 208.7050842)
(-3436.146741 1938.97066 208.7050842)
(-3161.209362 1938.97066 208.7050842)
(-2886.271983 1938.97066 208.7050842)
(-2611.334603 1938.97066 208.7050842)
(-2336.397224 1938.97066 208.7050842)
(-2061.459845 1938.97066 208.7050842)
(-1786.522466 1938.97066 208.7050842)
(-1511.585086 1938.97066 208.7050842)
(-1236.647707 1938.97066 208.7050842)
(-961.7103276 1938.97066 208.7050842)
(-686.7729483 1938.97066 208.7050842)
(-411.835569 1938.97066 208.7050842)
(-136.8981897 1938.97066 208.7050842)
(138.0391897 1938.97066 208.7050842)
(412.976569 1938.97066 208.7050842)
(687.9139483 1938.97066 208.7050842)
(962.8513276 1938.97066 208.7050842)
(1237.788707 1938.97066 208.7050842)
(1512.726086 1938.97066 208.7050842)
(1787.663466 1938.97066 208.7050842)
(2062.600845 1938.97066 208.7050842)
(2337.538224 1938.97066 208.7050842)
(2612.475603 1938.97066 208.7050842)
(2887.412983 1938.97066 208.7050842)
(3162.350362 1938.97066 208.7050842)
(3437.287741 1938.97066 208.7050842)
(3712.225121 1938.97066 208.7050842)
(3987.1625 1938.97066 208.7050842)
(-3986.0215 2166.77592 208.7050842)
(-3711.084121 2166.77592 208.7050842)
(-3436.146741 2166.77592 208.7050842)
(-3161.209362 2166.77592 208.7050842)
(-2886.271983 2166.77592 208.7050842)
(-2611.334603 2166.77592 208.7050842)
(-2336.397224 2166.77592 208.7050842)
(-2061.459845 2166.77592 208.7050842)
(-1786.522466 2166.77592 208.7050842)
(-1511.585086 2166.77592 208.7050842)
(-1236.647707 2166.77592 208.7050842)
(-961.7103276 2166.77592 208.7050842)
(-686.7729483 2166.77592 208.7050842)
(-411.835569 2166.77592 208.7050842)
(-136.8981897 2166.77592 208.7050842)
(138.0391897 2166.77592 208.7050842)
(412.976569 2166.77592 208.7050842)
(687.9139483 2166.77592 208.7050842)
(962.8513276 2166.77592 208.7050842)
(1237.788707 2166.77592 208.7050842)
(1512.726086 2166.77592 208.7050842)
(1787.663466 2166.77592 208.7050842)
(2062.600845 2166.77592 208.7050842)
(2337.538224 2166.77592 208.7050842)
(2612.475603 2166.77592 208.7050842)
(2887.412983 2166.77592 208.7050842)
(3162.350362 2166.77592 208.7050842)
(3437.287741 2166.77592 208.7050842)
(3712.225121 2166.77592 208.7050842)
(3987.1625 2166.77592 208.7050842)
(-3986.0215 2394.58118 208.7050842)
(-3711.084121 2394.58118 208.7050842)
(-3436.146741 2394.58118 208.7050842)
(-3161.209362 2394.58118 208.7050842)
(-2886.271983 2394.58118 208.7050842)
(-2611.334603 2394.58118 208.7050842)
(-2336.397224 2394.58118 208.7050842)
(-2061.459845 2394.58118 208.7050842)
(-1786.522466 2394.58118 208.7050842)
(-1511.585086 2394.58118 208.7050842)
(-1236.647707 2394.58118 208.7050842)
(-961.7103276 2394.58118 208.7050842)
(-686.7729483 2394.58118 208.7050842)
(-411.835569 2394.58118 208.7050842)
(-136.8981897 2394.58118 208.7050842)
(138.0391897 2394.58118 208.7050842)
(412.976569 2394.58118 208.7050842)
(687.9139483 2394.58118 208.7050842)
(962.8513276 2394.58118 208.7050842)
(1237.788707 2394.58118 208.7050842)
(1512.726086 2394.58118 208.7050842)
(1787.663466 2394.58118 208.7050842)
(2062.600845 2394.58118 208.7050842)
(2337.538224 2394.58118 208.7050842)
(2612.475603 2394.58118 208.7050842)
(2887.412983 2394.58118 208.7050842)
(3162.350362 2394.58118 208.7050842)
(3437.287741 2394.58118 208.7050842)
(3712.225121 2394.58118 208.7050842)
(3987.1625 2394.58118 208.7050842)
(-3986.0215 2622.38644 208.7050842)
(-3711.084121 2622.38644 208.7050842)
(-3436.146741 2622.38644 208.7050842)
(-3161.209362 2622.38644 208.7050842)
(-2886.271983 2622.38644 208.7050842)
(-2611.334603 2622.38644 208.7050842)
(-2336.397224 2622.38644 208.7050842)
(-2061.459845 2622.38644 208.7050842)
(-1786.522466 2622.38644 208.7050842)
(-1511.585086 2622.38644 208.7050842)
(-1236.647707 2622.38644 208.7050842)
(-961.7103276 2622.38644 208.7050842)
(-686.7729483 2622.38644 208.7050842)
(-411.835569 2622.38644 208.7050842)
(-136.8981897 2622.38644 208.7050842)
(138.0391897 2622.38644 208.7050842)
(412.976569 2622.38644 208.7050842)
(687.9139483 2622.38644 208.7050842)
(962.8513276 2622.38644 208.7050842)
(1237.788707 2622.38644 208.7050842)
(1512.726086 2622.38644 208.7050842)
(1787.663466 2622.38644 208.7050842)
(2062.600845 2622.38644 208.7050842)
(2337.538224 2622.38644 208.7050842)
(2612.475603 2622.38644 208.7050842)
(2887.412983 2622.38644 208.7050842)
(3162.350362 2622.38644 208.7050842)
(3437.287741 2622.38644 208.7050842)
(3712.225121 2622.38644 208.7050842)
(3987.1625 2622.38644 208.7050842)
(-3986.0215 2850.1917 208.7050842)
(-3711.084121 2850.1917 208.7050842)
(-3436.146741 2850.1917 208.7050842)
(-3161.209362 2850.1917 208.7050842)
(-2886.271983 2850.1917 208.7050842)
(-2611.334603 2850.1917 208.7050842)
(-2336.397224 2850.1917 208.7050842)
(-2061.459845 2850.1917 208.7050842)
(-1786.522466 2850.1917 208.7050842)
(-1511.585086 2850.1917 208.7050842)
(-1236.647707 2850.1917 208.7050842)
(-961.7103276 2850.1917 208.7050842)
(-686.7729483 2850.1917 208.7050842)
(-411.835569 2850.1917 208.7050842)
(-136.8981897 2850.1917 208.7050842)
(138.0391897 2850.1917 208.7050842)
(412.976569 2850.1917 208.7050842)
(687.9139483 2850.1917 208.7050842)
(962.8513276 2850.1917 208.7050842)
(1237.788707 2850.1917 208.7050842)
(1512.726086 2850.1917 208.7050842)
(1787.663466 2850.1917 208.7050842)
(2062.600845 2850.1917 208.7050842)
(2337.538224 2850.1917 208.7050842)
(2612.475603 2850.1917 208.7050842)
(2887.412983 2850.1917 208.7050842)
(3162.350362 2850.1917 208.7050842)
(3437.287741 2850.1917 208.7050842)
(3712.225121 2850.1917 208.7050842)
(3987.1625 2850.1917 208.7050842)
(-3986.0215 3077.99696 208.7050842)
(-3711.084121 3077.99696 208.7050842)
(-3436.146741 3077.99696 208.7050842)
(-3161.209362 3077.99696 208.7050842)
(-2886.271983 3077.99696 208.7050842)
(-2611.334603 3077.99696 208.7050842)
(-2336.397224 3077.99696 208.7050842)
(-2061.459845 3077.99696 208.7050842)
(-1786.522466 3077.99696 208.7050842)
(-1511.585086 3077.99696 208.7050842)
(-1236.647707 3077.99696 208.7050842)
(-961.7103276 3077.99696 208.7050842)
(-686.7729483 3077.99696 208.7050842)
(-411.835569 3077.99696 208.7050842)
(-136.8981897 3077.99696 208.7050842)
(138.0391897 3077.99696 208.7050842)
(412.976569 3077.99696 208.7050842)
(687.9139483 3077.99696 208.7050842)
(962.8513276 3077.99696 208.7050842)
(1237.788707 3077.99696 208.7050842)
(1512.726086 3077.99696 208.7050842)
(1787.663466 3077.99696 208.7050842)
(2062.600845 3077.99696 208.7050842)
(2337.538224 3077.99696 208.7050842)
(2612.475603 3077.99696 208.7050842)
(2887.412983 3077.99696 208.7050842)
(3162.350362 3077.99696 208.7050842)
(3437.287741 3077.99696 208.7050842)
(3712.225121 3077.99696 208.7050842)
(3987.1625 3077.99696 208.7050842)
(-3986.0215 3305.80222 208.7050842)
(-3711.084121 3305.80222 208.7050842)
(-3436.146741 3305.80222 208.7050842)
(-3161.209362 3305.80222 208.7050842)
(-2886.271983 3305.80222 208.7050842)
(-2611.334603 3305.80222 208.7050842)
(-2336.397224 3305.80222 208.7050842)
(-2061.459845 3305.80222 208.7050842)
(-1786.522466 3305.80222 208.7050842)
(-1511.585086 3305.80222 208.7050842)
(-1236.647707 3305.80222 208.7050842)
(-961.7103276 3305.80222 208.7050842)
(-686.7729483 3305.80222 208.7050842)
(-411.835569 3305.80222 208.7050842)
(-136.8981897 3305.80222 208.7050842)
(138.0391897 3305.80222 208.7050842)
(412.976569 3305.80222 208.7050842)
(687.9139483 3305.80222 208.7050842)
(962.8513276 3305.80222 208.7050842)
(1237.788707 3305.80222 208.7050842)
(1512.726086 3305.80222 208.7050842)
(1787.663466 3305.80222 208.7050842)
(2062.600845 3305.80222 208.7050842)
(2337.538224 3305.80222 208.7050842)
(2612.475603 3305.80222 208.7050842)
(2887.412983 3305.80222 208.7050842)
(3162.350362 3305.80222 208.7050842)
(3437.287741 3305.80222 208.7050842)
(3712.225121 3305.80222 208.7050842)
(3987.1625 3305.80222 208.7050842)
(-3986.0215 3533.60748 208.7050842)
(-3711.084121 3533.60748 208.7050842)
(-3436.146741 3533.60748 208.7050842)
(-3161.209362 3533.60748 208.7050842)
(-2886.271983 3533.60748 208.7050842)
(-2611.334603 3533.60748 208.7050842)
(-2336.397224 3533.60748 208.7050842)
(-2061.459845 3533.60748 208.7050842)
(-1786.522466 3533.60748 208.7050842)
(-1511.585086 3533.60748 208.7050842)
(-1236.647707 3533.60748 208.7050842)
(-961.7103276 3533.60748 208.7050842)
(-686.7729483 3533.60748 208.7050842)
(-411.835569 3533.60748 208.7050842)
(-136.8981897 3533.60748 208.7050842)
(138.0391897 3533.60748 208.7050842)
(412.976569 3533.60748 208.7050842)
(687.9139483 3533.60748 208.7050842)
(962.8513276 3533.60748 208.7050842)
(1237.788707 3533.60748 208.7050842)
(1512.726086 3533.60748 208.7050842)
(1787.663466 3533.60748 208.7050842)
(2062.600845 3533.60748 208.7050842)
(2337.538224 3533.60748 208.7050842)
(2612.475603 3533.60748 208.7050842)
(2887.412983 3533.60748 208.7050842)
(3162.350362 3533.60748 208.7050842)
(3437.287741 3533.60748 208.7050842)
(3712.225121 3533.60748 208.7050842)
(3987.1625 3533.60748 208.7050842)
(-3986.0215 3761.41274 208.7050842)
(-3711.084121 3761.41274 208.7050842)
(-3436.146741 3761.41274 208.7050842)
(-3161.209362 3761.41274 208.7050842)
(-2886.271983 3761.41274 208.7050842)
(-2611.334603 3761.41274 208.7050842)
(-2336.397224 3761.41274 208.7050842)
(-2061.459845 3761.41274 208.7050842)
(-1786.522466 3761.41274 208.7050842)
(-1511.585086 3761.41274 208.7050842)
(-1236.647707 3761.41274 208.7050842)
(-961.7103276 3761.41274 208.7050842)
(-686.7729483 3761.41274 208.7050842)
(-411.835569 3761.41274 208.7050842)
(-136.8981897 3761.41274 208.7050842)
(138.0391897 3761.41274 208.7050842)
(412.976569 3761.41274 208.7050842)
(687.9139483 3761.41274 208.7050842)
(962.8513276 3761.41274 208.7050842)
(1237.788707 3761.41274 208.7050842)
(1512.726086 3761.41274 208.7050842)
(1787.663466 3761.41274 208.7050842)
(2062.600845 3761.41274 208.7050842)
(2337.538224 3761.41274 208.7050842)
(2612.475603 3761.41274 208.7050842)
(2887.412983 3761.41274 208.7050842)
(3162.350362 3761.41274 208.7050842)
(3437.287741 3761.41274 208.7050842)
(3712.225121 3761.41274 208.7050842)
(3987.1625 3761.41274 208.7050842)
(-3986.0215 3989.218 208.7050842)
(-3711.084121 3989.218 208.7050842)
(-3436.146741 3989.218 208.7050842)
(-3161.209362 3989.218 208.7050842)
(-2886.271983 3989.218 208.7050842)
(-2611.334603 3989.218 208.7050842)
(-2336.397224 3989.218 208.7050842)
(-2061.459845 3989.218 208.7050842)
(-1786.522466 3989.218 208.7050842)
(-1511.585086 3989.218 208.7050842)
(-1236.647707 3989.218 208.7050842)
(-961.7103276 3989.218 208.7050842)
(-686.7729483 3989.218 208.7050842)
(-411.835569 3989.218 208.7050842)
(-136.8981897 3989.218 208.7050842)
(138.0391897 3989.218 208.7050842)
(412.976569 3989.218 208.7050842)
(687.9139483 3989.218 208.7050842)
(962.8513276 3989.218 208.7050842)
(1237.788707 3989.218 208.7050842)
(1512.726086 3989.218 208.7050842)
(1787.663466 3989.218 208.7050842)
(2062.600845 3989.218 208.7050842)
(2337.538224 3989.218 208.7050842)
(2612.475603 3989.218 208.7050842)
(2887.412983 3989.218 208.7050842)
(3162.350362 3989.218 208.7050842)
(3437.287741 3989.218 208.7050842)
(3712.225121 3989.218 208.7050842)
(3987.1625 3989.218 208.7050842)
(-3986.0215 -3983.9661 628.3463526)
(-3711.084121 -3983.9661 628.3463526)
(-3436.146741 -3983.9661 628.3463526)
(-3161.209362 -3983.9661 628.3463526)
(-2886.271983 -3983.9661 628.3463526)
(-2611.334603 -3983.9661 628.3463526)
(-2336.397224 -3983.9661 628.3463526)
(-2061.459845 -3983.9661 628.3463526)
(-1786.522466 -3983.9661 628.3463526)
(-1511.585086 -3983.9661 628.3463526)
(-1236.647707 -3983.9661 628.3463526)
(-961.7103276 -3983.9661 628.3463526)
(-686.7729483 -3983.9661 628.3463526)
(-411.835569 -3983.9661 628.3463526)
(-136.8981897 -3983.9661 628.3463526)
(138.0391897 -3983.9661 628.3463526)
(412.976569 -3983.9661 628.3463526)
(687.9139483 -3983.9661 628.3463526)
(962.8513276 -3983.9661 628.3463526)
(1237.788707 -3983.9661 628.3463526)
(1512.726086 -3983.9661 628.3463526)
(1787.663466 -3983.9661 628.3463526)
(2062.600845 -3983.9661 628.3463526)
(2337.538224 -3983.9661 628.3463526)
(2612.475603 -3983.9661 628.3463526)
(2887.412983 -3983.9661 628.3463526)
(3162.350362 -3983.9661 628.3463526)
(3437.287741 -3983.9661 628.3463526)
(3712.225121 -3983.9661 628.3463526)
(3987.1625 -3983.9661 628.3463526)
(-3986.0215 -3756.16084 628.3463526)
(-3711.084121 -3756.16084 628.3463526)
(-3436.146741 -3756.16084 628.3463526)
(-3161.209362 -3756.16084 628.3463526)
(-2886.271983 -3756.16084 628.3463526)
(-2611.334603 -3756.16084 628.3463526)
(-2336.397224 -3756.16084 628.3463526)
(-2061.459845 -3756.16084 628.3463526)
(-1786.522466 -3756.16084 628.3463526)
(-1511.585086 -3756.16084 628.3463526)
(-1236.647707 -3756.16084 628.3463526)
(-961.7103276 -3756.16084 628.3463526)
(-686.7729483 -3756.16084 628.3463526)
(-411.835569 -3756.16084 628.3463526)
(-136.8981897 -3756.16084 628.3463526)
(138.0391897 -3756.16084 628.3463526)
(412.976569 -3756.16084 628.3463526)
(687.9139483 -3756.16084 628.3463526)
(962.8513276 -3756.16084 628.3463526)
(1237.788707 -3756.16084 628.3463526)
(1512.726086 -3756.16084 628.3463526)
(1787.663466 -3756.16084 628.3463526)
(2062.600845 -3756.16084 628.3463526)
(2337.538224 -3756.16084 628.3463526)
(2612.475603 -3756.16084 628.3463526)
(2887.412983 -3756.16084 628.3463526)
(3162.350362 -3756.16084 628.3463526)
(3437.287741 -3756.16084 628.3463526)
(3712.225121 -3756.16084 628.3463526)
(3987.1625 -3756.16084 628.3463526)
(-3986.0215 -3528.35558 628.3463526)
(-3711.084121 -3528.35558 628.3463526)
(-3436.146741 -3528.35558 628.3463526)
(-3161.209362 -3528.35558 628.3463526)
(-2886.271983 -3528.35558 628.3463526)
(-2611.334603 -3528.35558 628.3463526)
(-2336.397224 -3528.35558 628.3463526)
(-2061.459845 -3528.35558 628.3463526)
(-1786.522466 -3528.35558 628.3463526)
(-1511.585086 -3528.35558 628.3463526)
(-1236.647707 -3528.35558 628.3463526)
(-961.7103276 -3528.35558 628.3463526)
(-686.7729483 -3528.35558 628.3463526)
(-411.835569 -3528.35558 628.3463526)
(-136.8981897 -3528.35558 628.3463526)
(138.0391897 -3528.35558 628.3463526)
(412.976569 -3528.35558 628.3463526)
(687.9139483 -3528.35558 628.3463526)
(962.8513276 -3528.35558 628.3463526)
(1237.788707 -3528.35558 628.3463526)
(1512.726086 -3528.35558 628.3463526)
(1787.663466 -3528.35558 628.3463526)
(2062.600845 -3528.35558 628.3463526)
(2337.538224 -3528.35558 628.3463526)
(2612.475603 -3528.35558 628.3463526)
(2887.412983 -3528.35558 628.3463526)
(3162.350362 -3528.35558 628.3463526)
(3437.287741 -3528.35558 628.3463526)
(3712.225121 -3528.35558 628.3463526)
(3987.1625 -3528.35558 628.3463526)
(-3986.0215 -3300.55032 628.3463526)
(-3711.084121 -3300.55032 628.3463526)
(-3436.146741 -3300.55032 628.3463526)
(-3161.209362 -3300.55032 628.3463526)
(-2886.271983 -3300.55032 628.3463526)
(-2611.334603 -3300.55032 628.3463526)
(-2336.397224 -3300.55032 628.3463526)
(-2061.459845 -3300.55032 628.3463526)
(-1786.522466 -3300.55032 628.3463526)
(-1511.585086 -3300.55032 628.3463526)
(-1236.647707 -3300.55032 628.3463526)
(-961.7103276 -3300.55032 628.3463526)
(-686.7729483 -3300.55032 628.3463526)
(-411.835569 -3300.55032 628.3463526)
(-136.8981897 -3300.55032 628.3463526)
(138.0391897 -3300.55032 628.3463526)
(412.976569 -3300.55032 628.3463526)
(687.9139483 -3300.55032 628.3463526)
(962.8513276 -3300.55032 628.3463526)
(1237.788707 -3300.55032 628.3463526)
(1512.726086 -3300.55032 628.3463526)
(1787.663466 -3300.55032 628.3463526)
(2062.600845 -3300.55032 628.3463526)
(2337.538224 -3300.55032 628.3463526)
(2612.475603 -3300.55032 628.3463526)
(2887.412983 -3300.55032 628.3463526)
(3162.350362 -3300.55032 628.3463526)
(3437.287741 -3300.55032 628.3463526)
(3712.225121 -3300.55032 628.3463526)
(3987.1625 -3300.55032 628.3463526)
(-3986.0215 -3072.74506 628.3463526)
(-3711.084121 -3072.74506 628.3463526)
(-3436.146741 -3072.74506 628.3463526)
(-3161.209362 -3072.74506 628.3463526)
(-2886.271983 -3072.74506 628.3463526)
(-2611.334603 -3072.74506 628.3463526)
(-2336.397224 -3072.74506 628.3463526)
(-2061.459845 -3072.74506 628.3463526)
(-1786.522466 -3072.74506 628.3463526)
(-1511.585086 -3072.74506 628.3463526)
(-1236.647707 -3072.74506 628.3463526)
(-961.7103276 -3072.74506 628.3463526)
(-686.7729483 -3072.74506 628.3463526)
(-411.835569 -3072.74506 628.3463526)
(-136.8981897 -3072.74506 628.3463526)
(138.0391897 -3072.74506 628.3463526)
(412.976569 -3072.74506 628.3463526)
(687.9139483 -3072.74506 628.3463526)
(962.8513276 -3072.74506 628.3463526)
(1237.788707 -3072.74506 628.3463526)
(1512.726086 -3072.74506 628.3463526)
(1787.663466 -3072.74506 628.3463526)
(2062.600845 -3072.74506 628.3463526)
(2337.538224 -3072.74506 628.3463526)
(2612.475603 -3072.74506 628.3463526)
(2887.412983 -3072.74506 628.3463526)
(3162.350362 -3072.74506 628.3463526)
(3437.287741 -3072.74506 628.3463526)
(3712.225121 -3072.74506 628.3463526)
(3987.1625 -3072.74506 628.3463526)
(-3986.0215 -2844.9398 628.3463526)
(-3711.084121 -2844.9398 628.3463526)
(-3436.146741 -2844.9398 628.3463526)
(-3161.209362 -2844.9398 628.3463526)
(-2886.271983 -2844.9398 628.3463526)
(-2611.334603 -2844.9398 628.3463526)
(-2336.397224 -2844.9398 628.3463526)
(-2061.459845 -2844.9398 628.3463526)
(-1786.522466 -2844.9398 628.3463526)
(-1511.585086 -2844.9398 628.3463526)
(-1236.647707 -2844.9398 628.3463526)
(-961.7103276 -2844.9398 628.3463526)
(-686.7729483 -2844.9398 628.3463526)
(-411.835569 -2844.9398 628.3463526)
(-136.8981897 -2844.9398 628.3463526)
(138.0391897 -2844.9398 628.3463526)
(412.976569 -2844.9398 628.3463526)
(687.9139483 -2844.9398 628.3463526)
(962.8513276 -2844.9398 628.3463526)
(1237.788707 -2844.9398 628.3463526)
(1512.726086 -2844.9398 628.3463526)
(1787.663466 -2844.9398 628.3463526)
(2062.600845 -2844.9398 628.3463526)
(2337.538224 -2844.9398 628.3463526)
(2612.475603 -2844.9398 628.3463526)
(2887.412983 -2844.9398 628.3463526)
(3162.350362 -2844.9398 628.3463526)
(3437.287741 -2844.9398 628.3463526)
(3712.225121 -2844.9398 628.3463526)
(3987.1625 -2844.9398 628.3463526)
(-3986.0215 -2617.13454 628.3463526)
(-3711.084121 -2617.13454 628.3463526)
(-3436.146741 -2617.13454 628.3463526)
(-3161.209362 -2617.13454 628.3463526)
(-2886.271983 -2617.13454 628.3463526)
(-2611.334603 -2617.13454 628.3463526)
(-2336.397224 -2617.13454 628.3463526)
(-2061.459845 -2617.13454 628.3463526)
(-1786.522466 -2617.13454 628.3463526)
(-1511.585086 -2617.13454 628.3463526)
(-1236.647707 -2617.13454 628.3463526)
(-961.7103276 -2617.13454 628.3463526)
(-686.7729483 -2617.13454 628.3463526)
(-411.835569 -2617.13454 628.3463526)
(-136.8981897 -2617.13454 628.3463526)
(138.0391897 -2617.13454 628.3463526)
(412.976569 -2617.13454 628.3463526)
(687.9139483 -2617.13454 628.3463526)
(962.8513276 -2617.13454 628.3463526)
(1237.788707 -2617.13454 628.3463526)
(1512.726086 -2617.13454 628.3463526)
(1787.663466 -2617.13454 628.3463526)
(2062.600845 -2617.13454 628.3463526)
(2337.538224 -2617.13454 628.3463526)
(2612.475603 -2617.13454 628.3463526)
(2887.412983 -2617.13454 628.3463526)
(3162.350362 -2617.13454 628.3463526)
(3437.287741 -2617.13454 628.3463526)
(3712.225121 -2617.13454 628.3463526)
(3987.1625 -2617.13454 628.3463526)
(-3986.0215 -2389.32928 628.3463526)
(-3711.084121 -2389.32928 628.3463526)
(-3436.146741 -2389.32928 628.3463526)
(-3161.209362 -2389.32928 628.3463526)
(-2886.271983 -2389.32928 628.3463526)
(-2611.334603 -2389.32928 628.3463526)
(-2336.397224 -2389.32928 628.3463526)
(-2061.459845 -2389.32928 628.3463526)
(-1786.522466 -2389.32928 628.3463526)
(-1511.585086 -2389.32928 628.3463526)
(-1236.647707 -2389.32928 628.3463526)
(-961.7103276 -2389.32928 628.3463526)
(-686.7729483 -2389.32928 628.3463526)
(-411.835569 -2389.32928 628.3463526)
(-136.8981897 -2389.32928 628.3463526)
(138.0391897 -2389.32928 628.3463526)
(412.976569 -2389.32928 628.3463526)
(687.9139483 -2389.32928 628.3463526)
(962.8513276 -2389.32928 628.3463526)
(1237.788707 -2389.32928 628.3463526)
(1512.726086 -2389.32928 628.3463526)
(1787.663466 -2389.32928 628.3463526)
(2062.600845 -2389.32928 628.3463526)
(2337.538224 -2389.32928 628.3463526)
(2612.475603 -2389.32928 628.3463526)
(2887.412983 -2389.32928 628.3463526)
(3162.350362 -2389.32928 628.3463526)
(3437.287741 -2389.32928 628.3463526)
(3712.225121 -2389.32928 628.3463526)
(3987.1625 -2389.32928 628.3463526)
(-3986.0215 -2161.52402 628.3463526)
(-3711.084121 -2161.52402 628.3463526)
(-3436.146741 -2161.52402 628.3463526)
(-3161.209362 -2161.52402 628.3463526)
(-2886.271983 -2161.52402 628.3463526)
(-2611.334603 -2161.52402 628.3463526)
(-2336.397224 -2161.52402 628.3463526)
(-2061.459845 -2161.52402 628.3463526)
(-1786.522466 -2161.52402 628.3463526)
(-1511.585086 -2161.52402 628.3463526)
(-1236.647707 -2161.52402 628.3463526)
(-961.7103276 -2161.52402 628.3463526)
(-686.7729483 -2161.52402 628.3463526)
(-411.835569 -2161.52402 628.3463526)
(-136.8981897 -2161.52402 628.3463526)
(138.0391897 -2161.52402 628.3463526)
(412.976569 -2161.52402 628.3463526)
(687.9139483 -2161.52402 628.3463526)
(962.8513276 -2161.52402 628.3463526)
(1237.788707 -2161.52402 628.3463526)
(1512.726086 -2161.52402 628.3463526)
(1787.663466 -2161.52402 628.3463526)
(2062.600845 -2161.52402 628.3463526)
(2337.538224 -2161.52402 628.3463526)
(2612.475603 -2161.52402 628.3463526)
(2887.412983 -2161.52402 628.3463526)
(3162.350362 -2161.52402 628.3463526)
(3437.287741 -2161.52402 628.3463526)
(3712.225121 -2161.52402 628.3463526)
(3987.1625 -2161.52402 628.3463526)
(-3986.0215 -1933.71876 628.3463526)
(-3711.084121 -1933.71876 628.3463526)
(-3436.146741 -1933.71876 628.3463526)
(-3161.209362 -1933.71876 628.3463526)
(-2886.271983 -1933.71876 628.3463526)
(-2611.334603 -1933.71876 628.3463526)
(-2336.397224 -1933.71876 628.3463526)
(-2061.459845 -1933.71876 628.3463526)
(-1786.522466 -1933.71876 628.3463526)
(-1511.585086 -1933.71876 628.3463526)
(-1236.647707 -1933.71876 628.3463526)
(-961.7103276 -1933.71876 628.3463526)
(-686.7729483 -1933.71876 628.3463526)
(-411.835569 -1933.71876 628.3463526)
(-136.8981897 -1933.71876 628.3463526)
(138.0391897 -1933.71876 628.3463526)
(412.976569 -1933.71876 628.3463526)
(687.9139483 -1933.71876 628.3463526)
(962.8513276 -1933.71876 628.3463526)
(1237.788707 -1933.71876 628.3463526)
(1512.726086 -1933.71876 628.3463526)
(1787.663466 -1933.71876 628.3463526)
(2062.600845 -1933.71876 628.3463526)
(2337.538224 -1933.71876 628.3463526)
(2612.475603 -1933.71876 628.3463526)
(2887.412983 -1933.71876 628.3463526)
(3162.350362 -1933.71876 628.3463526)
(3437.287741 -1933.71876 628.3463526)
(3712.225121 -1933.71876 628.3463526)
(3987.1625 -1933.71876 628.3463526)
(-3986.0215 -1705.9135 628.3463526)
(-3711.084121 -1705.9135 628.3463526)
(-3436.146741 -1705.9135 628.3463526)
(-3161.209362 -1705.9135 628.3463526)
(-2886.271983 -1705.9135 628.3463526)
(-2611.334603 -1705.9135 628.3463526)
(-2336.397224 -1705.9135 628.3463526)
(-2061.459845 -1705.9135 628.3463526)
(-1786.522466 -1705.9135 628.3463526)
(-1511.585086 -1705.9135 628.3463526)
(-1236.647707 -1705.9135 628.3463526)
(-961.7103276 -1705.9135 628.3463526)
(-686.7729483 -1705.9135 628.3463526)
(-411.835569 -1705.9135 628.3463526)
(-136.8981897 -1705.9135 628.3463526)
(138.0391897 -1705.9135 628.3463526)
(412.976569 -1705.9135 628.3463526)
(687.9139483 -1705.9135 628.3463526)
(962.8513276 -1705.9135 628.3463526)
(1237.788707 -1705.9135 628.3463526)
(1512.726086 -1705.9135 628.3463526)
(1787.663466 -1705.9135 628.3463526)
(2062.600845 -1705.9135 628.3463526)
(2337.538224 -1705.9135 628.3463526)
(2612.475603 -1705.9135 628.3463526)
(2887.412983 -1705.9135 628.3463526)
(3162.350362 -1705.9135 628.3463526)
(3437.287741 -1705.9135 628.3463526)
(3712.225121 -1705.9135 628.3463526)
(3987.1625 -1705.9135 628.3463526)
(-3986.0215 -1478.10824 628.3463526)
(-3711.084121 -1478.10824 628.3463526)
(-3436.146741 -1478.10824 628.3463526)
(-3161.209362 -1478.10824 628.3463526)
(-2886.271983 -1478.10824 628.3463526)
(-2611.334603 -1478.10824 628.3463526)
(-2336.397224 -1478.10824 628.3463526)
(-2061.459845 -1478.10824 628.3463526)
(-1786.522466 -1478.10824 628.3463526)
(-1511.585086 -1478.10824 628.3463526)
(-1236.647707 -1478.10824 628.3463526)
(-961.7103276 -1478.10824 628.3463526)
(-686.7729483 -1478.10824 628.3463526)
(-411.835569 -1478.10824 628.3463526)
(-136.8981897 -1478.10824 628.3463526)
(138.0391897 -1478.10824 628.3463526)
(412.976569 -1478.10824 628.3463526)
(687.9139483 -1478.10824 628.3463526)
(962.8513276 -1478.10824 628.3463526)
(1237.788707 -1478.10824 628.3463526)
(1512.726086 -1478.10824 628.3463526)
(1787.663466 -1478.10824 628.3463526)
(2062.600845 -1478.10824 628.3463526)
(2337.538224 -1478.10824 628.3463526)
(2612.475603 -1478.10824 628.3463526)
(2887.412983 -1478.10824 628.3463526)
(3162.350362 -1478.10824 628.3463526)
(3437.287741 -1478.10824 628.3463526)
(3712.225121 -1478.10824 628.3463526)
(3987.1625 -1478.10824 628.3463526)
(-3986.0215 -1250.30298 628.3463526)
(-3711.084121 -1250.30298 628.3463526)
(-3436.146741 -1250.30298 628.3463526)
(-3161.209362 -1250.30298 628.3463526)
(-2886.271983 -1250.30298 628.3463526)
(-2611.334603 -1250.30298 628.3463526)
(-2336.397224 -1250.30298 628.3463526)
(-2061.459845 -1250.30298 628.3463526)
(-1786.522466 -1250.30298 628.3463526)
(-1511.585086 -1250.30298 628.3463526)
(-1236.647707 -1250.30298 628.3463526)
(-961.7103276 -1250.30298 628.3463526)
(-686.7729483 -1250.30298 628.3463526)
(-411.835569 -1250.30298 628.3463526)
(-136.8981897 -1250.30298 628.3463526)
(138.0391897 -1250.30298 628.3463526)
(412.976569 -1250.30298 628.3463526)
(687.9139483 -1250.30298 628.3463526)
(962.8513276 -1250.30298 628.3463526)
(1237.788707 -1250.30298 628.3463526)
(1512.726086 -1250.30298 628.3463526)
(1787.663466 -1250.30298 628.3463526)
(2062.600845 -1250.30298 628.3463526)
(2337.538224 -1250.30298 628.3463526)
(2612.475603 -1250.30298 628.3463526)
(2887.412983 -1250.30298 628.3463526)
(3162.350362 -1250.30298 628.3463526)
(3437.287741 -1250.30298 628.3463526)
(3712.225121 -1250.30298 628.3463526)
(3987.1625 -1250.30298 628.3463526)
(-3986.0215 -1022.49772 628.3463526)
(-3711.084121 -1022.49772 628.3463526)
(-3436.146741 -1022.49772 628.3463526)
(-3161.209362 -1022.49772 628.3463526)
(-2886.271983 -1022.49772 628.3463526)
(-2611.334603 -1022.49772 628.3463526)
(-2336.397224 -1022.49772 628.3463526)
(-2061.459845 -1022.49772 628.3463526)
(-1786.522466 -1022.49772 628.3463526)
(-1511.585086 -1022.49772 628.3463526)
(-1236.647707 -1022.49772 628.3463526)
(-961.7103276 -1022.49772 628.3463526)
(-686.7729483 -1022.49772 628.3463526)
(-411.835569 -1022.49772 628.3463526)
(-136.8981897 -1022.49772 628.3463526)
(138.0391897 -1022.49772 628.3463526)
(412.976569 -1022.49772 628.3463526)
(687.9139483 -1022.49772 628.3463526)
(962.8513276 -1022.49772 628.3463526)
(1237.788707 -1022.49772 628.3463526)
(1512.726086 -1022.49772 628.3463526)
(1787.663466 -1022.49772 628.3463526)
(2062.600845 -1022.49772 628.3463526)
(2337.538224 -1022.49772 628.3463526)
(2612.475603 -1022.49772 628.3463526)
(2887.412983 -1022.49772 628.3463526)
(3162.350362 -1022.49772 628.3463526)
(3437.287741 -1022.49772 628.3463526)
(3712.225121 -1022.49772 628.3463526)
(3987.1625 -1022.49772 628.3463526)
(-3986.0215 -794.69246 628.3463526)
(-3711.084121 -794.69246 628.3463526)
(-3436.146741 -794.69246 628.3463526)
(-3161.209362 -794.69246 628.3463526)
(-2886.271983 -794.69246 628.3463526)
(-2611.334603 -794.69246 628.3463526)
(-2336.397224 -794.69246 628.3463526)
(-2061.459845 -794.69246 628.3463526)
(-1786.522466 -794.69246 628.3463526)
(-1511.585086 -794.69246 628.3463526)
(-1236.647707 -794.69246 628.3463526)
(-961.7103276 -794.69246 628.3463526)
(-686.7729483 -794.69246 628.3463526)
(-411.835569 -794.69246 628.3463526)
(-136.8981897 -794.69246 628.3463526)
(138.0391897 -794.69246 628.3463526)
(412.976569 -794.69246 628.3463526)
(687.9139483 -794.69246 628.3463526)
(962.8513276 -794.69246 628.3463526)
(1237.788707 -794.69246 628.3463526)
(1512.726086 -794.69246 628.3463526)
(1787.663466 -794.69246 628.3463526)
(2062.600845 -794.69246 628.3463526)
(2337.538224 -794.69246 628.3463526)
(2612.475603 -794.69246 628.3463526)
(2887.412983 -794.69246 628.3463526)
(3162.350362 -794.69246 628.3463526)
(3437.287741 -794.69246 628.3463526)
(3712.225121 -794.69246 628.3463526)
(3987.1625 -794.69246 628.3463526)
(-3986.0215 -566.8872 628.3463526)
(-3711.084121 -566.8872 628.3463526)
(-3436.146741 -566.8872 628.3463526)
(-3161.209362 -566.8872 628.3463526)
(-2886.271983 -566.8872 628.3463526)
(-2611.334603 -566.8872 628.3463526)
(-2336.397224 -566.8872 628.3463526)
(-2061.459845 -566.8872 628.3463526)
(-1786.522466 -566.8872 628.3463526)
(-1511.585086 -566.8872 628.3463526)
(-1236.647707 -566.8872 628.3463526)
(-961.7103276 -566.8872 628.3463526)
(-686.7729483 -566.8872 628.3463526)
(-411.835569 -566.8872 628.3463526)
(-136.8981897 -566.8872 628.3463526)
(138.0391897 -566.8872 628.3463526)
(412.976569 -566.8872 628.3463526)
(687.9139483 -566.8872 628.3463526)
(962.8513276 -566.8872 628.3463526)
(1237.788707 -566.8872 628.3463526)
(1512.726086 -566.8872 628.3463526)
(1787.663466 -566.8872 628.3463526)
(2062.600845 -566.8872 628.3463526)
(2337.538224 -566.8872 628.3463526)
(2612.475603 -566.8872 628.3463526)
(2887.412983 -566.8872 628.3463526)
(3162.350362 -566.8872 628.3463526)
(3437.287741 -566.8872 628.3463526)
(3712.225121 -566.8872 628.3463526)
(3987.1625 -566.8872 628.3463526)
(-3986.0215 -339.08194 628.3463526)
(-3711.084121 -339.08194 628.3463526)
(-3436.146741 -339.08194 628.3463526)
(-3161.209362 -339.08194 628.3463526)
(-2886.271983 -339.08194 628.3463526)
(-2611.334603 -339.08194 628.3463526)
(-2336.397224 -339.08194 628.3463526)
(-2061.459845 -339.08194 628.3463526)
(-1786.522466 -339.08194 628.3463526)
(-1511.585086 -339.08194 628.3463526)
(-1236.647707 -339.08194 628.3463526)
(-961.7103276 -339.08194 628.3463526)
(-686.7729483 -339.08194 628.3463526)
(-411.835569 -339.08194 628.3463526)
(-136.8981897 -339.08194 628.3463526)
(138.0391897 -339.08194 628.3463526)
(412.976569 -339.08194 628.3463526)
(687.9139483 -339.08194 628.3463526)
(962.8513276 -339.08194 628.3463526)
(1237.788707 -339.08194 628.3463526)
(1512.726086 -339.08194 628.3463526)
(1787.663466 -339.08194 628.3463526)
(2062.600845 -339.08194 628.3463526)
(2337.538224 -339.08194 628.3463526)
(2612.475603 -339.08194 628.3463526)
(2887.412983 -339.08194 628.3463526)
(3162.350362 -339.08194 628.3463526)
(3437.287741 -339.08194 628.3463526)
(3712.225121 -339.08194 628.3463526)
(3987.1625 -339.08194 628.3463526)
(-3986.0215 -111.27668 628.3463526)
(-3711.084121 -111.27668 628.3463526)
(-3436.146741 -111.27668 628.3463526)
(-3161.209362 -111.27668 628.3463526)
(-2886.271983 -111.27668 628.3463526)
(-2611.334603 -111.27668 628.3463526)
(-2336.397224 -111.27668 628.3463526)
(-2061.459845 -111.27668 628.3463526)
(-1786.522466 -111.27668 628.3463526)
(-1511.585086 -111.27668 628.3463526)
(-1236.647707 -111.27668 628.3463526)
(-961.7103276 -111.27668 628.3463526)
(-686.7729483 -111.27668 628.3463526)
(-411.835569 -111.27668 628.3463526)
(-136.8981897 -111.27668 628.3463526)
(138.0391897 -111.27668 628.3463526)
(412.976569 -111.27668 628.3463526)
(687.9139483 -111.27668 628.3463526)
(962.8513276 -111.27668 628.3463526)
(1237.788707 -111.27668 628.3463526)
(1512.726086 -111.27668 628.3463526)
(1787.663466 -111.27668 628.3463526)
(2062.600845 -111.27668 628.3463526)
(2337.538224 -111.27668 628.3463526)
(2612.475603 -111.27668 628.3463526)
(2887.412983 -111.27668 628.3463526)
(3162.350362 -111.27668 628.3463526)
(3437.287741 -111.27668 628.3463526)
(3712.225121 -111.27668 628.3463526)
(3987.1625 -111.27668 628.3463526)
(-3986.0215 116.52858 628.3463526)
(-3711.084121 116.52858 628.3463526)
(-3436.146741 116.52858 628.3463526)
(-3161.209362 116.52858 628.3463526)
(-2886.271983 116.52858 628.3463526)
(-2611.334603 116.52858 628.3463526)
(-2336.397224 116.52858 628.3463526)
(-2061.459845 116.52858 628.3463526)
(-1786.522466 116.52858 628.3463526)
(-1511.585086 116.52858 628.3463526)
(-1236.647707 116.52858 628.3463526)
(-961.7103276 116.52858 628.3463526)
(-686.7729483 116.52858 628.3463526)
(-411.835569 116.52858 628.3463526)
(-136.8981897 116.52858 628.3463526)
(138.0391897 116.52858 628.3463526)
(412.976569 116.52858 628.3463526)
(687.9139483 116.52858 628.3463526)
(962.8513276 116.52858 628.3463526)
(1237.788707 116.52858 628.3463526)
(1512.726086 116.52858 628.3463526)
(1787.663466 116.52858 628.3463526)
(2062.600845 116.52858 628.3463526)
(2337.538224 116.52858 628.3463526)
(2612.475603 116.52858 628.3463526)
(2887.412983 116.52858 628.3463526)
(3162.350362 116.52858 628.3463526)
(3437.287741 116.52858 628.3463526)
(3712.225121 116.52858 628.3463526)
(3987.1625 116.52858 628.3463526)
(-3986.0215 344.33384 628.3463526)
(-3711.084121 344.33384 628.3463526)
(-3436.146741 344.33384 628.3463526)
(-3161.209362 344.33384 628.3463526)
(-2886.271983 344.33384 628.3463526)
(-2611.334603 344.33384 628.3463526)
(-2336.397224 344.33384 628.3463526)
(-2061.459845 344.33384 628.3463526)
(-1786.522466 344.33384 628.3463526)
(-1511.585086 344.33384 628.3463526)
(-1236.647707 344.33384 628.3463526)
(-961.7103276 344.33384 628.3463526)
(-686.7729483 344.33384 628.3463526)
(-411.835569 344.33384 628.3463526)
(-136.8981897 344.33384 628.3463526)
(138.0391897 344.33384 628.3463526)
(412.976569 344.33384 628.3463526)
(687.9139483 344.33384 628.3463526)
(962.8513276 344.33384 628.3463526)
(1237.788707 344.33384 628.3463526)
(1512.726086 344.33384 628.3463526)
(1787.663466 344.33384 628.3463526)
(2062.600845 344.33384 628.3463526)
(2337.538224 344.33384 628.3463526)
(2612.475603 344.33384 628.3463526)
(2887.412983 344.33384 628.3463526)
(3162.350362 344.33384 628.3463526)
(3437.287741 344.33384 628.3463526)
(3712.225121 344.33384 628.3463526)
(3987.1625 344.33384 628.3463526)
(-3986.0215 572.1391 628.3463526)
(-3711.084121 572.1391 628.3463526)
(-3436.146741 572.1391 628.3463526)
(-3161.209362 572.1391 628.3463526)
(-2886.271983 572.1391 628.3463526)
(-2611.334603 572.1391 628.3463526)
(-2336.397224 572.1391 628.3463526)
(-2061.459845 572.1391 628.3463526)
(-1786.522466 572.1391 628.3463526)
(-1511.585086 572.1391 628.3463526)
(-1236.647707 572.1391 628.3463526)
(-961.7103276 572.1391 628.3463526)
(-686.7729483 572.1391 628.3463526)
(-411.835569 572.1391 628.3463526)
(-136.8981897 572.1391 628.3463526)
(138.0391897 572.1391 628.3463526)
(412.976569 572.1391 628.3463526)
(687.9139483 572.1391 628.3463526)
(962.8513276 572.1391 628.3463526)
(1237.788707 572.1391 628.3463526)
(1512.726086 572.1391 628.3463526)
(1787.663466 572.1391 628.3463526)
(2062.600845 572.1391 628.3463526)
(2337.538224 572.1391 628.3463526)
(2612.475603 572.1391 628.3463526)
(2887.412983 572.1391 628.3463526)
(3162.350362 572.1391 628.3463526)
(3437.287741 572.1391 628.3463526)
(3712.225121 572.1391 628.3463526)
(3987.1625 572.1391 628.3463526)
(-3986.0215 799.94436 628.3463526)
(-3711.084121 799.94436 628.3463526)
(-3436.146741 799.94436 628.3463526)
(-3161.209362 799.94436 628.3463526)
(-2886.271983 799.94436 628.3463526)
(-2611.334603 799.94436 628.3463526)
(-2336.397224 799.94436 628.3463526)
(-2061.459845 799.94436 628.3463526)
(-1786.522466 799.94436 628.3463526)
(-1511.585086 799.94436 628.3463526)
(-1236.647707 799.94436 628.3463526)
(-961.7103276 799.94436 628.3463526)
(-686.7729483 799.94436 628.3463526)
(-411.835569 799.94436 628.3463526)
(-136.8981897 799.94436 628.3463526)
(138.0391897 799.94436 628.3463526)
(412.976569 799.94436 628.3463526)
(687.9139483 799.94436 628.3463526)
(962.8513276 799.94436 628.3463526)
(1237.788707 799.94436 628.3463526)
(1512.726086 799.94436 628.3463526)
(1787.663466 799.94436 628.3463526)
(2062.600845 799.94436 628.3463526)
(2337.538224 799.94436 628.3463526)
(2612.475603 799.94436 628.3463526)
(2887.412983 799.94436 628.3463526)
(3162.350362 799.94436 628.3463526)
(3437.287741 799.94436 628.3463526)
(3712.225121 799.94436 628.3463526)
(3987.1625 799.94436 628.3463526)
(-3986.0215 1027.74962 628.3463526)
(-3711.084121 1027.74962 628.3463526)
(-3436.146741 1027.74962 628.3463526)
(-3161.209362 1027.74962 628.3463526)
(-2886.271983 1027.74962 628.3463526)
(-2611.334603 1027.74962 628.3463526)
(-2336.397224 1027.74962 628.3463526)
(-2061.459845 1027.74962 628.3463526)
(-1786.522466 1027.74962 628.3463526)
(-1511.585086 1027.74962 628.3463526)
(-1236.647707 1027.74962 628.3463526)
(-961.7103276 1027.74962 628.3463526)
(-686.7729483 1027.74962 628.3463526)
(-411.835569 1027.74962 628.3463526)
(-136.8981897 1027.74962 628.3463526)
(138.0391897 1027.74962 628.3463526)
(412.976569 1027.74962 628.3463526)
(687.9139483 1027.74962 628.3463526)
(962.8513276 1027.74962 628.3463526)
(1237.788707 1027.74962 628.3463526)
(1512.726086 1027.74962 628.3463526)
(1787.663466 1027.74962 628.3463526)
(2062.600845 1027.74962 628.3463526)
(2337.538224 1027.74962 628.3463526)
(2612.475603 1027.74962 628.3463526)
(2887.412983 1027.74962 628.3463526)
(3162.350362 1027.74962 628.3463526)
(3437.287741 1027.74962 628.3463526)
(3712.225121 1027.74962 628.3463526)
(3987.1625 1027.74962 628.3463526)
(-3986.0215 1255.55488 628.3463526)
(-3711.084121 1255.55488 628.3463526)
(-3436.146741 1255.55488 628.3463526)
(-3161.209362 1255.55488 628.3463526)
(-2886.271983 1255.55488 628.3463526)
(-2611.334603 1255.55488 628.3463526)
(-2336.397224 1255.55488 628.3463526)
(-2061.459845 1255.55488 628.3463526)
(-1786.522466 1255.55488 628.3463526)
(-1511.585086 1255.55488 628.3463526)
(-1236.647707 1255.55488 628.3463526)
(-961.7103276 1255.55488 628.3463526)
(-686.7729483 1255.55488 628.3463526)
(-411.835569 1255.55488 628.3463526)
(-136.8981897 1255.55488 628.3463526)
(138.0391897 1255.55488 628.3463526)
(412.976569 1255.55488 628.3463526)
(687.9139483 1255.55488 628.3463526)
(962.8513276 1255.55488 628.3463526)
(1237.788707 1255.55488 628.3463526)
(1512.726086 1255.55488 628.3463526)
(1787.663466 1255.55488 628.3463526)
(2062.600845 1255.55488 628.3463526)
(2337.538224 1255.55488 628.3463526)
(2612.475603 1255.55488 628.3463526)
(2887.412983 1255.55488 628.3463526)
(3162.350362 1255.55488 628.3463526)
(3437.287741 1255.55488 628.3463526)
(3712.225121 1255.55488 628.3463526)
(3987.1625 1255.55488 628.3463526)
(-3986.0215 1483.36014 628.3463526)
(-3711.084121 1483.36014 628.3463526)
(-3436.146741 1483.36014 628.3463526)
(-3161.209362 1483.36014 628.3463526)
(-2886.271983 1483.36014 628.3463526)
(-2611.334603 1483.36014 628.3463526)
(-2336.397224 1483.36014 628.3463526)
(-2061.459845 1483.36014 628.3463526)
(-1786.522466 1483.36014 628.3463526)
(-1511.585086 1483.36014 628.3463526)
(-1236.647707 1483.36014 628.3463526)
(-961.7103276 1483.36014 628.3463526)
(-686.7729483 1483.36014 628.3463526)
(-411.835569 1483.36014 628.3463526)
(-136.8981897 1483.36014 628.3463526)
(138.0391897 1483.36014 628.3463526)
(412.976569 1483.36014 628.3463526)
(687.9139483 1483.36014 628.3463526)
(962.8513276 1483.36014 628.3463526)
(1237.788707 1483.36014 628.3463526)
(1512.726086 1483.36014 628.3463526)
(1787.663466 1483.36014 628.3463526)
(2062.600845 1483.36014 628.3463526)
(2337.538224 1483.36014 628.3463526)
(2612.475603 1483.36014 628.3463526)
(2887.412983 1483.36014 628.3463526)
(3162.350362 1483.36014 628.3463526)
(3437.287741 1483.36014 628.3463526)
(3712.225121 1483.36014 628.3463526)
(3987.1625 1483.36014 628.3463526)
(-3986.0215 1711.1654 628.3463526)
(-3711.084121 1711.1654 628.3463526)
(-3436.146741 1711.1654 628.3463526)
(-3161.209362 1711.1654 628.3463526)
(-2886.271983 1711.1654 628.3463526)
(-2611.334603 1711.1654 628.3463526)
(-2336.397224 1711.1654 628.3463526)
(-2061.459845 1711.1654 628.3463526)
(-1786.522466 1711.1654 628.3463526)
(-1511.585086 1711.1654 628.3463526)
(-1236.647707 1711.1654 628.3463526)
(-961.7103276 1711.1654 628.3463526)
(-686.7729483 1711.1654 628.3463526)
(-411.835569 1711.1654 628.3463526)
(-136.8981897 1711.1654 628.3463526)
(138.0391897 1711.1654 628.3463526)
(412.976569 1711.1654 628.3463526)
(687.9139483 1711.1654 628.3463526)
(962.8513276 1711.1654 628.3463526)
(1237.788707 1711.1654 628.3463526)
(1512.726086 1711.1654 628.3463526)
(1787.663466 1711.1654 628.3463526)
(2062.600845 1711.1654 628.3463526)
(2337.538224 1711.1654 628.3463526)
(2612.475603 1711.1654 628.3463526)
(2887.412983 1711.1654 628.3463526)
(3162.350362 1711.1654 628.3463526)
(3437.287741 1711.1654 628.3463526)
(3712.225121 1711.1654 628.3463526)
(3987.1625 1711.1654 628.3463526)
(-3986.0215 1938.97066 628.3463526)
(-3711.084121 1938.97066 628.3463526)
(-3436.146741 1938.97066 628.3463526)
(-3161.209362 1938.97066 628.3463526)
(-2886.271983 1938.97066 628.3463526)
(-2611.334603 1938.97066 628.3463526)
(-2336.397224 1938.97066 628.3463526)
(-2061.459845 1938.97066 628.3463526)
(-1786.522466 1938.97066 628.3463526)
(-1511.585086 1938.97066 628.3463526)
(-1236.647707 1938.97066 628.3463526)
(-961.7103276 1938.97066 628.3463526)
(-686.7729483 1938.97066 628.3463526)
(-411.835569 1938.97066 628.3463526)
(-136.8981897 1938.97066 628.3463526)
(138.0391897 1938.97066 628.3463526)
(412.976569 1938.97066 628.3463526)
(687.9139483 1938.97066 628.3463526)
(962.8513276 1938.97066 628.3463526)
(1237.788707 1938.97066 628.3463526)
(1512.726086 1938.97066 628.3463526)
(1787.663466 1938.97066 628.3463526)
(2062.600845 1938.97066 628.3463526)
(2337.538224 1938.97066 628.3463526)
(2612.475603 1938.97066 628.3463526)
(2887.412983 1938.97066 628.3463526)
(3162.350362 1938.97066 628.3463526)
(3437.287741 1938.97066 628.3463526)
(3712.225121 1938.97066 628.3463526)
(3987.1625 1938.97066 628.3463526)
(-3986.0215 2166.77592 628.3463526)
(-3711.084121 2166.77592 628.3463526)
(-3436.146741 2166.77592 628.3463526)
(-3161.209362 2166.77592 628.3463526)
(-2886.271983 2166.77592 628.3463526)
(-2611.334603 2166.77592 628.3463526)
(-2336.397224 2166.77592 628.3463526)
(-2061.459845 2166.77592 628.3463526)
(-1786.522466 2166.77592 628.3463526)
(-1511.585086 2166.77592 628.3463526)
(-1236.647707 2166.77592 628.3463526)
(-961.7103276 2166.77592 628.3463526)
(-686.7729483 2166.77592 628.3463526)
(-411.835569 2166.77592 628.3463526)
(-136.8981897 2166.77592 628.3463526)
(138.0391897 2166.77592 628.3463526)
(412.976569 2166.77592 628.3463526)
(687.9139483 2166.77592 628.3463526)
(962.8513276 2166.77592 628.3463526)
(1237.788707 2166.77592 628.3463526)
(1512.726086 2166.77592 628.3463526)
(1787.663466 2166.77592 628.3463526)
(2062.600845 2166.77592 628.3463526)
(2337.538224 2166.77592 628.3463526)
(2612.475603 2166.77592 628.3463526)
(2887.412983 2166.77592 628.3463526)
(3162.350362 2166.77592 628.3463526)
(3437.287741 2166.77592 628.3463526)
(3712.225121 2166.77592 628.3463526)
(3987.1625 2166.77592 628.3463526)
(-3986.0215 2394.58118 628.3463526)
(-3711.084121 2394.58118 628.3463526)
(-3436.146741 2394.58118 628.3463526)
(-3161.209362 2394.58118 628.3463526)
(-2886.271983 2394.58118 628.3463526)
(-2611.334603 2394.58118 628.3463526)
(-2336.397224 2394.58118 628.3463526)
(-2061.459845 2394.58118 628.3463526)
(-1786.522466 2394.58118 628.3463526)
(-1511.585086 2394.58118 628.3463526)
(-1236.647707 2394.58118 628.3463526)
(-961.7103276 2394.58118 628.3463526)
(-686.7729483 2394.58118 628.3463526)
(-411.835569 2394.58118 628.3463526)
(-136.8981897 2394.58118 628.3463526)
(138.0391897 2394.58118 628.3463526)
(412.976569 2394.58118 628.3463526)
(687.9139483 2394.58118 628.3463526)
(962.8513276 2394.58118 628.3463526)
(1237.788707 2394.58118 628.3463526)
(1512.726086 2394.58118 628.3463526)
(1787.663466 2394.58118 628.3463526)
(2062.600845 2394.58118 628.3463526)
(2337.538224 2394.58118 628.3463526)
(2612.475603 2394.58118 628.3463526)
(2887.412983 2394.58118 628.3463526)
(3162.350362 2394.58118 628.3463526)
(3437.287741 2394.58118 628.3463526)
(3712.225121 2394.58118 628.3463526)
(3987.1625 2394.58118 628.3463526)
(-3986.0215 2622.38644 628.3463526)
(-3711.084121 2622.38644 628.3463526)
(-3436.146741 2622.38644 628.3463526)
(-3161.209362 2622.38644 628.3463526)
(-2886.271983 2622.38644 628.3463526)
(-2611.334603 2622.38644 628.3463526)
(-2336.397224 2622.38644 628.3463526)
(-2061.459845 2622.38644 628.3463526)
(-1786.522466 2622.38644 628.3463526)
(-1511.585086 2622.38644 628.3463526)
(-1236.647707 2622.38644 628.3463526)
(-961.7103276 2622.38644 628.3463526)
(-686.7729483 2622.38644 628.3463526)
(-411.835569 2622.38644 628.3463526)
(-136.8981897 2622.38644 628.3463526)
(138.0391897 2622.38644 628.3463526)
(412.976569 2622.38644 628.3463526)
(687.9139483 2622.38644 628.3463526)
(962.8513276 2622.38644 628.3463526)
(1237.788707 2622.38644 628.3463526)
(1512.726086 2622.38644 628.3463526)
(1787.663466 2622.38644 628.3463526)
(2062.600845 2622.38644 628.3463526)
(2337.538224 2622.38644 628.3463526)
(2612.475603 2622.38644 628.3463526)
(2887.412983 2622.38644 628.3463526)
(3162.350362 2622.38644 628.3463526)
(3437.287741 2622.38644 628.3463526)
(3712.225121 2622.38644 628.3463526)
(3987.1625 2622.38644 628.3463526)
(-3986.0215 2850.1917 628.3463526)
(-3711.084121 2850.1917 628.3463526)
(-3436.146741 2850.1917 628.3463526)
(-3161.209362 2850.1917 628.3463526)
(-2886.271983 2850.1917 628.3463526)
(-2611.334603 2850.1917 628.3463526)
(-2336.397224 2850.1917 628.3463526)
(-2061.459845 2850.1917 628.3463526)
(-1786.522466 2850.1917 628.3463526)
(-1511.585086 2850.1917 628.3463526)
(-1236.647707 2850.1917 628.3463526)
(-961.7103276 2850.1917 628.3463526)
(-686.7729483 2850.1917 628.3463526)
(-411.835569 2850.1917 628.3463526)
(-136.8981897 2850.1917 628.3463526)
(138.0391897 2850.1917 628.3463526)
(412.976569 2850.1917 628.3463526)
(687.9139483 2850.1917 628.3463526)
(962.8513276 2850.1917 628.3463526)
(1237.788707 2850.1917 628.3463526)
(1512.726086 2850.1917 628.3463526)
(1787.663466 2850.1917 628.3463526)
(2062.600845 2850.1917 628.3463526)
(2337.538224 2850.1917 628.3463526)
(2612.475603 2850.1917 628.3463526)
(2887.412983 2850.1917 628.3463526)
(3162.350362 2850.1917 628.3463526)
(3437.287741 2850.1917 628.3463526)
(3712.225121 2850.1917 628.3463526)
(3987.1625 2850.1917 628.3463526)
(-3986.0215 3077.99696 628.3463526)
(-3711.084121 3077.99696 628.3463526)
(-3436.146741 3077.99696 628.3463526)
(-3161.209362 3077.99696 628.3463526)
(-2886.271983 3077.99696 628.3463526)
(-2611.334603 3077.99696 628.3463526)
(-2336.397224 3077.99696 628.3463526)
(-2061.459845 3077.99696 628.3463526)
(-1786.522466 3077.99696 628.3463526)
(-1511.585086 3077.99696 628.3463526)
(-1236.647707 3077.99696 628.3463526)
(-961.7103276 3077.99696 628.3463526)
(-686.7729483 3077.99696 628.3463526)
(-411.835569 3077.99696 628.3463526)
(-136.8981897 3077.99696 628.3463526)
(138.0391897 3077.99696 628.3463526)
(412.976569 3077.99696 628.3463526)
(687.9139483 3077.99696 628.3463526)
(962.8513276 3077.99696 628.3463526)
(1237.788707 3077.99696 628.3463526)
(1512.726086 3077.99696 628.3463526)
(1787.663466 3077.99696 628.3463526)
(2062.600845 3077.99696 628.3463526)
(2337.538224 3077.99696 628.3463526)
(2612.475603 3077.99696 628.3463526)
(2887.412983 3077.99696 628.3463526)
(3162.350362 3077.99696 628.3463526)
(3437.287741 3077.99696 628.3463526)
(3712.225121 3077.99696 628.3463526)
(3987.1625 3077.99696 628.3463526)
(-3986.0215 3305.80222 628.3463526)
(-3711.084121 3305.80222 628.3463526)
(-3436.146741 3305.80222 628.3463526)
(-3161.209362 3305.80222 628.3463526)
(-2886.271983 3305.80222 628.3463526)
(-2611.334603 3305.80222 628.3463526)
(-2336.397224 3305.80222 628.3463526)
(-2061.459845 3305.80222 628.3463526)
(-1786.522466 3305.80222 628.3463526)
(-1511.585086 3305.80222 628.3463526)
(-1236.647707 3305.80222 628.3463526)
(-961.7103276 3305.80222 628.3463526)
(-686.7729483 3305.80222 628.3463526)
(-411.835569 3305.80222 628.3463526)
(-136.8981897 3305.80222 628.3463526)
(138.0391897 3305.80222 628.3463526)
(412.976569 3305.80222 628.3463526)
(687.9139483 3305.80222 628.3463526)
(962.8513276 3305.80222 628.3463526)
(1237.788707 3305.80222 628.3463526)
(1512.726086 3305.80222 628.3463526)
(1787.663466 3305.80222 628.3463526)
(2062.600845 3305.80222 628.3463526)
(2337.538224 3305.80222 628.3463526)
(2612.475603 3305.80222 628.3463526)
(2887.412983 3305.80222 628.3463526)
(3162.350362 3305.80222 628.3463526)
(3437.287741 3305.80222 628.3463526)
(3712.225121 3305.80222 628.3463526)
(3987.1625 3305.80222 628.3463526)
(-3986.0215 3533.60748 628.3463526)
(-3711.084121 3533.60748 628.3463526)
(-3436.146741 3533.60748 628.3463526)
(-3161.209362 3533.60748 628.3463526)
(-2886.271983 3533.60748 628.3463526)
(-2611.334603 3533.60748 628.3463526)
(-2336.397224 3533.60748 628.3463526)
(-2061.459845 3533.60748 628.3463526)
(-1786.522466 3533.60748 628.3463526)
(-1511.585086 3533.60748 628.3463526)
(-1236.647707 3533.60748 628.3463526)
(-961.7103276 3533.60748 628.3463526)
(-686.7729483 3533.60748 628.3463526)
(-411.835569 3533.60748 628.3463526)
(-136.8981897 3533.60748 628.3463526)
(138.0391897 3533.60748 628.3463526)
(412.976569 3533.60748 628.3463526)
(687.9139483 3533.60748 628.3463526)
(962.8513276 3533.60748 628.3463526)
(1237.788707 3533.60748 628.3463526)
(1512.726086 3533.60748 628.3463526)
(1787.663466 3533.60748 628.3463526)
(2062.600845 3533.60748 628.3463526)
(2337.538224 3533.60748 628.3463526)
(2612.475603 3533.60748 628.3463526)
(2887.412983 3533.60748 628.3463526)
(3162.350362 3533.60748 628.3463526)
(3437.287741 3533.60748 628.3463526)
(3712.225121 3533.60748 628.3463526)
(3987.1625 3533.60748 628.3463526)
(-3986.0215 3761.41274 628.3463526)
(-3711.084121 3761.41274 628.3463526)
(-3436.146741 3761.41274 628.3463526)
(-3161.209362 3761.41274 628.3463526)
(-2886.271983 3761.41274 628.3463526)
(-2611.334603 3761.41274 628.3463526)
(-2336.397224 3761.41274 628.3463526)
(-2061.459845 3761.41274 628.3463526)
(-1786.522466 3761.41274 628.3463526)
(-1511.585086 3761.41274 628.3463526)
(-1236.647707 3761.41274 628.3463526)
(-961.7103276 3761.41274 628.3463526)
(-686.7729483 3761.41274 628.3463526)
(-411.835569 3761.41274 628.3463526)
(-136.8981897 3761.41274 628.3463526)
(138.0391897 3761.41274 628.3463526)
(412.976569 3761.41274 628.3463526)
(687.9139483 3761.41274 628.3463526)
(962.8513276 3761.41274 628.3463526)
(1237.788707 3761.41274 628.3463526)
(1512.726086 3761.41274 628.3463526)
(1787.663466 3761.41274 628.3463526)
(2062.600845 3761.41274 628.3463526)
(2337.538224 3761.41274 628.3463526)
(2612.475603 3761.41274 628.3463526)
(2887.412983 3761.41274 628.3463526)
(3162.350362 3761.41274 628.3463526)
(3437.287741 3761.41274 628.3463526)
(3712.225121 3761.41274 628.3463526)
(3987.1625 3761.41274 628.3463526)
(-3986.0215 3989.218 628.3463526)
(-3711.084121 3989.218 628.3463526)
(-3436.146741 3989.218 628.3463526)
(-3161.209362 3989.218 628.3463526)
(-2886.271983 3989.218 628.3463526)
(-2611.334603 3989.218 628.3463526)
(-2336.397224 3989.218 628.3463526)
(-2061.459845 3989.218 628.3463526)
(-1786.522466 3989.218 628.3463526)
(-1511.585086 3989.218 628.3463526)
(-1236.647707 3989.218 628.3463526)
(-961.7103276 3989.218 628.3463526)
(-686.7729483 3989.218 628.3463526)
(-411.835569 3989.218 628.3463526)
(-136.8981897 3989.218 628.3463526)
(138.0391897 3989.218 628.3463526)
(412.976569 3989.218 628.3463526)
(687.9139483 3989.218 628.3463526)
(962.8513276 3989.218 628.3463526)
(1237.788707 3989.218 628.3463526)
(1512.726086 3989.218 628.3463526)
(1787.663466 3989.218 628.3463526)
(2062.600845 3989.218 628.3463526)
(2337.538224 3989.218 628.3463526)
(2612.475603 3989.218 628.3463526)
(2887.412983 3989.218 628.3463526)
(3162.350362 3989.218 628.3463526)
(3437.287741 3989.218 628.3463526)
(3712.225121 3989.218 628.3463526)
(3987.1625 3989.218 628.3463526)
(-3986.0215 -3983.9661 1047.987621)
(-3711.084121 -3983.9661 1047.987621)
(-3436.146741 -3983.9661 1047.987621)
(-3161.209362 -3983.9661 1047.987621)
(-2886.271983 -3983.9661 1047.987621)
(-2611.334603 -3983.9661 1047.987621)
(-2336.397224 -3983.9661 1047.987621)
(-2061.459845 -3983.9661 1047.987621)
(-1786.522466 -3983.9661 1047.987621)
(-1511.585086 -3983.9661 1047.987621)
(-1236.647707 -3983.9661 1047.987621)
(-961.7103276 -3983.9661 1047.987621)
(-686.7729483 -3983.9661 1047.987621)
(-411.835569 -3983.9661 1047.987621)
(-136.8981897 -3983.9661 1047.987621)
(138.0391897 -3983.9661 1047.987621)
(412.976569 -3983.9661 1047.987621)
(687.9139483 -3983.9661 1047.987621)
(962.8513276 -3983.9661 1047.987621)
(1237.788707 -3983.9661 1047.987621)
(1512.726086 -3983.9661 1047.987621)
(1787.663466 -3983.9661 1047.987621)
(2062.600845 -3983.9661 1047.987621)
(2337.538224 -3983.9661 1047.987621)
(2612.475603 -3983.9661 1047.987621)
(2887.412983 -3983.9661 1047.987621)
(3162.350362 -3983.9661 1047.987621)
(3437.287741 -3983.9661 1047.987621)
(3712.225121 -3983.9661 1047.987621)
(3987.1625 -3983.9661 1047.987621)
(-3986.0215 -3756.16084 1047.987621)
(-3711.084121 -3756.16084 1047.987621)
(-3436.146741 -3756.16084 1047.987621)
(-3161.209362 -3756.16084 1047.987621)
(-2886.271983 -3756.16084 1047.987621)
(-2611.334603 -3756.16084 1047.987621)
(-2336.397224 -3756.16084 1047.987621)
(-2061.459845 -3756.16084 1047.987621)
(-1786.522466 -3756.16084 1047.987621)
(-1511.585086 -3756.16084 1047.987621)
(-1236.647707 -3756.16084 1047.987621)
(-961.7103276 -3756.16084 1047.987621)
(-686.7729483 -3756.16084 1047.987621)
(-411.835569 -3756.16084 1047.987621)
(-136.8981897 -3756.16084 1047.987621)
(138.0391897 -3756.16084 1047.987621)
(412.976569 -3756.16084 1047.987621)
(687.9139483 -3756.16084 1047.987621)
(962.8513276 -3756.16084 1047.987621)
(1237.788707 -3756.16084 1047.987621)
(1512.726086 -3756.16084 1047.987621)
(1787.663466 -3756.16084 1047.987621)
(2062.600845 -3756.16084 1047.987621)
(2337.538224 -3756.16084 1047.987621)
(2612.475603 -3756.16084 1047.987621)
(2887.412983 -3756.16084 1047.987621)
(3162.350362 -3756.16084 1047.987621)
(3437.287741 -3756.16084 1047.987621)
(3712.225121 -3756.16084 1047.987621)
(3987.1625 -3756.16084 1047.987621)
(-3986.0215 -3528.35558 1047.987621)
(-3711.084121 -3528.35558 1047.987621)
(-3436.146741 -3528.35558 1047.987621)
(-3161.209362 -3528.35558 1047.987621)
(-2886.271983 -3528.35558 1047.987621)
(-2611.334603 -3528.35558 1047.987621)
(-2336.397224 -3528.35558 1047.987621)
(-2061.459845 -3528.35558 1047.987621)
(-1786.522466 -3528.35558 1047.987621)
(-1511.585086 -3528.35558 1047.987621)
(-1236.647707 -3528.35558 1047.987621)
(-961.7103276 -3528.35558 1047.987621)
(-686.7729483 -3528.35558 1047.987621)
(-411.835569 -3528.35558 1047.987621)
(-136.8981897 -3528.35558 1047.987621)
(138.0391897 -3528.35558 1047.987621)
(412.976569 -3528.35558 1047.987621)
(687.9139483 -3528.35558 1047.987621)
(962.8513276 -3528.35558 1047.987621)
(1237.788707 -3528.35558 1047.987621)
(1512.726086 -3528.35558 1047.987621)
(1787.663466 -3528.35558 1047.987621)
(2062.600845 -3528.35558 1047.987621)
(2337.538224 -3528.35558 1047.987621)
(2612.475603 -3528.35558 1047.987621)
(2887.412983 -3528.35558 1047.987621)
(3162.350362 -3528.35558 1047.987621)
(3437.287741 -3528.35558 1047.987621)
(3712.225121 -3528.35558 1047.987621)
(3987.1625 -3528.35558 1047.987621)
(-3986.0215 -3300.55032 1047.987621)
(-3711.084121 -3300.55032 1047.987621)
(-3436.146741 -3300.55032 1047.987621)
(-3161.209362 -3300.55032 1047.987621)
(-2886.271983 -3300.55032 1047.987621)
(-2611.334603 -3300.55032 1047.987621)
(-2336.397224 -3300.55032 1047.987621)
(-2061.459845 -3300.55032 1047.987621)
(-1786.522466 -3300.55032 1047.987621)
(-1511.585086 -3300.55032 1047.987621)
(-1236.647707 -3300.55032 1047.987621)
(-961.7103276 -3300.55032 1047.987621)
(-686.7729483 -3300.55032 1047.987621)
(-411.835569 -3300.55032 1047.987621)
(-136.8981897 -3300.55032 1047.987621)
(138.0391897 -3300.55032 1047.987621)
(412.976569 -3300.55032 1047.987621)
(687.9139483 -3300.55032 1047.987621)
(962.8513276 -3300.55032 1047.987621)
(1237.788707 -3300.55032 1047.987621)
(1512.726086 -3300.55032 1047.987621)
(1787.663466 -3300.55032 1047.987621)
(2062.600845 -3300.55032 1047.987621)
(2337.538224 -3300.55032 1047.987621)
(2612.475603 -3300.55032 1047.987621)
(2887.412983 -3300.55032 1047.987621)
(3162.350362 -3300.55032 1047.987621)
(3437.287741 -3300.55032 1047.987621)
(3712.225121 -3300.55032 1047.987621)
(3987.1625 -3300.55032 1047.987621)
(-3986.0215 -3072.74506 1047.987621)
(-3711.084121 -3072.74506 1047.987621)
(-3436.146741 -3072.74506 1047.987621)
(-3161.209362 -3072.74506 1047.987621)
(-2886.271983 -3072.74506 1047.987621)
(-2611.334603 -3072.74506 1047.987621)
(-2336.397224 -3072.74506 1047.987621)
(-2061.459845 -3072.74506 1047.987621)
(-1786.522466 -3072.74506 1047.987621)
(-1511.585086 -3072.74506 1047.987621)
(-1236.647707 -3072.74506 1047.987621)
(-961.7103276 -3072.74506 1047.987621)
(-686.7729483 -3072.74506 1047.987621)
(-411.835569 -3072.74506 1047.987621)
(-136.8981897 -3072.74506 1047.987621)
(138.0391897 -3072.74506 1047.987621)
(412.976569 -3072.74506 1047.987621)
(687.9139483 -3072.74506 1047.987621)
(962.8513276 -3072.74506 1047.987621)
(1237.788707 -3072.74506 1047.987621)
(1512.726086 -3072.74506 1047.987621)
(1787.663466 -3072.74506 1047.987621)
(2062.600845 -3072.74506 1047.987621)
(2337.538224 -3072.74506 1047.987621)
(2612.475603 -3072.74506 1047.987621)
(2887.412983 -3072.74506 1047.987621)
(3162.350362 -3072.74506 1047.987621)
(3437.287741 -3072.74506 1047.987621)
(3712.225121 -3072.74506 1047.987621)
(3987.1625 -3072.74506 1047.987621)
(-3986.0215 -2844.9398 1047.987621)
(-3711.084121 -2844.9398 1047.987621)
(-3436.146741 -2844.9398 1047.987621)
(-3161.209362 -2844.9398 1047.987621)
(-2886.271983 -2844.9398 1047.987621)
(-2611.334603 -2844.9398 1047.987621)
(-2336.397224 -2844.9398 1047.987621)
(-2061.459845 -2844.9398 1047.987621)
(-1786.522466 -2844.9398 1047.987621)
(-1511.585086 -2844.9398 1047.987621)
(-1236.647707 -2844.9398 1047.987621)
(-961.7103276 -2844.9398 1047.987621)
(-686.7729483 -2844.9398 1047.987621)
(-411.835569 -2844.9398 1047.987621)
(-136.8981897 -2844.9398 1047.987621)
(138.0391897 -2844.9398 1047.987621)
(412.976569 -2844.9398 1047.987621)
(687.9139483 -2844.9398 1047.987621)
(962.8513276 -2844.9398 1047.987621)
(1237.788707 -2844.9398 1047.987621)
(1512.726086 -2844.9398 1047.987621)
(1787.663466 -2844.9398 1047.987621)
(2062.600845 -2844.9398 1047.987621)
(2337.538224 -2844.9398 1047.987621)
(2612.475603 -2844.9398 1047.987621)
(2887.412983 -2844.9398 1047.987621)
(3162.350362 -2844.9398 1047.987621)
(3437.287741 -2844.9398 1047.987621)
(3712.225121 -2844.9398 1047.987621)
(3987.1625 -2844.9398 1047.987621)
(-3986.0215 -2617.13454 1047.987621)
(-3711.084121 -2617.13454 1047.987621)
(-3436.146741 -2617.13454 1047.987621)
(-3161.209362 -2617.13454 1047.987621)
(-2886.271983 -2617.13454 1047.987621)
(-2611.334603 -2617.13454 1047.987621)
(-2336.397224 -2617.13454 1047.987621)
(-2061.459845 -2617.13454 1047.987621)
(-1786.522466 -2617.13454 1047.987621)
(-1511.585086 -2617.13454 1047.987621)
(-1236.647707 -2617.13454 1047.987621)
(-961.7103276 -2617.13454 1047.987621)
(-686.7729483 -2617.13454 1047.987621)
(-411.835569 -2617.13454 1047.987621)
(-136.8981897 -2617.13454 1047.987621)
(138.0391897 -2617.13454 1047.987621)
(412.976569 -2617.13454 1047.987621)
(687.9139483 -2617.13454 1047.987621)
(962.8513276 -2617.13454 1047.987621)
(1237.788707 -2617.13454 1047.987621)
(1512.726086 -2617.13454 1047.987621)
(1787.663466 -2617.13454 1047.987621)
(2062.600845 -2617.13454 1047.987621)
(2337.538224 -2617.13454 1047.987621)
(2612.475603 -2617.13454 1047.987621)
(2887.412983 -2617.13454 1047.987621)
(3162.350362 -2617.13454 1047.987621)
(3437.287741 -2617.13454 1047.987621)
(3712.225121 -2617.13454 1047.987621)
(3987.1625 -2617.13454 1047.987621)
(-3986.0215 -2389.32928 1047.987621)
(-3711.084121 -2389.32928 1047.987621)
(-3436.146741 -2389.32928 1047.987621)
(-3161.209362 -2389.32928 1047.987621)
(-2886.271983 -2389.32928 1047.987621)
(-2611.334603 -2389.32928 1047.987621)
(-2336.397224 -2389.32928 1047.987621)
(-2061.459845 -2389.32928 1047.987621)
(-1786.522466 -2389.32928 1047.987621)
(-1511.585086 -2389.32928 1047.987621)
(-1236.647707 -2389.32928 1047.987621)
(-961.7103276 -2389.32928 1047.987621)
(-686.7729483 -2389.32928 1047.987621)
(-411.835569 -2389.32928 1047.987621)
(-136.8981897 -2389.32928 1047.987621)
(138.0391897 -2389.32928 1047.987621)
(412.976569 -2389.32928 1047.987621)
(687.9139483 -2389.32928 1047.987621)
(962.8513276 -2389.32928 1047.987621)
(1237.788707 -2389.32928 1047.987621)
(1512.726086 -2389.32928 1047.987621)
(1787.663466 -2389.32928 1047.987621)
(2062.600845 -2389.32928 1047.987621)
(2337.538224 -2389.32928 1047.987621)
(2612.475603 -2389.32928 1047.987621)
(2887.412983 -2389.32928 1047.987621)
(3162.350362 -2389.32928 1047.987621)
(3437.287741 -2389.32928 1047.987621)
(3712.225121 -2389.32928 1047.987621)
(3987.1625 -2389.32928 1047.987621)
(-3986.0215 -2161.52402 1047.987621)
(-3711.084121 -2161.52402 1047.987621)
(-3436.146741 -2161.52402 1047.987621)
(-3161.209362 -2161.52402 1047.987621)
(-2886.271983 -2161.52402 1047.987621)
(-2611.334603 -2161.52402 1047.987621)
(-2336.397224 -2161.52402 1047.987621)
(-2061.459845 -2161.52402 1047.987621)
(-1786.522466 -2161.52402 1047.987621)
(-1511.585086 -2161.52402 1047.987621)
(-1236.647707 -2161.52402 1047.987621)
(-961.7103276 -2161.52402 1047.987621)
(-686.7729483 -2161.52402 1047.987621)
(-411.835569 -2161.52402 1047.987621)
(-136.8981897 -2161.52402 1047.987621)
(138.0391897 -2161.52402 1047.987621)
(412.976569 -2161.52402 1047.987621)
(687.9139483 -2161.52402 1047.987621)
(962.8513276 -2161.52402 1047.987621)
(1237.788707 -2161.52402 1047.987621)
(1512.726086 -2161.52402 1047.987621)
(1787.663466 -2161.52402 1047.987621)
(2062.600845 -2161.52402 1047.987621)
(2337.538224 -2161.52402 1047.987621)
(2612.475603 -2161.52402 1047.987621)
(2887.412983 -2161.52402 1047.987621)
(3162.350362 -2161.52402 1047.987621)
(3437.287741 -2161.52402 1047.987621)
(3712.225121 -2161.52402 1047.987621)
(3987.1625 -2161.52402 1047.987621)
(-3986.0215 -1933.71876 1047.987621)
(-3711.084121 -1933.71876 1047.987621)
(-3436.146741 -1933.71876 1047.987621)
(-3161.209362 -1933.71876 1047.987621)
(-2886.271983 -1933.71876 1047.987621)
(-2611.334603 -1933.71876 1047.987621)
(-2336.397224 -1933.71876 1047.987621)
(-2061.459845 -1933.71876 1047.987621)
(-1786.522466 -1933.71876 1047.987621)
(-1511.585086 -1933.71876 1047.987621)
(-1236.647707 -1933.71876 1047.987621)
(-961.7103276 -1933.71876 1047.987621)
(-686.7729483 -1933.71876 1047.987621)
(-411.835569 -1933.71876 1047.987621)
(-136.8981897 -1933.71876 1047.987621)
(138.0391897 -1933.71876 1047.987621)
(412.976569 -1933.71876 1047.987621)
(687.9139483 -1933.71876 1047.987621)
(962.8513276 -1933.71876 1047.987621)
(1237.788707 -1933.71876 1047.987621)
(1512.726086 -1933.71876 1047.987621)
(1787.663466 -1933.71876 1047.987621)
(2062.600845 -1933.71876 1047.987621)
(2337.538224 -1933.71876 1047.987621)
(2612.475603 -1933.71876 1047.987621)
(2887.412983 -1933.71876 1047.987621)
(3162.350362 -1933.71876 1047.987621)
(3437.287741 -1933.71876 1047.987621)
(3712.225121 -1933.71876 1047.987621)
(3987.1625 -1933.71876 1047.987621)
(-3986.0215 -1705.9135 1047.987621)
(-3711.084121 -1705.9135 1047.987621)
(-3436.146741 -1705.9135 1047.987621)
(-3161.209362 -1705.9135 1047.987621)
(-2886.271983 -1705.9135 1047.987621)
(-2611.334603 -1705.9135 1047.987621)
(-2336.397224 -1705.9135 1047.987621)
(-2061.459845 -1705.9135 1047.987621)
(-1786.522466 -1705.9135 1047.987621)
(-1511.585086 -1705.9135 1047.987621)
(-1236.647707 -1705.9135 1047.987621)
(-961.7103276 -1705.9135 1047.987621)
(-686.7729483 -1705.9135 1047.987621)
(-411.835569 -1705.9135 1047.987621)
(-136.8981897 -1705.9135 1047.987621)
(138.0391897 -1705.9135 1047.987621)
(412.976569 -1705.9135 1047.987621)
(687.9139483 -1705.9135 1047.987621)
(962.8513276 -1705.9135 1047.987621)
(1237.788707 -1705.9135 1047.987621)
(1512.726086 -1705.9135 1047.987621)
(1787.663466 -1705.9135 1047.987621)
(2062.600845 -1705.9135 1047.987621)
(2337.538224 -1705.9135 1047.987621)
(2612.475603 -1705.9135 1047.987621)
(2887.412983 -1705.9135 1047.987621)
(3162.350362 -1705.9135 1047.987621)
(3437.287741 -1705.9135 1047.987621)
(3712.225121 -1705.9135 1047.987621)
(3987.1625 -1705.9135 1047.987621)
(-3986.0215 -1478.10824 1047.987621)
(-3711.084121 -1478.10824 1047.987621)
(-3436.146741 -1478.10824 1047.987621)
(-3161.209362 -1478.10824 1047.987621)
(-2886.271983 -1478.10824 1047.987621)
(-2611.334603 -1478.10824 1047.987621)
(-2336.397224 -1478.10824 1047.987621)
(-2061.459845 -1478.10824 1047.987621)
(-1786.522466 -1478.10824 1047.987621)
(-1511.585086 -1478.10824 1047.987621)
(-1236.647707 -1478.10824 1047.987621)
(-961.7103276 -1478.10824 1047.987621)
(-686.7729483 -1478.10824 1047.987621)
(-411.835569 -1478.10824 1047.987621)
(-136.8981897 -1478.10824 1047.987621)
(138.0391897 -1478.10824 1047.987621)
(412.976569 -1478.10824 1047.987621)
(687.9139483 -1478.10824 1047.987621)
(962.8513276 -1478.10824 1047.987621)
(1237.788707 -1478.10824 1047.987621)
(1512.726086 -1478.10824 1047.987621)
(1787.663466 -1478.10824 1047.987621)
(2062.600845 -1478.10824 1047.987621)
(2337.538224 -1478.10824 1047.987621)
(2612.475603 -1478.10824 1047.987621)
(2887.412983 -1478.10824 1047.987621)
(3162.350362 -1478.10824 1047.987621)
(3437.287741 -1478.10824 1047.987621)
(3712.225121 -1478.10824 1047.987621)
(3987.1625 -1478.10824 1047.987621)
(-3986.0215 -1250.30298 1047.987621)
(-3711.084121 -1250.30298 1047.987621)
(-3436.146741 -1250.30298 1047.987621)
(-3161.209362 -1250.30298 1047.987621)
(-2886.271983 -1250.30298 1047.987621)
(-2611.334603 -1250.30298 1047.987621)
(-2336.397224 -1250.30298 1047.987621)
(-2061.459845 -1250.30298 1047.987621)
(-1786.522466 -1250.30298 1047.987621)
(-1511.585086 -1250.30298 1047.987621)
(-1236.647707 -1250.30298 1047.987621)
(-961.7103276 -1250.30298 1047.987621)
(-686.7729483 -1250.30298 1047.987621)
(-411.835569 -1250.30298 1047.987621)
(-136.8981897 -1250.30298 1047.987621)
(138.0391897 -1250.30298 1047.987621)
(412.976569 -1250.30298 1047.987621)
(687.9139483 -1250.30298 1047.987621)
(962.8513276 -1250.30298 1047.987621)
(1237.788707 -1250.30298 1047.987621)
(1512.726086 -1250.30298 1047.987621)
(1787.663466 -1250.30298 1047.987621)
(2062.600845 -1250.30298 1047.987621)
(2337.538224 -1250.30298 1047.987621)
(2612.475603 -1250.30298 1047.987621)
(2887.412983 -1250.30298 1047.987621)
(3162.350362 -1250.30298 1047.987621)
(3437.287741 -1250.30298 1047.987621)
(3712.225121 -1250.30298 1047.987621)
(3987.1625 -1250.30298 1047.987621)
(-3986.0215 -1022.49772 1047.987621)
(-3711.084121 -1022.49772 1047.987621)
(-3436.146741 -1022.49772 1047.987621)
(-3161.209362 -1022.49772 1047.987621)
(-2886.271983 -1022.49772 1047.987621)
(-2611.334603 -1022.49772 1047.987621)
(-2336.397224 -1022.49772 1047.987621)
(-2061.459845 -1022.49772 1047.987621)
(-1786.522466 -1022.49772 1047.987621)
(-1511.585086 -1022.49772 1047.987621)
(-1236.647707 -1022.49772 1047.987621)
(-961.7103276 -1022.49772 1047.987621)
(-686.7729483 -1022.49772 1047.987621)
(-411.835569 -1022.49772 1047.987621)
(-136.8981897 -1022.49772 1047.987621)
(138.0391897 -1022.49772 1047.987621)
(412.976569 -1022.49772 1047.987621)
(687.9139483 -1022.49772 1047.987621)
(962.8513276 -1022.49772 1047.987621)
(1237.788707 -1022.49772 1047.987621)
(1512.726086 -1022.49772 1047.987621)
(1787.663466 -1022.49772 1047.987621)
(2062.600845 -1022.49772 1047.987621)
(2337.538224 -1022.49772 1047.987621)
(2612.475603 -1022.49772 1047.987621)
(2887.412983 -1022.49772 1047.987621)
(3162.350362 -1022.49772 1047.987621)
(3437.287741 -1022.49772 1047.987621)
(3712.225121 -1022.49772 1047.987621)
(3987.1625 -1022.49772 1047.987621)
(-3986.0215 -794.69246 1047.987621)
(-3711.084121 -794.69246 1047.987621)
(-3436.146741 -794.69246 1047.987621)
(-3161.209362 -794.69246 1047.987621)
(-2886.271983 -794.69246 1047.987621)
(-2611.334603 -794.69246 1047.987621)
(-2336.397224 -794.69246 1047.987621)
(-2061.459845 -794.69246 1047.987621)
(-1786.522466 -794.69246 1047.987621)
(-1511.585086 -794.69246 1047.987621)
(-1236.647707 -794.69246 1047.987621)
(-961.7103276 -794.69246 1047.987621)
(-686.7729483 -794.69246 1047.987621)
(-411.835569 -794.69246 1047.987621)
(-136.8981897 -794.69246 1047.987621)
(138.0391897 -794.69246 1047.987621)
(412.976569 -794.69246 1047.987621)
(687.9139483 -794.69246 1047.987621)
(962.8513276 -794.69246 1047.987621)
(1237.788707 -794.69246 1047.987621)
(1512.726086 -794.69246 1047.987621)
(1787.663466 -794.69246 1047.987621)
(2062.600845 -794.69246 1047.987621)
(2337.538224 -794.69246 1047.987621)
(2612.475603 -794.69246 1047.987621)
(2887.412983 -794.69246 1047.987621)
(3162.350362 -794.69246 1047.987621)
(3437.287741 -794.69246 1047.987621)
(3712.225121 -794.69246 1047.987621)
(3987.1625 -794.69246 1047.987621)
(-3986.0215 -566.8872 1047.987621)
(-3711.084121 -566.8872 1047.987621)
(-3436.146741 -566.8872 1047.987621)
(-3161.209362 -566.8872 1047.987621)
(-2886.271983 -566.8872 1047.987621)
(-2611.334603 -566.8872 1047.987621)
(-2336.397224 -566.8872 1047.987621)
(-2061.459845 -566.8872 1047.987621)
(-1786.522466 -566.8872 1047.987621)
(-1511.585086 -566.8872 1047.987621)
(-1236.647707 -566.8872 1047.987621)
(-961.7103276 -566.8872 1047.987621)
(-686.7729483 -566.8872 1047.987621)
(-411.835569 -566.8872 1047.987621)
(-136.8981897 -566.8872 1047.987621)
(138.0391897 -566.8872 1047.987621)
(412.976569 -566.8872 1047.987621)
(687.9139483 -566.8872 1047.987621)
(962.8513276 -566.8872 1047.987621)
(1237.788707 -566.8872 1047.987621)
(1512.726086 -566.8872 1047.987621)
(1787.663466 -566.8872 1047.987621)
(2062.600845 -566.8872 1047.987621)
(2337.538224 -566.8872 1047.987621)
(2612.475603 -566.8872 1047.987621)
(2887.412983 -566.8872 1047.987621)
(3162.350362 -566.8872 1047.987621)
(3437.287741 -566.8872 1047.987621)
(3712.225121 -566.8872 1047.987621)
(3987.1625 -566.8872 1047.987621)
(-3986.0215 -339.08194 1047.987621)
(-3711.084121 -339.08194 1047.987621)
(-3436.146741 -339.08194 1047.987621)
(-3161.209362 -339.08194 1047.987621)
(-2886.271983 -339.08194 1047.987621)
(-2611.334603 -339.08194 1047.987621)
(-2336.397224 -339.08194 1047.987621)
(-2061.459845 -339.08194 1047.987621)
(-1786.522466 -339.08194 1047.987621)
(-1511.585086 -339.08194 1047.987621)
(-1236.647707 -339.08194 1047.987621)
(-961.7103276 -339.08194 1047.987621)
(-686.7729483 -339.08194 1047.987621)
(-411.835569 -339.08194 1047.987621)
(-136.8981897 -339.08194 1047.987621)
(138.0391897 -339.08194 1047.987621)
(412.976569 -339.08194 1047.987621)
(687.9139483 -339.08194 1047.987621)
(962.8513276 -339.08194 1047.987621)
(1237.788707 -339.08194 1047.987621)
(1512.726086 -339.08194 1047.987621)
(1787.663466 -339.08194 1047.987621)
(2062.600845 -339.08194 1047.987621)
(2337.538224 -339.08194 1047.987621)
(2612.475603 -339.08194 1047.987621)
(2887.412983 -339.08194 1047.987621)
(3162.350362 -339.08194 1047.987621)
(3437.287741 -339.08194 1047.987621)
(3712.225121 -339.08194 1047.987621)
(3987.1625 -339.08194 1047.987621)
(-3986.0215 -111.27668 1047.987621)
(-3711.084121 -111.27668 1047.987621)
(-3436.146741 -111.27668 1047.987621)
(-3161.209362 -111.27668 1047.987621)
(-2886.271983 -111.27668 1047.987621)
(-2611.334603 -111.27668 1047.987621)
(-2336.397224 -111.27668 1047.987621)
(-2061.459845 -111.27668 1047.987621)
(-1786.522466 -111.27668 1047.987621)
(-1511.585086 -111.27668 1047.987621)
(-1236.647707 -111.27668 1047.987621)
(-961.7103276 -111.27668 1047.987621)
(-686.7729483 -111.27668 1047.987621)
(-411.835569 -111.27668 1047.987621)
(-136.8981897 -111.27668 1047.987621)
(138.0391897 -111.27668 1047.987621)
(412.976569 -111.27668 1047.987621)
(687.9139483 -111.27668 1047.987621)
(962.8513276 -111.27668 1047.987621)
(1237.788707 -111.27668 1047.987621)
(1512.726086 -111.27668 1047.987621)
(1787.663466 -111.27668 1047.987621)
(2062.600845 -111.27668 1047.987621)
(2337.538224 -111.27668 1047.987621)
(2612.475603 -111.27668 1047.987621)
(2887.412983 -111.27668 1047.987621)
(3162.350362 -111.27668 1047.987621)
(3437.287741 -111.27668 1047.987621)
(3712.225121 -111.27668 1047.987621)
(3987.1625 -111.27668 1047.987621)
(-3986.0215 116.52858 1047.987621)
(-3711.084121 116.52858 1047.987621)
(-3436.146741 116.52858 1047.987621)
(-3161.209362 116.52858 1047.987621)
(-2886.271983 116.52858 1047.987621)
(-2611.334603 116.52858 1047.987621)
(-2336.397224 116.52858 1047.987621)
(-2061.459845 116.52858 1047.987621)
(-1786.522466 116.52858 1047.987621)
(-1511.585086 116.52858 1047.987621)
(-1236.647707 116.52858 1047.987621)
(-961.7103276 116.52858 1047.987621)
(-686.7729483 116.52858 1047.987621)
(-411.835569 116.52858 1047.987621)
(-136.8981897 116.52858 1047.987621)
(138.0391897 116.52858 1047.987621)
(412.976569 116.52858 1047.987621)
(687.9139483 116.52858 1047.987621)
(962.8513276 116.52858 1047.987621)
(1237.788707 116.52858 1047.987621)
(1512.726086 116.52858 1047.987621)
(1787.663466 116.52858 1047.987621)
(2062.600845 116.52858 1047.987621)
(2337.538224 116.52858 1047.987621)
(2612.475603 116.52858 1047.987621)
(2887.412983 116.52858 1047.987621)
(3162.350362 116.52858 1047.987621)
(3437.287741 116.52858 1047.987621)
(3712.225121 116.52858 1047.987621)
(3987.1625 116.52858 1047.987621)
(-3986.0215 344.33384 1047.987621)
(-3711.084121 344.33384 1047.987621)
(-3436.146741 344.33384 1047.987621)
(-3161.209362 344.33384 1047.987621)
(-2886.271983 344.33384 1047.987621)
(-2611.334603 344.33384 1047.987621)
(-2336.397224 344.33384 1047.987621)
(-2061.459845 344.33384 1047.987621)
(-1786.522466 344.33384 1047.987621)
(-1511.585086 344.33384 1047.987621)
(-1236.647707 344.33384 1047.987621)
(-961.7103276 344.33384 1047.987621)
(-686.7729483 344.33384 1047.987621)
(-411.835569 344.33384 1047.987621)
(-136.8981897 344.33384 1047.987621)
(138.0391897 344.33384 1047.987621)
(412.976569 344.33384 1047.987621)
(687.9139483 344.33384 1047.987621)
(962.8513276 344.33384 1047.987621)
(1237.788707 344.33384 1047.987621)
(1512.726086 344.33384 1047.987621)
(1787.663466 344.33384 1047.987621)
(2062.600845 344.33384 1047.987621)
(2337.538224 344.33384 1047.987621)
(2612.475603 344.33384 1047.987621)
(2887.412983 344.33384 1047.987621)
(3162.350362 344.33384 1047.987621)
(3437.287741 344.33384 1047.987621)
(3712.225121 344.33384 1047.987621)
(3987.1625 344.33384 1047.987621)
(-3986.0215 572.1391 1047.987621)
(-3711.084121 572.1391 1047.987621)
(-3436.146741 572.1391 1047.987621)
(-3161.209362 572.1391 1047.987621)
(-2886.271983 572.1391 1047.987621)
(-2611.334603 572.1391 1047.987621)
(-2336.397224 572.1391 1047.987621)
(-2061.459845 572.1391 1047.987621)
(-1786.522466 572.1391 1047.987621)
(-1511.585086 572.1391 1047.987621)
(-1236.647707 572.1391 1047.987621)
(-961.7103276 572.1391 1047.987621)
(-686.7729483 572.1391 1047.987621)
(-411.835569 572.1391 1047.987621)
(-136.8981897 572.1391 1047.987621)
(138.0391897 572.1391 1047.987621)
(412.976569 572.1391 1047.987621)
(687.9139483 572.1391 1047.987621)
(962.8513276 572.1391 1047.987621)
(1237.788707 572.1391 1047.987621)
(1512.726086 572.1391 1047.987621)
(1787.663466 572.1391 1047.987621)
(2062.600845 572.1391 1047.987621)
(2337.538224 572.1391 1047.987621)
(2612.475603 572.1391 1047.987621)
(2887.412983 572.1391 1047.987621)
(3162.350362 572.1391 1047.987621)
(3437.287741 572.1391 1047.987621)
(3712.225121 572.1391 1047.987621)
(3987.1625 572.1391 1047.987621)
(-3986.0215 799.94436 1047.987621)
(-3711.084121 799.94436 1047.987621)
(-3436.146741 799.94436 1047.987621)
(-3161.209362 799.94436 1047.987621)
(-2886.271983 799.94436 1047.987621)
(-2611.334603 799.94436 1047.987621)
(-2336.397224 799.94436 1047.987621)
(-2061.459845 799.94436 1047.987621)
(-1786.522466 799.94436 1047.987621)
(-1511.585086 799.94436 1047.987621)
(-1236.647707 799.94436 1047.987621)
(-961.7103276 799.94436 1047.987621)
(-686.7729483 799.94436 1047.987621)
(-411.835569 799.94436 1047.987621)
(-136.8981897 799.94436 1047.987621)
(138.0391897 799.94436 1047.987621)
(412.976569 799.94436 1047.987621)
(687.9139483 799.94436 1047.987621)
(962.8513276 799.94436 1047.987621)
(1237.788707 799.94436 1047.987621)
(1512.726086 799.94436 1047.987621)
(1787.663466 799.94436 1047.987621)
(2062.600845 799.94436 1047.987621)
(2337.538224 799.94436 1047.987621)
(2612.475603 799.94436 1047.987621)
(2887.412983 799.94436 1047.987621)
(3162.350362 799.94436 1047.987621)
(3437.287741 799.94436 1047.987621)
(3712.225121 799.94436 1047.987621)
(3987.1625 799.94436 1047.987621)
(-3986.0215 1027.74962 1047.987621)
(-3711.084121 1027.74962 1047.987621)
(-3436.146741 1027.74962 1047.987621)
(-3161.209362 1027.74962 1047.987621)
(-2886.271983 1027.74962 1047.987621)
(-2611.334603 1027.74962 1047.987621)
(-2336.397224 1027.74962 1047.987621)
(-2061.459845 1027.74962 1047.987621)
(-1786.522466 1027.74962 1047.987621)
(-1511.585086 1027.74962 1047.987621)
(-1236.647707 1027.74962 1047.987621)
(-961.7103276 1027.74962 1047.987621)
(-686.7729483 1027.74962 1047.987621)
(-411.835569 1027.74962 1047.987621)
(-136.8981897 1027.74962 1047.987621)
(138.0391897 1027.74962 1047.987621)
(412.976569 1027.74962 1047.987621)
(687.9139483 1027.74962 1047.987621)
(962.8513276 1027.74962 1047.987621)
(1237.788707 1027.74962 1047.987621)
(1512.726086 1027.74962 1047.987621)
(1787.663466 1027.74962 1047.987621)
(2062.600845 1027.74962 1047.987621)
(2337.538224 1027.74962 1047.987621)
(2612.475603 1027.74962 1047.987621)
(2887.412983 1027.74962 1047.987621)
(3162.350362 1027.74962 1047.987621)
(3437.287741 1027.74962 1047.987621)
(3712.225121 1027.74962 1047.987621)
(3987.1625 1027.74962 1047.987621)
(-3986.0215 1255.55488 1047.987621)
(-3711.084121 1255.55488 1047.987621)
(-3436.146741 1255.55488 1047.987621)
(-3161.209362 1255.55488 1047.987621)
(-2886.271983 1255.55488 1047.987621)
(-2611.334603 1255.55488 1047.987621)
(-2336.397224 1255.55488 1047.987621)
(-2061.459845 1255.55488 1047.987621)
(-1786.522466 1255.55488 1047.987621)
(-1511.585086 1255.55488 1047.987621)
(-1236.647707 1255.55488 1047.987621)
(-961.7103276 1255.55488 1047.987621)
(-686.7729483 1255.55488 1047.987621)
(-411.835569 1255.55488 1047.987621)
(-136.8981897 1255.55488 1047.987621)
(138.0391897 1255.55488 1047.987621)
(412.976569 1255.55488 1047.987621)
(687.9139483 1255.55488 1047.987621)
(962.8513276 1255.55488 1047.987621)
(1237.788707 1255.55488 1047.987621)
(1512.726086 1255.55488 1047.987621)
(1787.663466 1255.55488 1047.987621)
(2062.600845 1255.55488 1047.987621)
(2337.538224 1255.55488 1047.987621)
(2612.475603 1255.55488 1047.987621)
(2887.412983 1255.55488 1047.987621)
(3162.350362 1255.55488 1047.987621)
(3437.287741 1255.55488 1047.987621)
(3712.225121 1255.55488 1047.987621)
(3987.1625 1255.55488 1047.987621)
(-3986.0215 1483.36014 1047.987621)
(-3711.084121 1483.36014 1047.987621)
(-3436.146741 1483.36014 1047.987621)
(-3161.209362 1483.36014 1047.987621)
(-2886.271983 1483.36014 1047.987621)
(-2611.334603 1483.36014 1047.987621)
(-2336.397224 1483.36014 1047.987621)
(-2061.459845 1483.36014 1047.987621)
(-1786.522466 1483.36014 1047.987621)
(-1511.585086 1483.36014 1047.987621)
(-1236.647707 1483.36014 1047.987621)
(-961.7103276 1483.36014 1047.987621)
(-686.7729483 1483.36014 1047.987621)
(-411.835569 1483.36014 1047.987621)
(-136.8981897 1483.36014 1047.987621)
(138.0391897 1483.36014 1047.987621)
(412.976569 1483.36014 1047.987621)
(687.9139483 1483.36014 1047.987621)
(962.8513276 1483.36014 1047.987621)
(1237.788707 1483.36014 1047.987621)
(1512.726086 1483.36014 1047.987621)
(1787.663466 1483.36014 1047.987621)
(2062.600845 1483.36014 1047.987621)
(2337.538224 1483.36014 1047.987621)
(2612.475603 1483.36014 1047.987621)
(2887.412983 1483.36014 1047.987621)
(3162.350362 1483.36014 1047.987621)
(3437.287741 1483.36014 1047.987621)
(3712.225121 1483.36014 1047.987621)
(3987.1625 1483.36014 1047.987621)
(-3986.0215 1711.1654 1047.987621)
(-3711.084121 1711.1654 1047.987621)
(-3436.146741 1711.1654 1047.987621)
(-3161.209362 1711.1654 1047.987621)
(-2886.271983 1711.1654 1047.987621)
(-2611.334603 1711.1654 1047.987621)
(-2336.397224 1711.1654 1047.987621)
(-2061.459845 1711.1654 1047.987621)
(-1786.522466 1711.1654 1047.987621)
(-1511.585086 1711.1654 1047.987621)
(-1236.647707 1711.1654 1047.987621)
(-961.7103276 1711.1654 1047.987621)
(-686.7729483 1711.1654 1047.987621)
(-411.835569 1711.1654 1047.987621)
(-136.8981897 1711.1654 1047.987621)
(138.0391897 1711.1654 1047.987621)
(412.976569 1711.1654 1047.987621)
(687.9139483 1711.1654 1047.987621)
(962.8513276 1711.1654 1047.987621)
(1237.788707 1711.1654 1047.987621)
(1512.726086 1711.1654 1047.987621)
(1787.663466 1711.1654 1047.987621)
(2062.600845 1711.1654 1047.987621)
(2337.538224 1711.1654 1047.987621)
(2612.475603 1711.1654 1047.987621)
(2887.412983 1711.1654 1047.987621)
(3162.350362 1711.1654 1047.987621)
(3437.287741 1711.1654 1047.987621)
(3712.225121 1711.1654 1047.987621)
(3987.1625 1711.1654 1047.987621)
(-3986.0215 1938.97066 1047.987621)
(-3711.084121 1938.97066 1047.987621)
(-3436.146741 1938.97066 1047.987621)
(-3161.209362 1938.97066 1047.987621)
(-2886.271983 1938.97066 1047.987621)
(-2611.334603 1938.97066 1047.987621)
(-2336.397224 1938.97066 1047.987621)
(-2061.459845 1938.97066 1047.987621)
(-1786.522466 1938.97066 1047.987621)
(-1511.585086 1938.97066 1047.987621)
(-1236.647707 1938.97066 1047.987621)
(-961.7103276 1938.97066 1047.987621)
(-686.7729483 1938.97066 1047.987621)
(-411.835569 1938.97066 1047.987621)
(-136.8981897 1938.97066 1047.987621)
(138.0391897 1938.97066 1047.987621)
(412.976569 1938.97066 1047.987621)
(687.9139483 1938.97066 1047.987621)
(962.8513276 1938.97066 1047.987621)
(1237.788707 1938.97066 1047.987621)
(1512.726086 1938.97066 1047.987621)
(1787.663466 1938.97066 1047.987621)
(2062.600845 1938.97066 1047.987621)
(2337.538224 1938.97066 1047.987621)
(2612.475603 1938.97066 1047.987621)
(2887.412983 1938.97066 1047.987621)
(3162.350362 1938.97066 1047.987621)
(3437.287741 1938.97066 1047.987621)
(3712.225121 1938.97066 1047.987621)
(3987.1625 1938.97066 1047.987621)
(-3986.0215 2166.77592 1047.987621)
(-3711.084121 2166.77592 1047.987621)
(-3436.146741 2166.77592 1047.987621)
(-3161.209362 2166.77592 1047.987621)
(-2886.271983 2166.77592 1047.987621)
(-2611.334603 2166.77592 1047.987621)
(-2336.397224 2166.77592 1047.987621)
(-2061.459845 2166.77592 1047.987621)
(-1786.522466 2166.77592 1047.987621)
(-1511.585086 2166.77592 1047.987621)
(-1236.647707 2166.77592 1047.987621)
(-961.7103276 2166.77592 1047.987621)
(-686.7729483 2166.77592 1047.987621)
(-411.835569 2166.77592 1047.987621)
(-136.8981897 2166.77592 1047.987621)
(138.0391897 2166.77592 1047.987621)
(412.976569 2166.77592 1047.987621)
(687.9139483 2166.77592 1047.987621)
(962.8513276 2166.77592 1047.987621)
(1237.788707 2166.77592 1047.987621)
(1512.726086 2166.77592 1047.987621)
(1787.663466 2166.77592 1047.987621)
(2062.600845 2166.77592 1047.987621)
(2337.538224 2166.77592 1047.987621)
(2612.475603 2166.77592 1047.987621)
(2887.412983 2166.77592 1047.987621)
(3162.350362 2166.77592 1047.987621)
(3437.287741 2166.77592 1047.987621)
(3712.225121 2166.77592 1047.987621)
(3987.1625 2166.77592 1047.987621)
(-3986.0215 2394.58118 1047.987621)
(-3711.084121 2394.58118 1047.987621)
(-3436.146741 2394.58118 1047.987621)
(-3161.209362 2394.58118 1047.987621)
(-2886.271983 2394.58118 1047.987621)
(-2611.334603 2394.58118 1047.987621)
(-2336.397224 2394.58118 1047.987621)
(-2061.459845 2394.58118 1047.987621)
(-1786.522466 2394.58118 1047.987621)
(-1511.585086 2394.58118 1047.987621)
(-1236.647707 2394.58118 1047.987621)
(-961.7103276 2394.58118 1047.987621)
(-686.7729483 2394.58118 1047.987621)
(-411.835569 2394.58118 1047.987621)
(-136.8981897 2394.58118 1047.987621)
(138.0391897 2394.58118 1047.987621)
(412.976569 2394.58118 1047.987621)
(687.9139483 2394.58118 1047.987621)
(962.8513276 2394.58118 1047.987621)
(1237.788707 2394.58118 1047.987621)
(1512.726086 2394.58118 1047.987621)
(1787.663466 2394.58118 1047.987621)
(2062.600845 2394.58118 1047.987621)
(2337.538224 2394.58118 1047.987621)
(2612.475603 2394.58118 1047.987621)
(2887.412983 2394.58118 1047.987621)
(3162.350362 2394.58118 1047.987621)
(3437.287741 2394.58118 1047.987621)
(3712.225121 2394.58118 1047.987621)
(3987.1625 2394.58118 1047.987621)
(-3986.0215 2622.38644 1047.987621)
(-3711.084121 2622.38644 1047.987621)
(-3436.146741 2622.38644 1047.987621)
(-3161.209362 2622.38644 1047.987621)
(-2886.271983 2622.38644 1047.987621)
(-2611.334603 2622.38644 1047.987621)
(-2336.397224 2622.38644 1047.987621)
(-2061.459845 2622.38644 1047.987621)
(-1786.522466 2622.38644 1047.987621)
(-1511.585086 2622.38644 1047.987621)
(-1236.647707 2622.38644 1047.987621)
(-961.7103276 2622.38644 1047.987621)
(-686.7729483 2622.38644 1047.987621)
(-411.835569 2622.38644 1047.987621)
(-136.8981897 2622.38644 1047.987621)
(138.0391897 2622.38644 1047.987621)
(412.976569 2622.38644 1047.987621)
(687.9139483 2622.38644 1047.987621)
(962.8513276 2622.38644 1047.987621)
(1237.788707 2622.38644 1047.987621)
(1512.726086 2622.38644 1047.987621)
(1787.663466 2622.38644 1047.987621)
(2062.600845 2622.38644 1047.987621)
(2337.538224 2622.38644 1047.987621)
(2612.475603 2622.38644 1047.987621)
(2887.412983 2622.38644 1047.987621)
(3162.350362 2622.38644 1047.987621)
(3437.287741 2622.38644 1047.987621)
(3712.225121 2622.38644 1047.987621)
(3987.1625 2622.38644 1047.987621)
(-3986.0215 2850.1917 1047.987621)
(-3711.084121 2850.1917 1047.987621)
(-3436.146741 2850.1917 1047.987621)
(-3161.209362 2850.1917 1047.987621)
(-2886.271983 2850.1917 1047.987621)
(-2611.334603 2850.1917 1047.987621)
(-2336.397224 2850.1917 1047.987621)
(-2061.459845 2850.1917 1047.987621)
(-1786.522466 2850.1917 1047.987621)
(-1511.585086 2850.1917 1047.987621)
(-1236.647707 2850.1917 1047.987621)
(-961.7103276 2850.1917 1047.987621)
(-686.7729483 2850.1917 1047.987621)
(-411.835569 2850.1917 1047.987621)
(-136.8981897 2850.1917 1047.987621)
(138.0391897 2850.1917 1047.987621)
(412.976569 2850.1917 1047.987621)
(687.9139483 2850.1917 1047.987621)
(962.8513276 2850.1917 1047.987621)
(1237.788707 2850.1917 1047.987621)
(1512.726086 2850.1917 1047.987621)
(1787.663466 2850.1917 1047.987621)
(2062.600845 2850.1917 1047.987621)
(2337.538224 2850.1917 1047.987621)
(2612.475603 2850.1917 1047.987621)
(2887.412983 2850.1917 1047.987621)
(3162.350362 2850.1917 1047.987621)
(3437.287741 2850.1917 1047.987621)
(3712.225121 2850.1917 1047.987621)
(3987.1625 2850.1917 1047.987621)
(-3986.0215 3077.99696 1047.987621)
(-3711.084121 3077.99696 1047.987621)
(-3436.146741 3077.99696 1047.987621)
(-3161.209362 3077.99696 1047.987621)
(-2886.271983 3077.99696 1047.987621)
(-2611.334603 3077.99696 1047.987621)
(-2336.397224 3077.99696 1047.987621)
(-2061.459845 3077.99696 1047.987621)
(-1786.522466 3077.99696 1047.987621)
(-1511.585086 3077.99696 1047.987621)
(-1236.647707 3077.99696 1047.987621)
(-961.7103276 3077.99696 1047.987621)
(-686.7729483 3077.99696 1047.987621)
(-411.835569 3077.99696 1047.987621)
(-136.8981897 3077.99696 1047.987621)
(138.0391897 3077.99696 1047.987621)
(412.976569 3077.99696 1047.987621)
(687.9139483 3077.99696 1047.987621)
(962.8513276 3077.99696 1047.987621)
(1237.788707 3077.99696 1047.987621)
(1512.726086 3077.99696 1047.987621)
(1787.663466 3077.99696 1047.987621)
(2062.600845 3077.99696 1047.987621)
(2337.538224 3077.99696 1047.987621)
(2612.475603 3077.99696 1047.987621)
(2887.412983 3077.99696 1047.987621)
(3162.350362 3077.99696 1047.987621)
(3437.287741 3077.99696 1047.987621)
(3712.225121 3077.99696 1047.987621)
(3987.1625 3077.99696 1047.987621)
(-3986.0215 3305.80222 1047.987621)
(-3711.084121 3305.80222 1047.987621)
(-3436.146741 3305.80222 1047.987621)
(-3161.209362 3305.80222 1047.987621)
(-2886.271983 3305.80222 1047.987621)
(-2611.334603 3305.80222 1047.987621)
(-2336.397224 3305.80222 1047.987621)
(-2061.459845 3305.80222 1047.987621)
(-1786.522466 3305.80222 1047.987621)
(-1511.585086 3305.80222 1047.987621)
(-1236.647707 3305.80222 1047.987621)
(-961.7103276 3305.80222 1047.987621)
(-686.7729483 3305.80222 1047.987621)
(-411.835569 3305.80222 1047.987621)
(-136.8981897 3305.80222 1047.987621)
(138.0391897 3305.80222 1047.987621)
(412.976569 3305.80222 1047.987621)
(687.9139483 3305.80222 1047.987621)
(962.8513276 3305.80222 1047.987621)
(1237.788707 3305.80222 1047.987621)
(1512.726086 3305.80222 1047.987621)
(1787.663466 3305.80222 1047.987621)
(2062.600845 3305.80222 1047.987621)
(2337.538224 3305.80222 1047.987621)
(2612.475603 3305.80222 1047.987621)
(2887.412983 3305.80222 1047.987621)
(3162.350362 3305.80222 1047.987621)
(3437.287741 3305.80222 1047.987621)
(3712.225121 3305.80222 1047.987621)
(3987.1625 3305.80222 1047.987621)
(-3986.0215 3533.60748 1047.987621)
(-3711.084121 3533.60748 1047.987621)
(-3436.146741 3533.60748 1047.987621)
(-3161.209362 3533.60748 1047.987621)
(-2886.271983 3533.60748 1047.987621)
(-2611.334603 3533.60748 1047.987621)
(-2336.397224 3533.60748 1047.987621)
(-2061.459845 3533.60748 1047.987621)
(-1786.522466 3533.60748 1047.987621)
(-1511.585086 3533.60748 1047.987621)
(-1236.647707 3533.60748 1047.987621)
(-961.7103276 3533.60748 1047.987621)
(-686.7729483 3533.60748 1047.987621)
(-411.835569 3533.60748 1047.987621)
(-136.8981897 3533.60748 1047.987621)
(138.0391897 3533.60748 1047.987621)
(412.976569 3533.60748 1047.987621)
(687.9139483 3533.60748 1047.987621)
(962.8513276 3533.60748 1047.987621)
(1237.788707 3533.60748 1047.987621)
(1512.726086 3533.60748 1047.987621)
(1787.663466 3533.60748 1047.987621)
(2062.600845 3533.60748 1047.987621)
(2337.538224 3533.60748 1047.987621)
(2612.475603 3533.60748 1047.987621)
(2887.412983 3533.60748 1047.987621)
(3162.350362 3533.60748 1047.987621)
(3437.287741 3533.60748 1047.987621)
(3712.225121 3533.60748 1047.987621)
(3987.1625 3533.60748 1047.987621)
(-3986.0215 3761.41274 1047.987621)
(-3711.084121 3761.41274 1047.987621)
(-3436.146741 3761.41274 1047.987621)
(-3161.209362 3761.41274 1047.987621)
(-2886.271983 3761.41274 1047.987621)
(-2611.334603 3761.41274 1047.987621)
(-2336.397224 3761.41274 1047.987621)
(-2061.459845 3761.41274 1047.987621)
(-1786.522466 3761.41274 1047.987621)
(-1511.585086 3761.41274 1047.987621)
(-1236.647707 3761.41274 1047.987621)
(-961.7103276 3761.41274 1047.987621)
(-686.7729483 3761.41274 1047.987621)
(-411.835569 3761.41274 1047.987621)
(-136.8981897 3761.41274 1047.987621)
(138.0391897 3761.41274 1047.987621)
(412.976569 3761.41274 1047.987621)
(687.9139483 3761.41274 1047.987621)
(962.8513276 3761.41274 1047.987621)
(1237.788707 3761.41274 1047.987621)
(1512.726086 3761.41274 1047.987621)
(1787.663466 3761.41274 1047.987621)
(2062.600845 3761.41274 1047.987621)
(2337.538224 3761.41274 1047.987621)
(2612.475603 3761.41274 1047.987621)
(2887.412983 3761.41274 1047.987621)
(3162.350362 3761.41274 1047.987621)
(3437.287741 3761.41274 1047.987621)
(3712.225121 3761.41274 1047.987621)
(3987.1625 3761.41274 1047.987621)
(-3986.0215 3989.218 1047.987621)
(-3711.084121 3989.218 1047.987621)
(-3436.146741 3989.218 1047.987621)
(-3161.209362 3989.218 1047.987621)
(-2886.271983 3989.218 1047.987621)
(-2611.334603 3989.218 1047.987621)
(-2336.397224 3989.218 1047.987621)
(-2061.459845 3989.218 1047.987621)
(-1786.522466 3989.218 1047.987621)
(-1511.585086 3989.218 1047.987621)
(-1236.647707 3989.218 1047.987621)
(-961.7103276 3989.218 1047.987621)
(-686.7729483 3989.218 1047.987621)
(-411.835569 3989.218 1047.987621)
(-136.8981897 3989.218 1047.987621)
(138.0391897 3989.218 1047.987621)
(412.976569 3989.218 1047.987621)
(687.9139483 3989.218 1047.987621)
(962.8513276 3989.218 1047.987621)
(1237.788707 3989.218 1047.987621)
(1512.726086 3989.218 1047.987621)
(1787.663466 3989.218 1047.987621)
(2062.600845 3989.218 1047.987621)
(2337.538224 3989.218 1047.987621)
(2612.475603 3989.218 1047.987621)
(2887.412983 3989.218 1047.987621)
(3162.350362 3989.218 1047.987621)
(3437.287741 3989.218 1047.987621)
(3712.225121 3989.218 1047.987621)
(3987.1625 3989.218 1047.987621)
(-3986.0215 -3983.9661 1467.628889)
(-3711.084121 -3983.9661 1467.628889)
(-3436.146741 -3983.9661 1467.628889)
(-3161.209362 -3983.9661 1467.628889)
(-2886.271983 -3983.9661 1467.628889)
(-2611.334603 -3983.9661 1467.628889)
(-2336.397224 -3983.9661 1467.628889)
(-2061.459845 -3983.9661 1467.628889)
(-1786.522466 -3983.9661 1467.628889)
(-1511.585086 -3983.9661 1467.628889)
(-1236.647707 -3983.9661 1467.628889)
(-961.7103276 -3983.9661 1467.628889)
(-686.7729483 -3983.9661 1467.628889)
(-411.835569 -3983.9661 1467.628889)
(-136.8981897 -3983.9661 1467.628889)
(138.0391897 -3983.9661 1467.628889)
(412.976569 -3983.9661 1467.628889)
(687.9139483 -3983.9661 1467.628889)
(962.8513276 -3983.9661 1467.628889)
(1237.788707 -3983.9661 1467.628889)
(1512.726086 -3983.9661 1467.628889)
(1787.663466 -3983.9661 1467.628889)
(2062.600845 -3983.9661 1467.628889)
(2337.538224 -3983.9661 1467.628889)
(2612.475603 -3983.9661 1467.628889)
(2887.412983 -3983.9661 1467.628889)
(3162.350362 -3983.9661 1467.628889)
(3437.287741 -3983.9661 1467.628889)
(3712.225121 -3983.9661 1467.628889)
(3987.1625 -3983.9661 1467.628889)
(-3986.0215 -3756.16084 1467.628889)
(-3711.084121 -3756.16084 1467.628889)
(-3436.146741 -3756.16084 1467.628889)
(-3161.209362 -3756.16084 1467.628889)
(-2886.271983 -3756.16084 1467.628889)
(-2611.334603 -3756.16084 1467.628889)
(-2336.397224 -3756.16084 1467.628889)
(-2061.459845 -3756.16084 1467.628889)
(-1786.522466 -3756.16084 1467.628889)
(-1511.585086 -3756.16084 1467.628889)
(-1236.647707 -3756.16084 1467.628889)
(-961.7103276 -3756.16084 1467.628889)
(-686.7729483 -3756.16084 1467.628889)
(-411.835569 -3756.16084 1467.628889)
(-136.8981897 -3756.16084 1467.628889)
(138.0391897 -3756.16084 1467.628889)
(412.976569 -3756.16084 1467.628889)
(687.9139483 -3756.16084 1467.628889)
(962.8513276 -3756.16084 1467.628889)
(1237.788707 -3756.16084 1467.628889)
(1512.726086 -3756.16084 1467.628889)
(1787.663466 -3756.16084 1467.628889)
(2062.600845 -3756.16084 1467.628889)
(2337.538224 -3756.16084 1467.628889)
(2612.475603 -3756.16084 1467.628889)
(2887.412983 -3756.16084 1467.628889)
(3162.350362 -3756.16084 1467.628889)
(3437.287741 -3756.16084 1467.628889)
(3712.225121 -3756.16084 1467.628889)
(3987.1625 -3756.16084 1467.628889)
(-3986.0215 -3528.35558 1467.628889)
(-3711.084121 -3528.35558 1467.628889)
(-3436.146741 -3528.35558 1467.628889)
(-3161.209362 -3528.35558 1467.628889)
(-2886.271983 -3528.35558 1467.628889)
(-2611.334603 -3528.35558 1467.628889)
(-2336.397224 -3528.35558 1467.628889)
(-2061.459845 -3528.35558 1467.628889)
(-1786.522466 -3528.35558 1467.628889)
(-1511.585086 -3528.35558 1467.628889)
(-1236.647707 -3528.35558 1467.628889)
(-961.7103276 -3528.35558 1467.628889)
(-686.7729483 -3528.35558 1467.628889)
(-411.835569 -3528.35558 1467.628889)
(-136.8981897 -3528.35558 1467.628889)
(138.0391897 -3528.35558 1467.628889)
(412.976569 -3528.35558 1467.628889)
(687.9139483 -3528.35558 1467.628889)
(962.8513276 -3528.35558 1467.628889)
(1237.788707 -3528.35558 1467.628889)
(1512.726086 -3528.35558 1467.628889)
(1787.663466 -3528.35558 1467.628889)
(2062.600845 -3528.35558 1467.628889)
(2337.538224 -3528.35558 1467.628889)
(2612.475603 -3528.35558 1467.628889)
(2887.412983 -3528.35558 1467.628889)
(3162.350362 -3528.35558 1467.628889)
(3437.287741 -3528.35558 1467.628889)
(3712.225121 -3528.35558 1467.628889)
(3987.1625 -3528.35558 1467.628889)
(-3986.0215 -3300.55032 1467.628889)
(-3711.084121 -3300.55032 1467.628889)
(-3436.146741 -3300.55032 1467.628889)
(-3161.209362 -3300.55032 1467.628889)
(-2886.271983 -3300.55032 1467.628889)
(-2611.334603 -3300.55032 1467.628889)
(-2336.397224 -3300.55032 1467.628889)
(-2061.459845 -3300.55032 1467.628889)
(-1786.522466 -3300.55032 1467.628889)
(-1511.585086 -3300.55032 1467.628889)
(-1236.647707 -3300.55032 1467.628889)
(-961.7103276 -3300.55032 1467.628889)
(-686.7729483 -3300.55032 1467.628889)
(-411.835569 -3300.55032 1467.628889)
(-136.8981897 -3300.55032 1467.628889)
(138.0391897 -3300.55032 1467.628889)
(412.976569 -3300.55032 1467.628889)
(687.9139483 -3300.55032 1467.628889)
(962.8513276 -3300.55032 1467.628889)
(1237.788707 -3300.55032 1467.628889)
(1512.726086 -3300.55032 1467.628889)
(1787.663466 -3300.55032 1467.628889)
(2062.600845 -3300.55032 1467.628889)
(2337.538224 -3300.55032 1467.628889)
(2612.475603 -3300.55032 1467.628889)
(2887.412983 -3300.55032 1467.628889)
(3162.350362 -3300.55032 1467.628889)
(3437.287741 -3300.55032 1467.628889)
(3712.225121 -3300.55032 1467.628889)
(3987.1625 -3300.55032 1467.628889)
(-3986.0215 -3072.74506 1467.628889)
(-3711.084121 -3072.74506 1467.628889)
(-3436.146741 -3072.74506 1467.628889)
(-3161.209362 -3072.74506 1467.628889)
(-2886.271983 -3072.74506 1467.628889)
(-2611.334603 -3072.74506 1467.628889)
(-2336.397224 -3072.74506 1467.628889)
(-2061.459845 -3072.74506 1467.628889)
(-1786.522466 -3072.74506 1467.628889)
(-1511.585086 -3072.74506 1467.628889)
(-1236.647707 -3072.74506 1467.628889)
(-961.7103276 -3072.74506 1467.628889)
(-686.7729483 -3072.74506 1467.628889)
(-411.835569 -3072.74506 1467.628889)
(-136.8981897 -3072.74506 1467.628889)
(138.0391897 -3072.74506 1467.628889)
(412.976569 -3072.74506 1467.628889)
(687.9139483 -3072.74506 1467.628889)
(962.8513276 -3072.74506 1467.628889)
(1237.788707 -3072.74506 1467.628889)
(1512.726086 -3072.74506 1467.628889)
(1787.663466 -3072.74506 1467.628889)
(2062.600845 -3072.74506 1467.628889)
(2337.538224 -3072.74506 1467.628889)
(2612.475603 -3072.74506 1467.628889)
(2887.412983 -3072.74506 1467.628889)
(3162.350362 -3072.74506 1467.628889)
(3437.287741 -3072.74506 1467.628889)
(3712.225121 -3072.74506 1467.628889)
(3987.1625 -3072.74506 1467.628889)
(-3986.0215 -2844.9398 1467.628889)
(-3711.084121 -2844.9398 1467.628889)
(-3436.146741 -2844.9398 1467.628889)
(-3161.209362 -2844.9398 1467.628889)
(-2886.271983 -2844.9398 1467.628889)
(-2611.334603 -2844.9398 1467.628889)
(-2336.397224 -2844.9398 1467.628889)
(-2061.459845 -2844.9398 1467.628889)
(-1786.522466 -2844.9398 1467.628889)
(-1511.585086 -2844.9398 1467.628889)
(-1236.647707 -2844.9398 1467.628889)
(-961.7103276 -2844.9398 1467.628889)
(-686.7729483 -2844.9398 1467.628889)
(-411.835569 -2844.9398 1467.628889)
(-136.8981897 -2844.9398 1467.628889)
(138.0391897 -2844.9398 1467.628889)
(412.976569 -2844.9398 1467.628889)
(687.9139483 -2844.9398 1467.628889)
(962.8513276 -2844.9398 1467.628889)
(1237.788707 -2844.9398 1467.628889)
(1512.726086 -2844.9398 1467.628889)
(1787.663466 -2844.9398 1467.628889)
(2062.600845 -2844.9398 1467.628889)
(2337.538224 -2844.9398 1467.628889)
(2612.475603 -2844.9398 1467.628889)
(2887.412983 -2844.9398 1467.628889)
(3162.350362 -2844.9398 1467.628889)
(3437.287741 -2844.9398 1467.628889)
(3712.225121 -2844.9398 1467.628889)
(3987.1625 -2844.9398 1467.628889)
(-3986.0215 -2617.13454 1467.628889)
(-3711.084121 -2617.13454 1467.628889)
(-3436.146741 -2617.13454 1467.628889)
(-3161.209362 -2617.13454 1467.628889)
(-2886.271983 -2617.13454 1467.628889)
(-2611.334603 -2617.13454 1467.628889)
(-2336.397224 -2617.13454 1467.628889)
(-2061.459845 -2617.13454 1467.628889)
(-1786.522466 -2617.13454 1467.628889)
(-1511.585086 -2617.13454 1467.628889)
(-1236.647707 -2617.13454 1467.628889)
(-961.7103276 -2617.13454 1467.628889)
(-686.7729483 -2617.13454 1467.628889)
(-411.835569 -2617.13454 1467.628889)
(-136.8981897 -2617.13454 1467.628889)
(138.0391897 -2617.13454 1467.628889)
(412.976569 -2617.13454 1467.628889)
(687.9139483 -2617.13454 1467.628889)
(962.8513276 -2617.13454 1467.628889)
(1237.788707 -2617.13454 1467.628889)
(1512.726086 -2617.13454 1467.628889)
(1787.663466 -2617.13454 1467.628889)
(2062.600845 -2617.13454 1467.628889)
(2337.538224 -2617.13454 1467.628889)
(2612.475603 -2617.13454 1467.628889)
(2887.412983 -2617.13454 1467.628889)
(3162.350362 -2617.13454 1467.628889)
(3437.287741 -2617.13454 1467.628889)
(3712.225121 -2617.13454 1467.628889)
(3987.1625 -2617.13454 1467.628889)
(-3986.0215 -2389.32928 1467.628889)
(-3711.084121 -2389.32928 1467.628889)
(-3436.146741 -2389.32928 1467.628889)
(-3161.209362 -2389.32928 1467.628889)
(-2886.271983 -2389.32928 1467.628889)
(-2611.334603 -2389.32928 1467.628889)
(-2336.397224 -2389.32928 1467.628889)
(-2061.459845 -2389.32928 1467.628889)
(-1786.522466 -2389.32928 1467.628889)
(-1511.585086 -2389.32928 1467.628889)
(-1236.647707 -2389.32928 1467.628889)
(-961.7103276 -2389.32928 1467.628889)
(-686.7729483 -2389.32928 1467.628889)
(-411.835569 -2389.32928 1467.628889)
(-136.8981897 -2389.32928 1467.628889)
(138.0391897 -2389.32928 1467.628889)
(412.976569 -2389.32928 1467.628889)
(687.9139483 -2389.32928 1467.628889)
(962.8513276 -2389.32928 1467.628889)
(1237.788707 -2389.32928 1467.628889)
(1512.726086 -2389.32928 1467.628889)
(1787.663466 -2389.32928 1467.628889)
(2062.600845 -2389.32928 1467.628889)
(2337.538224 -2389.32928 1467.628889)
(2612.475603 -2389.32928 1467.628889)
(2887.412983 -2389.32928 1467.628889)
(3162.350362 -2389.32928 1467.628889)
(3437.287741 -2389.32928 1467.628889)
(3712.225121 -2389.32928 1467.628889)
(3987.1625 -2389.32928 1467.628889)
(-3986.0215 -2161.52402 1467.628889)
(-3711.084121 -2161.52402 1467.628889)
(-3436.146741 -2161.52402 1467.628889)
(-3161.209362 -2161.52402 1467.628889)
(-2886.271983 -2161.52402 1467.628889)
(-2611.334603 -2161.52402 1467.628889)
(-2336.397224 -2161.52402 1467.628889)
(-2061.459845 -2161.52402 1467.628889)
(-1786.522466 -2161.52402 1467.628889)
(-1511.585086 -2161.52402 1467.628889)
(-1236.647707 -2161.52402 1467.628889)
(-961.7103276 -2161.52402 1467.628889)
(-686.7729483 -2161.52402 1467.628889)
(-411.835569 -2161.52402 1467.628889)
(-136.8981897 -2161.52402 1467.628889)
(138.0391897 -2161.52402 1467.628889)
(412.976569 -2161.52402 1467.628889)
(687.9139483 -2161.52402 1467.628889)
(962.8513276 -2161.52402 1467.628889)
(1237.788707 -2161.52402 1467.628889)
(1512.726086 -2161.52402 1467.628889)
(1787.663466 -2161.52402 1467.628889)
(2062.600845 -2161.52402 1467.628889)
(2337.538224 -2161.52402 1467.628889)
(2612.475603 -2161.52402 1467.628889)
(2887.412983 -2161.52402 1467.628889)
(3162.350362 -2161.52402 1467.628889)
(3437.287741 -2161.52402 1467.628889)
(3712.225121 -2161.52402 1467.628889)
(3987.1625 -2161.52402 1467.628889)
(-3986.0215 -1933.71876 1467.628889)
(-3711.084121 -1933.71876 1467.628889)
(-3436.146741 -1933.71876 1467.628889)
(-3161.209362 -1933.71876 1467.628889)
(-2886.271983 -1933.71876 1467.628889)
(-2611.334603 -1933.71876 1467.628889)
(-2336.397224 -1933.71876 1467.628889)
(-2061.459845 -1933.71876 1467.628889)
(-1786.522466 -1933.71876 1467.628889)
(-1511.585086 -1933.71876 1467.628889)
(-1236.647707 -1933.71876 1467.628889)
(-961.7103276 -1933.71876 1467.628889)
(-686.7729483 -1933.71876 1467.628889)
(-411.835569 -1933.71876 1467.628889)
(-136.8981897 -1933.71876 1467.628889)
(138.0391897 -1933.71876 1467.628889)
(412.976569 -1933.71876 1467.628889)
(687.9139483 -1933.71876 1467.628889)
(962.8513276 -1933.71876 1467.628889)
(1237.788707 -1933.71876 1467.628889)
(1512.726086 -1933.71876 1467.628889)
(1787.663466 -1933.71876 1467.628889)
(2062.600845 -1933.71876 1467.628889)
(2337.538224 -1933.71876 1467.628889)
(2612.475603 -1933.71876 1467.628889)
(2887.412983 -1933.71876 1467.628889)
(3162.350362 -1933.71876 1467.628889)
(3437.287741 -1933.71876 1467.628889)
(3712.225121 -1933.71876 1467.628889)
(3987.1625 -1933.71876 1467.628889)
(-3986.0215 -1705.9135 1467.628889)
(-3711.084121 -1705.9135 1467.628889)
(-3436.146741 -1705.9135 1467.628889)
(-3161.209362 -1705.9135 1467.628889)
(-2886.271983 -1705.9135 1467.628889)
(-2611.334603 -1705.9135 1467.628889)
(-2336.397224 -1705.9135 1467.628889)
(-2061.459845 -1705.9135 1467.628889)
(-1786.522466 -1705.9135 1467.628889)
(-1511.585086 -1705.9135 1467.628889)
(-1236.647707 -1705.9135 1467.628889)
(-961.7103276 -1705.9135 1467.628889)
(-686.7729483 -1705.9135 1467.628889)
(-411.835569 -1705.9135 1467.628889)
(-136.8981897 -1705.9135 1467.628889)
(138.0391897 -1705.9135 1467.628889)
(412.976569 -1705.9135 1467.628889)
(687.9139483 -1705.9135 1467.628889)
(962.8513276 -1705.9135 1467.628889)
(1237.788707 -1705.9135 1467.628889)
(1512.726086 -1705.9135 1467.628889)
(1787.663466 -1705.9135 1467.628889)
(2062.600845 -1705.9135 1467.628889)
(2337.538224 -1705.9135 1467.628889)
(2612.475603 -1705.9135 1467.628889)
(2887.412983 -1705.9135 1467.628889)
(3162.350362 -1705.9135 1467.628889)
(3437.287741 -1705.9135 1467.628889)
(3712.225121 -1705.9135 1467.628889)
(3987.1625 -1705.9135 1467.628889)
(-3986.0215 -1478.10824 1467.628889)
(-3711.084121 -1478.10824 1467.628889)
(-3436.146741 -1478.10824 1467.628889)
(-3161.209362 -1478.10824 1467.628889)
(-2886.271983 -1478.10824 1467.628889)
(-2611.334603 -1478.10824 1467.628889)
(-2336.397224 -1478.10824 1467.628889)
(-2061.459845 -1478.10824 1467.628889)
(-1786.522466 -1478.10824 1467.628889)
(-1511.585086 -1478.10824 1467.628889)
(-1236.647707 -1478.10824 1467.628889)
(-961.7103276 -1478.10824 1467.628889)
(-686.7729483 -1478.10824 1467.628889)
(-411.835569 -1478.10824 1467.628889)
(-136.8981897 -1478.10824 1467.628889)
(138.0391897 -1478.10824 1467.628889)
(412.976569 -1478.10824 1467.628889)
(687.9139483 -1478.10824 1467.628889)
(962.8513276 -1478.10824 1467.628889)
(1237.788707 -1478.10824 1467.628889)
(1512.726086 -1478.10824 1467.628889)
(1787.663466 -1478.10824 1467.628889)
(2062.600845 -1478.10824 1467.628889)
(2337.538224 -1478.10824 1467.628889)
(2612.475603 -1478.10824 1467.628889)
(2887.412983 -1478.10824 1467.628889)
(3162.350362 -1478.10824 1467.628889)
(3437.287741 -1478.10824 1467.628889)
(3712.225121 -1478.10824 1467.628889)
(3987.1625 -1478.10824 1467.628889)
(-3986.0215 -1250.30298 1467.628889)
(-3711.084121 -1250.30298 1467.628889)
(-3436.146741 -1250.30298 1467.628889)
(-3161.209362 -1250.30298 1467.628889)
(-2886.271983 -1250.30298 1467.628889)
(-2611.334603 -1250.30298 1467.628889)
(-2336.397224 -1250.30298 1467.628889)
(-2061.459845 -1250.30298 1467.628889)
(-1786.522466 -1250.30298 1467.628889)
(-1511.585086 -1250.30298 1467.628889)
(-1236.647707 -1250.30298 1467.628889)
(-961.7103276 -1250.30298 1467.628889)
(-686.7729483 -1250.30298 1467.628889)
(-411.835569 -1250.30298 1467.628889)
(-136.8981897 -1250.30298 1467.628889)
(138.0391897 -1250.30298 1467.628889)
(412.976569 -1250.30298 1467.628889)
(687.9139483 -1250.30298 1467.628889)
(962.8513276 -1250.30298 1467.628889)
(1237.788707 -1250.30298 1467.628889)
(1512.726086 -1250.30298 1467.628889)
(1787.663466 -1250.30298 1467.628889)
(2062.600845 -1250.30298 1467.628889)
(2337.538224 -1250.30298 1467.628889)
(2612.475603 -1250.30298 1467.628889)
(2887.412983 -1250.30298 1467.628889)
(3162.350362 -1250.30298 1467.628889)
(3437.287741 -1250.30298 1467.628889)
(3712.225121 -1250.30298 1467.628889)
(3987.1625 -1250.30298 1467.628889)
(-3986.0215 -1022.49772 1467.628889)
(-3711.084121 -1022.49772 1467.628889)
(-3436.146741 -1022.49772 1467.628889)
(-3161.209362 -1022.49772 1467.628889)
(-2886.271983 -1022.49772 1467.628889)
(-2611.334603 -1022.49772 1467.628889)
(-2336.397224 -1022.49772 1467.628889)
(-2061.459845 -1022.49772 1467.628889)
(-1786.522466 -1022.49772 1467.628889)
(-1511.585086 -1022.49772 1467.628889)
(-1236.647707 -1022.49772 1467.628889)
(-961.7103276 -1022.49772 1467.628889)
(-686.7729483 -1022.49772 1467.628889)
(-411.835569 -1022.49772 1467.628889)
(-136.8981897 -1022.49772 1467.628889)
(138.0391897 -1022.49772 1467.628889)
(412.976569 -1022.49772 1467.628889)
(687.9139483 -1022.49772 1467.628889)
(962.8513276 -1022.49772 1467.628889)
(1237.788707 -1022.49772 1467.628889)
(1512.726086 -1022.49772 1467.628889)
(1787.663466 -1022.49772 1467.628889)
(2062.600845 -1022.49772 1467.628889)
(2337.538224 -1022.49772 1467.628889)
(2612.475603 -1022.49772 1467.628889)
(2887.412983 -1022.49772 1467.628889)
(3162.350362 -1022.49772 1467.628889)
(3437.287741 -1022.49772 1467.628889)
(3712.225121 -1022.49772 1467.628889)
(3987.1625 -1022.49772 1467.628889)
(-3986.0215 -794.69246 1467.628889)
(-3711.084121 -794.69246 1467.628889)
(-3436.146741 -794.69246 1467.628889)
(-3161.209362 -794.69246 1467.628889)
(-2886.271983 -794.69246 1467.628889)
(-2611.334603 -794.69246 1467.628889)
(-2336.397224 -794.69246 1467.628889)
(-2061.459845 -794.69246 1467.628889)
(-1786.522466 -794.69246 1467.628889)
(-1511.585086 -794.69246 1467.628889)
(-1236.647707 -794.69246 1467.628889)
(-961.7103276 -794.69246 1467.628889)
(-686.7729483 -794.69246 1467.628889)
(-411.835569 -794.69246 1467.628889)
(-136.8981897 -794.69246 1467.628889)
(138.0391897 -794.69246 1467.628889)
(412.976569 -794.69246 1467.628889)
(687.9139483 -794.69246 1467.628889)
(962.8513276 -794.69246 1467.628889)
(1237.788707 -794.69246 1467.628889)
(1512.726086 -794.69246 1467.628889)
(1787.663466 -794.69246 1467.628889)
(2062.600845 -794.69246 1467.628889)
(2337.538224 -794.69246 1467.628889)
(2612.475603 -794.69246 1467.628889)
(2887.412983 -794.69246 1467.628889)
(3162.350362 -794.69246 1467.628889)
(3437.287741 -794.69246 1467.628889)
(3712.225121 -794.69246 1467.628889)
(3987.1625 -794.69246 1467.628889)
(-3986.0215 -566.8872 1467.628889)
(-3711.084121 -566.8872 1467.628889)
(-3436.146741 -566.8872 1467.628889)
(-3161.209362 -566.8872 1467.628889)
(-2886.271983 -566.8872 1467.628889)
(-2611.334603 -566.8872 1467.628889)
(-2336.397224 -566.8872 1467.628889)
(-2061.459845 -566.8872 1467.628889)
(-1786.522466 -566.8872 1467.628889)
(-1511.585086 -566.8872 1467.628889)
(-1236.647707 -566.8872 1467.628889)
(-961.7103276 -566.8872 1467.628889)
(-686.7729483 -566.8872 1467.628889)
(-411.835569 -566.8872 1467.628889)
(-136.8981897 -566.8872 1467.628889)
(138.0391897 -566.8872 1467.628889)
(412.976569 -566.8872 1467.628889)
(687.9139483 -566.8872 1467.628889)
(962.8513276 -566.8872 1467.628889)
(1237.788707 -566.8872 1467.628889)
(1512.726086 -566.8872 1467.628889)
(1787.663466 -566.8872 1467.628889)
(2062.600845 -566.8872 1467.628889)
(2337.538224 -566.8872 1467.628889)
(2612.475603 -566.8872 1467.628889)
(2887.412983 -566.8872 1467.628889)
(3162.350362 -566.8872 1467.628889)
(3437.287741 -566.8872 1467.628889)
(3712.225121 -566.8872 1467.628889)
(3987.1625 -566.8872 1467.628889)
(-3986.0215 -339.08194 1467.628889)
(-3711.084121 -339.08194 1467.628889)
(-3436.146741 -339.08194 1467.628889)
(-3161.209362 -339.08194 1467.628889)
(-2886.271983 -339.08194 1467.628889)
(-2611.334603 -339.08194 1467.628889)
(-2336.397224 -339.08194 1467.628889)
(-2061.459845 -339.08194 1467.628889)
(-1786.522466 -339.08194 1467.628889)
(-1511.585086 -339.08194 1467.628889)
(-1236.647707 -339.08194 1467.628889)
(-961.7103276 -339.08194 1467.628889)
(-686.7729483 -339.08194 1467.628889)
(-411.835569 -339.08194 1467.628889)
(-136.8981897 -339.08194 1467.628889)
(138.0391897 -339.08194 1467.628889)
(412.976569 -339.08194 1467.628889)
(687.9139483 -339.08194 1467.628889)
(962.8513276 -339.08194 1467.628889)
(1237.788707 -339.08194 1467.628889)
(1512.726086 -339.08194 1467.628889)
(1787.663466 -339.08194 1467.628889)
(2062.600845 -339.08194 1467.628889)
(2337.538224 -339.08194 1467.628889)
(2612.475603 -339.08194 1467.628889)
(2887.412983 -339.08194 1467.628889)
(3162.350362 -339.08194 1467.628889)
(3437.287741 -339.08194 1467.628889)
(3712.225121 -339.08194 1467.628889)
(3987.1625 -339.08194 1467.628889)
(-3986.0215 -111.27668 1467.628889)
(-3711.084121 -111.27668 1467.628889)
(-3436.146741 -111.27668 1467.628889)
(-3161.209362 -111.27668 1467.628889)
(-2886.271983 -111.27668 1467.628889)
(-2611.334603 -111.27668 1467.628889)
(-2336.397224 -111.27668 1467.628889)
(-2061.459845 -111.27668 1467.628889)
(-1786.522466 -111.27668 1467.628889)
(-1511.585086 -111.27668 1467.628889)
(-1236.647707 -111.27668 1467.628889)
(-961.7103276 -111.27668 1467.628889)
(-686.7729483 -111.27668 1467.628889)
(-411.835569 -111.27668 1467.628889)
(-136.8981897 -111.27668 1467.628889)
(138.0391897 -111.27668 1467.628889)
(412.976569 -111.27668 1467.628889)
(687.9139483 -111.27668 1467.628889)
(962.8513276 -111.27668 1467.628889)
(1237.788707 -111.27668 1467.628889)
(1512.726086 -111.27668 1467.628889)
(1787.663466 -111.27668 1467.628889)
(2062.600845 -111.27668 1467.628889)
(2337.538224 -111.27668 1467.628889)
(2612.475603 -111.27668 1467.628889)
(2887.412983 -111.27668 1467.628889)
(3162.350362 -111.27668 1467.628889)
(3437.287741 -111.27668 1467.628889)
(3712.225121 -111.27668 1467.628889)
(3987.1625 -111.27668 1467.628889)
(-3986.0215 116.52858 1467.628889)
(-3711.084121 116.52858 1467.628889)
(-3436.146741 116.52858 1467.628889)
(-3161.209362 116.52858 1467.628889)
(-2886.271983 116.52858 1467.628889)
(-2611.334603 116.52858 1467.628889)
(-2336.397224 116.52858 1467.628889)
(-2061.459845 116.52858 1467.628889)
(-1786.522466 116.52858 1467.628889)
(-1511.585086 116.52858 1467.628889)
(-1236.647707 116.52858 1467.628889)
(-961.7103276 116.52858 1467.628889)
(-686.7729483 116.52858 1467.628889)
(-411.835569 116.52858 1467.628889)
(-136.8981897 116.52858 1467.628889)
(138.0391897 116.52858 1467.628889)
(412.976569 116.52858 1467.628889)
(687.9139483 116.52858 1467.628889)
(962.8513276 116.52858 1467.628889)
(1237.788707 116.52858 1467.628889)
(1512.726086 116.52858 1467.628889)
(1787.663466 116.52858 1467.628889)
(2062.600845 116.52858 1467.628889)
(2337.538224 116.52858 1467.628889)
(2612.475603 116.52858 1467.628889)
(2887.412983 116.52858 1467.628889)
(3162.350362 116.52858 1467.628889)
(3437.287741 116.52858 1467.628889)
(3712.225121 116.52858 1467.628889)
(3987.1625 116.52858 1467.628889)
(-3986.0215 344.33384 1467.628889)
(-3711.084121 344.33384 1467.628889)
(-3436.146741 344.33384 1467.628889)
(-3161.209362 344.33384 1467.628889)
(-2886.271983 344.33384 1467.628889)
(-2611.334603 344.33384 1467.628889)
(-2336.397224 344.33384 1467.628889)
(-2061.459845 344.33384 1467.628889)
(-1786.522466 344.33384 1467.628889)
(-1511.585086 344.33384 1467.628889)
(-1236.647707 344.33384 1467.628889)
(-961.7103276 344.33384 1467.628889)
(-686.7729483 344.33384 1467.628889)
(-411.835569 344.33384 1467.628889)
(-136.8981897 344.33384 1467.628889)
(138.0391897 344.33384 1467.628889)
(412.976569 344.33384 1467.628889)
(687.9139483 344.33384 1467.628889)
(962.8513276 344.33384 1467.628889)
(1237.788707 344.33384 1467.628889)
(1512.726086 344.33384 1467.628889)
(1787.663466 344.33384 1467.628889)
(2062.600845 344.33384 1467.628889)
(2337.538224 344.33384 1467.628889)
(2612.475603 344.33384 1467.628889)
(2887.412983 344.33384 1467.628889)
(3162.350362 344.33384 1467.628889)
(3437.287741 344.33384 1467.628889)
(3712.225121 344.33384 1467.628889)
(3987.1625 344.33384 1467.628889)
(-3986.0215 572.1391 1467.628889)
(-3711.084121 572.1391 1467.628889)
(-3436.146741 572.1391 1467.628889)
(-3161.209362 572.1391 1467.628889)
(-2886.271983 572.1391 1467.628889)
(-2611.334603 572.1391 1467.628889)
(-2336.397224 572.1391 1467.628889)
(-2061.459845 572.1391 1467.628889)
(-1786.522466 572.1391 1467.628889)
(-1511.585086 572.1391 1467.628889)
(-1236.647707 572.1391 1467.628889)
(-961.7103276 572.1391 1467.628889)
(-686.7729483 572.1391 1467.628889)
(-411.835569 572.1391 1467.628889)
(-136.8981897 572.1391 1467.628889)
(138.0391897 572.1391 1467.628889)
(412.976569 572.1391 1467.628889)
(687.9139483 572.1391 1467.628889)
(962.8513276 572.1391 1467.628889)
(1237.788707 572.1391 1467.628889)
(1512.726086 572.1391 1467.628889)
(1787.663466 572.1391 1467.628889)
(2062.600845 572.1391 1467.628889)
(2337.538224 572.1391 1467.628889)
(2612.475603 572.1391 1467.628889)
(2887.412983 572.1391 1467.628889)
(3162.350362 572.1391 1467.628889)
(3437.287741 572.1391 1467.628889)
(3712.225121 572.1391 1467.628889)
(3987.1625 572.1391 1467.628889)
(-3986.0215 799.94436 1467.628889)
(-3711.084121 799.94436 1467.628889)
(-3436.146741 799.94436 1467.628889)
(-3161.209362 799.94436 1467.628889)
(-2886.271983 799.94436 1467.628889)
(-2611.334603 799.94436 1467.628889)
(-2336.397224 799.94436 1467.628889)
(-2061.459845 799.94436 1467.628889)
(-1786.522466 799.94436 1467.628889)
(-1511.585086 799.94436 1467.628889)
(-1236.647707 799.94436 1467.628889)
(-961.7103276 799.94436 1467.628889)
(-686.7729483 799.94436 1467.628889)
(-411.835569 799.94436 1467.628889)
(-136.8981897 799.94436 1467.628889)
(138.0391897 799.94436 1467.628889)
(412.976569 799.94436 1467.628889)
(687.9139483 799.94436 1467.628889)
(962.8513276 799.94436 1467.628889)
(1237.788707 799.94436 1467.628889)
(1512.726086 799.94436 1467.628889)
(1787.663466 799.94436 1467.628889)
(2062.600845 799.94436 1467.628889)
(2337.538224 799.94436 1467.628889)
(2612.475603 799.94436 1467.628889)
(2887.412983 799.94436 1467.628889)
(3162.350362 799.94436 1467.628889)
(3437.287741 799.94436 1467.628889)
(3712.225121 799.94436 1467.628889)
(3987.1625 799.94436 1467.628889)
(-3986.0215 1027.74962 1467.628889)
(-3711.084121 1027.74962 1467.628889)
(-3436.146741 1027.74962 1467.628889)
(-3161.209362 1027.74962 1467.628889)
(-2886.271983 1027.74962 1467.628889)
(-2611.334603 1027.74962 1467.628889)
(-2336.397224 1027.74962 1467.628889)
(-2061.459845 1027.74962 1467.628889)
(-1786.522466 1027.74962 1467.628889)
(-1511.585086 1027.74962 1467.628889)
(-1236.647707 1027.74962 1467.628889)
(-961.7103276 1027.74962 1467.628889)
(-686.7729483 1027.74962 1467.628889)
(-411.835569 1027.74962 1467.628889)
(-136.8981897 1027.74962 1467.628889)
(138.0391897 1027.74962 1467.628889)
(412.976569 1027.74962 1467.628889)
(687.9139483 1027.74962 1467.628889)
(962.8513276 1027.74962 1467.628889)
(1237.788707 1027.74962 1467.628889)
(1512.726086 1027.74962 1467.628889)
(1787.663466 1027.74962 1467.628889)
(2062.600845 1027.74962 1467.628889)
(2337.538224 1027.74962 1467.628889)
(2612.475603 1027.74962 1467.628889)
(2887.412983 1027.74962 1467.628889)
(3162.350362 1027.74962 1467.628889)
(3437.287741 1027.74962 1467.628889)
(3712.225121 1027.74962 1467.628889)
(3987.1625 1027.74962 1467.628889)
(-3986.0215 1255.55488 1467.628889)
(-3711.084121 1255.55488 1467.628889)
(-3436.146741 1255.55488 1467.628889)
(-3161.209362 1255.55488 1467.628889)
(-2886.271983 1255.55488 1467.628889)
(-2611.334603 1255.55488 1467.628889)
(-2336.397224 1255.55488 1467.628889)
(-2061.459845 1255.55488 1467.628889)
(-1786.522466 1255.55488 1467.628889)
(-1511.585086 1255.55488 1467.628889)
(-1236.647707 1255.55488 1467.628889)
(-961.7103276 1255.55488 1467.628889)
(-686.7729483 1255.55488 1467.628889)
(-411.835569 1255.55488 1467.628889)
(-136.8981897 1255.55488 1467.628889)
(138.0391897 1255.55488 1467.628889)
(412.976569 1255.55488 1467.628889)
(687.9139483 1255.55488 1467.628889)
(962.8513276 1255.55488 1467.628889)
(1237.788707 1255.55488 1467.628889)
(1512.726086 1255.55488 1467.628889)
(1787.663466 1255.55488 1467.628889)
(2062.600845 1255.55488 1467.628889)
(2337.538224 1255.55488 1467.628889)
(2612.475603 1255.55488 1467.628889)
(2887.412983 1255.55488 1467.628889)
(3162.350362 1255.55488 1467.628889)
(3437.287741 1255.55488 1467.628889)
(3712.225121 1255.55488 1467.628889)
(3987.1625 1255.55488 1467.628889)
(-3986.0215 1483.36014 1467.628889)
(-3711.084121 1483.36014 1467.628889)
(-3436.146741 1483.36014 1467.628889)
(-3161.209362 1483.36014 1467.628889)
(-2886.271983 1483.36014 1467.628889)
(-2611.334603 1483.36014 1467.628889)
(-2336.397224 1483.36014 1467.628889)
(-2061.459845 1483.36014 1467.628889)
(-1786.522466 1483.36014 1467.628889)
(-1511.585086 1483.36014 1467.628889)
(-1236.647707 1483.36014 1467.628889)
(-961.7103276 1483.36014 1467.628889)
(-686.7729483 1483.36014 1467.628889)
(-411.835569 1483.36014 1467.628889)
(-136.8981897 1483.36014 1467.628889)
(138.0391897 1483.36014 1467.628889)
(412.976569 1483.36014 1467.628889)
(687.9139483 1483.36014 1467.628889)
(962.8513276 1483.36014 1467.628889)
(1237.788707 1483.36014 1467.628889)
(1512.726086 1483.36014 1467.628889)
(1787.663466 1483.36014 1467.628889)
(2062.600845 1483.36014 1467.628889)
(2337.538224 1483.36014 1467.628889)
(2612.475603 1483.36014 1467.628889)
(2887.412983 1483.36014 1467.628889)
(3162.350362 1483.36014 1467.628889)
(3437.287741 1483.36014 1467.628889)
(3712.225121 1483.36014 1467.628889)
(3987.1625 1483.36014 1467.628889)
(-3986.0215 1711.1654 1467.628889)
(-3711.084121 1711.1654 1467.628889)
(-3436.146741 1711.1654 1467.628889)
(-3161.209362 1711.1654 1467.628889)
(-2886.271983 1711.1654 1467.628889)
(-2611.334603 1711.1654 1467.628889)
(-2336.397224 1711.1654 1467.628889)
(-2061.459845 1711.1654 1467.628889)
(-1786.522466 1711.1654 1467.628889)
(-1511.585086 1711.1654 1467.628889)
(-1236.647707 1711.1654 1467.628889)
(-961.7103276 1711.1654 1467.628889)
(-686.7729483 1711.1654 1467.628889)
(-411.835569 1711.1654 1467.628889)
(-136.8981897 1711.1654 1467.628889)
(138.0391897 1711.1654 1467.628889)
(412.976569 1711.1654 1467.628889)
(687.9139483 1711.1654 1467.628889)
(962.8513276 1711.1654 1467.628889)
(1237.788707 1711.1654 1467.628889)
(1512.726086 1711.1654 1467.628889)
(1787.663466 1711.1654 1467.628889)
(2062.600845 1711.1654 1467.628889)
(2337.538224 1711.1654 1467.628889)
(2612.475603 1711.1654 1467.628889)
(2887.412983 1711.1654 1467.628889)
(3162.350362 1711.1654 1467.628889)
(3437.287741 1711.1654 1467.628889)
(3712.225121 1711.1654 1467.628889)
(3987.1625 1711.1654 1467.628889)
(-3986.0215 1938.97066 1467.628889)
(-3711.084121 1938.97066 1467.628889)
(-3436.146741 1938.97066 1467.628889)
(-3161.209362 1938.97066 1467.628889)
(-2886.271983 1938.97066 1467.628889)
(-2611.334603 1938.97066 1467.628889)
(-2336.397224 1938.97066 1467.628889)
(-2061.459845 1938.97066 1467.628889)
(-1786.522466 1938.97066 1467.628889)
(-1511.585086 1938.97066 1467.628889)
(-1236.647707 1938.97066 1467.628889)
(-961.7103276 1938.97066 1467.628889)
(-686.7729483 1938.97066 1467.628889)
(-411.835569 1938.97066 1467.628889)
(-136.8981897 1938.97066 1467.628889)
(138.0391897 1938.97066 1467.628889)
(412.976569 1938.97066 1467.628889)
(687.9139483 1938.97066 1467.628889)
(962.8513276 1938.97066 1467.628889)
(1237.788707 1938.97066 1467.628889)
(1512.726086 1938.97066 1467.628889)
(1787.663466 1938.97066 1467.628889)
(2062.600845 1938.97066 1467.628889)
(2337.538224 1938.97066 1467.628889)
(2612.475603 1938.97066 1467.628889)
(2887.412983 1938.97066 1467.628889)
(3162.350362 1938.97066 1467.628889)
(3437.287741 1938.97066 1467.628889)
(3712.225121 1938.97066 1467.628889)
(3987.1625 1938.97066 1467.628889)
(-3986.0215 2166.77592 1467.628889)
(-3711.084121 2166.77592 1467.628889)
(-3436.146741 2166.77592 1467.628889)
(-3161.209362 2166.77592 1467.628889)
(-2886.271983 2166.77592 1467.628889)
(-2611.334603 2166.77592 1467.628889)
(-2336.397224 2166.77592 1467.628889)
(-2061.459845 2166.77592 1467.628889)
(-1786.522466 2166.77592 1467.628889)
(-1511.585086 2166.77592 1467.628889)
(-1236.647707 2166.77592 1467.628889)
(-961.7103276 2166.77592 1467.628889)
(-686.7729483 2166.77592 1467.628889)
(-411.835569 2166.77592 1467.628889)
(-136.8981897 2166.77592 1467.628889)
(138.0391897 2166.77592 1467.628889)
(412.976569 2166.77592 1467.628889)
(687.9139483 2166.77592 1467.628889)
(962.8513276 2166.77592 1467.628889)
(1237.788707 2166.77592 1467.628889)
(1512.726086 2166.77592 1467.628889)
(1787.663466 2166.77592 1467.628889)
(2062.600845 2166.77592 1467.628889)
(2337.538224 2166.77592 1467.628889)
(2612.475603 2166.77592 1467.628889)
(2887.412983 2166.77592 1467.628889)
(3162.350362 2166.77592 1467.628889)
(3437.287741 2166.77592 1467.628889)
(3712.225121 2166.77592 1467.628889)
(3987.1625 2166.77592 1467.628889)
(-3986.0215 2394.58118 1467.628889)
(-3711.084121 2394.58118 1467.628889)
(-3436.146741 2394.58118 1467.628889)
(-3161.209362 2394.58118 1467.628889)
(-2886.271983 2394.58118 1467.628889)
(-2611.334603 2394.58118 1467.628889)
(-2336.397224 2394.58118 1467.628889)
(-2061.459845 2394.58118 1467.628889)
(-1786.522466 2394.58118 1467.628889)
(-1511.585086 2394.58118 1467.628889)
(-1236.647707 2394.58118 1467.628889)
(-961.7103276 2394.58118 1467.628889)
(-686.7729483 2394.58118 1467.628889)
(-411.835569 2394.58118 1467.628889)
(-136.8981897 2394.58118 1467.628889)
(138.0391897 2394.58118 1467.628889)
(412.976569 2394.58118 1467.628889)
(687.9139483 2394.58118 1467.628889)
(962.8513276 2394.58118 1467.628889)
(1237.788707 2394.58118 1467.628889)
(1512.726086 2394.58118 1467.628889)
(1787.663466 2394.58118 1467.628889)
(2062.600845 2394.58118 1467.628889)
(2337.538224 2394.58118 1467.628889)
(2612.475603 2394.58118 1467.628889)
(2887.412983 2394.58118 1467.628889)
(3162.350362 2394.58118 1467.628889)
(3437.287741 2394.58118 1467.628889)
(3712.225121 2394.58118 1467.628889)
(3987.1625 2394.58118 1467.628889)
(-3986.0215 2622.38644 1467.628889)
(-3711.084121 2622.38644 1467.628889)
(-3436.146741 2622.38644 1467.628889)
(-3161.209362 2622.38644 1467.628889)
(-2886.271983 2622.38644 1467.628889)
(-2611.334603 2622.38644 1467.628889)
(-2336.397224 2622.38644 1467.628889)
(-2061.459845 2622.38644 1467.628889)
(-1786.522466 2622.38644 1467.628889)
(-1511.585086 2622.38644 1467.628889)
(-1236.647707 2622.38644 1467.628889)
(-961.7103276 2622.38644 1467.628889)
(-686.7729483 2622.38644 1467.628889)
(-411.835569 2622.38644 1467.628889)
(-136.8981897 2622.38644 1467.628889)
(138.0391897 2622.38644 1467.628889)
(412.976569 2622.38644 1467.628889)
(687.9139483 2622.38644 1467.628889)
(962.8513276 2622.38644 1467.628889)
(1237.788707 2622.38644 1467.628889)
(1512.726086 2622.38644 1467.628889)
(1787.663466 2622.38644 1467.628889)
(2062.600845 2622.38644 1467.628889)
(2337.538224 2622.38644 1467.628889)
(2612.475603 2622.38644 1467.628889)
(2887.412983 2622.38644 1467.628889)
(3162.350362 2622.38644 1467.628889)
(3437.287741 2622.38644 1467.628889)
(3712.225121 2622.38644 1467.628889)
(3987.1625 2622.38644 1467.628889)
(-3986.0215 2850.1917 1467.628889)
(-3711.084121 2850.1917 1467.628889)
(-3436.146741 2850.1917 1467.628889)
(-3161.209362 2850.1917 1467.628889)
(-2886.271983 2850.1917 1467.628889)
(-2611.334603 2850.1917 1467.628889)
(-2336.397224 2850.1917 1467.628889)
(-2061.459845 2850.1917 1467.628889)
(-1786.522466 2850.1917 1467.628889)
(-1511.585086 2850.1917 1467.628889)
(-1236.647707 2850.1917 1467.628889)
(-961.7103276 2850.1917 1467.628889)
(-686.7729483 2850.1917 1467.628889)
(-411.835569 2850.1917 1467.628889)
(-136.8981897 2850.1917 1467.628889)
(138.0391897 2850.1917 1467.628889)
(412.976569 2850.1917 1467.628889)
(687.9139483 2850.1917 1467.628889)
(962.8513276 2850.1917 1467.628889)
(1237.788707 2850.1917 1467.628889)
(1512.726086 2850.1917 1467.628889)
(1787.663466 2850.1917 1467.628889)
(2062.600845 2850.1917 1467.628889)
(2337.538224 2850.1917 1467.628889)
(2612.475603 2850.1917 1467.628889)
(2887.412983 2850.1917 1467.628889)
(3162.350362 2850.1917 1467.628889)
(3437.287741 2850.1917 1467.628889)
(3712.225121 2850.1917 1467.628889)
(3987.1625 2850.1917 1467.628889)
(-3986.0215 3077.99696 1467.628889)
(-3711.084121 3077.99696 1467.628889)
(-3436.146741 3077.99696 1467.628889)
(-3161.209362 3077.99696 1467.628889)
(-2886.271983 3077.99696 1467.628889)
(-2611.334603 3077.99696 1467.628889)
(-2336.397224 3077.99696 1467.628889)
(-2061.459845 3077.99696 1467.628889)
(-1786.522466 3077.99696 1467.628889)
(-1511.585086 3077.99696 1467.628889)
(-1236.647707 3077.99696 1467.628889)
(-961.7103276 3077.99696 1467.628889)
(-686.7729483 3077.99696 1467.628889)
(-411.835569 3077.99696 1467.628889)
(-136.8981897 3077.99696 1467.628889)
(138.0391897 3077.99696 1467.628889)
(412.976569 3077.99696 1467.628889)
(687.9139483 3077.99696 1467.628889)
(962.8513276 3077.99696 1467.628889)
(1237.788707 3077.99696 1467.628889)
(1512.726086 3077.99696 1467.628889)
(1787.663466 3077.99696 1467.628889)
(2062.600845 3077.99696 1467.628889)
(2337.538224 3077.99696 1467.628889)
(2612.475603 3077.99696 1467.628889)
(2887.412983 3077.99696 1467.628889)
(3162.350362 3077.99696 1467.628889)
(3437.287741 3077.99696 1467.628889)
(3712.225121 3077.99696 1467.628889)
(3987.1625 3077.99696 1467.628889)
(-3986.0215 3305.80222 1467.628889)
(-3711.084121 3305.80222 1467.628889)
(-3436.146741 3305.80222 1467.628889)
(-3161.209362 3305.80222 1467.628889)
(-2886.271983 3305.80222 1467.628889)
(-2611.334603 3305.80222 1467.628889)
(-2336.397224 3305.80222 1467.628889)
(-2061.459845 3305.80222 1467.628889)
(-1786.522466 3305.80222 1467.628889)
(-1511.585086 3305.80222 1467.628889)
(-1236.647707 3305.80222 1467.628889)
(-961.7103276 3305.80222 1467.628889)
(-686.7729483 3305.80222 1467.628889)
(-411.835569 3305.80222 1467.628889)
(-136.8981897 3305.80222 1467.628889)
(138.0391897 3305.80222 1467.628889)
(412.976569 3305.80222 1467.628889)
(687.9139483 3305.80222 1467.628889)
(962.8513276 3305.80222 1467.628889)
(1237.788707 3305.80222 1467.628889)
(1512.726086 3305.80222 1467.628889)
(1787.663466 3305.80222 1467.628889)
(2062.600845 3305.80222 1467.628889)
(2337.538224 3305.80222 1467.628889)
(2612.475603 3305.80222 1467.628889)
(2887.412983 3305.80222 1467.628889)
(3162.350362 3305.80222 1467.628889)
(3437.287741 3305.80222 1467.628889)
(3712.225121 3305.80222 1467.628889)
(3987.1625 3305.80222 1467.628889)
(-3986.0215 3533.60748 1467.628889)
(-3711.084121 3533.60748 1467.628889)
(-3436.146741 3533.60748 1467.628889)
(-3161.209362 3533.60748 1467.628889)
(-2886.271983 3533.60748 1467.628889)
(-2611.334603 3533.60748 1467.628889)
(-2336.397224 3533.60748 1467.628889)
(-2061.459845 3533.60748 1467.628889)
(-1786.522466 3533.60748 1467.628889)
(-1511.585086 3533.60748 1467.628889)
(-1236.647707 3533.60748 1467.628889)
(-961.7103276 3533.60748 1467.628889)
(-686.7729483 3533.60748 1467.628889)
(-411.835569 3533.60748 1467.628889)
(-136.8981897 3533.60748 1467.628889)
(138.0391897 3533.60748 1467.628889)
(412.976569 3533.60748 1467.628889)
(687.9139483 3533.60748 1467.628889)
(962.8513276 3533.60748 1467.628889)
(1237.788707 3533.60748 1467.628889)
(1512.726086 3533.60748 1467.628889)
(1787.663466 3533.60748 1467.628889)
(2062.600845 3533.60748 1467.628889)
(2337.538224 3533.60748 1467.628889)
(2612.475603 3533.60748 1467.628889)
(2887.412983 3533.60748 1467.628889)
(3162.350362 3533.60748 1467.628889)
(3437.287741 3533.60748 1467.628889)
(3712.225121 3533.60748 1467.628889)
(3987.1625 3533.60748 1467.628889)
(-3986.0215 3761.41274 1467.628889)
(-3711.084121 3761.41274 1467.628889)
(-3436.146741 3761.41274 1467.628889)
(-3161.209362 3761.41274 1467.628889)
(-2886.271983 3761.41274 1467.628889)
(-2611.334603 3761.41274 1467.628889)
(-2336.397224 3761.41274 1467.628889)
(-2061.459845 3761.41274 1467.628889)
(-1786.522466 3761.41274 1467.628889)
(-1511.585086 3761.41274 1467.628889)
(-1236.647707 3761.41274 1467.628889)
(-961.7103276 3761.41274 1467.628889)
(-686.7729483 3761.41274 1467.628889)
(-411.835569 3761.41274 1467.628889)
(-136.8981897 3761.41274 1467.628889)
(138.0391897 3761.41274 1467.628889)
(412.976569 3761.41274 1467.628889)
(687.9139483 3761.41274 1467.628889)
(962.8513276 3761.41274 1467.628889)
(1237.788707 3761.41274 1467.628889)
(1512.726086 3761.41274 1467.628889)
(1787.663466 3761.41274 1467.628889)
(2062.600845 3761.41274 1467.628889)
(2337.538224 3761.41274 1467.628889)
(2612.475603 3761.41274 1467.628889)
(2887.412983 3761.41274 1467.628889)
(3162.350362 3761.41274 1467.628889)
(3437.287741 3761.41274 1467.628889)
(3712.225121 3761.41274 1467.628889)
(3987.1625 3761.41274 1467.628889)
(-3986.0215 3989.218 1467.628889)
(-3711.084121 3989.218 1467.628889)
(-3436.146741 3989.218 1467.628889)
(-3161.209362 3989.218 1467.628889)
(-2886.271983 3989.218 1467.628889)
(-2611.334603 3989.218 1467.628889)
(-2336.397224 3989.218 1467.628889)
(-2061.459845 3989.218 1467.628889)
(-1786.522466 3989.218 1467.628889)
(-1511.585086 3989.218 1467.628889)
(-1236.647707 3989.218 1467.628889)
(-961.7103276 3989.218 1467.628889)
(-686.7729483 3989.218 1467.628889)
(-411.835569 3989.218 1467.628889)
(-136.8981897 3989.218 1467.628889)
(138.0391897 3989.218 1467.628889)
(412.976569 3989.218 1467.628889)
(687.9139483 3989.218 1467.628889)
(962.8513276 3989.218 1467.628889)
(1237.788707 3989.218 1467.628889)
(1512.726086 3989.218 1467.628889)
(1787.663466 3989.218 1467.628889)
(2062.600845 3989.218 1467.628889)
(2337.538224 3989.218 1467.628889)
(2612.475603 3989.218 1467.628889)
(2887.412983 3989.218 1467.628889)
(3162.350362 3989.218 1467.628889)
(3437.287741 3989.218 1467.628889)
(3712.225121 3989.218 1467.628889)
(3987.1625 3989.218 1467.628889)
(-3986.0215 -3983.9661 1887.270158)
(-3711.084121 -3983.9661 1887.270158)
(-3436.146741 -3983.9661 1887.270158)
(-3161.209362 -3983.9661 1887.270158)
(-2886.271983 -3983.9661 1887.270158)
(-2611.334603 -3983.9661 1887.270158)
(-2336.397224 -3983.9661 1887.270158)
(-2061.459845 -3983.9661 1887.270158)
(-1786.522466 -3983.9661 1887.270158)
(-1511.585086 -3983.9661 1887.270158)
(-1236.647707 -3983.9661 1887.270158)
(-961.7103276 -3983.9661 1887.270158)
(-686.7729483 -3983.9661 1887.270158)
(-411.835569 -3983.9661 1887.270158)
(-136.8981897 -3983.9661 1887.270158)
(138.0391897 -3983.9661 1887.270158)
(412.976569 -3983.9661 1887.270158)
(687.9139483 -3983.9661 1887.270158)
(962.8513276 -3983.9661 1887.270158)
(1237.788707 -3983.9661 1887.270158)
(1512.726086 -3983.9661 1887.270158)
(1787.663466 -3983.9661 1887.270158)
(2062.600845 -3983.9661 1887.270158)
(2337.538224 -3983.9661 1887.270158)
(2612.475603 -3983.9661 1887.270158)
(2887.412983 -3983.9661 1887.270158)
(3162.350362 -3983.9661 1887.270158)
(3437.287741 -3983.9661 1887.270158)
(3712.225121 -3983.9661 1887.270158)
(3987.1625 -3983.9661 1887.270158)
(-3986.0215 -3756.16084 1887.270158)
(-3711.084121 -3756.16084 1887.270158)
(-3436.146741 -3756.16084 1887.270158)
(-3161.209362 -3756.16084 1887.270158)
(-2886.271983 -3756.16084 1887.270158)
(-2611.334603 -3756.16084 1887.270158)
(-2336.397224 -3756.16084 1887.270158)
(-2061.459845 -3756.16084 1887.270158)
(-1786.522466 -3756.16084 1887.270158)
(-1511.585086 -3756.16084 1887.270158)
(-1236.647707 -3756.16084 1887.270158)
(-961.7103276 -3756.16084 1887.270158)
(-686.7729483 -3756.16084 1887.270158)
(-411.835569 -3756.16084 1887.270158)
(-136.8981897 -3756.16084 1887.270158)
(138.0391897 -3756.16084 1887.270158)
(412.976569 -3756.16084 1887.270158)
(687.9139483 -3756.16084 1887.270158)
(962.8513276 -3756.16084 1887.270158)
(1237.788707 -3756.16084 1887.270158)
(1512.726086 -3756.16084 1887.270158)
(1787.663466 -3756.16084 1887.270158)
(2062.600845 -3756.16084 1887.270158)
(2337.538224 -3756.16084 1887.270158)
(2612.475603 -3756.16084 1887.270158)
(2887.412983 -3756.16084 1887.270158)
(3162.350362 -3756.16084 1887.270158)
(3437.287741 -3756.16084 1887.270158)
(3712.225121 -3756.16084 1887.270158)
(3987.1625 -3756.16084 1887.270158)
(-3986.0215 -3528.35558 1887.270158)
(-3711.084121 -3528.35558 1887.270158)
(-3436.146741 -3528.35558 1887.270158)
(-3161.209362 -3528.35558 1887.270158)
(-2886.271983 -3528.35558 1887.270158)
(-2611.334603 -3528.35558 1887.270158)
(-2336.397224 -3528.35558 1887.270158)
(-2061.459845 -3528.35558 1887.270158)
(-1786.522466 -3528.35558 1887.270158)
(-1511.585086 -3528.35558 1887.270158)
(-1236.647707 -3528.35558 1887.270158)
(-961.7103276 -3528.35558 1887.270158)
(-686.7729483 -3528.35558 1887.270158)
(-411.835569 -3528.35558 1887.270158)
(-136.8981897 -3528.35558 1887.270158)
(138.0391897 -3528.35558 1887.270158)
(412.976569 -3528.35558 1887.270158)
(687.9139483 -3528.35558 1887.270158)
(962.8513276 -3528.35558 1887.270158)
(1237.788707 -3528.35558 1887.270158)
(1512.726086 -3528.35558 1887.270158)
(1787.663466 -3528.35558 1887.270158)
(2062.600845 -3528.35558 1887.270158)
(2337.538224 -3528.35558 1887.270158)
(2612.475603 -3528.35558 1887.270158)
(2887.412983 -3528.35558 1887.270158)
(3162.350362 -3528.35558 1887.270158)
(3437.287741 -3528.35558 1887.270158)
(3712.225121 -3528.35558 1887.270158)
(3987.1625 -3528.35558 1887.270158)
(-3986.0215 -3300.55032 1887.270158)
(-3711.084121 -3300.55032 1887.270158)
(-3436.146741 -3300.55032 1887.270158)
(-3161.209362 -3300.55032 1887.270158)
(-2886.271983 -3300.55032 1887.270158)
(-2611.334603 -3300.55032 1887.270158)
(-2336.397224 -3300.55032 1887.270158)
(-2061.459845 -3300.55032 1887.270158)
(-1786.522466 -3300.55032 1887.270158)
(-1511.585086 -3300.55032 1887.270158)
(-1236.647707 -3300.55032 1887.270158)
(-961.7103276 -3300.55032 1887.270158)
(-686.7729483 -3300.55032 1887.270158)
(-411.835569 -3300.55032 1887.270158)
(-136.8981897 -3300.55032 1887.270158)
(138.0391897 -3300.55032 1887.270158)
(412.976569 -3300.55032 1887.270158)
(687.9139483 -3300.55032 1887.270158)
(962.8513276 -3300.55032 1887.270158)
(1237.788707 -3300.55032 1887.270158)
(1512.726086 -3300.55032 1887.270158)
(1787.663466 -3300.55032 1887.270158)
(2062.600845 -3300.55032 1887.270158)
(2337.538224 -3300.55032 1887.270158)
(2612.475603 -3300.55032 1887.270158)
(2887.412983 -3300.55032 1887.270158)
(3162.350362 -3300.55032 1887.270158)
(3437.287741 -3300.55032 1887.270158)
(3712.225121 -3300.55032 1887.270158)
(3987.1625 -3300.55032 1887.270158)
(-3986.0215 -3072.74506 1887.270158)
(-3711.084121 -3072.74506 1887.270158)
(-3436.146741 -3072.74506 1887.270158)
(-3161.209362 -3072.74506 1887.270158)
(-2886.271983 -3072.74506 1887.270158)
(-2611.334603 -3072.74506 1887.270158)
(-2336.397224 -3072.74506 1887.270158)
(-2061.459845 -3072.74506 1887.270158)
(-1786.522466 -3072.74506 1887.270158)
(-1511.585086 -3072.74506 1887.270158)
(-1236.647707 -3072.74506 1887.270158)
(-961.7103276 -3072.74506 1887.270158)
(-686.7729483 -3072.74506 1887.270158)
(-411.835569 -3072.74506 1887.270158)
(-136.8981897 -3072.74506 1887.270158)
(138.0391897 -3072.74506 1887.270158)
(412.976569 -3072.74506 1887.270158)
(687.9139483 -3072.74506 1887.270158)
(962.8513276 -3072.74506 1887.270158)
(1237.788707 -3072.74506 1887.270158)
(1512.726086 -3072.74506 1887.270158)
(1787.663466 -3072.74506 1887.270158)
(2062.600845 -3072.74506 1887.270158)
(2337.538224 -3072.74506 1887.270158)
(2612.475603 -3072.74506 1887.270158)
(2887.412983 -3072.74506 1887.270158)
(3162.350362 -3072.74506 1887.270158)
(3437.287741 -3072.74506 1887.270158)
(3712.225121 -3072.74506 1887.270158)
(3987.1625 -3072.74506 1887.270158)
(-3986.0215 -2844.9398 1887.270158)
(-3711.084121 -2844.9398 1887.270158)
(-3436.146741 -2844.9398 1887.270158)
(-3161.209362 -2844.9398 1887.270158)
(-2886.271983 -2844.9398 1887.270158)
(-2611.334603 -2844.9398 1887.270158)
(-2336.397224 -2844.9398 1887.270158)
(-2061.459845 -2844.9398 1887.270158)
(-1786.522466 -2844.9398 1887.270158)
(-1511.585086 -2844.9398 1887.270158)
(-1236.647707 -2844.9398 1887.270158)
(-961.7103276 -2844.9398 1887.270158)
(-686.7729483 -2844.9398 1887.270158)
(-411.835569 -2844.9398 1887.270158)
(-136.8981897 -2844.9398 1887.270158)
(138.0391897 -2844.9398 1887.270158)
(412.976569 -2844.9398 1887.270158)
(687.9139483 -2844.9398 1887.270158)
(962.8513276 -2844.9398 1887.270158)
(1237.788707 -2844.9398 1887.270158)
(1512.726086 -2844.9398 1887.270158)
(1787.663466 -2844.9398 1887.270158)
(2062.600845 -2844.9398 1887.270158)
(2337.538224 -2844.9398 1887.270158)
(2612.475603 -2844.9398 1887.270158)
(2887.412983 -2844.9398 1887.270158)
(3162.350362 -2844.9398 1887.270158)
(3437.287741 -2844.9398 1887.270158)
(3712.225121 -2844.9398 1887.270158)
(3987.1625 -2844.9398 1887.270158)
(-3986.0215 -2617.13454 1887.270158)
(-3711.084121 -2617.13454 1887.270158)
(-3436.146741 -2617.13454 1887.270158)
(-3161.209362 -2617.13454 1887.270158)
(-2886.271983 -2617.13454 1887.270158)
(-2611.334603 -2617.13454 1887.270158)
(-2336.397224 -2617.13454 1887.270158)
(-2061.459845 -2617.13454 1887.270158)
(-1786.522466 -2617.13454 1887.270158)
(-1511.585086 -2617.13454 1887.270158)
(-1236.647707 -2617.13454 1887.270158)
(-961.7103276 -2617.13454 1887.270158)
(-686.7729483 -2617.13454 1887.270158)
(-411.835569 -2617.13454 1887.270158)
(-136.8981897 -2617.13454 1887.270158)
(138.0391897 -2617.13454 1887.270158)
(412.976569 -2617.13454 1887.270158)
(687.9139483 -2617.13454 1887.270158)
(962.8513276 -2617.13454 1887.270158)
(1237.788707 -2617.13454 1887.270158)
(1512.726086 -2617.13454 1887.270158)
(1787.663466 -2617.13454 1887.270158)
(2062.600845 -2617.13454 1887.270158)
(2337.538224 -2617.13454 1887.270158)
(2612.475603 -2617.13454 1887.270158)
(2887.412983 -2617.13454 1887.270158)
(3162.350362 -2617.13454 1887.270158)
(3437.287741 -2617.13454 1887.270158)
(3712.225121 -2617.13454 1887.270158)
(3987.1625 -2617.13454 1887.270158)
(-3986.0215 -2389.32928 1887.270158)
(-3711.084121 -2389.32928 1887.270158)
(-3436.146741 -2389.32928 1887.270158)
(-3161.209362 -2389.32928 1887.270158)
(-2886.271983 -2389.32928 1887.270158)
(-2611.334603 -2389.32928 1887.270158)
(-2336.397224 -2389.32928 1887.270158)
(-2061.459845 -2389.32928 1887.270158)
(-1786.522466 -2389.32928 1887.270158)
(-1511.585086 -2389.32928 1887.270158)
(-1236.647707 -2389.32928 1887.270158)
(-961.7103276 -2389.32928 1887.270158)
(-686.7729483 -2389.32928 1887.270158)
(-411.835569 -2389.32928 1887.270158)
(-136.8981897 -2389.32928 1887.270158)
(138.0391897 -2389.32928 1887.270158)
(412.976569 -2389.32928 1887.270158)
(687.9139483 -2389.32928 1887.270158)
(962.8513276 -2389.32928 1887.270158)
(1237.788707 -2389.32928 1887.270158)
(1512.726086 -2389.32928 1887.270158)
(1787.663466 -2389.32928 1887.270158)
(2062.600845 -2389.32928 1887.270158)
(2337.538224 -2389.32928 1887.270158)
(2612.475603 -2389.32928 1887.270158)
(2887.412983 -2389.32928 1887.270158)
(3162.350362 -2389.32928 1887.270158)
(3437.287741 -2389.32928 1887.270158)
(3712.225121 -2389.32928 1887.270158)
(3987.1625 -2389.32928 1887.270158)
(-3986.0215 -2161.52402 1887.270158)
(-3711.084121 -2161.52402 1887.270158)
(-3436.146741 -2161.52402 1887.270158)
(-3161.209362 -2161.52402 1887.270158)
(-2886.271983 -2161.52402 1887.270158)
(-2611.334603 -2161.52402 1887.270158)
(-2336.397224 -2161.52402 1887.270158)
(-2061.459845 -2161.52402 1887.270158)
(-1786.522466 -2161.52402 1887.270158)
(-1511.585086 -2161.52402 1887.270158)
(-1236.647707 -2161.52402 1887.270158)
(-961.7103276 -2161.52402 1887.270158)
(-686.7729483 -2161.52402 1887.270158)
(-411.835569 -2161.52402 1887.270158)
(-136.8981897 -2161.52402 1887.270158)
(138.0391897 -2161.52402 1887.270158)
(412.976569 -2161.52402 1887.270158)
(687.9139483 -2161.52402 1887.270158)
(962.8513276 -2161.52402 1887.270158)
(1237.788707 -2161.52402 1887.270158)
(1512.726086 -2161.52402 1887.270158)
(1787.663466 -2161.52402 1887.270158)
(2062.600845 -2161.52402 1887.270158)
(2337.538224 -2161.52402 1887.270158)
(2612.475603 -2161.52402 1887.270158)
(2887.412983 -2161.52402 1887.270158)
(3162.350362 -2161.52402 1887.270158)
(3437.287741 -2161.52402 1887.270158)
(3712.225121 -2161.52402 1887.270158)
(3987.1625 -2161.52402 1887.270158)
(-3986.0215 -1933.71876 1887.270158)
(-3711.084121 -1933.71876 1887.270158)
(-3436.146741 -1933.71876 1887.270158)
(-3161.209362 -1933.71876 1887.270158)
(-2886.271983 -1933.71876 1887.270158)
(-2611.334603 -1933.71876 1887.270158)
(-2336.397224 -1933.71876 1887.270158)
(-2061.459845 -1933.71876 1887.270158)
(-1786.522466 -1933.71876 1887.270158)
(-1511.585086 -1933.71876 1887.270158)
(-1236.647707 -1933.71876 1887.270158)
(-961.7103276 -1933.71876 1887.270158)
(-686.7729483 -1933.71876 1887.270158)
(-411.835569 -1933.71876 1887.270158)
(-136.8981897 -1933.71876 1887.270158)
(138.0391897 -1933.71876 1887.270158)
(412.976569 -1933.71876 1887.270158)
(687.9139483 -1933.71876 1887.270158)
(962.8513276 -1933.71876 1887.270158)
(1237.788707 -1933.71876 1887.270158)
(1512.726086 -1933.71876 1887.270158)
(1787.663466 -1933.71876 1887.270158)
(2062.600845 -1933.71876 1887.270158)
(2337.538224 -1933.71876 1887.270158)
(2612.475603 -1933.71876 1887.270158)
(2887.412983 -1933.71876 1887.270158)
(3162.350362 -1933.71876 1887.270158)
(3437.287741 -1933.71876 1887.270158)
(3712.225121 -1933.71876 1887.270158)
(3987.1625 -1933.71876 1887.270158)
(-3986.0215 -1705.9135 1887.270158)
(-3711.084121 -1705.9135 1887.270158)
(-3436.146741 -1705.9135 1887.270158)
(-3161.209362 -1705.9135 1887.270158)
(-2886.271983 -1705.9135 1887.270158)
(-2611.334603 -1705.9135 1887.270158)
(-2336.397224 -1705.9135 1887.270158)
(-2061.459845 -1705.9135 1887.270158)
(-1786.522466 -1705.9135 1887.270158)
(-1511.585086 -1705.9135 1887.270158)
(-1236.647707 -1705.9135 1887.270158)
(-961.7103276 -1705.9135 1887.270158)
(-686.7729483 -1705.9135 1887.270158)
(-411.835569 -1705.9135 1887.270158)
(-136.8981897 -1705.9135 1887.270158)
(138.0391897 -1705.9135 1887.270158)
(412.976569 -1705.9135 1887.270158)
(687.9139483 -1705.9135 1887.270158)
(962.8513276 -1705.9135 1887.270158)
(1237.788707 -1705.9135 1887.270158)
(1512.726086 -1705.9135 1887.270158)
(1787.663466 -1705.9135 1887.270158)
(2062.600845 -1705.9135 1887.270158)
(2337.538224 -1705.9135 1887.270158)
(2612.475603 -1705.9135 1887.270158)
(2887.412983 -1705.9135 1887.270158)
(3162.350362 -1705.9135 1887.270158)
(3437.287741 -1705.9135 1887.270158)
(3712.225121 -1705.9135 1887.270158)
(3987.1625 -1705.9135 1887.270158)
(-3986.0215 -1478.10824 1887.270158)
(-3711.084121 -1478.10824 1887.270158)
(-3436.146741 -1478.10824 1887.270158)
(-3161.209362 -1478.10824 1887.270158)
(-2886.271983 -1478.10824 1887.270158)
(-2611.334603 -1478.10824 1887.270158)
(-2336.397224 -1478.10824 1887.270158)
(-2061.459845 -1478.10824 1887.270158)
(-1786.522466 -1478.10824 1887.270158)
(-1511.585086 -1478.10824 1887.270158)
(-1236.647707 -1478.10824 1887.270158)
(-961.7103276 -1478.10824 1887.270158)
(-686.7729483 -1478.10824 1887.270158)
(-411.835569 -1478.10824 1887.270158)
(-136.8981897 -1478.10824 1887.270158)
(138.0391897 -1478.10824 1887.270158)
(412.976569 -1478.10824 1887.270158)
(687.9139483 -1478.10824 1887.270158)
(962.8513276 -1478.10824 1887.270158)
(1237.788707 -1478.10824 1887.270158)
(1512.726086 -1478.10824 1887.270158)
(1787.663466 -1478.10824 1887.270158)
(2062.600845 -1478.10824 1887.270158)
(2337.538224 -1478.10824 1887.270158)
(2612.475603 -1478.10824 1887.270158)
(2887.412983 -1478.10824 1887.270158)
(3162.350362 -1478.10824 1887.270158)
(3437.287741 -1478.10824 1887.270158)
(3712.225121 -1478.10824 1887.270158)
(3987.1625 -1478.10824 1887.270158)
(-3986.0215 -1250.30298 1887.270158)
(-3711.084121 -1250.30298 1887.270158)
(-3436.146741 -1250.30298 1887.270158)
(-3161.209362 -1250.30298 1887.270158)
(-2886.271983 -1250.30298 1887.270158)
(-2611.334603 -1250.30298 1887.270158)
(-2336.397224 -1250.30298 1887.270158)
(-2061.459845 -1250.30298 1887.270158)
(-1786.522466 -1250.30298 1887.270158)
(-1511.585086 -1250.30298 1887.270158)
(-1236.647707 -1250.30298 1887.270158)
(-961.7103276 -1250.30298 1887.270158)
(-686.7729483 -1250.30298 1887.270158)
(-411.835569 -1250.30298 1887.270158)
(-136.8981897 -1250.30298 1887.270158)
(138.0391897 -1250.30298 1887.270158)
(412.976569 -1250.30298 1887.270158)
(687.9139483 -1250.30298 1887.270158)
(962.8513276 -1250.30298 1887.270158)
(1237.788707 -1250.30298 1887.270158)
(1512.726086 -1250.30298 1887.270158)
(1787.663466 -1250.30298 1887.270158)
(2062.600845 -1250.30298 1887.270158)
(2337.538224 -1250.30298 1887.270158)
(2612.475603 -1250.30298 1887.270158)
(2887.412983 -1250.30298 1887.270158)
(3162.350362 -1250.30298 1887.270158)
(3437.287741 -1250.30298 1887.270158)
(3712.225121 -1250.30298 1887.270158)
(3987.1625 -1250.30298 1887.270158)
(-3986.0215 -1022.49772 1887.270158)
(-3711.084121 -1022.49772 1887.270158)
(-3436.146741 -1022.49772 1887.270158)
(-3161.209362 -1022.49772 1887.270158)
(-2886.271983 -1022.49772 1887.270158)
(-2611.334603 -1022.49772 1887.270158)
(-2336.397224 -1022.49772 1887.270158)
(-2061.459845 -1022.49772 1887.270158)
(-1786.522466 -1022.49772 1887.270158)
(-1511.585086 -1022.49772 1887.270158)
(-1236.647707 -1022.49772 1887.270158)
(-961.7103276 -1022.49772 1887.270158)
(-686.7729483 -1022.49772 1887.270158)
(-411.835569 -1022.49772 1887.270158)
(-136.8981897 -1022.49772 1887.270158)
(138.0391897 -1022.49772 1887.270158)
(412.976569 -1022.49772 1887.270158)
(687.9139483 -1022.49772 1887.270158)
(962.8513276 -1022.49772 1887.270158)
(1237.788707 -1022.49772 1887.270158)
(1512.726086 -1022.49772 1887.270158)
(1787.663466 -1022.49772 1887.270158)
(2062.600845 -1022.49772 1887.270158)
(2337.538224 -1022.49772 1887.270158)
(2612.475603 -1022.49772 1887.270158)
(2887.412983 -1022.49772 1887.270158)
(3162.350362 -1022.49772 1887.270158)
(3437.287741 -1022.49772 1887.270158)
(3712.225121 -1022.49772 1887.270158)
(3987.1625 -1022.49772 1887.270158)
(-3986.0215 -794.69246 1887.270158)
(-3711.084121 -794.69246 1887.270158)
(-3436.146741 -794.69246 1887.270158)
(-3161.209362 -794.69246 1887.270158)
(-2886.271983 -794.69246 1887.270158)
(-2611.334603 -794.69246 1887.270158)
(-2336.397224 -794.69246 1887.270158)
(-2061.459845 -794.69246 1887.270158)
(-1786.522466 -794.69246 1887.270158)
(-1511.585086 -794.69246 1887.270158)
(-1236.647707 -794.69246 1887.270158)
(-961.7103276 -794.69246 1887.270158)
(-686.7729483 -794.69246 1887.270158)
(-411.835569 -794.69246 1887.270158)
(-136.8981897 -794.69246 1887.270158)
(138.0391897 -794.69246 1887.270158)
(412.976569 -794.69246 1887.270158)
(687.9139483 -794.69246 1887.270158)
(962.8513276 -794.69246 1887.270158)
(1237.788707 -794.69246 1887.270158)
(1512.726086 -794.69246 1887.270158)
(1787.663466 -794.69246 1887.270158)
(2062.600845 -794.69246 1887.270158)
(2337.538224 -794.69246 1887.270158)
(2612.475603 -794.69246 1887.270158)
(2887.412983 -794.69246 1887.270158)
(3162.350362 -794.69246 1887.270158)
(3437.287741 -794.69246 1887.270158)
(3712.225121 -794.69246 1887.270158)
(3987.1625 -794.69246 1887.270158)
(-3986.0215 -566.8872 1887.270158)
(-3711.084121 -566.8872 1887.270158)
(-3436.146741 -566.8872 1887.270158)
(-3161.209362 -566.8872 1887.270158)
(-2886.271983 -566.8872 1887.270158)
(-2611.334603 -566.8872 1887.270158)
(-2336.397224 -566.8872 1887.270158)
(-2061.459845 -566.8872 1887.270158)
(-1786.522466 -566.8872 1887.270158)
(-1511.585086 -566.8872 1887.270158)
(-1236.647707 -566.8872 1887.270158)
(-961.7103276 -566.8872 1887.270158)
(-686.7729483 -566.8872 1887.270158)
(-411.835569 -566.8872 1887.270158)
(-136.8981897 -566.8872 1887.270158)
(138.0391897 -566.8872 1887.270158)
(412.976569 -566.8872 1887.270158)
(687.9139483 -566.8872 1887.270158)
(962.8513276 -566.8872 1887.270158)
(1237.788707 -566.8872 1887.270158)
(1512.726086 -566.8872 1887.270158)
(1787.663466 -566.8872 1887.270158)
(2062.600845 -566.8872 1887.270158)
(2337.538224 -566.8872 1887.270158)
(2612.475603 -566.8872 1887.270158)
(2887.412983 -566.8872 1887.270158)
(3162.350362 -566.8872 1887.270158)
(3437.287741 -566.8872 1887.270158)
(3712.225121 -566.8872 1887.270158)
(3987.1625 -566.8872 1887.270158)
(-3986.0215 -339.08194 1887.270158)
(-3711.084121 -339.08194 1887.270158)
(-3436.146741 -339.08194 1887.270158)
(-3161.209362 -339.08194 1887.270158)
(-2886.271983 -339.08194 1887.270158)
(-2611.334603 -339.08194 1887.270158)
(-2336.397224 -339.08194 1887.270158)
(-2061.459845 -339.08194 1887.270158)
(-1786.522466 -339.08194 1887.270158)
(-1511.585086 -339.08194 1887.270158)
(-1236.647707 -339.08194 1887.270158)
(-961.7103276 -339.08194 1887.270158)
(-686.7729483 -339.08194 1887.270158)
(-411.835569 -339.08194 1887.270158)
(-136.8981897 -339.08194 1887.270158)
(138.0391897 -339.08194 1887.270158)
(412.976569 -339.08194 1887.270158)
(687.9139483 -339.08194 1887.270158)
(962.8513276 -339.08194 1887.270158)
(1237.788707 -339.08194 1887.270158)
(1512.726086 -339.08194 1887.270158)
(1787.663466 -339.08194 1887.270158)
(2062.600845 -339.08194 1887.270158)
(2337.538224 -339.08194 1887.270158)
(2612.475603 -339.08194 1887.270158)
(2887.412983 -339.08194 1887.270158)
(3162.350362 -339.08194 1887.270158)
(3437.287741 -339.08194 1887.270158)
(3712.225121 -339.08194 1887.270158)
(3987.1625 -339.08194 1887.270158)
(-3986.0215 -111.27668 1887.270158)
(-3711.084121 -111.27668 1887.270158)
(-3436.146741 -111.27668 1887.270158)
(-3161.209362 -111.27668 1887.270158)
(-2886.271983 -111.27668 1887.270158)
(-2611.334603 -111.27668 1887.270158)
(-2336.397224 -111.27668 1887.270158)
(-2061.459845 -111.27668 1887.270158)
(-1786.522466 -111.27668 1887.270158)
(-1511.585086 -111.27668 1887.270158)
(-1236.647707 -111.27668 1887.270158)
(-961.7103276 -111.27668 1887.270158)
(-686.7729483 -111.27668 1887.270158)
(-411.835569 -111.27668 1887.270158)
(-136.8981897 -111.27668 1887.270158)
(138.0391897 -111.27668 1887.270158)
(412.976569 -111.27668 1887.270158)
(687.9139483 -111.27668 1887.270158)
(962.8513276 -111.27668 1887.270158)
(1237.788707 -111.27668 1887.270158)
(1512.726086 -111.27668 1887.270158)
(1787.663466 -111.27668 1887.270158)
(2062.600845 -111.27668 1887.270158)
(2337.538224 -111.27668 1887.270158)
(2612.475603 -111.27668 1887.270158)
(2887.412983 -111.27668 1887.270158)
(3162.350362 -111.27668 1887.270158)
(3437.287741 -111.27668 1887.270158)
(3712.225121 -111.27668 1887.270158)
(3987.1625 -111.27668 1887.270158)
(-3986.0215 116.52858 1887.270158)
(-3711.084121 116.52858 1887.270158)
(-3436.146741 116.52858 1887.270158)
(-3161.209362 116.52858 1887.270158)
(-2886.271983 116.52858 1887.270158)
(-2611.334603 116.52858 1887.270158)
(-2336.397224 116.52858 1887.270158)
(-2061.459845 116.52858 1887.270158)
(-1786.522466 116.52858 1887.270158)
(-1511.585086 116.52858 1887.270158)
(-1236.647707 116.52858 1887.270158)
(-961.7103276 116.52858 1887.270158)
(-686.7729483 116.52858 1887.270158)
(-411.835569 116.52858 1887.270158)
(-136.8981897 116.52858 1887.270158)
(138.0391897 116.52858 1887.270158)
(412.976569 116.52858 1887.270158)
(687.9139483 116.52858 1887.270158)
(962.8513276 116.52858 1887.270158)
(1237.788707 116.52858 1887.270158)
(1512.726086 116.52858 1887.270158)
(1787.663466 116.52858 1887.270158)
(2062.600845 116.52858 1887.270158)
(2337.538224 116.52858 1887.270158)
(2612.475603 116.52858 1887.270158)
(2887.412983 116.52858 1887.270158)
(3162.350362 116.52858 1887.270158)
(3437.287741 116.52858 1887.270158)
(3712.225121 116.52858 1887.270158)
(3987.1625 116.52858 1887.270158)
(-3986.0215 344.33384 1887.270158)
(-3711.084121 344.33384 1887.270158)
(-3436.146741 344.33384 1887.270158)
(-3161.209362 344.33384 1887.270158)
(-2886.271983 344.33384 1887.270158)
(-2611.334603 344.33384 1887.270158)
(-2336.397224 344.33384 1887.270158)
(-2061.459845 344.33384 1887.270158)
(-1786.522466 344.33384 1887.270158)
(-1511.585086 344.33384 1887.270158)
(-1236.647707 344.33384 1887.270158)
(-961.7103276 344.33384 1887.270158)
(-686.7729483 344.33384 1887.270158)
(-411.835569 344.33384 1887.270158)
(-136.8981897 344.33384 1887.270158)
(138.0391897 344.33384 1887.270158)
(412.976569 344.33384 1887.270158)
(687.9139483 344.33384 1887.270158)
(962.8513276 344.33384 1887.270158)
(1237.788707 344.33384 1887.270158)
(1512.726086 344.33384 1887.270158)
(1787.663466 344.33384 1887.270158)
(2062.600845 344.33384 1887.270158)
(2337.538224 344.33384 1887.270158)
(2612.475603 344.33384 1887.270158)
(2887.412983 344.33384 1887.270158)
(3162.350362 344.33384 1887.270158)
(3437.287741 344.33384 1887.270158)
(3712.225121 344.33384 1887.270158)
(3987.1625 344.33384 1887.270158)
(-3986.0215 572.1391 1887.270158)
(-3711.084121 572.1391 1887.270158)
(-3436.146741 572.1391 1887.270158)
(-3161.209362 572.1391 1887.270158)
(-2886.271983 572.1391 1887.270158)
(-2611.334603 572.1391 1887.270158)
(-2336.397224 572.1391 1887.270158)
(-2061.459845 572.1391 1887.270158)
(-1786.522466 572.1391 1887.270158)
(-1511.585086 572.1391 1887.270158)
(-1236.647707 572.1391 1887.270158)
(-961.7103276 572.1391 1887.270158)
(-686.7729483 572.1391 1887.270158)
(-411.835569 572.1391 1887.270158)
(-136.8981897 572.1391 1887.270158)
(138.0391897 572.1391 1887.270158)
(412.976569 572.1391 1887.270158)
(687.9139483 572.1391 1887.270158)
(962.8513276 572.1391 1887.270158)
(1237.788707 572.1391 1887.270158)
(1512.726086 572.1391 1887.270158)
(1787.663466 572.1391 1887.270158)
(2062.600845 572.1391 1887.270158)
(2337.538224 572.1391 1887.270158)
(2612.475603 572.1391 1887.270158)
(2887.412983 572.1391 1887.270158)
(3162.350362 572.1391 1887.270158)
(3437.287741 572.1391 1887.270158)
(3712.225121 572.1391 1887.270158)
(3987.1625 572.1391 1887.270158)
(-3986.0215 799.94436 1887.270158)
(-3711.084121 799.94436 1887.270158)
(-3436.146741 799.94436 1887.270158)
(-3161.209362 799.94436 1887.270158)
(-2886.271983 799.94436 1887.270158)
(-2611.334603 799.94436 1887.270158)
(-2336.397224 799.94436 1887.270158)
(-2061.459845 799.94436 1887.270158)
(-1786.522466 799.94436 1887.270158)
(-1511.585086 799.94436 1887.270158)
(-1236.647707 799.94436 1887.270158)
(-961.7103276 799.94436 1887.270158)
(-686.7729483 799.94436 1887.270158)
(-411.835569 799.94436 1887.270158)
(-136.8981897 799.94436 1887.270158)
(138.0391897 799.94436 1887.270158)
(412.976569 799.94436 1887.270158)
(687.9139483 799.94436 1887.270158)
(962.8513276 799.94436 1887.270158)
(1237.788707 799.94436 1887.270158)
(1512.726086 799.94436 1887.270158)
(1787.663466 799.94436 1887.270158)
(2062.600845 799.94436 1887.270158)
(2337.538224 799.94436 1887.270158)
(2612.475603 799.94436 1887.270158)
(2887.412983 799.94436 1887.270158)
(3162.350362 799.94436 1887.270158)
(3437.287741 799.94436 1887.270158)
(3712.225121 799.94436 1887.270158)
(3987.1625 799.94436 1887.270158)
(-3986.0215 1027.74962 1887.270158)
(-3711.084121 1027.74962 1887.270158)
(-3436.146741 1027.74962 1887.270158)
(-3161.209362 1027.74962 1887.270158)
(-2886.271983 1027.74962 1887.270158)
(-2611.334603 1027.74962 1887.270158)
(-2336.397224 1027.74962 1887.270158)
(-2061.459845 1027.74962 1887.270158)
(-1786.522466 1027.74962 1887.270158)
(-1511.585086 1027.74962 1887.270158)
(-1236.647707 1027.74962 1887.270158)
(-961.7103276 1027.74962 1887.270158)
(-686.7729483 1027.74962 1887.270158)
(-411.835569 1027.74962 1887.270158)
(-136.8981897 1027.74962 1887.270158)
(138.0391897 1027.74962 1887.270158)
(412.976569 1027.74962 1887.270158)
(687.9139483 1027.74962 1887.270158)
(962.8513276 1027.74962 1887.270158)
(1237.788707 1027.74962 1887.270158)
(1512.726086 1027.74962 1887.270158)
(1787.663466 1027.74962 1887.270158)
(2062.600845 1027.74962 1887.270158)
(2337.538224 1027.74962 1887.270158)
(2612.475603 1027.74962 1887.270158)
(2887.412983 1027.74962 1887.270158)
(3162.350362 1027.74962 1887.270158)
(3437.287741 1027.74962 1887.270158)
(3712.225121 1027.74962 1887.270158)
(3987.1625 1027.74962 1887.270158)
(-3986.0215 1255.55488 1887.270158)
(-3711.084121 1255.55488 1887.270158)
(-3436.146741 1255.55488 1887.270158)
(-3161.209362 1255.55488 1887.270158)
(-2886.271983 1255.55488 1887.270158)
(-2611.334603 1255.55488 1887.270158)
(-2336.397224 1255.55488 1887.270158)
(-2061.459845 1255.55488 1887.270158)
(-1786.522466 1255.55488 1887.270158)
(-1511.585086 1255.55488 1887.270158)
(-1236.647707 1255.55488 1887.270158)
(-961.7103276 1255.55488 1887.270158)
(-686.7729483 1255.55488 1887.270158)
(-411.835569 1255.55488 1887.270158)
(-136.8981897 1255.55488 1887.270158)
(138.0391897 1255.55488 1887.270158)
(412.976569 1255.55488 1887.270158)
(687.9139483 1255.55488 1887.270158)
(962.8513276 1255.55488 1887.270158)
(1237.788707 1255.55488 1887.270158)
(1512.726086 1255.55488 1887.270158)
(1787.663466 1255.55488 1887.270158)
(2062.600845 1255.55488 1887.270158)
(2337.538224 1255.55488 1887.270158)
(2612.475603 1255.55488 1887.270158)
(2887.412983 1255.55488 1887.270158)
(3162.350362 1255.55488 1887.270158)
(3437.287741 1255.55488 1887.270158)
(3712.225121 1255.55488 1887.270158)
(3987.1625 1255.55488 1887.270158)
(-3986.0215 1483.36014 1887.270158)
(-3711.084121 1483.36014 1887.270158)
(-3436.146741 1483.36014 1887.270158)
(-3161.209362 1483.36014 1887.270158)
(-2886.271983 1483.36014 1887.270158)
(-2611.334603 1483.36014 1887.270158)
(-2336.397224 1483.36014 1887.270158)
(-2061.459845 1483.36014 1887.270158)
(-1786.522466 1483.36014 1887.270158)
(-1511.585086 1483.36014 1887.270158)
(-1236.647707 1483.36014 1887.270158)
(-961.7103276 1483.36014 1887.270158)
(-686.7729483 1483.36014 1887.270158)
(-411.835569 1483.36014 1887.270158)
(-136.8981897 1483.36014 1887.270158)
(138.0391897 1483.36014 1887.270158)
(412.976569 1483.36014 1887.270158)
(687.9139483 1483.36014 1887.270158)
(962.8513276 1483.36014 1887.270158)
(1237.788707 1483.36014 1887.270158)
(1512.726086 1483.36014 1887.270158)
(1787.663466 1483.36014 1887.270158)
(2062.600845 1483.36014 1887.270158)
(2337.538224 1483.36014 1887.270158)
(2612.475603 1483.36014 1887.270158)
(2887.412983 1483.36014 1887.270158)
(3162.350362 1483.36014 1887.270158)
(3437.287741 1483.36014 1887.270158)
(3712.225121 1483.36014 1887.270158)
(3987.1625 1483.36014 1887.270158)
(-3986.0215 1711.1654 1887.270158)
(-3711.084121 1711.1654 1887.270158)
(-3436.146741 1711.1654 1887.270158)
(-3161.209362 1711.1654 1887.270158)
(-2886.271983 1711.1654 1887.270158)
(-2611.334603 1711.1654 1887.270158)
(-2336.397224 1711.1654 1887.270158)
(-2061.459845 1711.1654 1887.270158)
(-1786.522466 1711.1654 1887.270158)
(-1511.585086 1711.1654 1887.270158)
(-1236.647707 1711.1654 1887.270158)
(-961.7103276 1711.1654 1887.270158)
(-686.7729483 1711.1654 1887.270158)
(-411.835569 1711.1654 1887.270158)
(-136.8981897 1711.1654 1887.270158)
(138.0391897 1711.1654 1887.270158)
(412.976569 1711.1654 1887.270158)
(687.9139483 1711.1654 1887.270158)
(962.8513276 1711.1654 1887.270158)
(1237.788707 1711.1654 1887.270158)
(1512.726086 1711.1654 1887.270158)
(1787.663466 1711.1654 1887.270158)
(2062.600845 1711.1654 1887.270158)
(2337.538224 1711.1654 1887.270158)
(2612.475603 1711.1654 1887.270158)
(2887.412983 1711.1654 1887.270158)
(3162.350362 1711.1654 1887.270158)
(3437.287741 1711.1654 1887.270158)
(3712.225121 1711.1654 1887.270158)
(3987.1625 1711.1654 1887.270158)
(-3986.0215 1938.97066 1887.270158)
(-3711.084121 1938.97066 1887.270158)
(-3436.146741 1938.97066 1887.270158)
(-3161.209362 1938.97066 1887.270158)
(-2886.271983 1938.97066 1887.270158)
(-2611.334603 1938.97066 1887.270158)
(-2336.397224 1938.97066 1887.270158)
(-2061.459845 1938.97066 1887.270158)
(-1786.522466 1938.97066 1887.270158)
(-1511.585086 1938.97066 1887.270158)
(-1236.647707 1938.97066 1887.270158)
(-961.7103276 1938.97066 1887.270158)
(-686.7729483 1938.97066 1887.270158)
(-411.835569 1938.97066 1887.270158)
(-136.8981897 1938.97066 1887.270158)
(138.0391897 1938.97066 1887.270158)
(412.976569 1938.97066 1887.270158)
(687.9139483 1938.97066 1887.270158)
(962.8513276 1938.97066 1887.270158)
(1237.788707 1938.97066 1887.270158)
(1512.726086 1938.97066 1887.270158)
(1787.663466 1938.97066 1887.270158)
(2062.600845 1938.97066 1887.270158)
(2337.538224 1938.97066 1887.270158)
(2612.475603 1938.97066 1887.270158)
(2887.412983 1938.97066 1887.270158)
(3162.350362 1938.97066 1887.270158)
(3437.287741 1938.97066 1887.270158)
(3712.225121 1938.97066 1887.270158)
(3987.1625 1938.97066 1887.270158)
(-3986.0215 2166.77592 1887.270158)
(-3711.084121 2166.77592 1887.270158)
(-3436.146741 2166.77592 1887.270158)
(-3161.209362 2166.77592 1887.270158)
(-2886.271983 2166.77592 1887.270158)
(-2611.334603 2166.77592 1887.270158)
(-2336.397224 2166.77592 1887.270158)
(-2061.459845 2166.77592 1887.270158)
(-1786.522466 2166.77592 1887.270158)
(-1511.585086 2166.77592 1887.270158)
(-1236.647707 2166.77592 1887.270158)
(-961.7103276 2166.77592 1887.270158)
(-686.7729483 2166.77592 1887.270158)
(-411.835569 2166.77592 1887.270158)
(-136.8981897 2166.77592 1887.270158)
(138.0391897 2166.77592 1887.270158)
(412.976569 2166.77592 1887.270158)
(687.9139483 2166.77592 1887.270158)
(962.8513276 2166.77592 1887.270158)
(1237.788707 2166.77592 1887.270158)
(1512.726086 2166.77592 1887.270158)
(1787.663466 2166.77592 1887.270158)
(2062.600845 2166.77592 1887.270158)
(2337.538224 2166.77592 1887.270158)
(2612.475603 2166.77592 1887.270158)
(2887.412983 2166.77592 1887.270158)
(3162.350362 2166.77592 1887.270158)
(3437.287741 2166.77592 1887.270158)
(3712.225121 2166.77592 1887.270158)
(3987.1625 2166.77592 1887.270158)
(-3986.0215 2394.58118 1887.270158)
(-3711.084121 2394.58118 1887.270158)
(-3436.146741 2394.58118 1887.270158)
(-3161.209362 2394.58118 1887.270158)
(-2886.271983 2394.58118 1887.270158)
(-2611.334603 2394.58118 1887.270158)
(-2336.397224 2394.58118 1887.270158)
(-2061.459845 2394.58118 1887.270158)
(-1786.522466 2394.58118 1887.270158)
(-1511.585086 2394.58118 1887.270158)
(-1236.647707 2394.58118 1887.270158)
(-961.7103276 2394.58118 1887.270158)
(-686.7729483 2394.58118 1887.270158)
(-411.835569 2394.58118 1887.270158)
(-136.8981897 2394.58118 1887.270158)
(138.0391897 2394.58118 1887.270158)
(412.976569 2394.58118 1887.270158)
(687.9139483 2394.58118 1887.270158)
(962.8513276 2394.58118 1887.270158)
(1237.788707 2394.58118 1887.270158)
(1512.726086 2394.58118 1887.270158)
(1787.663466 2394.58118 1887.270158)
(2062.600845 2394.58118 1887.270158)
(2337.538224 2394.58118 1887.270158)
(2612.475603 2394.58118 1887.270158)
(2887.412983 2394.58118 1887.270158)
(3162.350362 2394.58118 1887.270158)
(3437.287741 2394.58118 1887.270158)
(3712.225121 2394.58118 1887.270158)
(3987.1625 2394.58118 1887.270158)
(-3986.0215 2622.38644 1887.270158)
(-3711.084121 2622.38644 1887.270158)
(-3436.146741 2622.38644 1887.270158)
(-3161.209362 2622.38644 1887.270158)
(-2886.271983 2622.38644 1887.270158)
(-2611.334603 2622.38644 1887.270158)
(-2336.397224 2622.38644 1887.270158)
(-2061.459845 2622.38644 1887.270158)
(-1786.522466 2622.38644 1887.270158)
(-1511.585086 2622.38644 1887.270158)
(-1236.647707 2622.38644 1887.270158)
(-961.7103276 2622.38644 1887.270158)
(-686.7729483 2622.38644 1887.270158)
(-411.835569 2622.38644 1887.270158)
(-136.8981897 2622.38644 1887.270158)
(138.0391897 2622.38644 1887.270158)
(412.976569 2622.38644 1887.270158)
(687.9139483 2622.38644 1887.270158)
(962.8513276 2622.38644 1887.270158)
(1237.788707 2622.38644 1887.270158)
(1512.726086 2622.38644 1887.270158)
(1787.663466 2622.38644 1887.270158)
(2062.600845 2622.38644 1887.270158)
(2337.538224 2622.38644 1887.270158)
(2612.475603 2622.38644 1887.270158)
(2887.412983 2622.38644 1887.270158)
(3162.350362 2622.38644 1887.270158)
(3437.287741 2622.38644 1887.270158)
(3712.225121 2622.38644 1887.270158)
(3987.1625 2622.38644 1887.270158)
(-3986.0215 2850.1917 1887.270158)
(-3711.084121 2850.1917 1887.270158)
(-3436.146741 2850.1917 1887.270158)
(-3161.209362 2850.1917 1887.270158)
(-2886.271983 2850.1917 1887.270158)
(-2611.334603 2850.1917 1887.270158)
(-2336.397224 2850.1917 1887.270158)
(-2061.459845 2850.1917 1887.270158)
(-1786.522466 2850.1917 1887.270158)
(-1511.585086 2850.1917 1887.270158)
(-1236.647707 2850.1917 1887.270158)
(-961.7103276 2850.1917 1887.270158)
(-686.7729483 2850.1917 1887.270158)
(-411.835569 2850.1917 1887.270158)
(-136.8981897 2850.1917 1887.270158)
(138.0391897 2850.1917 1887.270158)
(412.976569 2850.1917 1887.270158)
(687.9139483 2850.1917 1887.270158)
(962.8513276 2850.1917 1887.270158)
(1237.788707 2850.1917 1887.270158)
(1512.726086 2850.1917 1887.270158)
(1787.663466 2850.1917 1887.270158)
(2062.600845 2850.1917 1887.270158)
(2337.538224 2850.1917 1887.270158)
(2612.475603 2850.1917 1887.270158)
(2887.412983 2850.1917 1887.270158)
(3162.350362 2850.1917 1887.270158)
(3437.287741 2850.1917 1887.270158)
(3712.225121 2850.1917 1887.270158)
(3987.1625 2850.1917 1887.270158)
(-3986.0215 3077.99696 1887.270158)
(-3711.084121 3077.99696 1887.270158)
(-3436.146741 3077.99696 1887.270158)
(-3161.209362 3077.99696 1887.270158)
(-2886.271983 3077.99696 1887.270158)
(-2611.334603 3077.99696 1887.270158)
(-2336.397224 3077.99696 1887.270158)
(-2061.459845 3077.99696 1887.270158)
(-1786.522466 3077.99696 1887.270158)
(-1511.585086 3077.99696 1887.270158)
(-1236.647707 3077.99696 1887.270158)
(-961.7103276 3077.99696 1887.270158)
(-686.7729483 3077.99696 1887.270158)
(-411.835569 3077.99696 1887.270158)
(-136.8981897 3077.99696 1887.270158)
(138.0391897 3077.99696 1887.270158)
(412.976569 3077.99696 1887.270158)
(687.9139483 3077.99696 1887.270158)
(962.8513276 3077.99696 1887.270158)
(1237.788707 3077.99696 1887.270158)
(1512.726086 3077.99696 1887.270158)
(1787.663466 3077.99696 1887.270158)
(2062.600845 3077.99696 1887.270158)
(2337.538224 3077.99696 1887.270158)
(2612.475603 3077.99696 1887.270158)
(2887.412983 3077.99696 1887.270158)
(3162.350362 3077.99696 1887.270158)
(3437.287741 3077.99696 1887.270158)
(3712.225121 3077.99696 1887.270158)
(3987.1625 3077.99696 1887.270158)
(-3986.0215 3305.80222 1887.270158)
(-3711.084121 3305.80222 1887.270158)
(-3436.146741 3305.80222 1887.270158)
(-3161.209362 3305.80222 1887.270158)
(-2886.271983 3305.80222 1887.270158)
(-2611.334603 3305.80222 1887.270158)
(-2336.397224 3305.80222 1887.270158)
(-2061.459845 3305.80222 1887.270158)
(-1786.522466 3305.80222 1887.270158)
(-1511.585086 3305.80222 1887.270158)
(-1236.647707 3305.80222 1887.270158)
(-961.7103276 3305.80222 1887.270158)
(-686.7729483 3305.80222 1887.270158)
(-411.835569 3305.80222 1887.270158)
(-136.8981897 3305.80222 1887.270158)
(138.0391897 3305.80222 1887.270158)
(412.976569 3305.80222 1887.270158)
(687.9139483 3305.80222 1887.270158)
(962.8513276 3305.80222 1887.270158)
(1237.788707 3305.80222 1887.270158)
(1512.726086 3305.80222 1887.270158)
(1787.663466 3305.80222 1887.270158)
(2062.600845 3305.80222 1887.270158)
(2337.538224 3305.80222 1887.270158)
(2612.475603 3305.80222 1887.270158)
(2887.412983 3305.80222 1887.270158)
(3162.350362 3305.80222 1887.270158)
(3437.287741 3305.80222 1887.270158)
(3712.225121 3305.80222 1887.270158)
(3987.1625 3305.80222 1887.270158)
(-3986.0215 3533.60748 1887.270158)
(-3711.084121 3533.60748 1887.270158)
(-3436.146741 3533.60748 1887.270158)
(-3161.209362 3533.60748 1887.270158)
(-2886.271983 3533.60748 1887.270158)
(-2611.334603 3533.60748 1887.270158)
(-2336.397224 3533.60748 1887.270158)
(-2061.459845 3533.60748 1887.270158)
(-1786.522466 3533.60748 1887.270158)
(-1511.585086 3533.60748 1887.270158)
(-1236.647707 3533.60748 1887.270158)
(-961.7103276 3533.60748 1887.270158)
(-686.7729483 3533.60748 1887.270158)
(-411.835569 3533.60748 1887.270158)
(-136.8981897 3533.60748 1887.270158)
(138.0391897 3533.60748 1887.270158)
(412.976569 3533.60748 1887.270158)
(687.9139483 3533.60748 1887.270158)
(962.8513276 3533.60748 1887.270158)
(1237.788707 3533.60748 1887.270158)
(1512.726086 3533.60748 1887.270158)
(1787.663466 3533.60748 1887.270158)
(2062.600845 3533.60748 1887.270158)
(2337.538224 3533.60748 1887.270158)
(2612.475603 3533.60748 1887.270158)
(2887.412983 3533.60748 1887.270158)
(3162.350362 3533.60748 1887.270158)
(3437.287741 3533.60748 1887.270158)
(3712.225121 3533.60748 1887.270158)
(3987.1625 3533.60748 1887.270158)
(-3986.0215 3761.41274 1887.270158)
(-3711.084121 3761.41274 1887.270158)
(-3436.146741 3761.41274 1887.270158)
(-3161.209362 3761.41274 1887.270158)
(-2886.271983 3761.41274 1887.270158)
(-2611.334603 3761.41274 1887.270158)
(-2336.397224 3761.41274 1887.270158)
(-2061.459845 3761.41274 1887.270158)
(-1786.522466 3761.41274 1887.270158)
(-1511.585086 3761.41274 1887.270158)
(-1236.647707 3761.41274 1887.270158)
(-961.7103276 3761.41274 1887.270158)
(-686.7729483 3761.41274 1887.270158)
(-411.835569 3761.41274 1887.270158)
(-136.8981897 3761.41274 1887.270158)
(138.0391897 3761.41274 1887.270158)
(412.976569 3761.41274 1887.270158)
(687.9139483 3761.41274 1887.270158)
(962.8513276 3761.41274 1887.270158)
(1237.788707 3761.41274 1887.270158)
(1512.726086 3761.41274 1887.270158)
(1787.663466 3761.41274 1887.270158)
(2062.600845 3761.41274 1887.270158)
(2337.538224 3761.41274 1887.270158)
(2612.475603 3761.41274 1887.270158)
(2887.412983 3761.41274 1887.270158)
(3162.350362 3761.41274 1887.270158)
(3437.287741 3761.41274 1887.270158)
(3712.225121 3761.41274 1887.270158)
(3987.1625 3761.41274 1887.270158)
(-3986.0215 3989.218 1887.270158)
(-3711.084121 3989.218 1887.270158)
(-3436.146741 3989.218 1887.270158)
(-3161.209362 3989.218 1887.270158)
(-2886.271983 3989.218 1887.270158)
(-2611.334603 3989.218 1887.270158)
(-2336.397224 3989.218 1887.270158)
(-2061.459845 3989.218 1887.270158)
(-1786.522466 3989.218 1887.270158)
(-1511.585086 3989.218 1887.270158)
(-1236.647707 3989.218 1887.270158)
(-961.7103276 3989.218 1887.270158)
(-686.7729483 3989.218 1887.270158)
(-411.835569 3989.218 1887.270158)
(-136.8981897 3989.218 1887.270158)
(138.0391897 3989.218 1887.270158)
(412.976569 3989.218 1887.270158)
(687.9139483 3989.218 1887.270158)
(962.8513276 3989.218 1887.270158)
(1237.788707 3989.218 1887.270158)
(1512.726086 3989.218 1887.270158)
(1787.663466 3989.218 1887.270158)
(2062.600845 3989.218 1887.270158)
(2337.538224 3989.218 1887.270158)
(2612.475603 3989.218 1887.270158)
(2887.412983 3989.218 1887.270158)
(3162.350362 3989.218 1887.270158)
(3437.287741 3989.218 1887.270158)
(3712.225121 3989.218 1887.270158)
(3987.1625 3989.218 1887.270158)
(-3986.0215 -3983.9661 2306.911426)
(-3711.084121 -3983.9661 2306.911426)
(-3436.146741 -3983.9661 2306.911426)
(-3161.209362 -3983.9661 2306.911426)
(-2886.271983 -3983.9661 2306.911426)
(-2611.334603 -3983.9661 2306.911426)
(-2336.397224 -3983.9661 2306.911426)
(-2061.459845 -3983.9661 2306.911426)
(-1786.522466 -3983.9661 2306.911426)
(-1511.585086 -3983.9661 2306.911426)
(-1236.647707 -3983.9661 2306.911426)
(-961.7103276 -3983.9661 2306.911426)
(-686.7729483 -3983.9661 2306.911426)
(-411.835569 -3983.9661 2306.911426)
(-136.8981897 -3983.9661 2306.911426)
(138.0391897 -3983.9661 2306.911426)
(412.976569 -3983.9661 2306.911426)
(687.9139483 -3983.9661 2306.911426)
(962.8513276 -3983.9661 2306.911426)
(1237.788707 -3983.9661 2306.911426)
(1512.726086 -3983.9661 2306.911426)
(1787.663466 -3983.9661 2306.911426)
(2062.600845 -3983.9661 2306.911426)
(2337.538224 -3983.9661 2306.911426)
(2612.475603 -3983.9661 2306.911426)
(2887.412983 -3983.9661 2306.911426)
(3162.350362 -3983.9661 2306.911426)
(3437.287741 -3983.9661 2306.911426)
(3712.225121 -3983.9661 2306.911426)
(3987.1625 -3983.9661 2306.911426)
(-3986.0215 -3756.16084 2306.911426)
(-3711.084121 -3756.16084 2306.911426)
(-3436.146741 -3756.16084 2306.911426)
(-3161.209362 -3756.16084 2306.911426)
(-2886.271983 -3756.16084 2306.911426)
(-2611.334603 -3756.16084 2306.911426)
(-2336.397224 -3756.16084 2306.911426)
(-2061.459845 -3756.16084 2306.911426)
(-1786.522466 -3756.16084 2306.911426)
(-1511.585086 -3756.16084 2306.911426)
(-1236.647707 -3756.16084 2306.911426)
(-961.7103276 -3756.16084 2306.911426)
(-686.7729483 -3756.16084 2306.911426)
(-411.835569 -3756.16084 2306.911426)
(-136.8981897 -3756.16084 2306.911426)
(138.0391897 -3756.16084 2306.911426)
(412.976569 -3756.16084 2306.911426)
(687.9139483 -3756.16084 2306.911426)
(962.8513276 -3756.16084 2306.911426)
(1237.788707 -3756.16084 2306.911426)
(1512.726086 -3756.16084 2306.911426)
(1787.663466 -3756.16084 2306.911426)
(2062.600845 -3756.16084 2306.911426)
(2337.538224 -3756.16084 2306.911426)
(2612.475603 -3756.16084 2306.911426)
(2887.412983 -3756.16084 2306.911426)
(3162.350362 -3756.16084 2306.911426)
(3437.287741 -3756.16084 2306.911426)
(3712.225121 -3756.16084 2306.911426)
(3987.1625 -3756.16084 2306.911426)
(-3986.0215 -3528.35558 2306.911426)
(-3711.084121 -3528.35558 2306.911426)
(-3436.146741 -3528.35558 2306.911426)
(-3161.209362 -3528.35558 2306.911426)
(-2886.271983 -3528.35558 2306.911426)
(-2611.334603 -3528.35558 2306.911426)
(-2336.397224 -3528.35558 2306.911426)
(-2061.459845 -3528.35558 2306.911426)
(-1786.522466 -3528.35558 2306.911426)
(-1511.585086 -3528.35558 2306.911426)
(-1236.647707 -3528.35558 2306.911426)
(-961.7103276 -3528.35558 2306.911426)
(-686.7729483 -3528.35558 2306.911426)
(-411.835569 -3528.35558 2306.911426)
(-136.8981897 -3528.35558 2306.911426)
(138.0391897 -3528.35558 2306.911426)
(412.976569 -3528.35558 2306.911426)
(687.9139483 -3528.35558 2306.911426)
(962.8513276 -3528.35558 2306.911426)
(1237.788707 -3528.35558 2306.911426)
(1512.726086 -3528.35558 2306.911426)
(1787.663466 -3528.35558 2306.911426)
(2062.600845 -3528.35558 2306.911426)
(2337.538224 -3528.35558 2306.911426)
(2612.475603 -3528.35558 2306.911426)
(2887.412983 -3528.35558 2306.911426)
(3162.350362 -3528.35558 2306.911426)
(3437.287741 -3528.35558 2306.911426)
(3712.225121 -3528.35558 2306.911426)
(3987.1625 -3528.35558 2306.911426)
(-3986.0215 -3300.55032 2306.911426)
(-3711.084121 -3300.55032 2306.911426)
(-3436.146741 -3300.55032 2306.911426)
(-3161.209362 -3300.55032 2306.911426)
(-2886.271983 -3300.55032 2306.911426)
(-2611.334603 -3300.55032 2306.911426)
(-2336.397224 -3300.55032 2306.911426)
(-2061.459845 -3300.55032 2306.911426)
(-1786.522466 -3300.55032 2306.911426)
(-1511.585086 -3300.55032 2306.911426)
(-1236.647707 -3300.55032 2306.911426)
(-961.7103276 -3300.55032 2306.911426)
(-686.7729483 -3300.55032 2306.911426)
(-411.835569 -3300.55032 2306.911426)
(-136.8981897 -3300.55032 2306.911426)
(138.0391897 -3300.55032 2306.911426)
(412.976569 -3300.55032 2306.911426)
(687.9139483 -3300.55032 2306.911426)
(962.8513276 -3300.55032 2306.911426)
(1237.788707 -3300.55032 2306.911426)
(1512.726086 -3300.55032 2306.911426)
(1787.663466 -3300.55032 2306.911426)
(2062.600845 -3300.55032 2306.911426)
(2337.538224 -3300.55032 2306.911426)
(2612.475603 -3300.55032 2306.911426)
(2887.412983 -3300.55032 2306.911426)
(3162.350362 -3300.55032 2306.911426)
(3437.287741 -3300.55032 2306.911426)
(3712.225121 -3300.55032 2306.911426)
(3987.1625 -3300.55032 2306.911426)
(-3986.0215 -3072.74506 2306.911426)
(-3711.084121 -3072.74506 2306.911426)
(-3436.146741 -3072.74506 2306.911426)
(-3161.209362 -3072.74506 2306.911426)
(-2886.271983 -3072.74506 2306.911426)
(-2611.334603 -3072.74506 2306.911426)
(-2336.397224 -3072.74506 2306.911426)
(-2061.459845 -3072.74506 2306.911426)
(-1786.522466 -3072.74506 2306.911426)
(-1511.585086 -3072.74506 2306.911426)
(-1236.647707 -3072.74506 2306.911426)
(-961.7103276 -3072.74506 2306.911426)
(-686.7729483 -3072.74506 2306.911426)
(-411.835569 -3072.74506 2306.911426)
(-136.8981897 -3072.74506 2306.911426)
(138.0391897 -3072.74506 2306.911426)
(412.976569 -3072.74506 2306.911426)
(687.9139483 -3072.74506 2306.911426)
(962.8513276 -3072.74506 2306.911426)
(1237.788707 -3072.74506 2306.911426)
(1512.726086 -3072.74506 2306.911426)
(1787.663466 -3072.74506 2306.911426)
(2062.600845 -3072.74506 2306.911426)
(2337.538224 -3072.74506 2306.911426)
(2612.475603 -3072.74506 2306.911426)
(2887.412983 -3072.74506 2306.911426)
(3162.350362 -3072.74506 2306.911426)
(3437.287741 -3072.74506 2306.911426)
(3712.225121 -3072.74506 2306.911426)
(3987.1625 -3072.74506 2306.911426)
(-3986.0215 -2844.9398 2306.911426)
(-3711.084121 -2844.9398 2306.911426)
(-3436.146741 -2844.9398 2306.911426)
(-3161.209362 -2844.9398 2306.911426)
(-2886.271983 -2844.9398 2306.911426)
(-2611.334603 -2844.9398 2306.911426)
(-2336.397224 -2844.9398 2306.911426)
(-2061.459845 -2844.9398 2306.911426)
(-1786.522466 -2844.9398 2306.911426)
(-1511.585086 -2844.9398 2306.911426)
(-1236.647707 -2844.9398 2306.911426)
(-961.7103276 -2844.9398 2306.911426)
(-686.7729483 -2844.9398 2306.911426)
(-411.835569 -2844.9398 2306.911426)
(-136.8981897 -2844.9398 2306.911426)
(138.0391897 -2844.9398 2306.911426)
(412.976569 -2844.9398 2306.911426)
(687.9139483 -2844.9398 2306.911426)
(962.8513276 -2844.9398 2306.911426)
(1237.788707 -2844.9398 2306.911426)
(1512.726086 -2844.9398 2306.911426)
(1787.663466 -2844.9398 2306.911426)
(2062.600845 -2844.9398 2306.911426)
(2337.538224 -2844.9398 2306.911426)
(2612.475603 -2844.9398 2306.911426)
(2887.412983 -2844.9398 2306.911426)
(3162.350362 -2844.9398 2306.911426)
(3437.287741 -2844.9398 2306.911426)
(3712.225121 -2844.9398 2306.911426)
(3987.1625 -2844.9398 2306.911426)
(-3986.0215 -2617.13454 2306.911426)
(-3711.084121 -2617.13454 2306.911426)
(-3436.146741 -2617.13454 2306.911426)
(-3161.209362 -2617.13454 2306.911426)
(-2886.271983 -2617.13454 2306.911426)
(-2611.334603 -2617.13454 2306.911426)
(-2336.397224 -2617.13454 2306.911426)
(-2061.459845 -2617.13454 2306.911426)
(-1786.522466 -2617.13454 2306.911426)
(-1511.585086 -2617.13454 2306.911426)
(-1236.647707 -2617.13454 2306.911426)
(-961.7103276 -2617.13454 2306.911426)
(-686.7729483 -2617.13454 2306.911426)
(-411.835569 -2617.13454 2306.911426)
(-136.8981897 -2617.13454 2306.911426)
(138.0391897 -2617.13454 2306.911426)
(412.976569 -2617.13454 2306.911426)
(687.9139483 -2617.13454 2306.911426)
(962.8513276 -2617.13454 2306.911426)
(1237.788707 -2617.13454 2306.911426)
(1512.726086 -2617.13454 2306.911426)
(1787.663466 -2617.13454 2306.911426)
(2062.600845 -2617.13454 2306.911426)
(2337.538224 -2617.13454 2306.911426)
(2612.475603 -2617.13454 2306.911426)
(2887.412983 -2617.13454 2306.911426)
(3162.350362 -2617.13454 2306.911426)
(3437.287741 -2617.13454 2306.911426)
(3712.225121 -2617.13454 2306.911426)
(3987.1625 -2617.13454 2306.911426)
(-3986.0215 -2389.32928 2306.911426)
(-3711.084121 -2389.32928 2306.911426)
(-3436.146741 -2389.32928 2306.911426)
(-3161.209362 -2389.32928 2306.911426)
(-2886.271983 -2389.32928 2306.911426)
(-2611.334603 -2389.32928 2306.911426)
(-2336.397224 -2389.32928 2306.911426)
(-2061.459845 -2389.32928 2306.911426)
(-1786.522466 -2389.32928 2306.911426)
(-1511.585086 -2389.32928 2306.911426)
(-1236.647707 -2389.32928 2306.911426)
(-961.7103276 -2389.32928 2306.911426)
(-686.7729483 -2389.32928 2306.911426)
(-411.835569 -2389.32928 2306.911426)
(-136.8981897 -2389.32928 2306.911426)
(138.0391897 -2389.32928 2306.911426)
(412.976569 -2389.32928 2306.911426)
(687.9139483 -2389.32928 2306.911426)
(962.8513276 -2389.32928 2306.911426)
(1237.788707 -2389.32928 2306.911426)
(1512.726086 -2389.32928 2306.911426)
(1787.663466 -2389.32928 2306.911426)
(2062.600845 -2389.32928 2306.911426)
(2337.538224 -2389.32928 2306.911426)
(2612.475603 -2389.32928 2306.911426)
(2887.412983 -2389.32928 2306.911426)
(3162.350362 -2389.32928 2306.911426)
(3437.287741 -2389.32928 2306.911426)
(3712.225121 -2389.32928 2306.911426)
(3987.1625 -2389.32928 2306.911426)
(-3986.0215 -2161.52402 2306.911426)
(-3711.084121 -2161.52402 2306.911426)
(-3436.146741 -2161.52402 2306.911426)
(-3161.209362 -2161.52402 2306.911426)
(-2886.271983 -2161.52402 2306.911426)
(-2611.334603 -2161.52402 2306.911426)
(-2336.397224 -2161.52402 2306.911426)
(-2061.459845 -2161.52402 2306.911426)
(-1786.522466 -2161.52402 2306.911426)
(-1511.585086 -2161.52402 2306.911426)
(-1236.647707 -2161.52402 2306.911426)
(-961.7103276 -2161.52402 2306.911426)
(-686.7729483 -2161.52402 2306.911426)
(-411.835569 -2161.52402 2306.911426)
(-136.8981897 -2161.52402 2306.911426)
(138.0391897 -2161.52402 2306.911426)
(412.976569 -2161.52402 2306.911426)
(687.9139483 -2161.52402 2306.911426)
(962.8513276 -2161.52402 2306.911426)
(1237.788707 -2161.52402 2306.911426)
(1512.726086 -2161.52402 2306.911426)
(1787.663466 -2161.52402 2306.911426)
(2062.600845 -2161.52402 2306.911426)
(2337.538224 -2161.52402 2306.911426)
(2612.475603 -2161.52402 2306.911426)
(2887.412983 -2161.52402 2306.911426)
(3162.350362 -2161.52402 2306.911426)
(3437.287741 -2161.52402 2306.911426)
(3712.225121 -2161.52402 2306.911426)
(3987.1625 -2161.52402 2306.911426)
(-3986.0215 -1933.71876 2306.911426)
(-3711.084121 -1933.71876 2306.911426)
(-3436.146741 -1933.71876 2306.911426)
(-3161.209362 -1933.71876 2306.911426)
(-2886.271983 -1933.71876 2306.911426)
(-2611.334603 -1933.71876 2306.911426)
(-2336.397224 -1933.71876 2306.911426)
(-2061.459845 -1933.71876 2306.911426)
(-1786.522466 -1933.71876 2306.911426)
(-1511.585086 -1933.71876 2306.911426)
(-1236.647707 -1933.71876 2306.911426)
(-961.7103276 -1933.71876 2306.911426)
(-686.7729483 -1933.71876 2306.911426)
(-411.835569 -1933.71876 2306.911426)
(-136.8981897 -1933.71876 2306.911426)
(138.0391897 -1933.71876 2306.911426)
(412.976569 -1933.71876 2306.911426)
(687.9139483 -1933.71876 2306.911426)
(962.8513276 -1933.71876 2306.911426)
(1237.788707 -1933.71876 2306.911426)
(1512.726086 -1933.71876 2306.911426)
(1787.663466 -1933.71876 2306.911426)
(2062.600845 -1933.71876 2306.911426)
(2337.538224 -1933.71876 2306.911426)
(2612.475603 -1933.71876 2306.911426)
(2887.412983 -1933.71876 2306.911426)
(3162.350362 -1933.71876 2306.911426)
(3437.287741 -1933.71876 2306.911426)
(3712.225121 -1933.71876 2306.911426)
(3987.1625 -1933.71876 2306.911426)
(-3986.0215 -1705.9135 2306.911426)
(-3711.084121 -1705.9135 2306.911426)
(-3436.146741 -1705.9135 2306.911426)
(-3161.209362 -1705.9135 2306.911426)
(-2886.271983 -1705.9135 2306.911426)
(-2611.334603 -1705.9135 2306.911426)
(-2336.397224 -1705.9135 2306.911426)
(-2061.459845 -1705.9135 2306.911426)
(-1786.522466 -1705.9135 2306.911426)
(-1511.585086 -1705.9135 2306.911426)
(-1236.647707 -1705.9135 2306.911426)
(-961.7103276 -1705.9135 2306.911426)
(-686.7729483 -1705.9135 2306.911426)
(-411.835569 -1705.9135 2306.911426)
(-136.8981897 -1705.9135 2306.911426)
(138.0391897 -1705.9135 2306.911426)
(412.976569 -1705.9135 2306.911426)
(687.9139483 -1705.9135 2306.911426)
(962.8513276 -1705.9135 2306.911426)
(1237.788707 -1705.9135 2306.911426)
(1512.726086 -1705.9135 2306.911426)
(1787.663466 -1705.9135 2306.911426)
(2062.600845 -1705.9135 2306.911426)
(2337.538224 -1705.9135 2306.911426)
(2612.475603 -1705.9135 2306.911426)
(2887.412983 -1705.9135 2306.911426)
(3162.350362 -1705.9135 2306.911426)
(3437.287741 -1705.9135 2306.911426)
(3712.225121 -1705.9135 2306.911426)
(3987.1625 -1705.9135 2306.911426)
(-3986.0215 -1478.10824 2306.911426)
(-3711.084121 -1478.10824 2306.911426)
(-3436.146741 -1478.10824 2306.911426)
(-3161.209362 -1478.10824 2306.911426)
(-2886.271983 -1478.10824 2306.911426)
(-2611.334603 -1478.10824 2306.911426)
(-2336.397224 -1478.10824 2306.911426)
(-2061.459845 -1478.10824 2306.911426)
(-1786.522466 -1478.10824 2306.911426)
(-1511.585086 -1478.10824 2306.911426)
(-1236.647707 -1478.10824 2306.911426)
(-961.7103276 -1478.10824 2306.911426)
(-686.7729483 -1478.10824 2306.911426)
(-411.835569 -1478.10824 2306.911426)
(-136.8981897 -1478.10824 2306.911426)
(138.0391897 -1478.10824 2306.911426)
(412.976569 -1478.10824 2306.911426)
(687.9139483 -1478.10824 2306.911426)
(962.8513276 -1478.10824 2306.911426)
(1237.788707 -1478.10824 2306.911426)
(1512.726086 -1478.10824 2306.911426)
(1787.663466 -1478.10824 2306.911426)
(2062.600845 -1478.10824 2306.911426)
(2337.538224 -1478.10824 2306.911426)
(2612.475603 -1478.10824 2306.911426)
(2887.412983 -1478.10824 2306.911426)
(3162.350362 -1478.10824 2306.911426)
(3437.287741 -1478.10824 2306.911426)
(3712.225121 -1478.10824 2306.911426)
(3987.1625 -1478.10824 2306.911426)
(-3986.0215 -1250.30298 2306.911426)
(-3711.084121 -1250.30298 2306.911426)
(-3436.146741 -1250.30298 2306.911426)
(-3161.209362 -1250.30298 2306.911426)
(-2886.271983 -1250.30298 2306.911426)
(-2611.334603 -1250.30298 2306.911426)
(-2336.397224 -1250.30298 2306.911426)
(-2061.459845 -1250.30298 2306.911426)
(-1786.522466 -1250.30298 2306.911426)
(-1511.585086 -1250.30298 2306.911426)
(-1236.647707 -1250.30298 2306.911426)
(-961.7103276 -1250.30298 2306.911426)
(-686.7729483 -1250.30298 2306.911426)
(-411.835569 -1250.30298 2306.911426)
(-136.8981897 -1250.30298 2306.911426)
(138.0391897 -1250.30298 2306.911426)
(412.976569 -1250.30298 2306.911426)
(687.9139483 -1250.30298 2306.911426)
(962.8513276 -1250.30298 2306.911426)
(1237.788707 -1250.30298 2306.911426)
(1512.726086 -1250.30298 2306.911426)
(1787.663466 -1250.30298 2306.911426)
(2062.600845 -1250.30298 2306.911426)
(2337.538224 -1250.30298 2306.911426)
(2612.475603 -1250.30298 2306.911426)
(2887.412983 -1250.30298 2306.911426)
(3162.350362 -1250.30298 2306.911426)
(3437.287741 -1250.30298 2306.911426)
(3712.225121 -1250.30298 2306.911426)
(3987.1625 -1250.30298 2306.911426)
(-3986.0215 -1022.49772 2306.911426)
(-3711.084121 -1022.49772 2306.911426)
(-3436.146741 -1022.49772 2306.911426)
(-3161.209362 -1022.49772 2306.911426)
(-2886.271983 -1022.49772 2306.911426)
(-2611.334603 -1022.49772 2306.911426)
(-2336.397224 -1022.49772 2306.911426)
(-2061.459845 -1022.49772 2306.911426)
(-1786.522466 -1022.49772 2306.911426)
(-1511.585086 -1022.49772 2306.911426)
(-1236.647707 -1022.49772 2306.911426)
(-961.7103276 -1022.49772 2306.911426)
(-686.7729483 -1022.49772 2306.911426)
(-411.835569 -1022.49772 2306.911426)
(-136.8981897 -1022.49772 2306.911426)
(138.0391897 -1022.49772 2306.911426)
(412.976569 -1022.49772 2306.911426)
(687.9139483 -1022.49772 2306.911426)
(962.8513276 -1022.49772 2306.911426)
(1237.788707 -1022.49772 2306.911426)
(1512.726086 -1022.49772 2306.911426)
(1787.663466 -1022.49772 2306.911426)
(2062.600845 -1022.49772 2306.911426)
(2337.538224 -1022.49772 2306.911426)
(2612.475603 -1022.49772 2306.911426)
(2887.412983 -1022.49772 2306.911426)
(3162.350362 -1022.49772 2306.911426)
(3437.287741 -1022.49772 2306.911426)
(3712.225121 -1022.49772 2306.911426)
(3987.1625 -1022.49772 2306.911426)
(-3986.0215 -794.69246 2306.911426)
(-3711.084121 -794.69246 2306.911426)
(-3436.146741 -794.69246 2306.911426)
(-3161.209362 -794.69246 2306.911426)
(-2886.271983 -794.69246 2306.911426)
(-2611.334603 -794.69246 2306.911426)
(-2336.397224 -794.69246 2306.911426)
(-2061.459845 -794.69246 2306.911426)
(-1786.522466 -794.69246 2306.911426)
(-1511.585086 -794.69246 2306.911426)
(-1236.647707 -794.69246 2306.911426)
(-961.7103276 -794.69246 2306.911426)
(-686.7729483 -794.69246 2306.911426)
(-411.835569 -794.69246 2306.911426)
(-136.8981897 -794.69246 2306.911426)
(138.0391897 -794.69246 2306.911426)
(412.976569 -794.69246 2306.911426)
(687.9139483 -794.69246 2306.911426)
(962.8513276 -794.69246 2306.911426)
(1237.788707 -794.69246 2306.911426)
(1512.726086 -794.69246 2306.911426)
(1787.663466 -794.69246 2306.911426)
(2062.600845 -794.69246 2306.911426)
(2337.538224 -794.69246 2306.911426)
(2612.475603 -794.69246 2306.911426)
(2887.412983 -794.69246 2306.911426)
(3162.350362 -794.69246 2306.911426)
(3437.287741 -794.69246 2306.911426)
(3712.225121 -794.69246 2306.911426)
(3987.1625 -794.69246 2306.911426)
(-3986.0215 -566.8872 2306.911426)
(-3711.084121 -566.8872 2306.911426)
(-3436.146741 -566.8872 2306.911426)
(-3161.209362 -566.8872 2306.911426)
(-2886.271983 -566.8872 2306.911426)
(-2611.334603 -566.8872 2306.911426)
(-2336.397224 -566.8872 2306.911426)
(-2061.459845 -566.8872 2306.911426)
(-1786.522466 -566.8872 2306.911426)
(-1511.585086 -566.8872 2306.911426)
(-1236.647707 -566.8872 2306.911426)
(-961.7103276 -566.8872 2306.911426)
(-686.7729483 -566.8872 2306.911426)
(-411.835569 -566.8872 2306.911426)
(-136.8981897 -566.8872 2306.911426)
(138.0391897 -566.8872 2306.911426)
(412.976569 -566.8872 2306.911426)
(687.9139483 -566.8872 2306.911426)
(962.8513276 -566.8872 2306.911426)
(1237.788707 -566.8872 2306.911426)
(1512.726086 -566.8872 2306.911426)
(1787.663466 -566.8872 2306.911426)
(2062.600845 -566.8872 2306.911426)
(2337.538224 -566.8872 2306.911426)
(2612.475603 -566.8872 2306.911426)
(2887.412983 -566.8872 2306.911426)
(3162.350362 -566.8872 2306.911426)
(3437.287741 -566.8872 2306.911426)
(3712.225121 -566.8872 2306.911426)
(3987.1625 -566.8872 2306.911426)
(-3986.0215 -339.08194 2306.911426)
(-3711.084121 -339.08194 2306.911426)
(-3436.146741 -339.08194 2306.911426)
(-3161.209362 -339.08194 2306.911426)
(-2886.271983 -339.08194 2306.911426)
(-2611.334603 -339.08194 2306.911426)
(-2336.397224 -339.08194 2306.911426)
(-2061.459845 -339.08194 2306.911426)
(-1786.522466 -339.08194 2306.911426)
(-1511.585086 -339.08194 2306.911426)
(-1236.647707 -339.08194 2306.911426)
(-961.7103276 -339.08194 2306.911426)
(-686.7729483 -339.08194 2306.911426)
(-411.835569 -339.08194 2306.911426)
(-136.8981897 -339.08194 2306.911426)
(138.0391897 -339.08194 2306.911426)
(412.976569 -339.08194 2306.911426)
(687.9139483 -339.08194 2306.911426)
(962.8513276 -339.08194 2306.911426)
(1237.788707 -339.08194 2306.911426)
(1512.726086 -339.08194 2306.911426)
(1787.663466 -339.08194 2306.911426)
(2062.600845 -339.08194 2306.911426)
(2337.538224 -339.08194 2306.911426)
(2612.475603 -339.08194 2306.911426)
(2887.412983 -339.08194 2306.911426)
(3162.350362 -339.08194 2306.911426)
(3437.287741 -339.08194 2306.911426)
(3712.225121 -339.08194 2306.911426)
(3987.1625 -339.08194 2306.911426)
(-3986.0215 -111.27668 2306.911426)
(-3711.084121 -111.27668 2306.911426)
(-3436.146741 -111.27668 2306.911426)
(-3161.209362 -111.27668 2306.911426)
(-2886.271983 -111.27668 2306.911426)
(-2611.334603 -111.27668 2306.911426)
(-2336.397224 -111.27668 2306.911426)
(-2061.459845 -111.27668 2306.911426)
(-1786.522466 -111.27668 2306.911426)
(-1511.585086 -111.27668 2306.911426)
(-1236.647707 -111.27668 2306.911426)
(-961.7103276 -111.27668 2306.911426)
(-686.7729483 -111.27668 2306.911426)
(-411.835569 -111.27668 2306.911426)
(-136.8981897 -111.27668 2306.911426)
(138.0391897 -111.27668 2306.911426)
(412.976569 -111.27668 2306.911426)
(687.9139483 -111.27668 2306.911426)
(962.8513276 -111.27668 2306.911426)
(1237.788707 -111.27668 2306.911426)
(1512.726086 -111.27668 2306.911426)
(1787.663466 -111.27668 2306.911426)
(2062.600845 -111.27668 2306.911426)
(2337.538224 -111.27668 2306.911426)
(2612.475603 -111.27668 2306.911426)
(2887.412983 -111.27668 2306.911426)
(3162.350362 -111.27668 2306.911426)
(3437.287741 -111.27668 2306.911426)
(3712.225121 -111.27668 2306.911426)
(3987.1625 -111.27668 2306.911426)
(-3986.0215 116.52858 2306.911426)
(-3711.084121 116.52858 2306.911426)
(-3436.146741 116.52858 2306.911426)
(-3161.209362 116.52858 2306.911426)
(-2886.271983 116.52858 2306.911426)
(-2611.334603 116.52858 2306.911426)
(-2336.397224 116.52858 2306.911426)
(-2061.459845 116.52858 2306.911426)
(-1786.522466 116.52858 2306.911426)
(-1511.585086 116.52858 2306.911426)
(-1236.647707 116.52858 2306.911426)
(-961.7103276 116.52858 2306.911426)
(-686.7729483 116.52858 2306.911426)
(-411.835569 116.52858 2306.911426)
(-136.8981897 116.52858 2306.911426)
(138.0391897 116.52858 2306.911426)
(412.976569 116.52858 2306.911426)
(687.9139483 116.52858 2306.911426)
(962.8513276 116.52858 2306.911426)
(1237.788707 116.52858 2306.911426)
(1512.726086 116.52858 2306.911426)
(1787.663466 116.52858 2306.911426)
(2062.600845 116.52858 2306.911426)
(2337.538224 116.52858 2306.911426)
(2612.475603 116.52858 2306.911426)
(2887.412983 116.52858 2306.911426)
(3162.350362 116.52858 2306.911426)
(3437.287741 116.52858 2306.911426)
(3712.225121 116.52858 2306.911426)
(3987.1625 116.52858 2306.911426)
(-3986.0215 344.33384 2306.911426)
(-3711.084121 344.33384 2306.911426)
(-3436.146741 344.33384 2306.911426)
(-3161.209362 344.33384 2306.911426)
(-2886.271983 344.33384 2306.911426)
(-2611.334603 344.33384 2306.911426)
(-2336.397224 344.33384 2306.911426)
(-2061.459845 344.33384 2306.911426)
(-1786.522466 344.33384 2306.911426)
(-1511.585086 344.33384 2306.911426)
(-1236.647707 344.33384 2306.911426)
(-961.7103276 344.33384 2306.911426)
(-686.7729483 344.33384 2306.911426)
(-411.835569 344.33384 2306.911426)
(-136.8981897 344.33384 2306.911426)
(138.0391897 344.33384 2306.911426)
(412.976569 344.33384 2306.911426)
(687.9139483 344.33384 2306.911426)
(962.8513276 344.33384 2306.911426)
(1237.788707 344.33384 2306.911426)
(1512.726086 344.33384 2306.911426)
(1787.663466 344.33384 2306.911426)
(2062.600845 344.33384 2306.911426)
(2337.538224 344.33384 2306.911426)
(2612.475603 344.33384 2306.911426)
(2887.412983 344.33384 2306.911426)
(3162.350362 344.33384 2306.911426)
(3437.287741 344.33384 2306.911426)
(3712.225121 344.33384 2306.911426)
(3987.1625 344.33384 2306.911426)
(-3986.0215 572.1391 2306.911426)
(-3711.084121 572.1391 2306.911426)
(-3436.146741 572.1391 2306.911426)
(-3161.209362 572.1391 2306.911426)
(-2886.271983 572.1391 2306.911426)
(-2611.334603 572.1391 2306.911426)
(-2336.397224 572.1391 2306.911426)
(-2061.459845 572.1391 2306.911426)
(-1786.522466 572.1391 2306.911426)
(-1511.585086 572.1391 2306.911426)
(-1236.647707 572.1391 2306.911426)
(-961.7103276 572.1391 2306.911426)
(-686.7729483 572.1391 2306.911426)
(-411.835569 572.1391 2306.911426)
(-136.8981897 572.1391 2306.911426)
(138.0391897 572.1391 2306.911426)
(412.976569 572.1391 2306.911426)
(687.9139483 572.1391 2306.911426)
(962.8513276 572.1391 2306.911426)
(1237.788707 572.1391 2306.911426)
(1512.726086 572.1391 2306.911426)
(1787.663466 572.1391 2306.911426)
(2062.600845 572.1391 2306.911426)
(2337.538224 572.1391 2306.911426)
(2612.475603 572.1391 2306.911426)
(2887.412983 572.1391 2306.911426)
(3162.350362 572.1391 2306.911426)
(3437.287741 572.1391 2306.911426)
(3712.225121 572.1391 2306.911426)
(3987.1625 572.1391 2306.911426)
(-3986.0215 799.94436 2306.911426)
(-3711.084121 799.94436 2306.911426)
(-3436.146741 799.94436 2306.911426)
(-3161.209362 799.94436 2306.911426)
(-2886.271983 799.94436 2306.911426)
(-2611.334603 799.94436 2306.911426)
(-2336.397224 799.94436 2306.911426)
(-2061.459845 799.94436 2306.911426)
(-1786.522466 799.94436 2306.911426)
(-1511.585086 799.94436 2306.911426)
(-1236.647707 799.94436 2306.911426)
(-961.7103276 799.94436 2306.911426)
(-686.7729483 799.94436 2306.911426)
(-411.835569 799.94436 2306.911426)
(-136.8981897 799.94436 2306.911426)
(138.0391897 799.94436 2306.911426)
(412.976569 799.94436 2306.911426)
(687.9139483 799.94436 2306.911426)
(962.8513276 799.94436 2306.911426)
(1237.788707 799.94436 2306.911426)
(1512.726086 799.94436 2306.911426)
(1787.663466 799.94436 2306.911426)
(2062.600845 799.94436 2306.911426)
(2337.538224 799.94436 2306.911426)
(2612.475603 799.94436 2306.911426)
(2887.412983 799.94436 2306.911426)
(3162.350362 799.94436 2306.911426)
(3437.287741 799.94436 2306.911426)
(3712.225121 799.94436 2306.911426)
(3987.1625 799.94436 2306.911426)
(-3986.0215 1027.74962 2306.911426)
(-3711.084121 1027.74962 2306.911426)
(-3436.146741 1027.74962 2306.911426)
(-3161.209362 1027.74962 2306.911426)
(-2886.271983 1027.74962 2306.911426)
(-2611.334603 1027.74962 2306.911426)
(-2336.397224 1027.74962 2306.911426)
(-2061.459845 1027.74962 2306.911426)
(-1786.522466 1027.74962 2306.911426)
(-1511.585086 1027.74962 2306.911426)
(-1236.647707 1027.74962 2306.911426)
(-961.7103276 1027.74962 2306.911426)
(-686.7729483 1027.74962 2306.911426)
(-411.835569 1027.74962 2306.911426)
(-136.8981897 1027.74962 2306.911426)
(138.0391897 1027.74962 2306.911426)
(412.976569 1027.74962 2306.911426)
(687.9139483 1027.74962 2306.911426)
(962.8513276 1027.74962 2306.911426)
(1237.788707 1027.74962 2306.911426)
(1512.726086 1027.74962 2306.911426)
(1787.663466 1027.74962 2306.911426)
(2062.600845 1027.74962 2306.911426)
(2337.538224 1027.74962 2306.911426)
(2612.475603 1027.74962 2306.911426)
(2887.412983 1027.74962 2306.911426)
(3162.350362 1027.74962 2306.911426)
(3437.287741 1027.74962 2306.911426)
(3712.225121 1027.74962 2306.911426)
(3987.1625 1027.74962 2306.911426)
(-3986.0215 1255.55488 2306.911426)
(-3711.084121 1255.55488 2306.911426)
(-3436.146741 1255.55488 2306.911426)
(-3161.209362 1255.55488 2306.911426)
(-2886.271983 1255.55488 2306.911426)
(-2611.334603 1255.55488 2306.911426)
(-2336.397224 1255.55488 2306.911426)
(-2061.459845 1255.55488 2306.911426)
(-1786.522466 1255.55488 2306.911426)
(-1511.585086 1255.55488 2306.911426)
(-1236.647707 1255.55488 2306.911426)
(-961.7103276 1255.55488 2306.911426)
(-686.7729483 1255.55488 2306.911426)
(-411.835569 1255.55488 2306.911426)
(-136.8981897 1255.55488 2306.911426)
(138.0391897 1255.55488 2306.911426)
(412.976569 1255.55488 2306.911426)
(687.9139483 1255.55488 2306.911426)
(962.8513276 1255.55488 2306.911426)
(1237.788707 1255.55488 2306.911426)
(1512.726086 1255.55488 2306.911426)
(1787.663466 1255.55488 2306.911426)
(2062.600845 1255.55488 2306.911426)
(2337.538224 1255.55488 2306.911426)
(2612.475603 1255.55488 2306.911426)
(2887.412983 1255.55488 2306.911426)
(3162.350362 1255.55488 2306.911426)
(3437.287741 1255.55488 2306.911426)
(3712.225121 1255.55488 2306.911426)
(3987.1625 1255.55488 2306.911426)
(-3986.0215 1483.36014 2306.911426)
(-3711.084121 1483.36014 2306.911426)
(-3436.146741 1483.36014 2306.911426)
(-3161.209362 1483.36014 2306.911426)
(-2886.271983 1483.36014 2306.911426)
(-2611.334603 1483.36014 2306.911426)
(-2336.397224 1483.36014 2306.911426)
(-2061.459845 1483.36014 2306.911426)
(-1786.522466 1483.36014 2306.911426)
(-1511.585086 1483.36014 2306.911426)
(-1236.647707 1483.36014 2306.911426)
(-961.7103276 1483.36014 2306.911426)
(-686.7729483 1483.36014 2306.911426)
(-411.835569 1483.36014 2306.911426)
(-136.8981897 1483.36014 2306.911426)
(138.0391897 1483.36014 2306.911426)
(412.976569 1483.36014 2306.911426)
(687.9139483 1483.36014 2306.911426)
(962.8513276 1483.36014 2306.911426)
(1237.788707 1483.36014 2306.911426)
(1512.726086 1483.36014 2306.911426)
(1787.663466 1483.36014 2306.911426)
(2062.600845 1483.36014 2306.911426)
(2337.538224 1483.36014 2306.911426)
(2612.475603 1483.36014 2306.911426)
(2887.412983 1483.36014 2306.911426)
(3162.350362 1483.36014 2306.911426)
(3437.287741 1483.36014 2306.911426)
(3712.225121 1483.36014 2306.911426)
(3987.1625 1483.36014 2306.911426)
(-3986.0215 1711.1654 2306.911426)
(-3711.084121 1711.1654 2306.911426)
(-3436.146741 1711.1654 2306.911426)
(-3161.209362 1711.1654 2306.911426)
(-2886.271983 1711.1654 2306.911426)
(-2611.334603 1711.1654 2306.911426)
(-2336.397224 1711.1654 2306.911426)
(-2061.459845 1711.1654 2306.911426)
(-1786.522466 1711.1654 2306.911426)
(-1511.585086 1711.1654 2306.911426)
(-1236.647707 1711.1654 2306.911426)
(-961.7103276 1711.1654 2306.911426)
(-686.7729483 1711.1654 2306.911426)
(-411.835569 1711.1654 2306.911426)
(-136.8981897 1711.1654 2306.911426)
(138.0391897 1711.1654 2306.911426)
(412.976569 1711.1654 2306.911426)
(687.9139483 1711.1654 2306.911426)
(962.8513276 1711.1654 2306.911426)
(1237.788707 1711.1654 2306.911426)
(1512.726086 1711.1654 2306.911426)
(1787.663466 1711.1654 2306.911426)
(2062.600845 1711.1654 2306.911426)
(2337.538224 1711.1654 2306.911426)
(2612.475603 1711.1654 2306.911426)
(2887.412983 1711.1654 2306.911426)
(3162.350362 1711.1654 2306.911426)
(3437.287741 1711.1654 2306.911426)
(3712.225121 1711.1654 2306.911426)
(3987.1625 1711.1654 2306.911426)
(-3986.0215 1938.97066 2306.911426)
(-3711.084121 1938.97066 2306.911426)
(-3436.146741 1938.97066 2306.911426)
(-3161.209362 1938.97066 2306.911426)
(-2886.271983 1938.97066 2306.911426)
(-2611.334603 1938.97066 2306.911426)
(-2336.397224 1938.97066 2306.911426)
(-2061.459845 1938.97066 2306.911426)
(-1786.522466 1938.97066 2306.911426)
(-1511.585086 1938.97066 2306.911426)
(-1236.647707 1938.97066 2306.911426)
(-961.7103276 1938.97066 2306.911426)
(-686.7729483 1938.97066 2306.911426)
(-411.835569 1938.97066 2306.911426)
(-136.8981897 1938.97066 2306.911426)
(138.0391897 1938.97066 2306.911426)
(412.976569 1938.97066 2306.911426)
(687.9139483 1938.97066 2306.911426)
(962.8513276 1938.97066 2306.911426)
(1237.788707 1938.97066 2306.911426)
(1512.726086 1938.97066 2306.911426)
(1787.663466 1938.97066 2306.911426)
(2062.600845 1938.97066 2306.911426)
(2337.538224 1938.97066 2306.911426)
(2612.475603 1938.97066 2306.911426)
(2887.412983 1938.97066 2306.911426)
(3162.350362 1938.97066 2306.911426)
(3437.287741 1938.97066 2306.911426)
(3712.225121 1938.97066 2306.911426)
(3987.1625 1938.97066 2306.911426)
(-3986.0215 2166.77592 2306.911426)
(-3711.084121 2166.77592 2306.911426)
(-3436.146741 2166.77592 2306.911426)
(-3161.209362 2166.77592 2306.911426)
(-2886.271983 2166.77592 2306.911426)
(-2611.334603 2166.77592 2306.911426)
(-2336.397224 2166.77592 2306.911426)
(-2061.459845 2166.77592 2306.911426)
(-1786.522466 2166.77592 2306.911426)
(-1511.585086 2166.77592 2306.911426)
(-1236.647707 2166.77592 2306.911426)
(-961.7103276 2166.77592 2306.911426)
(-686.7729483 2166.77592 2306.911426)
(-411.835569 2166.77592 2306.911426)
(-136.8981897 2166.77592 2306.911426)
(138.0391897 2166.77592 2306.911426)
(412.976569 2166.77592 2306.911426)
(687.9139483 2166.77592 2306.911426)
(962.8513276 2166.77592 2306.911426)
(1237.788707 2166.77592 2306.911426)
(1512.726086 2166.77592 2306.911426)
(1787.663466 2166.77592 2306.911426)
(2062.600845 2166.77592 2306.911426)
(2337.538224 2166.77592 2306.911426)
(2612.475603 2166.77592 2306.911426)
(2887.412983 2166.77592 2306.911426)
(3162.350362 2166.77592 2306.911426)
(3437.287741 2166.77592 2306.911426)
(3712.225121 2166.77592 2306.911426)
(3987.1625 2166.77592 2306.911426)
(-3986.0215 2394.58118 2306.911426)
(-3711.084121 2394.58118 2306.911426)
(-3436.146741 2394.58118 2306.911426)
(-3161.209362 2394.58118 2306.911426)
(-2886.271983 2394.58118 2306.911426)
(-2611.334603 2394.58118 2306.911426)
(-2336.397224 2394.58118 2306.911426)
(-2061.459845 2394.58118 2306.911426)
(-1786.522466 2394.58118 2306.911426)
(-1511.585086 2394.58118 2306.911426)
(-1236.647707 2394.58118 2306.911426)
(-961.7103276 2394.58118 2306.911426)
(-686.7729483 2394.58118 2306.911426)
(-411.835569 2394.58118 2306.911426)
(-136.8981897 2394.58118 2306.911426)
(138.0391897 2394.58118 2306.911426)
(412.976569 2394.58118 2306.911426)
(687.9139483 2394.58118 2306.911426)
(962.8513276 2394.58118 2306.911426)
(1237.788707 2394.58118 2306.911426)
(1512.726086 2394.58118 2306.911426)
(1787.663466 2394.58118 2306.911426)
(2062.600845 2394.58118 2306.911426)
(2337.538224 2394.58118 2306.911426)
(2612.475603 2394.58118 2306.911426)
(2887.412983 2394.58118 2306.911426)
(3162.350362 2394.58118 2306.911426)
(3437.287741 2394.58118 2306.911426)
(3712.225121 2394.58118 2306.911426)
(3987.1625 2394.58118 2306.911426)
(-3986.0215 2622.38644 2306.911426)
(-3711.084121 2622.38644 2306.911426)
(-3436.146741 2622.38644 2306.911426)
(-3161.209362 2622.38644 2306.911426)
(-2886.271983 2622.38644 2306.911426)
(-2611.334603 2622.38644 2306.911426)
(-2336.397224 2622.38644 2306.911426)
(-2061.459845 2622.38644 2306.911426)
(-1786.522466 2622.38644 2306.911426)
(-1511.585086 2622.38644 2306.911426)
(-1236.647707 2622.38644 2306.911426)
(-961.7103276 2622.38644 2306.911426)
(-686.7729483 2622.38644 2306.911426)
(-411.835569 2622.38644 2306.911426)
(-136.8981897 2622.38644 2306.911426)
(138.0391897 2622.38644 2306.911426)
(412.976569 2622.38644 2306.911426)
(687.9139483 2622.38644 2306.911426)
(962.8513276 2622.38644 2306.911426)
(1237.788707 2622.38644 2306.911426)
(1512.726086 2622.38644 2306.911426)
(1787.663466 2622.38644 2306.911426)
(2062.600845 2622.38644 2306.911426)
(2337.538224 2622.38644 2306.911426)
(2612.475603 2622.38644 2306.911426)
(2887.412983 2622.38644 2306.911426)
(3162.350362 2622.38644 2306.911426)
(3437.287741 2622.38644 2306.911426)
(3712.225121 2622.38644 2306.911426)
(3987.1625 2622.38644 2306.911426)
(-3986.0215 2850.1917 2306.911426)
(-3711.084121 2850.1917 2306.911426)
(-3436.146741 2850.1917 2306.911426)
(-3161.209362 2850.1917 2306.911426)
(-2886.271983 2850.1917 2306.911426)
(-2611.334603 2850.1917 2306.911426)
(-2336.397224 2850.1917 2306.911426)
(-2061.459845 2850.1917 2306.911426)
(-1786.522466 2850.1917 2306.911426)
(-1511.585086 2850.1917 2306.911426)
(-1236.647707 2850.1917 2306.911426)
(-961.7103276 2850.1917 2306.911426)
(-686.7729483 2850.1917 2306.911426)
(-411.835569 2850.1917 2306.911426)
(-136.8981897 2850.1917 2306.911426)
(138.0391897 2850.1917 2306.911426)
(412.976569 2850.1917 2306.911426)
(687.9139483 2850.1917 2306.911426)
(962.8513276 2850.1917 2306.911426)
(1237.788707 2850.1917 2306.911426)
(1512.726086 2850.1917 2306.911426)
(1787.663466 2850.1917 2306.911426)
(2062.600845 2850.1917 2306.911426)
(2337.538224 2850.1917 2306.911426)
(2612.475603 2850.1917 2306.911426)
(2887.412983 2850.1917 2306.911426)
(3162.350362 2850.1917 2306.911426)
(3437.287741 2850.1917 2306.911426)
(3712.225121 2850.1917 2306.911426)
(3987.1625 2850.1917 2306.911426)
(-3986.0215 3077.99696 2306.911426)
(-3711.084121 3077.99696 2306.911426)
(-3436.146741 3077.99696 2306.911426)
(-3161.209362 3077.99696 2306.911426)
(-2886.271983 3077.99696 2306.911426)
(-2611.334603 3077.99696 2306.911426)
(-2336.397224 3077.99696 2306.911426)
(-2061.459845 3077.99696 2306.911426)
(-1786.522466 3077.99696 2306.911426)
(-1511.585086 3077.99696 2306.911426)
(-1236.647707 3077.99696 2306.911426)
(-961.7103276 3077.99696 2306.911426)
(-686.7729483 3077.99696 2306.911426)
(-411.835569 3077.99696 2306.911426)
(-136.8981897 3077.99696 2306.911426)
(138.0391897 3077.99696 2306.911426)
(412.976569 3077.99696 2306.911426)
(687.9139483 3077.99696 2306.911426)
(962.8513276 3077.99696 2306.911426)
(1237.788707 3077.99696 2306.911426)
(1512.726086 3077.99696 2306.911426)
(1787.663466 3077.99696 2306.911426)
(2062.600845 3077.99696 2306.911426)
(2337.538224 3077.99696 2306.911426)
(2612.475603 3077.99696 2306.911426)
(2887.412983 3077.99696 2306.911426)
(3162.350362 3077.99696 2306.911426)
(3437.287741 3077.99696 2306.911426)
(3712.225121 3077.99696 2306.911426)
(3987.1625 3077.99696 2306.911426)
(-3986.0215 3305.80222 2306.911426)
(-3711.084121 3305.80222 2306.911426)
(-3436.146741 3305.80222 2306.911426)
(-3161.209362 3305.80222 2306.911426)
(-2886.271983 3305.80222 2306.911426)
(-2611.334603 3305.80222 2306.911426)
(-2336.397224 3305.80222 2306.911426)
(-2061.459845 3305.80222 2306.911426)
(-1786.522466 3305.80222 2306.911426)
(-1511.585086 3305.80222 2306.911426)
(-1236.647707 3305.80222 2306.911426)
(-961.7103276 3305.80222 2306.911426)
(-686.7729483 3305.80222 2306.911426)
(-411.835569 3305.80222 2306.911426)
(-136.8981897 3305.80222 2306.911426)
(138.0391897 3305.80222 2306.911426)
(412.976569 3305.80222 2306.911426)
(687.9139483 3305.80222 2306.911426)
(962.8513276 3305.80222 2306.911426)
(1237.788707 3305.80222 2306.911426)
(1512.726086 3305.80222 2306.911426)
(1787.663466 3305.80222 2306.911426)
(2062.600845 3305.80222 2306.911426)
(2337.538224 3305.80222 2306.911426)
(2612.475603 3305.80222 2306.911426)
(2887.412983 3305.80222 2306.911426)
(3162.350362 3305.80222 2306.911426)
(3437.287741 3305.80222 2306.911426)
(3712.225121 3305.80222 2306.911426)
(3987.1625 3305.80222 2306.911426)
(-3986.0215 3533.60748 2306.911426)
(-3711.084121 3533.60748 2306.911426)
(-3436.146741 3533.60748 2306.911426)
(-3161.209362 3533.60748 2306.911426)
(-2886.271983 3533.60748 2306.911426)
(-2611.334603 3533.60748 2306.911426)
(-2336.397224 3533.60748 2306.911426)
(-2061.459845 3533.60748 2306.911426)
(-1786.522466 3533.60748 2306.911426)
(-1511.585086 3533.60748 2306.911426)
(-1236.647707 3533.60748 2306.911426)
(-961.7103276 3533.60748 2306.911426)
(-686.7729483 3533.60748 2306.911426)
(-411.835569 3533.60748 2306.911426)
(-136.8981897 3533.60748 2306.911426)
(138.0391897 3533.60748 2306.911426)
(412.976569 3533.60748 2306.911426)
(687.9139483 3533.60748 2306.911426)
(962.8513276 3533.60748 2306.911426)
(1237.788707 3533.60748 2306.911426)
(1512.726086 3533.60748 2306.911426)
(1787.663466 3533.60748 2306.911426)
(2062.600845 3533.60748 2306.911426)
(2337.538224 3533.60748 2306.911426)
(2612.475603 3533.60748 2306.911426)
(2887.412983 3533.60748 2306.911426)
(3162.350362 3533.60748 2306.911426)
(3437.287741 3533.60748 2306.911426)
(3712.225121 3533.60748 2306.911426)
(3987.1625 3533.60748 2306.911426)
(-3986.0215 3761.41274 2306.911426)
(-3711.084121 3761.41274 2306.911426)
(-3436.146741 3761.41274 2306.911426)
(-3161.209362 3761.41274 2306.911426)
(-2886.271983 3761.41274 2306.911426)
(-2611.334603 3761.41274 2306.911426)
(-2336.397224 3761.41274 2306.911426)
(-2061.459845 3761.41274 2306.911426)
(-1786.522466 3761.41274 2306.911426)
(-1511.585086 3761.41274 2306.911426)
(-1236.647707 3761.41274 2306.911426)
(-961.7103276 3761.41274 2306.911426)
(-686.7729483 3761.41274 2306.911426)
(-411.835569 3761.41274 2306.911426)
(-136.8981897 3761.41274 2306.911426)
(138.0391897 3761.41274 2306.911426)
(412.976569 3761.41274 2306.911426)
(687.9139483 3761.41274 2306.911426)
(962.8513276 3761.41274 2306.911426)
(1237.788707 3761.41274 2306.911426)
(1512.726086 3761.41274 2306.911426)
(1787.663466 3761.41274 2306.911426)
(2062.600845 3761.41274 2306.911426)
(2337.538224 3761.41274 2306.911426)
(2612.475603 3761.41274 2306.911426)
(2887.412983 3761.41274 2306.911426)
(3162.350362 3761.41274 2306.911426)
(3437.287741 3761.41274 2306.911426)
(3712.225121 3761.41274 2306.911426)
(3987.1625 3761.41274 2306.911426)
(-3986.0215 3989.218 2306.911426)
(-3711.084121 3989.218 2306.911426)
(-3436.146741 3989.218 2306.911426)
(-3161.209362 3989.218 2306.911426)
(-2886.271983 3989.218 2306.911426)
(-2611.334603 3989.218 2306.911426)
(-2336.397224 3989.218 2306.911426)
(-2061.459845 3989.218 2306.911426)
(-1786.522466 3989.218 2306.911426)
(-1511.585086 3989.218 2306.911426)
(-1236.647707 3989.218 2306.911426)
(-961.7103276 3989.218 2306.911426)
(-686.7729483 3989.218 2306.911426)
(-411.835569 3989.218 2306.911426)
(-136.8981897 3989.218 2306.911426)
(138.0391897 3989.218 2306.911426)
(412.976569 3989.218 2306.911426)
(687.9139483 3989.218 2306.911426)
(962.8513276 3989.218 2306.911426)
(1237.788707 3989.218 2306.911426)
(1512.726086 3989.218 2306.911426)
(1787.663466 3989.218 2306.911426)
(2062.600845 3989.218 2306.911426)
(2337.538224 3989.218 2306.911426)
(2612.475603 3989.218 2306.911426)
(2887.412983 3989.218 2306.911426)
(3162.350362 3989.218 2306.911426)
(3437.287741 3989.218 2306.911426)
(3712.225121 3989.218 2306.911426)
(3987.1625 3989.218 2306.911426)
(-3986.0215 -3983.9661 2726.552695)
(-3711.084121 -3983.9661 2726.552695)
(-3436.146741 -3983.9661 2726.552695)
(-3161.209362 -3983.9661 2726.552695)
(-2886.271983 -3983.9661 2726.552695)
(-2611.334603 -3983.9661 2726.552695)
(-2336.397224 -3983.9661 2726.552695)
(-2061.459845 -3983.9661 2726.552695)
(-1786.522466 -3983.9661 2726.552695)
(-1511.585086 -3983.9661 2726.552695)
(-1236.647707 -3983.9661 2726.552695)
(-961.7103276 -3983.9661 2726.552695)
(-686.7729483 -3983.9661 2726.552695)
(-411.835569 -3983.9661 2726.552695)
(-136.8981897 -3983.9661 2726.552695)
(138.0391897 -3983.9661 2726.552695)
(412.976569 -3983.9661 2726.552695)
(687.9139483 -3983.9661 2726.552695)
(962.8513276 -3983.9661 2726.552695)
(1237.788707 -3983.9661 2726.552695)
(1512.726086 -3983.9661 2726.552695)
(1787.663466 -3983.9661 2726.552695)
(2062.600845 -3983.9661 2726.552695)
(2337.538224 -3983.9661 2726.552695)
(2612.475603 -3983.9661 2726.552695)
(2887.412983 -3983.9661 2726.552695)
(3162.350362 -3983.9661 2726.552695)
(3437.287741 -3983.9661 2726.552695)
(3712.225121 -3983.9661 2726.552695)
(3987.1625 -3983.9661 2726.552695)
(-3986.0215 -3756.16084 2726.552695)
(-3711.084121 -3756.16084 2726.552695)
(-3436.146741 -3756.16084 2726.552695)
(-3161.209362 -3756.16084 2726.552695)
(-2886.271983 -3756.16084 2726.552695)
(-2611.334603 -3756.16084 2726.552695)
(-2336.397224 -3756.16084 2726.552695)
(-2061.459845 -3756.16084 2726.552695)
(-1786.522466 -3756.16084 2726.552695)
(-1511.585086 -3756.16084 2726.552695)
(-1236.647707 -3756.16084 2726.552695)
(-961.7103276 -3756.16084 2726.552695)
(-686.7729483 -3756.16084 2726.552695)
(-411.835569 -3756.16084 2726.552695)
(-136.8981897 -3756.16084 2726.552695)
(138.0391897 -3756.16084 2726.552695)
(412.976569 -3756.16084 2726.552695)
(687.9139483 -3756.16084 2726.552695)
(962.8513276 -3756.16084 2726.552695)
(1237.788707 -3756.16084 2726.552695)
(1512.726086 -3756.16084 2726.552695)
(1787.663466 -3756.16084 2726.552695)
(2062.600845 -3756.16084 2726.552695)
(2337.538224 -3756.16084 2726.552695)
(2612.475603 -3756.16084 2726.552695)
(2887.412983 -3756.16084 2726.552695)
(3162.350362 -3756.16084 2726.552695)
(3437.287741 -3756.16084 2726.552695)
(3712.225121 -3756.16084 2726.552695)
(3987.1625 -3756.16084 2726.552695)
(-3986.0215 -3528.35558 2726.552695)
(-3711.084121 -3528.35558 2726.552695)
(-3436.146741 -3528.35558 2726.552695)
(-3161.209362 -3528.35558 2726.552695)
(-2886.271983 -3528.35558 2726.552695)
(-2611.334603 -3528.35558 2726.552695)
(-2336.397224 -3528.35558 2726.552695)
(-2061.459845 -3528.35558 2726.552695)
(-1786.522466 -3528.35558 2726.552695)
(-1511.585086 -3528.35558 2726.552695)
(-1236.647707 -3528.35558 2726.552695)
(-961.7103276 -3528.35558 2726.552695)
(-686.7729483 -3528.35558 2726.552695)
(-411.835569 -3528.35558 2726.552695)
(-136.8981897 -3528.35558 2726.552695)
(138.0391897 -3528.35558 2726.552695)
(412.976569 -3528.35558 2726.552695)
(687.9139483 -3528.35558 2726.552695)
(962.8513276 -3528.35558 2726.552695)
(1237.788707 -3528.35558 2726.552695)
(1512.726086 -3528.35558 2726.552695)
(1787.663466 -3528.35558 2726.552695)
(2062.600845 -3528.35558 2726.552695)
(2337.538224 -3528.35558 2726.552695)
(2612.475603 -3528.35558 2726.552695)
(2887.412983 -3528.35558 2726.552695)
(3162.350362 -3528.35558 2726.552695)
(3437.287741 -3528.35558 2726.552695)
(3712.225121 -3528.35558 2726.552695)
(3987.1625 -3528.35558 2726.552695)
(-3986.0215 -3300.55032 2726.552695)
(-3711.084121 -3300.55032 2726.552695)
(-3436.146741 -3300.55032 2726.552695)
(-3161.209362 -3300.55032 2726.552695)
(-2886.271983 -3300.55032 2726.552695)
(-2611.334603 -3300.55032 2726.552695)
(-2336.397224 -3300.55032 2726.552695)
(-2061.459845 -3300.55032 2726.552695)
(-1786.522466 -3300.55032 2726.552695)
(-1511.585086 -3300.55032 2726.552695)
(-1236.647707 -3300.55032 2726.552695)
(-961.7103276 -3300.55032 2726.552695)
(-686.7729483 -3300.55032 2726.552695)
(-411.835569 -3300.55032 2726.552695)
(-136.8981897 -3300.55032 2726.552695)
(138.0391897 -3300.55032 2726.552695)
(412.976569 -3300.55032 2726.552695)
(687.9139483 -3300.55032 2726.552695)
(962.8513276 -3300.55032 2726.552695)
(1237.788707 -3300.55032 2726.552695)
(1512.726086 -3300.55032 2726.552695)
(1787.663466 -3300.55032 2726.552695)
(2062.600845 -3300.55032 2726.552695)
(2337.538224 -3300.55032 2726.552695)
(2612.475603 -3300.55032 2726.552695)
(2887.412983 -3300.55032 2726.552695)
(3162.350362 -3300.55032 2726.552695)
(3437.287741 -3300.55032 2726.552695)
(3712.225121 -3300.55032 2726.552695)
(3987.1625 -3300.55032 2726.552695)
(-3986.0215 -3072.74506 2726.552695)
(-3711.084121 -3072.74506 2726.552695)
(-3436.146741 -3072.74506 2726.552695)
(-3161.209362 -3072.74506 2726.552695)
(-2886.271983 -3072.74506 2726.552695)
(-2611.334603 -3072.74506 2726.552695)
(-2336.397224 -3072.74506 2726.552695)
(-2061.459845 -3072.74506 2726.552695)
(-1786.522466 -3072.74506 2726.552695)
(-1511.585086 -3072.74506 2726.552695)
(-1236.647707 -3072.74506 2726.552695)
(-961.7103276 -3072.74506 2726.552695)
(-686.7729483 -3072.74506 2726.552695)
(-411.835569 -3072.74506 2726.552695)
(-136.8981897 -3072.74506 2726.552695)
(138.0391897 -3072.74506 2726.552695)
(412.976569 -3072.74506 2726.552695)
(687.9139483 -3072.74506 2726.552695)
(962.8513276 -3072.74506 2726.552695)
(1237.788707 -3072.74506 2726.552695)
(1512.726086 -3072.74506 2726.552695)
(1787.663466 -3072.74506 2726.552695)
(2062.600845 -3072.74506 2726.552695)
(2337.538224 -3072.74506 2726.552695)
(2612.475603 -3072.74506 2726.552695)
(2887.412983 -3072.74506 2726.552695)
(3162.350362 -3072.74506 2726.552695)
(3437.287741 -3072.74506 2726.552695)
(3712.225121 -3072.74506 2726.552695)
(3987.1625 -3072.74506 2726.552695)
(-3986.0215 -2844.9398 2726.552695)
(-3711.084121 -2844.9398 2726.552695)
(-3436.146741 -2844.9398 2726.552695)
(-3161.209362 -2844.9398 2726.552695)
(-2886.271983 -2844.9398 2726.552695)
(-2611.334603 -2844.9398 2726.552695)
(-2336.397224 -2844.9398 2726.552695)
(-2061.459845 -2844.9398 2726.552695)
(-1786.522466 -2844.9398 2726.552695)
(-1511.585086 -2844.9398 2726.552695)
(-1236.647707 -2844.9398 2726.552695)
(-961.7103276 -2844.9398 2726.552695)
(-686.7729483 -2844.9398 2726.552695)
(-411.835569 -2844.9398 2726.552695)
(-136.8981897 -2844.9398 2726.552695)
(138.0391897 -2844.9398 2726.552695)
(412.976569 -2844.9398 2726.552695)
(687.9139483 -2844.9398 2726.552695)
(962.8513276 -2844.9398 2726.552695)
(1237.788707 -2844.9398 2726.552695)
(1512.726086 -2844.9398 2726.552695)
(1787.663466 -2844.9398 2726.552695)
(2062.600845 -2844.9398 2726.552695)
(2337.538224 -2844.9398 2726.552695)
(2612.475603 -2844.9398 2726.552695)
(2887.412983 -2844.9398 2726.552695)
(3162.350362 -2844.9398 2726.552695)
(3437.287741 -2844.9398 2726.552695)
(3712.225121 -2844.9398 2726.552695)
(3987.1625 -2844.9398 2726.552695)
(-3986.0215 -2617.13454 2726.552695)
(-3711.084121 -2617.13454 2726.552695)
(-3436.146741 -2617.13454 2726.552695)
(-3161.209362 -2617.13454 2726.552695)
(-2886.271983 -2617.13454 2726.552695)
(-2611.334603 -2617.13454 2726.552695)
(-2336.397224 -2617.13454 2726.552695)
(-2061.459845 -2617.13454 2726.552695)
(-1786.522466 -2617.13454 2726.552695)
(-1511.585086 -2617.13454 2726.552695)
(-1236.647707 -2617.13454 2726.552695)
(-961.7103276 -2617.13454 2726.552695)
(-686.7729483 -2617.13454 2726.552695)
(-411.835569 -2617.13454 2726.552695)
(-136.8981897 -2617.13454 2726.552695)
(138.0391897 -2617.13454 2726.552695)
(412.976569 -2617.13454 2726.552695)
(687.9139483 -2617.13454 2726.552695)
(962.8513276 -2617.13454 2726.552695)
(1237.788707 -2617.13454 2726.552695)
(1512.726086 -2617.13454 2726.552695)
(1787.663466 -2617.13454 2726.552695)
(2062.600845 -2617.13454 2726.552695)
(2337.538224 -2617.13454 2726.552695)
(2612.475603 -2617.13454 2726.552695)
(2887.412983 -2617.13454 2726.552695)
(3162.350362 -2617.13454 2726.552695)
(3437.287741 -2617.13454 2726.552695)
(3712.225121 -2617.13454 2726.552695)
(3987.1625 -2617.13454 2726.552695)
(-3986.0215 -2389.32928 2726.552695)
(-3711.084121 -2389.32928 2726.552695)
(-3436.146741 -2389.32928 2726.552695)
(-3161.209362 -2389.32928 2726.552695)
(-2886.271983 -2389.32928 2726.552695)
(-2611.334603 -2389.32928 2726.552695)
(-2336.397224 -2389.32928 2726.552695)
(-2061.459845 -2389.32928 2726.552695)
(-1786.522466 -2389.32928 2726.552695)
(-1511.585086 -2389.32928 2726.552695)
(-1236.647707 -2389.32928 2726.552695)
(-961.7103276 -2389.32928 2726.552695)
(-686.7729483 -2389.32928 2726.552695)
(-411.835569 -2389.32928 2726.552695)
(-136.8981897 -2389.32928 2726.552695)
(138.0391897 -2389.32928 2726.552695)
(412.976569 -2389.32928 2726.552695)
(687.9139483 -2389.32928 2726.552695)
(962.8513276 -2389.32928 2726.552695)
(1237.788707 -2389.32928 2726.552695)
(1512.726086 -2389.32928 2726.552695)
(1787.663466 -2389.32928 2726.552695)
(2062.600845 -2389.32928 2726.552695)
(2337.538224 -2389.32928 2726.552695)
(2612.475603 -2389.32928 2726.552695)
(2887.412983 -2389.32928 2726.552695)
(3162.350362 -2389.32928 2726.552695)
(3437.287741 -2389.32928 2726.552695)
(3712.225121 -2389.32928 2726.552695)
(3987.1625 -2389.32928 2726.552695)
(-3986.0215 -2161.52402 2726.552695)
(-3711.084121 -2161.52402 2726.552695)
(-3436.146741 -2161.52402 2726.552695)
(-3161.209362 -2161.52402 2726.552695)
(-2886.271983 -2161.52402 2726.552695)
(-2611.334603 -2161.52402 2726.552695)
(-2336.397224 -2161.52402 2726.552695)
(-2061.459845 -2161.52402 2726.552695)
(-1786.522466 -2161.52402 2726.552695)
(-1511.585086 -2161.52402 2726.552695)
(-1236.647707 -2161.52402 2726.552695)
(-961.7103276 -2161.52402 2726.552695)
(-686.7729483 -2161.52402 2726.552695)
(-411.835569 -2161.52402 2726.552695)
(-136.8981897 -2161.52402 2726.552695)
(138.0391897 -2161.52402 2726.552695)
(412.976569 -2161.52402 2726.552695)
(687.9139483 -2161.52402 2726.552695)
(962.8513276 -2161.52402 2726.552695)
(1237.788707 -2161.52402 2726.552695)
(1512.726086 -2161.52402 2726.552695)
(1787.663466 -2161.52402 2726.552695)
(2062.600845 -2161.52402 2726.552695)
(2337.538224 -2161.52402 2726.552695)
(2612.475603 -2161.52402 2726.552695)
(2887.412983 -2161.52402 2726.552695)
(3162.350362 -2161.52402 2726.552695)
(3437.287741 -2161.52402 2726.552695)
(3712.225121 -2161.52402 2726.552695)
(3987.1625 -2161.52402 2726.552695)
(-3986.0215 -1933.71876 2726.552695)
(-3711.084121 -1933.71876 2726.552695)
(-3436.146741 -1933.71876 2726.552695)
(-3161.209362 -1933.71876 2726.552695)
(-2886.271983 -1933.71876 2726.552695)
(-2611.334603 -1933.71876 2726.552695)
(-2336.397224 -1933.71876 2726.552695)
(-2061.459845 -1933.71876 2726.552695)
(-1786.522466 -1933.71876 2726.552695)
(-1511.585086 -1933.71876 2726.552695)
(-1236.647707 -1933.71876 2726.552695)
(-961.7103276 -1933.71876 2726.552695)
(-686.7729483 -1933.71876 2726.552695)
(-411.835569 -1933.71876 2726.552695)
(-136.8981897 -1933.71876 2726.552695)
(138.0391897 -1933.71876 2726.552695)
(412.976569 -1933.71876 2726.552695)
(687.9139483 -1933.71876 2726.552695)
(962.8513276 -1933.71876 2726.552695)
(1237.788707 -1933.71876 2726.552695)
(1512.726086 -1933.71876 2726.552695)
(1787.663466 -1933.71876 2726.552695)
(2062.600845 -1933.71876 2726.552695)
(2337.538224 -1933.71876 2726.552695)
(2612.475603 -1933.71876 2726.552695)
(2887.412983 -1933.71876 2726.552695)
(3162.350362 -1933.71876 2726.552695)
(3437.287741 -1933.71876 2726.552695)
(3712.225121 -1933.71876 2726.552695)
(3987.1625 -1933.71876 2726.552695)
(-3986.0215 -1705.9135 2726.552695)
(-3711.084121 -1705.9135 2726.552695)
(-3436.146741 -1705.9135 2726.552695)
(-3161.209362 -1705.9135 2726.552695)
(-2886.271983 -1705.9135 2726.552695)
(-2611.334603 -1705.9135 2726.552695)
(-2336.397224 -1705.9135 2726.552695)
(-2061.459845 -1705.9135 2726.552695)
(-1786.522466 -1705.9135 2726.552695)
(-1511.585086 -1705.9135 2726.552695)
(-1236.647707 -1705.9135 2726.552695)
(-961.7103276 -1705.9135 2726.552695)
(-686.7729483 -1705.9135 2726.552695)
(-411.835569 -1705.9135 2726.552695)
(-136.8981897 -1705.9135 2726.552695)
(138.0391897 -1705.9135 2726.552695)
(412.976569 -1705.9135 2726.552695)
(687.9139483 -1705.9135 2726.552695)
(962.8513276 -1705.9135 2726.552695)
(1237.788707 -1705.9135 2726.552695)
(1512.726086 -1705.9135 2726.552695)
(1787.663466 -1705.9135 2726.552695)
(2062.600845 -1705.9135 2726.552695)
(2337.538224 -1705.9135 2726.552695)
(2612.475603 -1705.9135 2726.552695)
(2887.412983 -1705.9135 2726.552695)
(3162.350362 -1705.9135 2726.552695)
(3437.287741 -1705.9135 2726.552695)
(3712.225121 -1705.9135 2726.552695)
(3987.1625 -1705.9135 2726.552695)
(-3986.0215 -1478.10824 2726.552695)
(-3711.084121 -1478.10824 2726.552695)
(-3436.146741 -1478.10824 2726.552695)
(-3161.209362 -1478.10824 2726.552695)
(-2886.271983 -1478.10824 2726.552695)
(-2611.334603 -1478.10824 2726.552695)
(-2336.397224 -1478.10824 2726.552695)
(-2061.459845 -1478.10824 2726.552695)
(-1786.522466 -1478.10824 2726.552695)
(-1511.585086 -1478.10824 2726.552695)
(-1236.647707 -1478.10824 2726.552695)
(-961.7103276 -1478.10824 2726.552695)
(-686.7729483 -1478.10824 2726.552695)
(-411.835569 -1478.10824 2726.552695)
(-136.8981897 -1478.10824 2726.552695)
(138.0391897 -1478.10824 2726.552695)
(412.976569 -1478.10824 2726.552695)
(687.9139483 -1478.10824 2726.552695)
(962.8513276 -1478.10824 2726.552695)
(1237.788707 -1478.10824 2726.552695)
(1512.726086 -1478.10824 2726.552695)
(1787.663466 -1478.10824 2726.552695)
(2062.600845 -1478.10824 2726.552695)
(2337.538224 -1478.10824 2726.552695)
(2612.475603 -1478.10824 2726.552695)
(2887.412983 -1478.10824 2726.552695)
(3162.350362 -1478.10824 2726.552695)
(3437.287741 -1478.10824 2726.552695)
(3712.225121 -1478.10824 2726.552695)
(3987.1625 -1478.10824 2726.552695)
(-3986.0215 -1250.30298 2726.552695)
(-3711.084121 -1250.30298 2726.552695)
(-3436.146741 -1250.30298 2726.552695)
(-3161.209362 -1250.30298 2726.552695)
(-2886.271983 -1250.30298 2726.552695)
(-2611.334603 -1250.30298 2726.552695)
(-2336.397224 -1250.30298 2726.552695)
(-2061.459845 -1250.30298 2726.552695)
(-1786.522466 -1250.30298 2726.552695)
(-1511.585086 -1250.30298 2726.552695)
(-1236.647707 -1250.30298 2726.552695)
(-961.7103276 -1250.30298 2726.552695)
(-686.7729483 -1250.30298 2726.552695)
(-411.835569 -1250.30298 2726.552695)
(-136.8981897 -1250.30298 2726.552695)
(138.0391897 -1250.30298 2726.552695)
(412.976569 -1250.30298 2726.552695)
(687.9139483 -1250.30298 2726.552695)
(962.8513276 -1250.30298 2726.552695)
(1237.788707 -1250.30298 2726.552695)
(1512.726086 -1250.30298 2726.552695)
(1787.663466 -1250.30298 2726.552695)
(2062.600845 -1250.30298 2726.552695)
(2337.538224 -1250.30298 2726.552695)
(2612.475603 -1250.30298 2726.552695)
(2887.412983 -1250.30298 2726.552695)
(3162.350362 -1250.30298 2726.552695)
(3437.287741 -1250.30298 2726.552695)
(3712.225121 -1250.30298 2726.552695)
(3987.1625 -1250.30298 2726.552695)
(-3986.0215 -1022.49772 2726.552695)
(-3711.084121 -1022.49772 2726.552695)
(-3436.146741 -1022.49772 2726.552695)
(-3161.209362 -1022.49772 2726.552695)
(-2886.271983 -1022.49772 2726.552695)
(-2611.334603 -1022.49772 2726.552695)
(-2336.397224 -1022.49772 2726.552695)
(-2061.459845 -1022.49772 2726.552695)
(-1786.522466 -1022.49772 2726.552695)
(-1511.585086 -1022.49772 2726.552695)
(-1236.647707 -1022.49772 2726.552695)
(-961.7103276 -1022.49772 2726.552695)
(-686.7729483 -1022.49772 2726.552695)
(-411.835569 -1022.49772 2726.552695)
(-136.8981897 -1022.49772 2726.552695)
(138.0391897 -1022.49772 2726.552695)
(412.976569 -1022.49772 2726.552695)
(687.9139483 -1022.49772 2726.552695)
(962.8513276 -1022.49772 2726.552695)
(1237.788707 -1022.49772 2726.552695)
(1512.726086 -1022.49772 2726.552695)
(1787.663466 -1022.49772 2726.552695)
(2062.600845 -1022.49772 2726.552695)
(2337.538224 -1022.49772 2726.552695)
(2612.475603 -1022.49772 2726.552695)
(2887.412983 -1022.49772 2726.552695)
(3162.350362 -1022.49772 2726.552695)
(3437.287741 -1022.49772 2726.552695)
(3712.225121 -1022.49772 2726.552695)
(3987.1625 -1022.49772 2726.552695)
(-3986.0215 -794.69246 2726.552695)
(-3711.084121 -794.69246 2726.552695)
(-3436.146741 -794.69246 2726.552695)
(-3161.209362 -794.69246 2726.552695)
(-2886.271983 -794.69246 2726.552695)
(-2611.334603 -794.69246 2726.552695)
(-2336.397224 -794.69246 2726.552695)
(-2061.459845 -794.69246 2726.552695)
(-1786.522466 -794.69246 2726.552695)
(-1511.585086 -794.69246 2726.552695)
(-1236.647707 -794.69246 2726.552695)
(-961.7103276 -794.69246 2726.552695)
(-686.7729483 -794.69246 2726.552695)
(-411.835569 -794.69246 2726.552695)
(-136.8981897 -794.69246 2726.552695)
(138.0391897 -794.69246 2726.552695)
(412.976569 -794.69246 2726.552695)
(687.9139483 -794.69246 2726.552695)
(962.8513276 -794.69246 2726.552695)
(1237.788707 -794.69246 2726.552695)
(1512.726086 -794.69246 2726.552695)
(1787.663466 -794.69246 2726.552695)
(2062.600845 -794.69246 2726.552695)
(2337.538224 -794.69246 2726.552695)
(2612.475603 -794.69246 2726.552695)
(2887.412983 -794.69246 2726.552695)
(3162.350362 -794.69246 2726.552695)
(3437.287741 -794.69246 2726.552695)
(3712.225121 -794.69246 2726.552695)
(3987.1625 -794.69246 2726.552695)
(-3986.0215 -566.8872 2726.552695)
(-3711.084121 -566.8872 2726.552695)
(-3436.146741 -566.8872 2726.552695)
(-3161.209362 -566.8872 2726.552695)
(-2886.271983 -566.8872 2726.552695)
(-2611.334603 -566.8872 2726.552695)
(-2336.397224 -566.8872 2726.552695)
(-2061.459845 -566.8872 2726.552695)
(-1786.522466 -566.8872 2726.552695)
(-1511.585086 -566.8872 2726.552695)
(-1236.647707 -566.8872 2726.552695)
(-961.7103276 -566.8872 2726.552695)
(-686.7729483 -566.8872 2726.552695)
(-411.835569 -566.8872 2726.552695)
(-136.8981897 -566.8872 2726.552695)
(138.0391897 -566.8872 2726.552695)
(412.976569 -566.8872 2726.552695)
(687.9139483 -566.8872 2726.552695)
(962.8513276 -566.8872 2726.552695)
(1237.788707 -566.8872 2726.552695)
(1512.726086 -566.8872 2726.552695)
(1787.663466 -566.8872 2726.552695)
(2062.600845 -566.8872 2726.552695)
(2337.538224 -566.8872 2726.552695)
(2612.475603 -566.8872 2726.552695)
(2887.412983 -566.8872 2726.552695)
(3162.350362 -566.8872 2726.552695)
(3437.287741 -566.8872 2726.552695)
(3712.225121 -566.8872 2726.552695)
(3987.1625 -566.8872 2726.552695)
(-3986.0215 -339.08194 2726.552695)
(-3711.084121 -339.08194 2726.552695)
(-3436.146741 -339.08194 2726.552695)
(-3161.209362 -339.08194 2726.552695)
(-2886.271983 -339.08194 2726.552695)
(-2611.334603 -339.08194 2726.552695)
(-2336.397224 -339.08194 2726.552695)
(-2061.459845 -339.08194 2726.552695)
(-1786.522466 -339.08194 2726.552695)
(-1511.585086 -339.08194 2726.552695)
(-1236.647707 -339.08194 2726.552695)
(-961.7103276 -339.08194 2726.552695)
(-686.7729483 -339.08194 2726.552695)
(-411.835569 -339.08194 2726.552695)
(-136.8981897 -339.08194 2726.552695)
(138.0391897 -339.08194 2726.552695)
(412.976569 -339.08194 2726.552695)
(687.9139483 -339.08194 2726.552695)
(962.8513276 -339.08194 2726.552695)
(1237.788707 -339.08194 2726.552695)
(1512.726086 -339.08194 2726.552695)
(1787.663466 -339.08194 2726.552695)
(2062.600845 -339.08194 2726.552695)
(2337.538224 -339.08194 2726.552695)
(2612.475603 -339.08194 2726.552695)
(2887.412983 -339.08194 2726.552695)
(3162.350362 -339.08194 2726.552695)
(3437.287741 -339.08194 2726.552695)
(3712.225121 -339.08194 2726.552695)
(3987.1625 -339.08194 2726.552695)
(-3986.0215 -111.27668 2726.552695)
(-3711.084121 -111.27668 2726.552695)
(-3436.146741 -111.27668 2726.552695)
(-3161.209362 -111.27668 2726.552695)
(-2886.271983 -111.27668 2726.552695)
(-2611.334603 -111.27668 2726.552695)
(-2336.397224 -111.27668 2726.552695)
(-2061.459845 -111.27668 2726.552695)
(-1786.522466 -111.27668 2726.552695)
(-1511.585086 -111.27668 2726.552695)
(-1236.647707 -111.27668 2726.552695)
(-961.7103276 -111.27668 2726.552695)
(-686.7729483 -111.27668 2726.552695)
(-411.835569 -111.27668 2726.552695)
(-136.8981897 -111.27668 2726.552695)
(138.0391897 -111.27668 2726.552695)
(412.976569 -111.27668 2726.552695)
(687.9139483 -111.27668 2726.552695)
(962.8513276 -111.27668 2726.552695)
(1237.788707 -111.27668 2726.552695)
(1512.726086 -111.27668 2726.552695)
(1787.663466 -111.27668 2726.552695)
(2062.600845 -111.27668 2726.552695)
(2337.538224 -111.27668 2726.552695)
(2612.475603 -111.27668 2726.552695)
(2887.412983 -111.27668 2726.552695)
(3162.350362 -111.27668 2726.552695)
(3437.287741 -111.27668 2726.552695)
(3712.225121 -111.27668 2726.552695)
(3987.1625 -111.27668 2726.552695)
(-3986.0215 116.52858 2726.552695)
(-3711.084121 116.52858 2726.552695)
(-3436.146741 116.52858 2726.552695)
(-3161.209362 116.52858 2726.552695)
(-2886.271983 116.52858 2726.552695)
(-2611.334603 116.52858 2726.552695)
(-2336.397224 116.52858 2726.552695)
(-2061.459845 116.52858 2726.552695)
(-1786.522466 116.52858 2726.552695)
(-1511.585086 116.52858 2726.552695)
(-1236.647707 116.52858 2726.552695)
(-961.7103276 116.52858 2726.552695)
(-686.7729483 116.52858 2726.552695)
(-411.835569 116.52858 2726.552695)
(-136.8981897 116.52858 2726.552695)
(138.0391897 116.52858 2726.552695)
(412.976569 116.52858 2726.552695)
(687.9139483 116.52858 2726.552695)
(962.8513276 116.52858 2726.552695)
(1237.788707 116.52858 2726.552695)
(1512.726086 116.52858 2726.552695)
(1787.663466 116.52858 2726.552695)
(2062.600845 116.52858 2726.552695)
(2337.538224 116.52858 2726.552695)
(2612.475603 116.52858 2726.552695)
(2887.412983 116.52858 2726.552695)
(3162.350362 116.52858 2726.552695)
(3437.287741 116.52858 2726.552695)
(3712.225121 116.52858 2726.552695)
(3987.1625 116.52858 2726.552695)
(-3986.0215 344.33384 2726.552695)
(-3711.084121 344.33384 2726.552695)
(-3436.146741 344.33384 2726.552695)
(-3161.209362 344.33384 2726.552695)
(-2886.271983 344.33384 2726.552695)
(-2611.334603 344.33384 2726.552695)
(-2336.397224 344.33384 2726.552695)
(-2061.459845 344.33384 2726.552695)
(-1786.522466 344.33384 2726.552695)
(-1511.585086 344.33384 2726.552695)
(-1236.647707 344.33384 2726.552695)
(-961.7103276 344.33384 2726.552695)
(-686.7729483 344.33384 2726.552695)
(-411.835569 344.33384 2726.552695)
(-136.8981897 344.33384 2726.552695)
(138.0391897 344.33384 2726.552695)
(412.976569 344.33384 2726.552695)
(687.9139483 344.33384 2726.552695)
(962.8513276 344.33384 2726.552695)
(1237.788707 344.33384 2726.552695)
(1512.726086 344.33384 2726.552695)
(1787.663466 344.33384 2726.552695)
(2062.600845 344.33384 2726.552695)
(2337.538224 344.33384 2726.552695)
(2612.475603 344.33384 2726.552695)
(2887.412983 344.33384 2726.552695)
(3162.350362 344.33384 2726.552695)
(3437.287741 344.33384 2726.552695)
(3712.225121 344.33384 2726.552695)
(3987.1625 344.33384 2726.552695)
(-3986.0215 572.1391 2726.552695)
(-3711.084121 572.1391 2726.552695)
(-3436.146741 572.1391 2726.552695)
(-3161.209362 572.1391 2726.552695)
(-2886.271983 572.1391 2726.552695)
(-2611.334603 572.1391 2726.552695)
(-2336.397224 572.1391 2726.552695)
(-2061.459845 572.1391 2726.552695)
(-1786.522466 572.1391 2726.552695)
(-1511.585086 572.1391 2726.552695)
(-1236.647707 572.1391 2726.552695)
(-961.7103276 572.1391 2726.552695)
(-686.7729483 572.1391 2726.552695)
(-411.835569 572.1391 2726.552695)
(-136.8981897 572.1391 2726.552695)
(138.0391897 572.1391 2726.552695)
(412.976569 572.1391 2726.552695)
(687.9139483 572.1391 2726.552695)
(962.8513276 572.1391 2726.552695)
(1237.788707 572.1391 2726.552695)
(1512.726086 572.1391 2726.552695)
(1787.663466 572.1391 2726.552695)
(2062.600845 572.1391 2726.552695)
(2337.538224 572.1391 2726.552695)
(2612.475603 572.1391 2726.552695)
(2887.412983 572.1391 2726.552695)
(3162.350362 572.1391 2726.552695)
(3437.287741 572.1391 2726.552695)
(3712.225121 572.1391 2726.552695)
(3987.1625 572.1391 2726.552695)
(-3986.0215 799.94436 2726.552695)
(-3711.084121 799.94436 2726.552695)
(-3436.146741 799.94436 2726.552695)
(-3161.209362 799.94436 2726.552695)
(-2886.271983 799.94436 2726.552695)
(-2611.334603 799.94436 2726.552695)
(-2336.397224 799.94436 2726.552695)
(-2061.459845 799.94436 2726.552695)
(-1786.522466 799.94436 2726.552695)
(-1511.585086 799.94436 2726.552695)
(-1236.647707 799.94436 2726.552695)
(-961.7103276 799.94436 2726.552695)
(-686.7729483 799.94436 2726.552695)
(-411.835569 799.94436 2726.552695)
(-136.8981897 799.94436 2726.552695)
(138.0391897 799.94436 2726.552695)
(412.976569 799.94436 2726.552695)
(687.9139483 799.94436 2726.552695)
(962.8513276 799.94436 2726.552695)
(1237.788707 799.94436 2726.552695)
(1512.726086 799.94436 2726.552695)
(1787.663466 799.94436 2726.552695)
(2062.600845 799.94436 2726.552695)
(2337.538224 799.94436 2726.552695)
(2612.475603 799.94436 2726.552695)
(2887.412983 799.94436 2726.552695)
(3162.350362 799.94436 2726.552695)
(3437.287741 799.94436 2726.552695)
(3712.225121 799.94436 2726.552695)
(3987.1625 799.94436 2726.552695)
(-3986.0215 1027.74962 2726.552695)
(-3711.084121 1027.74962 2726.552695)
(-3436.146741 1027.74962 2726.552695)
(-3161.209362 1027.74962 2726.552695)
(-2886.271983 1027.74962 2726.552695)
(-2611.334603 1027.74962 2726.552695)
(-2336.397224 1027.74962 2726.552695)
(-2061.459845 1027.74962 2726.552695)
(-1786.522466 1027.74962 2726.552695)
(-1511.585086 1027.74962 2726.552695)
(-1236.647707 1027.74962 2726.552695)
(-961.7103276 1027.74962 2726.552695)
(-686.7729483 1027.74962 2726.552695)
(-411.835569 1027.74962 2726.552695)
(-136.8981897 1027.74962 2726.552695)
(138.0391897 1027.74962 2726.552695)
(412.976569 1027.74962 2726.552695)
(687.9139483 1027.74962 2726.552695)
(962.8513276 1027.74962 2726.552695)
(1237.788707 1027.74962 2726.552695)
(1512.726086 1027.74962 2726.552695)
(1787.663466 1027.74962 2726.552695)
(2062.600845 1027.74962 2726.552695)
(2337.538224 1027.74962 2726.552695)
(2612.475603 1027.74962 2726.552695)
(2887.412983 1027.74962 2726.552695)
(3162.350362 1027.74962 2726.552695)
(3437.287741 1027.74962 2726.552695)
(3712.225121 1027.74962 2726.552695)
(3987.1625 1027.74962 2726.552695)
(-3986.0215 1255.55488 2726.552695)
(-3711.084121 1255.55488 2726.552695)
(-3436.146741 1255.55488 2726.552695)
(-3161.209362 1255.55488 2726.552695)
(-2886.271983 1255.55488 2726.552695)
(-2611.334603 1255.55488 2726.552695)
(-2336.397224 1255.55488 2726.552695)
(-2061.459845 1255.55488 2726.552695)
(-1786.522466 1255.55488 2726.552695)
(-1511.585086 1255.55488 2726.552695)
(-1236.647707 1255.55488 2726.552695)
(-961.7103276 1255.55488 2726.552695)
(-686.7729483 1255.55488 2726.552695)
(-411.835569 1255.55488 2726.552695)
(-136.8981897 1255.55488 2726.552695)
(138.0391897 1255.55488 2726.552695)
(412.976569 1255.55488 2726.552695)
(687.9139483 1255.55488 2726.552695)
(962.8513276 1255.55488 2726.552695)
(1237.788707 1255.55488 2726.552695)
(1512.726086 1255.55488 2726.552695)
(1787.663466 1255.55488 2726.552695)
(2062.600845 1255.55488 2726.552695)
(2337.538224 1255.55488 2726.552695)
(2612.475603 1255.55488 2726.552695)
(2887.412983 1255.55488 2726.552695)
(3162.350362 1255.55488 2726.552695)
(3437.287741 1255.55488 2726.552695)
(3712.225121 1255.55488 2726.552695)
(3987.1625 1255.55488 2726.552695)
(-3986.0215 1483.36014 2726.552695)
(-3711.084121 1483.36014 2726.552695)
(-3436.146741 1483.36014 2726.552695)
(-3161.209362 1483.36014 2726.552695)
(-2886.271983 1483.36014 2726.552695)
(-2611.334603 1483.36014 2726.552695)
(-2336.397224 1483.36014 2726.552695)
(-2061.459845 1483.36014 2726.552695)
(-1786.522466 1483.36014 2726.552695)
(-1511.585086 1483.36014 2726.552695)
(-1236.647707 1483.36014 2726.552695)
(-961.7103276 1483.36014 2726.552695)
(-686.7729483 1483.36014 2726.552695)
(-411.835569 1483.36014 2726.552695)
(-136.8981897 1483.36014 2726.552695)
(138.0391897 1483.36014 2726.552695)
(412.976569 1483.36014 2726.552695)
(687.9139483 1483.36014 2726.552695)
(962.8513276 1483.36014 2726.552695)
(1237.788707 1483.36014 2726.552695)
(1512.726086 1483.36014 2726.552695)
(1787.663466 1483.36014 2726.552695)
(2062.600845 1483.36014 2726.552695)
(2337.538224 1483.36014 2726.552695)
(2612.475603 1483.36014 2726.552695)
(2887.412983 1483.36014 2726.552695)
(3162.350362 1483.36014 2726.552695)
(3437.287741 1483.36014 2726.552695)
(3712.225121 1483.36014 2726.552695)
(3987.1625 1483.36014 2726.552695)
(-3986.0215 1711.1654 2726.552695)
(-3711.084121 1711.1654 2726.552695)
(-3436.146741 1711.1654 2726.552695)
(-3161.209362 1711.1654 2726.552695)
(-2886.271983 1711.1654 2726.552695)
(-2611.334603 1711.1654 2726.552695)
(-2336.397224 1711.1654 2726.552695)
(-2061.459845 1711.1654 2726.552695)
(-1786.522466 1711.1654 2726.552695)
(-1511.585086 1711.1654 2726.552695)
(-1236.647707 1711.1654 2726.552695)
(-961.7103276 1711.1654 2726.552695)
(-686.7729483 1711.1654 2726.552695)
(-411.835569 1711.1654 2726.552695)
(-136.8981897 1711.1654 2726.552695)
(138.0391897 1711.1654 2726.552695)
(412.976569 1711.1654 2726.552695)
(687.9139483 1711.1654 2726.552695)
(962.8513276 1711.1654 2726.552695)
(1237.788707 1711.1654 2726.552695)
(1512.726086 1711.1654 2726.552695)
(1787.663466 1711.1654 2726.552695)
(2062.600845 1711.1654 2726.552695)
(2337.538224 1711.1654 2726.552695)
(2612.475603 1711.1654 2726.552695)
(2887.412983 1711.1654 2726.552695)
(3162.350362 1711.1654 2726.552695)
(3437.287741 1711.1654 2726.552695)
(3712.225121 1711.1654 2726.552695)
(3987.1625 1711.1654 2726.552695)
(-3986.0215 1938.97066 2726.552695)
(-3711.084121 1938.97066 2726.552695)
(-3436.146741 1938.97066 2726.552695)
(-3161.209362 1938.97066 2726.552695)
(-2886.271983 1938.97066 2726.552695)
(-2611.334603 1938.97066 2726.552695)
(-2336.397224 1938.97066 2726.552695)
(-2061.459845 1938.97066 2726.552695)
(-1786.522466 1938.97066 2726.552695)
(-1511.585086 1938.97066 2726.552695)
(-1236.647707 1938.97066 2726.552695)
(-961.7103276 1938.97066 2726.552695)
(-686.7729483 1938.97066 2726.552695)
(-411.835569 1938.97066 2726.552695)
(-136.8981897 1938.97066 2726.552695)
(138.0391897 1938.97066 2726.552695)
(412.976569 1938.97066 2726.552695)
(687.9139483 1938.97066 2726.552695)
(962.8513276 1938.97066 2726.552695)
(1237.788707 1938.97066 2726.552695)
(1512.726086 1938.97066 2726.552695)
(1787.663466 1938.97066 2726.552695)
(2062.600845 1938.97066 2726.552695)
(2337.538224 1938.97066 2726.552695)
(2612.475603 1938.97066 2726.552695)
(2887.412983 1938.97066 2726.552695)
(3162.350362 1938.97066 2726.552695)
(3437.287741 1938.97066 2726.552695)
(3712.225121 1938.97066 2726.552695)
(3987.1625 1938.97066 2726.552695)
(-3986.0215 2166.77592 2726.552695)
(-3711.084121 2166.77592 2726.552695)
(-3436.146741 2166.77592 2726.552695)
(-3161.209362 2166.77592 2726.552695)
(-2886.271983 2166.77592 2726.552695)
(-2611.334603 2166.77592 2726.552695)
(-2336.397224 2166.77592 2726.552695)
(-2061.459845 2166.77592 2726.552695)
(-1786.522466 2166.77592 2726.552695)
(-1511.585086 2166.77592 2726.552695)
(-1236.647707 2166.77592 2726.552695)
(-961.7103276 2166.77592 2726.552695)
(-686.7729483 2166.77592 2726.552695)
(-411.835569 2166.77592 2726.552695)
(-136.8981897 2166.77592 2726.552695)
(138.0391897 2166.77592 2726.552695)
(412.976569 2166.77592 2726.552695)
(687.9139483 2166.77592 2726.552695)
(962.8513276 2166.77592 2726.552695)
(1237.788707 2166.77592 2726.552695)
(1512.726086 2166.77592 2726.552695)
(1787.663466 2166.77592 2726.552695)
(2062.600845 2166.77592 2726.552695)
(2337.538224 2166.77592 2726.552695)
(2612.475603 2166.77592 2726.552695)
(2887.412983 2166.77592 2726.552695)
(3162.350362 2166.77592 2726.552695)
(3437.287741 2166.77592 2726.552695)
(3712.225121 2166.77592 2726.552695)
(3987.1625 2166.77592 2726.552695)
(-3986.0215 2394.58118 2726.552695)
(-3711.084121 2394.58118 2726.552695)
(-3436.146741 2394.58118 2726.552695)
(-3161.209362 2394.58118 2726.552695)
(-2886.271983 2394.58118 2726.552695)
(-2611.334603 2394.58118 2726.552695)
(-2336.397224 2394.58118 2726.552695)
(-2061.459845 2394.58118 2726.552695)
(-1786.522466 2394.58118 2726.552695)
(-1511.585086 2394.58118 2726.552695)
(-1236.647707 2394.58118 2726.552695)
(-961.7103276 2394.58118 2726.552695)
(-686.7729483 2394.58118 2726.552695)
(-411.835569 2394.58118 2726.552695)
(-136.8981897 2394.58118 2726.552695)
(138.0391897 2394.58118 2726.552695)
(412.976569 2394.58118 2726.552695)
(687.9139483 2394.58118 2726.552695)
(962.8513276 2394.58118 2726.552695)
(1237.788707 2394.58118 2726.552695)
(1512.726086 2394.58118 2726.552695)
(1787.663466 2394.58118 2726.552695)
(2062.600845 2394.58118 2726.552695)
(2337.538224 2394.58118 2726.552695)
(2612.475603 2394.58118 2726.552695)
(2887.412983 2394.58118 2726.552695)
(3162.350362 2394.58118 2726.552695)
(3437.287741 2394.58118 2726.552695)
(3712.225121 2394.58118 2726.552695)
(3987.1625 2394.58118 2726.552695)
(-3986.0215 2622.38644 2726.552695)
(-3711.084121 2622.38644 2726.552695)
(-3436.146741 2622.38644 2726.552695)
(-3161.209362 2622.38644 2726.552695)
(-2886.271983 2622.38644 2726.552695)
(-2611.334603 2622.38644 2726.552695)
(-2336.397224 2622.38644 2726.552695)
(-2061.459845 2622.38644 2726.552695)
(-1786.522466 2622.38644 2726.552695)
(-1511.585086 2622.38644 2726.552695)
(-1236.647707 2622.38644 2726.552695)
(-961.7103276 2622.38644 2726.552695)
(-686.7729483 2622.38644 2726.552695)
(-411.835569 2622.38644 2726.552695)
(-136.8981897 2622.38644 2726.552695)
(138.0391897 2622.38644 2726.552695)
(412.976569 2622.38644 2726.552695)
(687.9139483 2622.38644 2726.552695)
(962.8513276 2622.38644 2726.552695)
(1237.788707 2622.38644 2726.552695)
(1512.726086 2622.38644 2726.552695)
(1787.663466 2622.38644 2726.552695)
(2062.600845 2622.38644 2726.552695)
(2337.538224 2622.38644 2726.552695)
(2612.475603 2622.38644 2726.552695)
(2887.412983 2622.38644 2726.552695)
(3162.350362 2622.38644 2726.552695)
(3437.287741 2622.38644 2726.552695)
(3712.225121 2622.38644 2726.552695)
(3987.1625 2622.38644 2726.552695)
(-3986.0215 2850.1917 2726.552695)
(-3711.084121 2850.1917 2726.552695)
(-3436.146741 2850.1917 2726.552695)
(-3161.209362 2850.1917 2726.552695)
(-2886.271983 2850.1917 2726.552695)
(-2611.334603 2850.1917 2726.552695)
(-2336.397224 2850.1917 2726.552695)
(-2061.459845 2850.1917 2726.552695)
(-1786.522466 2850.1917 2726.552695)
(-1511.585086 2850.1917 2726.552695)
(-1236.647707 2850.1917 2726.552695)
(-961.7103276 2850.1917 2726.552695)
(-686.7729483 2850.1917 2726.552695)
(-411.835569 2850.1917 2726.552695)
(-136.8981897 2850.1917 2726.552695)
(138.0391897 2850.1917 2726.552695)
(412.976569 2850.1917 2726.552695)
(687.9139483 2850.1917 2726.552695)
(962.8513276 2850.1917 2726.552695)
(1237.788707 2850.1917 2726.552695)
(1512.726086 2850.1917 2726.552695)
(1787.663466 2850.1917 2726.552695)
(2062.600845 2850.1917 2726.552695)
(2337.538224 2850.1917 2726.552695)
(2612.475603 2850.1917 2726.552695)
(2887.412983 2850.1917 2726.552695)
(3162.350362 2850.1917 2726.552695)
(3437.287741 2850.1917 2726.552695)
(3712.225121 2850.1917 2726.552695)
(3987.1625 2850.1917 2726.552695)
(-3986.0215 3077.99696 2726.552695)
(-3711.084121 3077.99696 2726.552695)
(-3436.146741 3077.99696 2726.552695)
(-3161.209362 3077.99696 2726.552695)
(-2886.271983 3077.99696 2726.552695)
(-2611.334603 3077.99696 2726.552695)
(-2336.397224 3077.99696 2726.552695)
(-2061.459845 3077.99696 2726.552695)
(-1786.522466 3077.99696 2726.552695)
(-1511.585086 3077.99696 2726.552695)
(-1236.647707 3077.99696 2726.552695)
(-961.7103276 3077.99696 2726.552695)
(-686.7729483 3077.99696 2726.552695)
(-411.835569 3077.99696 2726.552695)
(-136.8981897 3077.99696 2726.552695)
(138.0391897 3077.99696 2726.552695)
(412.976569 3077.99696 2726.552695)
(687.9139483 3077.99696 2726.552695)
(962.8513276 3077.99696 2726.552695)
(1237.788707 3077.99696 2726.552695)
(1512.726086 3077.99696 2726.552695)
(1787.663466 3077.99696 2726.552695)
(2062.600845 3077.99696 2726.552695)
(2337.538224 3077.99696 2726.552695)
(2612.475603 3077.99696 2726.552695)
(2887.412983 3077.99696 2726.552695)
(3162.350362 3077.99696 2726.552695)
(3437.287741 3077.99696 2726.552695)
(3712.225121 3077.99696 2726.552695)
(3987.1625 3077.99696 2726.552695)
(-3986.0215 3305.80222 2726.552695)
(-3711.084121 3305.80222 2726.552695)
(-3436.146741 3305.80222 2726.552695)
(-3161.209362 3305.80222 2726.552695)
(-2886.271983 3305.80222 2726.552695)
(-2611.334603 3305.80222 2726.552695)
(-2336.397224 3305.80222 2726.552695)
(-2061.459845 3305.80222 2726.552695)
(-1786.522466 3305.80222 2726.552695)
(-1511.585086 3305.80222 2726.552695)
(-1236.647707 3305.80222 2726.552695)
(-961.7103276 3305.80222 2726.552695)
(-686.7729483 3305.80222 2726.552695)
(-411.835569 3305.80222 2726.552695)
(-136.8981897 3305.80222 2726.552695)
(138.0391897 3305.80222 2726.552695)
(412.976569 3305.80222 2726.552695)
(687.9139483 3305.80222 2726.552695)
(962.8513276 3305.80222 2726.552695)
(1237.788707 3305.80222 2726.552695)
(1512.726086 3305.80222 2726.552695)
(1787.663466 3305.80222 2726.552695)
(2062.600845 3305.80222 2726.552695)
(2337.538224 3305.80222 2726.552695)
(2612.475603 3305.80222 2726.552695)
(2887.412983 3305.80222 2726.552695)
(3162.350362 3305.80222 2726.552695)
(3437.287741 3305.80222 2726.552695)
(3712.225121 3305.80222 2726.552695)
(3987.1625 3305.80222 2726.552695)
(-3986.0215 3533.60748 2726.552695)
(-3711.084121 3533.60748 2726.552695)
(-3436.146741 3533.60748 2726.552695)
(-3161.209362 3533.60748 2726.552695)
(-2886.271983 3533.60748 2726.552695)
(-2611.334603 3533.60748 2726.552695)
(-2336.397224 3533.60748 2726.552695)
(-2061.459845 3533.60748 2726.552695)
(-1786.522466 3533.60748 2726.552695)
(-1511.585086 3533.60748 2726.552695)
(-1236.647707 3533.60748 2726.552695)
(-961.7103276 3533.60748 2726.552695)
(-686.7729483 3533.60748 2726.552695)
(-411.835569 3533.60748 2726.552695)
(-136.8981897 3533.60748 2726.552695)
(138.0391897 3533.60748 2726.552695)
(412.976569 3533.60748 2726.552695)
(687.9139483 3533.60748 2726.552695)
(962.8513276 3533.60748 2726.552695)
(1237.788707 3533.60748 2726.552695)
(1512.726086 3533.60748 2726.552695)
(1787.663466 3533.60748 2726.552695)
(2062.600845 3533.60748 2726.552695)
(2337.538224 3533.60748 2726.552695)
(2612.475603 3533.60748 2726.552695)
(2887.412983 3533.60748 2726.552695)
(3162.350362 3533.60748 2726.552695)
(3437.287741 3533.60748 2726.552695)
(3712.225121 3533.60748 2726.552695)
(3987.1625 3533.60748 2726.552695)
(-3986.0215 3761.41274 2726.552695)
(-3711.084121 3761.41274 2726.552695)
(-3436.146741 3761.41274 2726.552695)
(-3161.209362 3761.41274 2726.552695)
(-2886.271983 3761.41274 2726.552695)
(-2611.334603 3761.41274 2726.552695)
(-2336.397224 3761.41274 2726.552695)
(-2061.459845 3761.41274 2726.552695)
(-1786.522466 3761.41274 2726.552695)
(-1511.585086 3761.41274 2726.552695)
(-1236.647707 3761.41274 2726.552695)
(-961.7103276 3761.41274 2726.552695)
(-686.7729483 3761.41274 2726.552695)
(-411.835569 3761.41274 2726.552695)
(-136.8981897 3761.41274 2726.552695)
(138.0391897 3761.41274 2726.552695)
(412.976569 3761.41274 2726.552695)
(687.9139483 3761.41274 2726.552695)
(962.8513276 3761.41274 2726.552695)
(1237.788707 3761.41274 2726.552695)
(1512.726086 3761.41274 2726.552695)
(1787.663466 3761.41274 2726.552695)
(2062.600845 3761.41274 2726.552695)
(2337.538224 3761.41274 2726.552695)
(2612.475603 3761.41274 2726.552695)
(2887.412983 3761.41274 2726.552695)
(3162.350362 3761.41274 2726.552695)
(3437.287741 3761.41274 2726.552695)
(3712.225121 3761.41274 2726.552695)
(3987.1625 3761.41274 2726.552695)
(-3986.0215 3989.218 2726.552695)
(-3711.084121 3989.218 2726.552695)
(-3436.146741 3989.218 2726.552695)
(-3161.209362 3989.218 2726.552695)
(-2886.271983 3989.218 2726.552695)
(-2611.334603 3989.218 2726.552695)
(-2336.397224 3989.218 2726.552695)
(-2061.459845 3989.218 2726.552695)
(-1786.522466 3989.218 2726.552695)
(-1511.585086 3989.218 2726.552695)
(-1236.647707 3989.218 2726.552695)
(-961.7103276 3989.218 2726.552695)
(-686.7729483 3989.218 2726.552695)
(-411.835569 3989.218 2726.552695)
(-136.8981897 3989.218 2726.552695)
(138.0391897 3989.218 2726.552695)
(412.976569 3989.218 2726.552695)
(687.9139483 3989.218 2726.552695)
(962.8513276 3989.218 2726.552695)
(1237.788707 3989.218 2726.552695)
(1512.726086 3989.218 2726.552695)
(1787.663466 3989.218 2726.552695)
(2062.600845 3989.218 2726.552695)
(2337.538224 3989.218 2726.552695)
(2612.475603 3989.218 2726.552695)
(2887.412983 3989.218 2726.552695)
(3162.350362 3989.218 2726.552695)
(3437.287741 3989.218 2726.552695)
(3712.225121 3989.218 2726.552695)
(3987.1625 3989.218 2726.552695)
(-3986.0215 -3983.9661 3146.193963)
(-3711.084121 -3983.9661 3146.193963)
(-3436.146741 -3983.9661 3146.193963)
(-3161.209362 -3983.9661 3146.193963)
(-2886.271983 -3983.9661 3146.193963)
(-2611.334603 -3983.9661 3146.193963)
(-2336.397224 -3983.9661 3146.193963)
(-2061.459845 -3983.9661 3146.193963)
(-1786.522466 -3983.9661 3146.193963)
(-1511.585086 -3983.9661 3146.193963)
(-1236.647707 -3983.9661 3146.193963)
(-961.7103276 -3983.9661 3146.193963)
(-686.7729483 -3983.9661 3146.193963)
(-411.835569 -3983.9661 3146.193963)
(-136.8981897 -3983.9661 3146.193963)
(138.0391897 -3983.9661 3146.193963)
(412.976569 -3983.9661 3146.193963)
(687.9139483 -3983.9661 3146.193963)
(962.8513276 -3983.9661 3146.193963)
(1237.788707 -3983.9661 3146.193963)
(1512.726086 -3983.9661 3146.193963)
(1787.663466 -3983.9661 3146.193963)
(2062.600845 -3983.9661 3146.193963)
(2337.538224 -3983.9661 3146.193963)
(2612.475603 -3983.9661 3146.193963)
(2887.412983 -3983.9661 3146.193963)
(3162.350362 -3983.9661 3146.193963)
(3437.287741 -3983.9661 3146.193963)
(3712.225121 -3983.9661 3146.193963)
(3987.1625 -3983.9661 3146.193963)
(-3986.0215 -3756.16084 3146.193963)
(-3711.084121 -3756.16084 3146.193963)
(-3436.146741 -3756.16084 3146.193963)
(-3161.209362 -3756.16084 3146.193963)
(-2886.271983 -3756.16084 3146.193963)
(-2611.334603 -3756.16084 3146.193963)
(-2336.397224 -3756.16084 3146.193963)
(-2061.459845 -3756.16084 3146.193963)
(-1786.522466 -3756.16084 3146.193963)
(-1511.585086 -3756.16084 3146.193963)
(-1236.647707 -3756.16084 3146.193963)
(-961.7103276 -3756.16084 3146.193963)
(-686.7729483 -3756.16084 3146.193963)
(-411.835569 -3756.16084 3146.193963)
(-136.8981897 -3756.16084 3146.193963)
(138.0391897 -3756.16084 3146.193963)
(412.976569 -3756.16084 3146.193963)
(687.9139483 -3756.16084 3146.193963)
(962.8513276 -3756.16084 3146.193963)
(1237.788707 -3756.16084 3146.193963)
(1512.726086 -3756.16084 3146.193963)
(1787.663466 -3756.16084 3146.193963)
(2062.600845 -3756.16084 3146.193963)
(2337.538224 -3756.16084 3146.193963)
(2612.475603 -3756.16084 3146.193963)
(2887.412983 -3756.16084 3146.193963)
(3162.350362 -3756.16084 3146.193963)
(3437.287741 -3756.16084 3146.193963)
(3712.225121 -3756.16084 3146.193963)
(3987.1625 -3756.16084 3146.193963)
(-3986.0215 -3528.35558 3146.193963)
(-3711.084121 -3528.35558 3146.193963)
(-3436.146741 -3528.35558 3146.193963)
(-3161.209362 -3528.35558 3146.193963)
(-2886.271983 -3528.35558 3146.193963)
(-2611.334603 -3528.35558 3146.193963)
(-2336.397224 -3528.35558 3146.193963)
(-2061.459845 -3528.35558 3146.193963)
(-1786.522466 -3528.35558 3146.193963)
(-1511.585086 -3528.35558 3146.193963)
(-1236.647707 -3528.35558 3146.193963)
(-961.7103276 -3528.35558 3146.193963)
(-686.7729483 -3528.35558 3146.193963)
(-411.835569 -3528.35558 3146.193963)
(-136.8981897 -3528.35558 3146.193963)
(138.0391897 -3528.35558 3146.193963)
(412.976569 -3528.35558 3146.193963)
(687.9139483 -3528.35558 3146.193963)
(962.8513276 -3528.35558 3146.193963)
(1237.788707 -3528.35558 3146.193963)
(1512.726086 -3528.35558 3146.193963)
(1787.663466 -3528.35558 3146.193963)
(2062.600845 -3528.35558 3146.193963)
(2337.538224 -3528.35558 3146.193963)
(2612.475603 -3528.35558 3146.193963)
(2887.412983 -3528.35558 3146.193963)
(3162.350362 -3528.35558 3146.193963)
(3437.287741 -3528.35558 3146.193963)
(3712.225121 -3528.35558 3146.193963)
(3987.1625 -3528.35558 3146.193963)
(-3986.0215 -3300.55032 3146.193963)
(-3711.084121 -3300.55032 3146.193963)
(-3436.146741 -3300.55032 3146.193963)
(-3161.209362 -3300.55032 3146.193963)
(-2886.271983 -3300.55032 3146.193963)
(-2611.334603 -3300.55032 3146.193963)
(-2336.397224 -3300.55032 3146.193963)
(-2061.459845 -3300.55032 3146.193963)
(-1786.522466 -3300.55032 3146.193963)
(-1511.585086 -3300.55032 3146.193963)
(-1236.647707 -3300.55032 3146.193963)
(-961.7103276 -3300.55032 3146.193963)
(-686.7729483 -3300.55032 3146.193963)
(-411.835569 -3300.55032 3146.193963)
(-136.8981897 -3300.55032 3146.193963)
(138.0391897 -3300.55032 3146.193963)
(412.976569 -3300.55032 3146.193963)
(687.9139483 -3300.55032 3146.193963)
(962.8513276 -3300.55032 3146.193963)
(1237.788707 -3300.55032 3146.193963)
(1512.726086 -3300.55032 3146.193963)
(1787.663466 -3300.55032 3146.193963)
(2062.600845 -3300.55032 3146.193963)
(2337.538224 -3300.55032 3146.193963)
(2612.475603 -3300.55032 3146.193963)
(2887.412983 -3300.55032 3146.193963)
(3162.350362 -3300.55032 3146.193963)
(3437.287741 -3300.55032 3146.193963)
(3712.225121 -3300.55032 3146.193963)
(3987.1625 -3300.55032 3146.193963)
(-3986.0215 -3072.74506 3146.193963)
(-3711.084121 -3072.74506 3146.193963)
(-3436.146741 -3072.74506 3146.193963)
(-3161.209362 -3072.74506 3146.193963)
(-2886.271983 -3072.74506 3146.193963)
(-2611.334603 -3072.74506 3146.193963)
(-2336.397224 -3072.74506 3146.193963)
(-2061.459845 -3072.74506 3146.193963)
(-1786.522466 -3072.74506 3146.193963)
(-1511.585086 -3072.74506 3146.193963)
(-1236.647707 -3072.74506 3146.193963)
(-961.7103276 -3072.74506 3146.193963)
(-686.7729483 -3072.74506 3146.193963)
(-411.835569 -3072.74506 3146.193963)
(-136.8981897 -3072.74506 3146.193963)
(138.0391897 -3072.74506 3146.193963)
(412.976569 -3072.74506 3146.193963)
(687.9139483 -3072.74506 3146.193963)
(962.8513276 -3072.74506 3146.193963)
(1237.788707 -3072.74506 3146.193963)
(1512.726086 -3072.74506 3146.193963)
(1787.663466 -3072.74506 3146.193963)
(2062.600845 -3072.74506 3146.193963)
(2337.538224 -3072.74506 3146.193963)
(2612.475603 -3072.74506 3146.193963)
(2887.412983 -3072.74506 3146.193963)
(3162.350362 -3072.74506 3146.193963)
(3437.287741 -3072.74506 3146.193963)
(3712.225121 -3072.74506 3146.193963)
(3987.1625 -3072.74506 3146.193963)
(-3986.0215 -2844.9398 3146.193963)
(-3711.084121 -2844.9398 3146.193963)
(-3436.146741 -2844.9398 3146.193963)
(-3161.209362 -2844.9398 3146.193963)
(-2886.271983 -2844.9398 3146.193963)
(-2611.334603 -2844.9398 3146.193963)
(-2336.397224 -2844.9398 3146.193963)
(-2061.459845 -2844.9398 3146.193963)
(-1786.522466 -2844.9398 3146.193963)
(-1511.585086 -2844.9398 3146.193963)
(-1236.647707 -2844.9398 3146.193963)
(-961.7103276 -2844.9398 3146.193963)
(-686.7729483 -2844.9398 3146.193963)
(-411.835569 -2844.9398 3146.193963)
(-136.8981897 -2844.9398 3146.193963)
(138.0391897 -2844.9398 3146.193963)
(412.976569 -2844.9398 3146.193963)
(687.9139483 -2844.9398 3146.193963)
(962.8513276 -2844.9398 3146.193963)
(1237.788707 -2844.9398 3146.193963)
(1512.726086 -2844.9398 3146.193963)
(1787.663466 -2844.9398 3146.193963)
(2062.600845 -2844.9398 3146.193963)
(2337.538224 -2844.9398 3146.193963)
(2612.475603 -2844.9398 3146.193963)
(2887.412983 -2844.9398 3146.193963)
(3162.350362 -2844.9398 3146.193963)
(3437.287741 -2844.9398 3146.193963)
(3712.225121 -2844.9398 3146.193963)
(3987.1625 -2844.9398 3146.193963)
(-3986.0215 -2617.13454 3146.193963)
(-3711.084121 -2617.13454 3146.193963)
(-3436.146741 -2617.13454 3146.193963)
(-3161.209362 -2617.13454 3146.193963)
(-2886.271983 -2617.13454 3146.193963)
(-2611.334603 -2617.13454 3146.193963)
(-2336.397224 -2617.13454 3146.193963)
(-2061.459845 -2617.13454 3146.193963)
(-1786.522466 -2617.13454 3146.193963)
(-1511.585086 -2617.13454 3146.193963)
(-1236.647707 -2617.13454 3146.193963)
(-961.7103276 -2617.13454 3146.193963)
(-686.7729483 -2617.13454 3146.193963)
(-411.835569 -2617.13454 3146.193963)
(-136.8981897 -2617.13454 3146.193963)
(138.0391897 -2617.13454 3146.193963)
(412.976569 -2617.13454 3146.193963)
(687.9139483 -2617.13454 3146.193963)
(962.8513276 -2617.13454 3146.193963)
(1237.788707 -2617.13454 3146.193963)
(1512.726086 -2617.13454 3146.193963)
(1787.663466 -2617.13454 3146.193963)
(2062.600845 -2617.13454 3146.193963)
(2337.538224 -2617.13454 3146.193963)
(2612.475603 -2617.13454 3146.193963)
(2887.412983 -2617.13454 3146.193963)
(3162.350362 -2617.13454 3146.193963)
(3437.287741 -2617.13454 3146.193963)
(3712.225121 -2617.13454 3146.193963)
(3987.1625 -2617.13454 3146.193963)
(-3986.0215 -2389.32928 3146.193963)
(-3711.084121 -2389.32928 3146.193963)
(-3436.146741 -2389.32928 3146.193963)
(-3161.209362 -2389.32928 3146.193963)
(-2886.271983 -2389.32928 3146.193963)
(-2611.334603 -2389.32928 3146.193963)
(-2336.397224 -2389.32928 3146.193963)
(-2061.459845 -2389.32928 3146.193963)
(-1786.522466 -2389.32928 3146.193963)
(-1511.585086 -2389.32928 3146.193963)
(-1236.647707 -2389.32928 3146.193963)
(-961.7103276 -2389.32928 3146.193963)
(-686.7729483 -2389.32928 3146.193963)
(-411.835569 -2389.32928 3146.193963)
(-136.8981897 -2389.32928 3146.193963)
(138.0391897 -2389.32928 3146.193963)
(412.976569 -2389.32928 3146.193963)
(687.9139483 -2389.32928 3146.193963)
(962.8513276 -2389.32928 3146.193963)
(1237.788707 -2389.32928 3146.193963)
(1512.726086 -2389.32928 3146.193963)
(1787.663466 -2389.32928 3146.193963)
(2062.600845 -2389.32928 3146.193963)
(2337.538224 -2389.32928 3146.193963)
(2612.475603 -2389.32928 3146.193963)
(2887.412983 -2389.32928 3146.193963)
(3162.350362 -2389.32928 3146.193963)
(3437.287741 -2389.32928 3146.193963)
(3712.225121 -2389.32928 3146.193963)
(3987.1625 -2389.32928 3146.193963)
(-3986.0215 -2161.52402 3146.193963)
(-3711.084121 -2161.52402 3146.193963)
(-3436.146741 -2161.52402 3146.193963)
(-3161.209362 -2161.52402 3146.193963)
(-2886.271983 -2161.52402 3146.193963)
(-2611.334603 -2161.52402 3146.193963)
(-2336.397224 -2161.52402 3146.193963)
(-2061.459845 -2161.52402 3146.193963)
(-1786.522466 -2161.52402 3146.193963)
(-1511.585086 -2161.52402 3146.193963)
(-1236.647707 -2161.52402 3146.193963)
(-961.7103276 -2161.52402 3146.193963)
(-686.7729483 -2161.52402 3146.193963)
(-411.835569 -2161.52402 3146.193963)
(-136.8981897 -2161.52402 3146.193963)
(138.0391897 -2161.52402 3146.193963)
(412.976569 -2161.52402 3146.193963)
(687.9139483 -2161.52402 3146.193963)
(962.8513276 -2161.52402 3146.193963)
(1237.788707 -2161.52402 3146.193963)
(1512.726086 -2161.52402 3146.193963)
(1787.663466 -2161.52402 3146.193963)
(2062.600845 -2161.52402 3146.193963)
(2337.538224 -2161.52402 3146.193963)
(2612.475603 -2161.52402 3146.193963)
(2887.412983 -2161.52402 3146.193963)
(3162.350362 -2161.52402 3146.193963)
(3437.287741 -2161.52402 3146.193963)
(3712.225121 -2161.52402 3146.193963)
(3987.1625 -2161.52402 3146.193963)
(-3986.0215 -1933.71876 3146.193963)
(-3711.084121 -1933.71876 3146.193963)
(-3436.146741 -1933.71876 3146.193963)
(-3161.209362 -1933.71876 3146.193963)
(-2886.271983 -1933.71876 3146.193963)
(-2611.334603 -1933.71876 3146.193963)
(-2336.397224 -1933.71876 3146.193963)
(-2061.459845 -1933.71876 3146.193963)
(-1786.522466 -1933.71876 3146.193963)
(-1511.585086 -1933.71876 3146.193963)
(-1236.647707 -1933.71876 3146.193963)
(-961.7103276 -1933.71876 3146.193963)
(-686.7729483 -1933.71876 3146.193963)
(-411.835569 -1933.71876 3146.193963)
(-136.8981897 -1933.71876 3146.193963)
(138.0391897 -1933.71876 3146.193963)
(412.976569 -1933.71876 3146.193963)
(687.9139483 -1933.71876 3146.193963)
(962.8513276 -1933.71876 3146.193963)
(1237.788707 -1933.71876 3146.193963)
(1512.726086 -1933.71876 3146.193963)
(1787.663466 -1933.71876 3146.193963)
(2062.600845 -1933.71876 3146.193963)
(2337.538224 -1933.71876 3146.193963)
(2612.475603 -1933.71876 3146.193963)
(2887.412983 -1933.71876 3146.193963)
(3162.350362 -1933.71876 3146.193963)
(3437.287741 -1933.71876 3146.193963)
(3712.225121 -1933.71876 3146.193963)
(3987.1625 -1933.71876 3146.193963)
(-3986.0215 -1705.9135 3146.193963)
(-3711.084121 -1705.9135 3146.193963)
(-3436.146741 -1705.9135 3146.193963)
(-3161.209362 -1705.9135 3146.193963)
(-2886.271983 -1705.9135 3146.193963)
(-2611.334603 -1705.9135 3146.193963)
(-2336.397224 -1705.9135 3146.193963)
(-2061.459845 -1705.9135 3146.193963)
(-1786.522466 -1705.9135 3146.193963)
(-1511.585086 -1705.9135 3146.193963)
(-1236.647707 -1705.9135 3146.193963)
(-961.7103276 -1705.9135 3146.193963)
(-686.7729483 -1705.9135 3146.193963)
(-411.835569 -1705.9135 3146.193963)
(-136.8981897 -1705.9135 3146.193963)
(138.0391897 -1705.9135 3146.193963)
(412.976569 -1705.9135 3146.193963)
(687.9139483 -1705.9135 3146.193963)
(962.8513276 -1705.9135 3146.193963)
(1237.788707 -1705.9135 3146.193963)
(1512.726086 -1705.9135 3146.193963)
(1787.663466 -1705.9135 3146.193963)
(2062.600845 -1705.9135 3146.193963)
(2337.538224 -1705.9135 3146.193963)
(2612.475603 -1705.9135 3146.193963)
(2887.412983 -1705.9135 3146.193963)
(3162.350362 -1705.9135 3146.193963)
(3437.287741 -1705.9135 3146.193963)
(3712.225121 -1705.9135 3146.193963)
(3987.1625 -1705.9135 3146.193963)
(-3986.0215 -1478.10824 3146.193963)
(-3711.084121 -1478.10824 3146.193963)
(-3436.146741 -1478.10824 3146.193963)
(-3161.209362 -1478.10824 3146.193963)
(-2886.271983 -1478.10824 3146.193963)
(-2611.334603 -1478.10824 3146.193963)
(-2336.397224 -1478.10824 3146.193963)
(-2061.459845 -1478.10824 3146.193963)
(-1786.522466 -1478.10824 3146.193963)
(-1511.585086 -1478.10824 3146.193963)
(-1236.647707 -1478.10824 3146.193963)
(-961.7103276 -1478.10824 3146.193963)
(-686.7729483 -1478.10824 3146.193963)
(-411.835569 -1478.10824 3146.193963)
(-136.8981897 -1478.10824 3146.193963)
(138.0391897 -1478.10824 3146.193963)
(412.976569 -1478.10824 3146.193963)
(687.9139483 -1478.10824 3146.193963)
(962.8513276 -1478.10824 3146.193963)
(1237.788707 -1478.10824 3146.193963)
(1512.726086 -1478.10824 3146.193963)
(1787.663466 -1478.10824 3146.193963)
(2062.600845 -1478.10824 3146.193963)
(2337.538224 -1478.10824 3146.193963)
(2612.475603 -1478.10824 3146.193963)
(2887.412983 -1478.10824 3146.193963)
(3162.350362 -1478.10824 3146.193963)
(3437.287741 -1478.10824 3146.193963)
(3712.225121 -1478.10824 3146.193963)
(3987.1625 -1478.10824 3146.193963)
(-3986.0215 -1250.30298 3146.193963)
(-3711.084121 -1250.30298 3146.193963)
(-3436.146741 -1250.30298 3146.193963)
(-3161.209362 -1250.30298 3146.193963)
(-2886.271983 -1250.30298 3146.193963)
(-2611.334603 -1250.30298 3146.193963)
(-2336.397224 -1250.30298 3146.193963)
(-2061.459845 -1250.30298 3146.193963)
(-1786.522466 -1250.30298 3146.193963)
(-1511.585086 -1250.30298 3146.193963)
(-1236.647707 -1250.30298 3146.193963)
(-961.7103276 -1250.30298 3146.193963)
(-686.7729483 -1250.30298 3146.193963)
(-411.835569 -1250.30298 3146.193963)
(-136.8981897 -1250.30298 3146.193963)
(138.0391897 -1250.30298 3146.193963)
(412.976569 -1250.30298 3146.193963)
(687.9139483 -1250.30298 3146.193963)
(962.8513276 -1250.30298 3146.193963)
(1237.788707 -1250.30298 3146.193963)
(1512.726086 -1250.30298 3146.193963)
(1787.663466 -1250.30298 3146.193963)
(2062.600845 -1250.30298 3146.193963)
(2337.538224 -1250.30298 3146.193963)
(2612.475603 -1250.30298 3146.193963)
(2887.412983 -1250.30298 3146.193963)
(3162.350362 -1250.30298 3146.193963)
(3437.287741 -1250.30298 3146.193963)
(3712.225121 -1250.30298 3146.193963)
(3987.1625 -1250.30298 3146.193963)
(-3986.0215 -1022.49772 3146.193963)
(-3711.084121 -1022.49772 3146.193963)
(-3436.146741 -1022.49772 3146.193963)
(-3161.209362 -1022.49772 3146.193963)
(-2886.271983 -1022.49772 3146.193963)
(-2611.334603 -1022.49772 3146.193963)
(-2336.397224 -1022.49772 3146.193963)
(-2061.459845 -1022.49772 3146.193963)
(-1786.522466 -1022.49772 3146.193963)
(-1511.585086 -1022.49772 3146.193963)
(-1236.647707 -1022.49772 3146.193963)
(-961.7103276 -1022.49772 3146.193963)
(-686.7729483 -1022.49772 3146.193963)
(-411.835569 -1022.49772 3146.193963)
(-136.8981897 -1022.49772 3146.193963)
(138.0391897 -1022.49772 3146.193963)
(412.976569 -1022.49772 3146.193963)
(687.9139483 -1022.49772 3146.193963)
(962.8513276 -1022.49772 3146.193963)
(1237.788707 -1022.49772 3146.193963)
(1512.726086 -1022.49772 3146.193963)
(1787.663466 -1022.49772 3146.193963)
(2062.600845 -1022.49772 3146.193963)
(2337.538224 -1022.49772 3146.193963)
(2612.475603 -1022.49772 3146.193963)
(2887.412983 -1022.49772 3146.193963)
(3162.350362 -1022.49772 3146.193963)
(3437.287741 -1022.49772 3146.193963)
(3712.225121 -1022.49772 3146.193963)
(3987.1625 -1022.49772 3146.193963)
(-3986.0215 -794.69246 3146.193963)
(-3711.084121 -794.69246 3146.193963)
(-3436.146741 -794.69246 3146.193963)
(-3161.209362 -794.69246 3146.193963)
(-2886.271983 -794.69246 3146.193963)
(-2611.334603 -794.69246 3146.193963)
(-2336.397224 -794.69246 3146.193963)
(-2061.459845 -794.69246 3146.193963)
(-1786.522466 -794.69246 3146.193963)
(-1511.585086 -794.69246 3146.193963)
(-1236.647707 -794.69246 3146.193963)
(-961.7103276 -794.69246 3146.193963)
(-686.7729483 -794.69246 3146.193963)
(-411.835569 -794.69246 3146.193963)
(-136.8981897 -794.69246 3146.193963)
(138.0391897 -794.69246 3146.193963)
(412.976569 -794.69246 3146.193963)
(687.9139483 -794.69246 3146.193963)
(962.8513276 -794.69246 3146.193963)
(1237.788707 -794.69246 3146.193963)
(1512.726086 -794.69246 3146.193963)
(1787.663466 -794.69246 3146.193963)
(2062.600845 -794.69246 3146.193963)
(2337.538224 -794.69246 3146.193963)
(2612.475603 -794.69246 3146.193963)
(2887.412983 -794.69246 3146.193963)
(3162.350362 -794.69246 3146.193963)
(3437.287741 -794.69246 3146.193963)
(3712.225121 -794.69246 3146.193963)
(3987.1625 -794.69246 3146.193963)
(-3986.0215 -566.8872 3146.193963)
(-3711.084121 -566.8872 3146.193963)
(-3436.146741 -566.8872 3146.193963)
(-3161.209362 -566.8872 3146.193963)
(-2886.271983 -566.8872 3146.193963)
(-2611.334603 -566.8872 3146.193963)
(-2336.397224 -566.8872 3146.193963)
(-2061.459845 -566.8872 3146.193963)
(-1786.522466 -566.8872 3146.193963)
(-1511.585086 -566.8872 3146.193963)
(-1236.647707 -566.8872 3146.193963)
(-961.7103276 -566.8872 3146.193963)
(-686.7729483 -566.8872 3146.193963)
(-411.835569 -566.8872 3146.193963)
(-136.8981897 -566.8872 3146.193963)
(138.0391897 -566.8872 3146.193963)
(412.976569 -566.8872 3146.193963)
(687.9139483 -566.8872 3146.193963)
(962.8513276 -566.8872 3146.193963)
(1237.788707 -566.8872 3146.193963)
(1512.726086 -566.8872 3146.193963)
(1787.663466 -566.8872 3146.193963)
(2062.600845 -566.8872 3146.193963)
(2337.538224 -566.8872 3146.193963)
(2612.475603 -566.8872 3146.193963)
(2887.412983 -566.8872 3146.193963)
(3162.350362 -566.8872 3146.193963)
(3437.287741 -566.8872 3146.193963)
(3712.225121 -566.8872 3146.193963)
(3987.1625 -566.8872 3146.193963)
(-3986.0215 -339.08194 3146.193963)
(-3711.084121 -339.08194 3146.193963)
(-3436.146741 -339.08194 3146.193963)
(-3161.209362 -339.08194 3146.193963)
(-2886.271983 -339.08194 3146.193963)
(-2611.334603 -339.08194 3146.193963)
(-2336.397224 -339.08194 3146.193963)
(-2061.459845 -339.08194 3146.193963)
(-1786.522466 -339.08194 3146.193963)
(-1511.585086 -339.08194 3146.193963)
(-1236.647707 -339.08194 3146.193963)
(-961.7103276 -339.08194 3146.193963)
(-686.7729483 -339.08194 3146.193963)
(-411.835569 -339.08194 3146.193963)
(-136.8981897 -339.08194 3146.193963)
(138.0391897 -339.08194 3146.193963)
(412.976569 -339.08194 3146.193963)
(687.9139483 -339.08194 3146.193963)
(962.8513276 -339.08194 3146.193963)
(1237.788707 -339.08194 3146.193963)
(1512.726086 -339.08194 3146.193963)
(1787.663466 -339.08194 3146.193963)
(2062.600845 -339.08194 3146.193963)
(2337.538224 -339.08194 3146.193963)
(2612.475603 -339.08194 3146.193963)
(2887.412983 -339.08194 3146.193963)
(3162.350362 -339.08194 3146.193963)
(3437.287741 -339.08194 3146.193963)
(3712.225121 -339.08194 3146.193963)
(3987.1625 -339.08194 3146.193963)
(-3986.0215 -111.27668 3146.193963)
(-3711.084121 -111.27668 3146.193963)
(-3436.146741 -111.27668 3146.193963)
(-3161.209362 -111.27668 3146.193963)
(-2886.271983 -111.27668 3146.193963)
(-2611.334603 -111.27668 3146.193963)
(-2336.397224 -111.27668 3146.193963)
(-2061.459845 -111.27668 3146.193963)
(-1786.522466 -111.27668 3146.193963)
(-1511.585086 -111.27668 3146.193963)
(-1236.647707 -111.27668 3146.193963)
(-961.7103276 -111.27668 3146.193963)
(-686.7729483 -111.27668 3146.193963)
(-411.835569 -111.27668 3146.193963)
(-136.8981897 -111.27668 3146.193963)
(138.0391897 -111.27668 3146.193963)
(412.976569 -111.27668 3146.193963)
(687.9139483 -111.27668 3146.193963)
(962.8513276 -111.27668 3146.193963)
(1237.788707 -111.27668 3146.193963)
(1512.726086 -111.27668 3146.193963)
(1787.663466 -111.27668 3146.193963)
(2062.600845 -111.27668 3146.193963)
(2337.538224 -111.27668 3146.193963)
(2612.475603 -111.27668 3146.193963)
(2887.412983 -111.27668 3146.193963)
(3162.350362 -111.27668 3146.193963)
(3437.287741 -111.27668 3146.193963)
(3712.225121 -111.27668 3146.193963)
(3987.1625 -111.27668 3146.193963)
(-3986.0215 116.52858 3146.193963)
(-3711.084121 116.52858 3146.193963)
(-3436.146741 116.52858 3146.193963)
(-3161.209362 116.52858 3146.193963)
(-2886.271983 116.52858 3146.193963)
(-2611.334603 116.52858 3146.193963)
(-2336.397224 116.52858 3146.193963)
(-2061.459845 116.52858 3146.193963)
(-1786.522466 116.52858 3146.193963)
(-1511.585086 116.52858 3146.193963)
(-1236.647707 116.52858 3146.193963)
(-961.7103276 116.52858 3146.193963)
(-686.7729483 116.52858 3146.193963)
(-411.835569 116.52858 3146.193963)
(-136.8981897 116.52858 3146.193963)
(138.0391897 116.52858 3146.193963)
(412.976569 116.52858 3146.193963)
(687.9139483 116.52858 3146.193963)
(962.8513276 116.52858 3146.193963)
(1237.788707 116.52858 3146.193963)
(1512.726086 116.52858 3146.193963)
(1787.663466 116.52858 3146.193963)
(2062.600845 116.52858 3146.193963)
(2337.538224 116.52858 3146.193963)
(2612.475603 116.52858 3146.193963)
(2887.412983 116.52858 3146.193963)
(3162.350362 116.52858 3146.193963)
(3437.287741 116.52858 3146.193963)
(3712.225121 116.52858 3146.193963)
(3987.1625 116.52858 3146.193963)
(-3986.0215 344.33384 3146.193963)
(-3711.084121 344.33384 3146.193963)
(-3436.146741 344.33384 3146.193963)
(-3161.209362 344.33384 3146.193963)
(-2886.271983 344.33384 3146.193963)
(-2611.334603 344.33384 3146.193963)
(-2336.397224 344.33384 3146.193963)
(-2061.459845 344.33384 3146.193963)
(-1786.522466 344.33384 3146.193963)
(-1511.585086 344.33384 3146.193963)
(-1236.647707 344.33384 3146.193963)
(-961.7103276 344.33384 3146.193963)
(-686.7729483 344.33384 3146.193963)
(-411.835569 344.33384 3146.193963)
(-136.8981897 344.33384 3146.193963)
(138.0391897 344.33384 3146.193963)
(412.976569 344.33384 3146.193963)
(687.9139483 344.33384 3146.193963)
(962.8513276 344.33384 3146.193963)
(1237.788707 344.33384 3146.193963)
(1512.726086 344.33384 3146.193963)
(1787.663466 344.33384 3146.193963)
(2062.600845 344.33384 3146.193963)
(2337.538224 344.33384 3146.193963)
(2612.475603 344.33384 3146.193963)
(2887.412983 344.33384 3146.193963)
(3162.350362 344.33384 3146.193963)
(3437.287741 344.33384 3146.193963)
(3712.225121 344.33384 3146.193963)
(3987.1625 344.33384 3146.193963)
(-3986.0215 572.1391 3146.193963)
(-3711.084121 572.1391 3146.193963)
(-3436.146741 572.1391 3146.193963)
(-3161.209362 572.1391 3146.193963)
(-2886.271983 572.1391 3146.193963)
(-2611.334603 572.1391 3146.193963)
(-2336.397224 572.1391 3146.193963)
(-2061.459845 572.1391 3146.193963)
(-1786.522466 572.1391 3146.193963)
(-1511.585086 572.1391 3146.193963)
(-1236.647707 572.1391 3146.193963)
(-961.7103276 572.1391 3146.193963)
(-686.7729483 572.1391 3146.193963)
(-411.835569 572.1391 3146.193963)
(-136.8981897 572.1391 3146.193963)
(138.0391897 572.1391 3146.193963)
(412.976569 572.1391 3146.193963)
(687.9139483 572.1391 3146.193963)
(962.8513276 572.1391 3146.193963)
(1237.788707 572.1391 3146.193963)
(1512.726086 572.1391 3146.193963)
(1787.663466 572.1391 3146.193963)
(2062.600845 572.1391 3146.193963)
(2337.538224 572.1391 3146.193963)
(2612.475603 572.1391 3146.193963)
(2887.412983 572.1391 3146.193963)
(3162.350362 572.1391 3146.193963)
(3437.287741 572.1391 3146.193963)
(3712.225121 572.1391 3146.193963)
(3987.1625 572.1391 3146.193963)
(-3986.0215 799.94436 3146.193963)
(-3711.084121 799.94436 3146.193963)
(-3436.146741 799.94436 3146.193963)
(-3161.209362 799.94436 3146.193963)
(-2886.271983 799.94436 3146.193963)
(-2611.334603 799.94436 3146.193963)
(-2336.397224 799.94436 3146.193963)
(-2061.459845 799.94436 3146.193963)
(-1786.522466 799.94436 3146.193963)
(-1511.585086 799.94436 3146.193963)
(-1236.647707 799.94436 3146.193963)
(-961.7103276 799.94436 3146.193963)
(-686.7729483 799.94436 3146.193963)
(-411.835569 799.94436 3146.193963)
(-136.8981897 799.94436 3146.193963)
(138.0391897 799.94436 3146.193963)
(412.976569 799.94436 3146.193963)
(687.9139483 799.94436 3146.193963)
(962.8513276 799.94436 3146.193963)
(1237.788707 799.94436 3146.193963)
(1512.726086 799.94436 3146.193963)
(1787.663466 799.94436 3146.193963)
(2062.600845 799.94436 3146.193963)
(2337.538224 799.94436 3146.193963)
(2612.475603 799.94436 3146.193963)
(2887.412983 799.94436 3146.193963)
(3162.350362 799.94436 3146.193963)
(3437.287741 799.94436 3146.193963)
(3712.225121 799.94436 3146.193963)
(3987.1625 799.94436 3146.193963)
(-3986.0215 1027.74962 3146.193963)
(-3711.084121 1027.74962 3146.193963)
(-3436.146741 1027.74962 3146.193963)
(-3161.209362 1027.74962 3146.193963)
(-2886.271983 1027.74962 3146.193963)
(-2611.334603 1027.74962 3146.193963)
(-2336.397224 1027.74962 3146.193963)
(-2061.459845 1027.74962 3146.193963)
(-1786.522466 1027.74962 3146.193963)
(-1511.585086 1027.74962 3146.193963)
(-1236.647707 1027.74962 3146.193963)
(-961.7103276 1027.74962 3146.193963)
(-686.7729483 1027.74962 3146.193963)
(-411.835569 1027.74962 3146.193963)
(-136.8981897 1027.74962 3146.193963)
(138.0391897 1027.74962 3146.193963)
(412.976569 1027.74962 3146.193963)
(687.9139483 1027.74962 3146.193963)
(962.8513276 1027.74962 3146.193963)
(1237.788707 1027.74962 3146.193963)
(1512.726086 1027.74962 3146.193963)
(1787.663466 1027.74962 3146.193963)
(2062.600845 1027.74962 3146.193963)
(2337.538224 1027.74962 3146.193963)
(2612.475603 1027.74962 3146.193963)
(2887.412983 1027.74962 3146.193963)
(3162.350362 1027.74962 3146.193963)
(3437.287741 1027.74962 3146.193963)
(3712.225121 1027.74962 3146.193963)
(3987.1625 1027.74962 3146.193963)
(-3986.0215 1255.55488 3146.193963)
(-3711.084121 1255.55488 3146.193963)
(-3436.146741 1255.55488 3146.193963)
(-3161.209362 1255.55488 3146.193963)
(-2886.271983 1255.55488 3146.193963)
(-2611.334603 1255.55488 3146.193963)
(-2336.397224 1255.55488 3146.193963)
(-2061.459845 1255.55488 3146.193963)
(-1786.522466 1255.55488 3146.193963)
(-1511.585086 1255.55488 3146.193963)
(-1236.647707 1255.55488 3146.193963)
(-961.7103276 1255.55488 3146.193963)
(-686.7729483 1255.55488 3146.193963)
(-411.835569 1255.55488 3146.193963)
(-136.8981897 1255.55488 3146.193963)
(138.0391897 1255.55488 3146.193963)
(412.976569 1255.55488 3146.193963)
(687.9139483 1255.55488 3146.193963)
(962.8513276 1255.55488 3146.193963)
(1237.788707 1255.55488 3146.193963)
(1512.726086 1255.55488 3146.193963)
(1787.663466 1255.55488 3146.193963)
(2062.600845 1255.55488 3146.193963)
(2337.538224 1255.55488 3146.193963)
(2612.475603 1255.55488 3146.193963)
(2887.412983 1255.55488 3146.193963)
(3162.350362 1255.55488 3146.193963)
(3437.287741 1255.55488 3146.193963)
(3712.225121 1255.55488 3146.193963)
(3987.1625 1255.55488 3146.193963)
(-3986.0215 1483.36014 3146.193963)
(-3711.084121 1483.36014 3146.193963)
(-3436.146741 1483.36014 3146.193963)
(-3161.209362 1483.36014 3146.193963)
(-2886.271983 1483.36014 3146.193963)
(-2611.334603 1483.36014 3146.193963)
(-2336.397224 1483.36014 3146.193963)
(-2061.459845 1483.36014 3146.193963)
(-1786.522466 1483.36014 3146.193963)
(-1511.585086 1483.36014 3146.193963)
(-1236.647707 1483.36014 3146.193963)
(-961.7103276 1483.36014 3146.193963)
(-686.7729483 1483.36014 3146.193963)
(-411.835569 1483.36014 3146.193963)
(-136.8981897 1483.36014 3146.193963)
(138.0391897 1483.36014 3146.193963)
(412.976569 1483.36014 3146.193963)
(687.9139483 1483.36014 3146.193963)
(962.8513276 1483.36014 3146.193963)
(1237.788707 1483.36014 3146.193963)
(1512.726086 1483.36014 3146.193963)
(1787.663466 1483.36014 3146.193963)
(2062.600845 1483.36014 3146.193963)
(2337.538224 1483.36014 3146.193963)
(2612.475603 1483.36014 3146.193963)
(2887.412983 1483.36014 3146.193963)
(3162.350362 1483.36014 3146.193963)
(3437.287741 1483.36014 3146.193963)
(3712.225121 1483.36014 3146.193963)
(3987.1625 1483.36014 3146.193963)
(-3986.0215 1711.1654 3146.193963)
(-3711.084121 1711.1654 3146.193963)
(-3436.146741 1711.1654 3146.193963)
(-3161.209362 1711.1654 3146.193963)
(-2886.271983 1711.1654 3146.193963)
(-2611.334603 1711.1654 3146.193963)
(-2336.397224 1711.1654 3146.193963)
(-2061.459845 1711.1654 3146.193963)
(-1786.522466 1711.1654 3146.193963)
(-1511.585086 1711.1654 3146.193963)
(-1236.647707 1711.1654 3146.193963)
(-961.7103276 1711.1654 3146.193963)
(-686.7729483 1711.1654 3146.193963)
(-411.835569 1711.1654 3146.193963)
(-136.8981897 1711.1654 3146.193963)
(138.0391897 1711.1654 3146.193963)
(412.976569 1711.1654 3146.193963)
(687.9139483 1711.1654 3146.193963)
(962.8513276 1711.1654 3146.193963)
(1237.788707 1711.1654 3146.193963)
(1512.726086 1711.1654 3146.193963)
(1787.663466 1711.1654 3146.193963)
(2062.600845 1711.1654 3146.193963)
(2337.538224 1711.1654 3146.193963)
(2612.475603 1711.1654 3146.193963)
(2887.412983 1711.1654 3146.193963)
(3162.350362 1711.1654 3146.193963)
(3437.287741 1711.1654 3146.193963)
(3712.225121 1711.1654 3146.193963)
(3987.1625 1711.1654 3146.193963)
(-3986.0215 1938.97066 3146.193963)
(-3711.084121 1938.97066 3146.193963)
(-3436.146741 1938.97066 3146.193963)
(-3161.209362 1938.97066 3146.193963)
(-2886.271983 1938.97066 3146.193963)
(-2611.334603 1938.97066 3146.193963)
(-2336.397224 1938.97066 3146.193963)
(-2061.459845 1938.97066 3146.193963)
(-1786.522466 1938.97066 3146.193963)
(-1511.585086 1938.97066 3146.193963)
(-1236.647707 1938.97066 3146.193963)
(-961.7103276 1938.97066 3146.193963)
(-686.7729483 1938.97066 3146.193963)
(-411.835569 1938.97066 3146.193963)
(-136.8981897 1938.97066 3146.193963)
(138.0391897 1938.97066 3146.193963)
(412.976569 1938.97066 3146.193963)
(687.9139483 1938.97066 3146.193963)
(962.8513276 1938.97066 3146.193963)
(1237.788707 1938.97066 3146.193963)
(1512.726086 1938.97066 3146.193963)
(1787.663466 1938.97066 3146.193963)
(2062.600845 1938.97066 3146.193963)
(2337.538224 1938.97066 3146.193963)
(2612.475603 1938.97066 3146.193963)
(2887.412983 1938.97066 3146.193963)
(3162.350362 1938.97066 3146.193963)
(3437.287741 1938.97066 3146.193963)
(3712.225121 1938.97066 3146.193963)
(3987.1625 1938.97066 3146.193963)
(-3986.0215 2166.77592 3146.193963)
(-3711.084121 2166.77592 3146.193963)
(-3436.146741 2166.77592 3146.193963)
(-3161.209362 2166.77592 3146.193963)
(-2886.271983 2166.77592 3146.193963)
(-2611.334603 2166.77592 3146.193963)
(-2336.397224 2166.77592 3146.193963)
(-2061.459845 2166.77592 3146.193963)
(-1786.522466 2166.77592 3146.193963)
(-1511.585086 2166.77592 3146.193963)
(-1236.647707 2166.77592 3146.193963)
(-961.7103276 2166.77592 3146.193963)
(-686.7729483 2166.77592 3146.193963)
(-411.835569 2166.77592 3146.193963)
(-136.8981897 2166.77592 3146.193963)
(138.0391897 2166.77592 3146.193963)
(412.976569 2166.77592 3146.193963)
(687.9139483 2166.77592 3146.193963)
(962.8513276 2166.77592 3146.193963)
(1237.788707 2166.77592 3146.193963)
(1512.726086 2166.77592 3146.193963)
(1787.663466 2166.77592 3146.193963)
(2062.600845 2166.77592 3146.193963)
(2337.538224 2166.77592 3146.193963)
(2612.475603 2166.77592 3146.193963)
(2887.412983 2166.77592 3146.193963)
(3162.350362 2166.77592 3146.193963)
(3437.287741 2166.77592 3146.193963)
(3712.225121 2166.77592 3146.193963)
(3987.1625 2166.77592 3146.193963)
(-3986.0215 2394.58118 3146.193963)
(-3711.084121 2394.58118 3146.193963)
(-3436.146741 2394.58118 3146.193963)
(-3161.209362 2394.58118 3146.193963)
(-2886.271983 2394.58118 3146.193963)
(-2611.334603 2394.58118 3146.193963)
(-2336.397224 2394.58118 3146.193963)
(-2061.459845 2394.58118 3146.193963)
(-1786.522466 2394.58118 3146.193963)
(-1511.585086 2394.58118 3146.193963)
(-1236.647707 2394.58118 3146.193963)
(-961.7103276 2394.58118 3146.193963)
(-686.7729483 2394.58118 3146.193963)
(-411.835569 2394.58118 3146.193963)
(-136.8981897 2394.58118 3146.193963)
(138.0391897 2394.58118 3146.193963)
(412.976569 2394.58118 3146.193963)
(687.9139483 2394.58118 3146.193963)
(962.8513276 2394.58118 3146.193963)
(1237.788707 2394.58118 3146.193963)
(1512.726086 2394.58118 3146.193963)
(1787.663466 2394.58118 3146.193963)
(2062.600845 2394.58118 3146.193963)
(2337.538224 2394.58118 3146.193963)
(2612.475603 2394.58118 3146.193963)
(2887.412983 2394.58118 3146.193963)
(3162.350362 2394.58118 3146.193963)
(3437.287741 2394.58118 3146.193963)
(3712.225121 2394.58118 3146.193963)
(3987.1625 2394.58118 3146.193963)
(-3986.0215 2622.38644 3146.193963)
(-3711.084121 2622.38644 3146.193963)
(-3436.146741 2622.38644 3146.193963)
(-3161.209362 2622.38644 3146.193963)
(-2886.271983 2622.38644 3146.193963)
(-2611.334603 2622.38644 3146.193963)
(-2336.397224 2622.38644 3146.193963)
(-2061.459845 2622.38644 3146.193963)
(-1786.522466 2622.38644 3146.193963)
(-1511.585086 2622.38644 3146.193963)
(-1236.647707 2622.38644 3146.193963)
(-961.7103276 2622.38644 3146.193963)
(-686.7729483 2622.38644 3146.193963)
(-411.835569 2622.38644 3146.193963)
(-136.8981897 2622.38644 3146.193963)
(138.0391897 2622.38644 3146.193963)
(412.976569 2622.38644 3146.193963)
(687.9139483 2622.38644 3146.193963)
(962.8513276 2622.38644 3146.193963)
(1237.788707 2622.38644 3146.193963)
(1512.726086 2622.38644 3146.193963)
(1787.663466 2622.38644 3146.193963)
(2062.600845 2622.38644 3146.193963)
(2337.538224 2622.38644 3146.193963)
(2612.475603 2622.38644 3146.193963)
(2887.412983 2622.38644 3146.193963)
(3162.350362 2622.38644 3146.193963)
(3437.287741 2622.38644 3146.193963)
(3712.225121 2622.38644 3146.193963)
(3987.1625 2622.38644 3146.193963)
(-3986.0215 2850.1917 3146.193963)
(-3711.084121 2850.1917 3146.193963)
(-3436.146741 2850.1917 3146.193963)
(-3161.209362 2850.1917 3146.193963)
(-2886.271983 2850.1917 3146.193963)
(-2611.334603 2850.1917 3146.193963)
(-2336.397224 2850.1917 3146.193963)
(-2061.459845 2850.1917 3146.193963)
(-1786.522466 2850.1917 3146.193963)
(-1511.585086 2850.1917 3146.193963)
(-1236.647707 2850.1917 3146.193963)
(-961.7103276 2850.1917 3146.193963)
(-686.7729483 2850.1917 3146.193963)
(-411.835569 2850.1917 3146.193963)
(-136.8981897 2850.1917 3146.193963)
(138.0391897 2850.1917 3146.193963)
(412.976569 2850.1917 3146.193963)
(687.9139483 2850.1917 3146.193963)
(962.8513276 2850.1917 3146.193963)
(1237.788707 2850.1917 3146.193963)
(1512.726086 2850.1917 3146.193963)
(1787.663466 2850.1917 3146.193963)
(2062.600845 2850.1917 3146.193963)
(2337.538224 2850.1917 3146.193963)
(2612.475603 2850.1917 3146.193963)
(2887.412983 2850.1917 3146.193963)
(3162.350362 2850.1917 3146.193963)
(3437.287741 2850.1917 3146.193963)
(3712.225121 2850.1917 3146.193963)
(3987.1625 2850.1917 3146.193963)
(-3986.0215 3077.99696 3146.193963)
(-3711.084121 3077.99696 3146.193963)
(-3436.146741 3077.99696 3146.193963)
(-3161.209362 3077.99696 3146.193963)
(-2886.271983 3077.99696 3146.193963)
(-2611.334603 3077.99696 3146.193963)
(-2336.397224 3077.99696 3146.193963)
(-2061.459845 3077.99696 3146.193963)
(-1786.522466 3077.99696 3146.193963)
(-1511.585086 3077.99696 3146.193963)
(-1236.647707 3077.99696 3146.193963)
(-961.7103276 3077.99696 3146.193963)
(-686.7729483 3077.99696 3146.193963)
(-411.835569 3077.99696 3146.193963)
(-136.8981897 3077.99696 3146.193963)
(138.0391897 3077.99696 3146.193963)
(412.976569 3077.99696 3146.193963)
(687.9139483 3077.99696 3146.193963)
(962.8513276 3077.99696 3146.193963)
(1237.788707 3077.99696 3146.193963)
(1512.726086 3077.99696 3146.193963)
(1787.663466 3077.99696 3146.193963)
(2062.600845 3077.99696 3146.193963)
(2337.538224 3077.99696 3146.193963)
(2612.475603 3077.99696 3146.193963)
(2887.412983 3077.99696 3146.193963)
(3162.350362 3077.99696 3146.193963)
(3437.287741 3077.99696 3146.193963)
(3712.225121 3077.99696 3146.193963)
(3987.1625 3077.99696 3146.193963)
(-3986.0215 3305.80222 3146.193963)
(-3711.084121 3305.80222 3146.193963)
(-3436.146741 3305.80222 3146.193963)
(-3161.209362 3305.80222 3146.193963)
(-2886.271983 3305.80222 3146.193963)
(-2611.334603 3305.80222 3146.193963)
(-2336.397224 3305.80222 3146.193963)
(-2061.459845 3305.80222 3146.193963)
(-1786.522466 3305.80222 3146.193963)
(-1511.585086 3305.80222 3146.193963)
(-1236.647707 3305.80222 3146.193963)
(-961.7103276 3305.80222 3146.193963)
(-686.7729483 3305.80222 3146.193963)
(-411.835569 3305.80222 3146.193963)
(-136.8981897 3305.80222 3146.193963)
(138.0391897 3305.80222 3146.193963)
(412.976569 3305.80222 3146.193963)
(687.9139483 3305.80222 3146.193963)
(962.8513276 3305.80222 3146.193963)
(1237.788707 3305.80222 3146.193963)
(1512.726086 3305.80222 3146.193963)
(1787.663466 3305.80222 3146.193963)
(2062.600845 3305.80222 3146.193963)
(2337.538224 3305.80222 3146.193963)
(2612.475603 3305.80222 3146.193963)
(2887.412983 3305.80222 3146.193963)
(3162.350362 3305.80222 3146.193963)
(3437.287741 3305.80222 3146.193963)
(3712.225121 3305.80222 3146.193963)
(3987.1625 3305.80222 3146.193963)
(-3986.0215 3533.60748 3146.193963)
(-3711.084121 3533.60748 3146.193963)
(-3436.146741 3533.60748 3146.193963)
(-3161.209362 3533.60748 3146.193963)
(-2886.271983 3533.60748 3146.193963)
(-2611.334603 3533.60748 3146.193963)
(-2336.397224 3533.60748 3146.193963)
(-2061.459845 3533.60748 3146.193963)
(-1786.522466 3533.60748 3146.193963)
(-1511.585086 3533.60748 3146.193963)
(-1236.647707 3533.60748 3146.193963)
(-961.7103276 3533.60748 3146.193963)
(-686.7729483 3533.60748 3146.193963)
(-411.835569 3533.60748 3146.193963)
(-136.8981897 3533.60748 3146.193963)
(138.0391897 3533.60748 3146.193963)
(412.976569 3533.60748 3146.193963)
(687.9139483 3533.60748 3146.193963)
(962.8513276 3533.60748 3146.193963)
(1237.788707 3533.60748 3146.193963)
(1512.726086 3533.60748 3146.193963)
(1787.663466 3533.60748 3146.193963)
(2062.600845 3533.60748 3146.193963)
(2337.538224 3533.60748 3146.193963)
(2612.475603 3533.60748 3146.193963)
(2887.412983 3533.60748 3146.193963)
(3162.350362 3533.60748 3146.193963)
(3437.287741 3533.60748 3146.193963)
(3712.225121 3533.60748 3146.193963)
(3987.1625 3533.60748 3146.193963)
(-3986.0215 3761.41274 3146.193963)
(-3711.084121 3761.41274 3146.193963)
(-3436.146741 3761.41274 3146.193963)
(-3161.209362 3761.41274 3146.193963)
(-2886.271983 3761.41274 3146.193963)
(-2611.334603 3761.41274 3146.193963)
(-2336.397224 3761.41274 3146.193963)
(-2061.459845 3761.41274 3146.193963)
(-1786.522466 3761.41274 3146.193963)
(-1511.585086 3761.41274 3146.193963)
(-1236.647707 3761.41274 3146.193963)
(-961.7103276 3761.41274 3146.193963)
(-686.7729483 3761.41274 3146.193963)
(-411.835569 3761.41274 3146.193963)
(-136.8981897 3761.41274 3146.193963)
(138.0391897 3761.41274 3146.193963)
(412.976569 3761.41274 3146.193963)
(687.9139483 3761.41274 3146.193963)
(962.8513276 3761.41274 3146.193963)
(1237.788707 3761.41274 3146.193963)
(1512.726086 3761.41274 3146.193963)
(1787.663466 3761.41274 3146.193963)
(2062.600845 3761.41274 3146.193963)
(2337.538224 3761.41274 3146.193963)
(2612.475603 3761.41274 3146.193963)
(2887.412983 3761.41274 3146.193963)
(3162.350362 3761.41274 3146.193963)
(3437.287741 3761.41274 3146.193963)
(3712.225121 3761.41274 3146.193963)
(3987.1625 3761.41274 3146.193963)
(-3986.0215 3989.218 3146.193963)
(-3711.084121 3989.218 3146.193963)
(-3436.146741 3989.218 3146.193963)
(-3161.209362 3989.218 3146.193963)
(-2886.271983 3989.218 3146.193963)
(-2611.334603 3989.218 3146.193963)
(-2336.397224 3989.218 3146.193963)
(-2061.459845 3989.218 3146.193963)
(-1786.522466 3989.218 3146.193963)
(-1511.585086 3989.218 3146.193963)
(-1236.647707 3989.218 3146.193963)
(-961.7103276 3989.218 3146.193963)
(-686.7729483 3989.218 3146.193963)
(-411.835569 3989.218 3146.193963)
(-136.8981897 3989.218 3146.193963)
(138.0391897 3989.218 3146.193963)
(412.976569 3989.218 3146.193963)
(687.9139483 3989.218 3146.193963)
(962.8513276 3989.218 3146.193963)
(1237.788707 3989.218 3146.193963)
(1512.726086 3989.218 3146.193963)
(1787.663466 3989.218 3146.193963)
(2062.600845 3989.218 3146.193963)
(2337.538224 3989.218 3146.193963)
(2612.475603 3989.218 3146.193963)
(2887.412983 3989.218 3146.193963)
(3162.350362 3989.218 3146.193963)
(3437.287741 3989.218 3146.193963)
(3712.225121 3989.218 3146.193963)
(3987.1625 3989.218 3146.193963)
(-3986.0215 -3983.9661 3565.835232)
(-3711.084121 -3983.9661 3565.835232)
(-3436.146741 -3983.9661 3565.835232)
(-3161.209362 -3983.9661 3565.835232)
(-2886.271983 -3983.9661 3565.835232)
(-2611.334603 -3983.9661 3565.835232)
(-2336.397224 -3983.9661 3565.835232)
(-2061.459845 -3983.9661 3565.835232)
(-1786.522466 -3983.9661 3565.835232)
(-1511.585086 -3983.9661 3565.835232)
(-1236.647707 -3983.9661 3565.835232)
(-961.7103276 -3983.9661 3565.835232)
(-686.7729483 -3983.9661 3565.835232)
(-411.835569 -3983.9661 3565.835232)
(-136.8981897 -3983.9661 3565.835232)
(138.0391897 -3983.9661 3565.835232)
(412.976569 -3983.9661 3565.835232)
(687.9139483 -3983.9661 3565.835232)
(962.8513276 -3983.9661 3565.835232)
(1237.788707 -3983.9661 3565.835232)
(1512.726086 -3983.9661 3565.835232)
(1787.663466 -3983.9661 3565.835232)
(2062.600845 -3983.9661 3565.835232)
(2337.538224 -3983.9661 3565.835232)
(2612.475603 -3983.9661 3565.835232)
(2887.412983 -3983.9661 3565.835232)
(3162.350362 -3983.9661 3565.835232)
(3437.287741 -3983.9661 3565.835232)
(3712.225121 -3983.9661 3565.835232)
(3987.1625 -3983.9661 3565.835232)
(-3986.0215 -3756.16084 3565.835232)
(-3711.084121 -3756.16084 3565.835232)
(-3436.146741 -3756.16084 3565.835232)
(-3161.209362 -3756.16084 3565.835232)
(-2886.271983 -3756.16084 3565.835232)
(-2611.334603 -3756.16084 3565.835232)
(-2336.397224 -3756.16084 3565.835232)
(-2061.459845 -3756.16084 3565.835232)
(-1786.522466 -3756.16084 3565.835232)
(-1511.585086 -3756.16084 3565.835232)
(-1236.647707 -3756.16084 3565.835232)
(-961.7103276 -3756.16084 3565.835232)
(-686.7729483 -3756.16084 3565.835232)
(-411.835569 -3756.16084 3565.835232)
(-136.8981897 -3756.16084 3565.835232)
(138.0391897 -3756.16084 3565.835232)
(412.976569 -3756.16084 3565.835232)
(687.9139483 -3756.16084 3565.835232)
(962.8513276 -3756.16084 3565.835232)
(1237.788707 -3756.16084 3565.835232)
(1512.726086 -3756.16084 3565.835232)
(1787.663466 -3756.16084 3565.835232)
(2062.600845 -3756.16084 3565.835232)
(2337.538224 -3756.16084 3565.835232)
(2612.475603 -3756.16084 3565.835232)
(2887.412983 -3756.16084 3565.835232)
(3162.350362 -3756.16084 3565.835232)
(3437.287741 -3756.16084 3565.835232)
(3712.225121 -3756.16084 3565.835232)
(3987.1625 -3756.16084 3565.835232)
(-3986.0215 -3528.35558 3565.835232)
(-3711.084121 -3528.35558 3565.835232)
(-3436.146741 -3528.35558 3565.835232)
(-3161.209362 -3528.35558 3565.835232)
(-2886.271983 -3528.35558 3565.835232)
(-2611.334603 -3528.35558 3565.835232)
(-2336.397224 -3528.35558 3565.835232)
(-2061.459845 -3528.35558 3565.835232)
(-1786.522466 -3528.35558 3565.835232)
(-1511.585086 -3528.35558 3565.835232)
(-1236.647707 -3528.35558 3565.835232)
(-961.7103276 -3528.35558 3565.835232)
(-686.7729483 -3528.35558 3565.835232)
(-411.835569 -3528.35558 3565.835232)
(-136.8981897 -3528.35558 3565.835232)
(138.0391897 -3528.35558 3565.835232)
(412.976569 -3528.35558 3565.835232)
(687.9139483 -3528.35558 3565.835232)
(962.8513276 -3528.35558 3565.835232)
(1237.788707 -3528.35558 3565.835232)
(1512.726086 -3528.35558 3565.835232)
(1787.663466 -3528.35558 3565.835232)
(2062.600845 -3528.35558 3565.835232)
(2337.538224 -3528.35558 3565.835232)
(2612.475603 -3528.35558 3565.835232)
(2887.412983 -3528.35558 3565.835232)
(3162.350362 -3528.35558 3565.835232)
(3437.287741 -3528.35558 3565.835232)
(3712.225121 -3528.35558 3565.835232)
(3987.1625 -3528.35558 3565.835232)
(-3986.0215 -3300.55032 3565.835232)
(-3711.084121 -3300.55032 3565.835232)
(-3436.146741 -3300.55032 3565.835232)
(-3161.209362 -3300.55032 3565.835232)
(-2886.271983 -3300.55032 3565.835232)
(-2611.334603 -3300.55032 3565.835232)
(-2336.397224 -3300.55032 3565.835232)
(-2061.459845 -3300.55032 3565.835232)
(-1786.522466 -3300.55032 3565.835232)
(-1511.585086 -3300.55032 3565.835232)
(-1236.647707 -3300.55032 3565.835232)
(-961.7103276 -3300.55032 3565.835232)
(-686.7729483 -3300.55032 3565.835232)
(-411.835569 -3300.55032 3565.835232)
(-136.8981897 -3300.55032 3565.835232)
(138.0391897 -3300.55032 3565.835232)
(412.976569 -3300.55032 3565.835232)
(687.9139483 -3300.55032 3565.835232)
(962.8513276 -3300.55032 3565.835232)
(1237.788707 -3300.55032 3565.835232)
(1512.726086 -3300.55032 3565.835232)
(1787.663466 -3300.55032 3565.835232)
(2062.600845 -3300.55032 3565.835232)
(2337.538224 -3300.55032 3565.835232)
(2612.475603 -3300.55032 3565.835232)
(2887.412983 -3300.55032 3565.835232)
(3162.350362 -3300.55032 3565.835232)
(3437.287741 -3300.55032 3565.835232)
(3712.225121 -3300.55032 3565.835232)
(3987.1625 -3300.55032 3565.835232)
(-3986.0215 -3072.74506 3565.835232)
(-3711.084121 -3072.74506 3565.835232)
(-3436.146741 -3072.74506 3565.835232)
(-3161.209362 -3072.74506 3565.835232)
(-2886.271983 -3072.74506 3565.835232)
(-2611.334603 -3072.74506 3565.835232)
(-2336.397224 -3072.74506 3565.835232)
(-2061.459845 -3072.74506 3565.835232)
(-1786.522466 -3072.74506 3565.835232)
(-1511.585086 -3072.74506 3565.835232)
(-1236.647707 -3072.74506 3565.835232)
(-961.7103276 -3072.74506 3565.835232)
(-686.7729483 -3072.74506 3565.835232)
(-411.835569 -3072.74506 3565.835232)
(-136.8981897 -3072.74506 3565.835232)
(138.0391897 -3072.74506 3565.835232)
(412.976569 -3072.74506 3565.835232)
(687.9139483 -3072.74506 3565.835232)
(962.8513276 -3072.74506 3565.835232)
(1237.788707 -3072.74506 3565.835232)
(1512.726086 -3072.74506 3565.835232)
(1787.663466 -3072.74506 3565.835232)
(2062.600845 -3072.74506 3565.835232)
(2337.538224 -3072.74506 3565.835232)
(2612.475603 -3072.74506 3565.835232)
(2887.412983 -3072.74506 3565.835232)
(3162.350362 -3072.74506 3565.835232)
(3437.287741 -3072.74506 3565.835232)
(3712.225121 -3072.74506 3565.835232)
(3987.1625 -3072.74506 3565.835232)
(-3986.0215 -2844.9398 3565.835232)
(-3711.084121 -2844.9398 3565.835232)
(-3436.146741 -2844.9398 3565.835232)
(-3161.209362 -2844.9398 3565.835232)
(-2886.271983 -2844.9398 3565.835232)
(-2611.334603 -2844.9398 3565.835232)
(-2336.397224 -2844.9398 3565.835232)
(-2061.459845 -2844.9398 3565.835232)
(-1786.522466 -2844.9398 3565.835232)
(-1511.585086 -2844.9398 3565.835232)
(-1236.647707 -2844.9398 3565.835232)
(-961.7103276 -2844.9398 3565.835232)
(-686.7729483 -2844.9398 3565.835232)
(-411.835569 -2844.9398 3565.835232)
(-136.8981897 -2844.9398 3565.835232)
(138.0391897 -2844.9398 3565.835232)
(412.976569 -2844.9398 3565.835232)
(687.9139483 -2844.9398 3565.835232)
(962.8513276 -2844.9398 3565.835232)
(1237.788707 -2844.9398 3565.835232)
(1512.726086 -2844.9398 3565.835232)
(1787.663466 -2844.9398 3565.835232)
(2062.600845 -2844.9398 3565.835232)
(2337.538224 -2844.9398 3565.835232)
(2612.475603 -2844.9398 3565.835232)
(2887.412983 -2844.9398 3565.835232)
(3162.350362 -2844.9398 3565.835232)
(3437.287741 -2844.9398 3565.835232)
(3712.225121 -2844.9398 3565.835232)
(3987.1625 -2844.9398 3565.835232)
(-3986.0215 -2617.13454 3565.835232)
(-3711.084121 -2617.13454 3565.835232)
(-3436.146741 -2617.13454 3565.835232)
(-3161.209362 -2617.13454 3565.835232)
(-2886.271983 -2617.13454 3565.835232)
(-2611.334603 -2617.13454 3565.835232)
(-2336.397224 -2617.13454 3565.835232)
(-2061.459845 -2617.13454 3565.835232)
(-1786.522466 -2617.13454 3565.835232)
(-1511.585086 -2617.13454 3565.835232)
(-1236.647707 -2617.13454 3565.835232)
(-961.7103276 -2617.13454 3565.835232)
(-686.7729483 -2617.13454 3565.835232)
(-411.835569 -2617.13454 3565.835232)
(-136.8981897 -2617.13454 3565.835232)
(138.0391897 -2617.13454 3565.835232)
(412.976569 -2617.13454 3565.835232)
(687.9139483 -2617.13454 3565.835232)
(962.8513276 -2617.13454 3565.835232)
(1237.788707 -2617.13454 3565.835232)
(1512.726086 -2617.13454 3565.835232)
(1787.663466 -2617.13454 3565.835232)
(2062.600845 -2617.13454 3565.835232)
(2337.538224 -2617.13454 3565.835232)
(2612.475603 -2617.13454 3565.835232)
(2887.412983 -2617.13454 3565.835232)
(3162.350362 -2617.13454 3565.835232)
(3437.287741 -2617.13454 3565.835232)
(3712.225121 -2617.13454 3565.835232)
(3987.1625 -2617.13454 3565.835232)
(-3986.0215 -2389.32928 3565.835232)
(-3711.084121 -2389.32928 3565.835232)
(-3436.146741 -2389.32928 3565.835232)
(-3161.209362 -2389.32928 3565.835232)
(-2886.271983 -2389.32928 3565.835232)
(-2611.334603 -2389.32928 3565.835232)
(-2336.397224 -2389.32928 3565.835232)
(-2061.459845 -2389.32928 3565.835232)
(-1786.522466 -2389.32928 3565.835232)
(-1511.585086 -2389.32928 3565.835232)
(-1236.647707 -2389.32928 3565.835232)
(-961.7103276 -2389.32928 3565.835232)
(-686.7729483 -2389.32928 3565.835232)
(-411.835569 -2389.32928 3565.835232)
(-136.8981897 -2389.32928 3565.835232)
(138.0391897 -2389.32928 3565.835232)
(412.976569 -2389.32928 3565.835232)
(687.9139483 -2389.32928 3565.835232)
(962.8513276 -2389.32928 3565.835232)
(1237.788707 -2389.32928 3565.835232)
(1512.726086 -2389.32928 3565.835232)
(1787.663466 -2389.32928 3565.835232)
(2062.600845 -2389.32928 3565.835232)
(2337.538224 -2389.32928 3565.835232)
(2612.475603 -2389.32928 3565.835232)
(2887.412983 -2389.32928 3565.835232)
(3162.350362 -2389.32928 3565.835232)
(3437.287741 -2389.32928 3565.835232)
(3712.225121 -2389.32928 3565.835232)
(3987.1625 -2389.32928 3565.835232)
(-3986.0215 -2161.52402 3565.835232)
(-3711.084121 -2161.52402 3565.835232)
(-3436.146741 -2161.52402 3565.835232)
(-3161.209362 -2161.52402 3565.835232)
(-2886.271983 -2161.52402 3565.835232)
(-2611.334603 -2161.52402 3565.835232)
(-2336.397224 -2161.52402 3565.835232)
(-2061.459845 -2161.52402 3565.835232)
(-1786.522466 -2161.52402 3565.835232)
(-1511.585086 -2161.52402 3565.835232)
(-1236.647707 -2161.52402 3565.835232)
(-961.7103276 -2161.52402 3565.835232)
(-686.7729483 -2161.52402 3565.835232)
(-411.835569 -2161.52402 3565.835232)
(-136.8981897 -2161.52402 3565.835232)
(138.0391897 -2161.52402 3565.835232)
(412.976569 -2161.52402 3565.835232)
(687.9139483 -2161.52402 3565.835232)
(962.8513276 -2161.52402 3565.835232)
(1237.788707 -2161.52402 3565.835232)
(1512.726086 -2161.52402 3565.835232)
(1787.663466 -2161.52402 3565.835232)
(2062.600845 -2161.52402 3565.835232)
(2337.538224 -2161.52402 3565.835232)
(2612.475603 -2161.52402 3565.835232)
(2887.412983 -2161.52402 3565.835232)
(3162.350362 -2161.52402 3565.835232)
(3437.287741 -2161.52402 3565.835232)
(3712.225121 -2161.52402 3565.835232)
(3987.1625 -2161.52402 3565.835232)
(-3986.0215 -1933.71876 3565.835232)
(-3711.084121 -1933.71876 3565.835232)
(-3436.146741 -1933.71876 3565.835232)
(-3161.209362 -1933.71876 3565.835232)
(-2886.271983 -1933.71876 3565.835232)
(-2611.334603 -1933.71876 3565.835232)
(-2336.397224 -1933.71876 3565.835232)
(-2061.459845 -1933.71876 3565.835232)
(-1786.522466 -1933.71876 3565.835232)
(-1511.585086 -1933.71876 3565.835232)
(-1236.647707 -1933.71876 3565.835232)
(-961.7103276 -1933.71876 3565.835232)
(-686.7729483 -1933.71876 3565.835232)
(-411.835569 -1933.71876 3565.835232)
(-136.8981897 -1933.71876 3565.835232)
(138.0391897 -1933.71876 3565.835232)
(412.976569 -1933.71876 3565.835232)
(687.9139483 -1933.71876 3565.835232)
(962.8513276 -1933.71876 3565.835232)
(1237.788707 -1933.71876 3565.835232)
(1512.726086 -1933.71876 3565.835232)
(1787.663466 -1933.71876 3565.835232)
(2062.600845 -1933.71876 3565.835232)
(2337.538224 -1933.71876 3565.835232)
(2612.475603 -1933.71876 3565.835232)
(2887.412983 -1933.71876 3565.835232)
(3162.350362 -1933.71876 3565.835232)
(3437.287741 -1933.71876 3565.835232)
(3712.225121 -1933.71876 3565.835232)
(3987.1625 -1933.71876 3565.835232)
(-3986.0215 -1705.9135 3565.835232)
(-3711.084121 -1705.9135 3565.835232)
(-3436.146741 -1705.9135 3565.835232)
(-3161.209362 -1705.9135 3565.835232)
(-2886.271983 -1705.9135 3565.835232)
(-2611.334603 -1705.9135 3565.835232)
(-2336.397224 -1705.9135 3565.835232)
(-2061.459845 -1705.9135 3565.835232)
(-1786.522466 -1705.9135 3565.835232)
(-1511.585086 -1705.9135 3565.835232)
(-1236.647707 -1705.9135 3565.835232)
(-961.7103276 -1705.9135 3565.835232)
(-686.7729483 -1705.9135 3565.835232)
(-411.835569 -1705.9135 3565.835232)
(-136.8981897 -1705.9135 3565.835232)
(138.0391897 -1705.9135 3565.835232)
(412.976569 -1705.9135 3565.835232)
(687.9139483 -1705.9135 3565.835232)
(962.8513276 -1705.9135 3565.835232)
(1237.788707 -1705.9135 3565.835232)
(1512.726086 -1705.9135 3565.835232)
(1787.663466 -1705.9135 3565.835232)
(2062.600845 -1705.9135 3565.835232)
(2337.538224 -1705.9135 3565.835232)
(2612.475603 -1705.9135 3565.835232)
(2887.412983 -1705.9135 3565.835232)
(3162.350362 -1705.9135 3565.835232)
(3437.287741 -1705.9135 3565.835232)
(3712.225121 -1705.9135 3565.835232)
(3987.1625 -1705.9135 3565.835232)
(-3986.0215 -1478.10824 3565.835232)
(-3711.084121 -1478.10824 3565.835232)
(-3436.146741 -1478.10824 3565.835232)
(-3161.209362 -1478.10824 3565.835232)
(-2886.271983 -1478.10824 3565.835232)
(-2611.334603 -1478.10824 3565.835232)
(-2336.397224 -1478.10824 3565.835232)
(-2061.459845 -1478.10824 3565.835232)
(-1786.522466 -1478.10824 3565.835232)
(-1511.585086 -1478.10824 3565.835232)
(-1236.647707 -1478.10824 3565.835232)
(-961.7103276 -1478.10824 3565.835232)
(-686.7729483 -1478.10824 3565.835232)
(-411.835569 -1478.10824 3565.835232)
(-136.8981897 -1478.10824 3565.835232)
(138.0391897 -1478.10824 3565.835232)
(412.976569 -1478.10824 3565.835232)
(687.9139483 -1478.10824 3565.835232)
(962.8513276 -1478.10824 3565.835232)
(1237.788707 -1478.10824 3565.835232)
(1512.726086 -1478.10824 3565.835232)
(1787.663466 -1478.10824 3565.835232)
(2062.600845 -1478.10824 3565.835232)
(2337.538224 -1478.10824 3565.835232)
(2612.475603 -1478.10824 3565.835232)
(2887.412983 -1478.10824 3565.835232)
(3162.350362 -1478.10824 3565.835232)
(3437.287741 -1478.10824 3565.835232)
(3712.225121 -1478.10824 3565.835232)
(3987.1625 -1478.10824 3565.835232)
(-3986.0215 -1250.30298 3565.835232)
(-3711.084121 -1250.30298 3565.835232)
(-3436.146741 -1250.30298 3565.835232)
(-3161.209362 -1250.30298 3565.835232)
(-2886.271983 -1250.30298 3565.835232)
(-2611.334603 -1250.30298 3565.835232)
(-2336.397224 -1250.30298 3565.835232)
(-2061.459845 -1250.30298 3565.835232)
(-1786.522466 -1250.30298 3565.835232)
(-1511.585086 -1250.30298 3565.835232)
(-1236.647707 -1250.30298 3565.835232)
(-961.7103276 -1250.30298 3565.835232)
(-686.7729483 -1250.30298 3565.835232)
(-411.835569 -1250.30298 3565.835232)
(-136.8981897 -1250.30298 3565.835232)
(138.0391897 -1250.30298 3565.835232)
(412.976569 -1250.30298 3565.835232)
(687.9139483 -1250.30298 3565.835232)
(962.8513276 -1250.30298 3565.835232)
(1237.788707 -1250.30298 3565.835232)
(1512.726086 -1250.30298 3565.835232)
(1787.663466 -1250.30298 3565.835232)
(2062.600845 -1250.30298 3565.835232)
(2337.538224 -1250.30298 3565.835232)
(2612.475603 -1250.30298 3565.835232)
(2887.412983 -1250.30298 3565.835232)
(3162.350362 -1250.30298 3565.835232)
(3437.287741 -1250.30298 3565.835232)
(3712.225121 -1250.30298 3565.835232)
(3987.1625 -1250.30298 3565.835232)
(-3986.0215 -1022.49772 3565.835232)
(-3711.084121 -1022.49772 3565.835232)
(-3436.146741 -1022.49772 3565.835232)
(-3161.209362 -1022.49772 3565.835232)
(-2886.271983 -1022.49772 3565.835232)
(-2611.334603 -1022.49772 3565.835232)
(-2336.397224 -1022.49772 3565.835232)
(-2061.459845 -1022.49772 3565.835232)
(-1786.522466 -1022.49772 3565.835232)
(-1511.585086 -1022.49772 3565.835232)
(-1236.647707 -1022.49772 3565.835232)
(-961.7103276 -1022.49772 3565.835232)
(-686.7729483 -1022.49772 3565.835232)
(-411.835569 -1022.49772 3565.835232)
(-136.8981897 -1022.49772 3565.835232)
(138.0391897 -1022.49772 3565.835232)
(412.976569 -1022.49772 3565.835232)
(687.9139483 -1022.49772 3565.835232)
(962.8513276 -1022.49772 3565.835232)
(1237.788707 -1022.49772 3565.835232)
(1512.726086 -1022.49772 3565.835232)
(1787.663466 -1022.49772 3565.835232)
(2062.600845 -1022.49772 3565.835232)
(2337.538224 -1022.49772 3565.835232)
(2612.475603 -1022.49772 3565.835232)
(2887.412983 -1022.49772 3565.835232)
(3162.350362 -1022.49772 3565.835232)
(3437.287741 -1022.49772 3565.835232)
(3712.225121 -1022.49772 3565.835232)
(3987.1625 -1022.49772 3565.835232)
(-3986.0215 -794.69246 3565.835232)
(-3711.084121 -794.69246 3565.835232)
(-3436.146741 -794.69246 3565.835232)
(-3161.209362 -794.69246 3565.835232)
(-2886.271983 -794.69246 3565.835232)
(-2611.334603 -794.69246 3565.835232)
(-2336.397224 -794.69246 3565.835232)
(-2061.459845 -794.69246 3565.835232)
(-1786.522466 -794.69246 3565.835232)
(-1511.585086 -794.69246 3565.835232)
(-1236.647707 -794.69246 3565.835232)
(-961.7103276 -794.69246 3565.835232)
(-686.7729483 -794.69246 3565.835232)
(-411.835569 -794.69246 3565.835232)
(-136.8981897 -794.69246 3565.835232)
(138.0391897 -794.69246 3565.835232)
(412.976569 -794.69246 3565.835232)
(687.9139483 -794.69246 3565.835232)
(962.8513276 -794.69246 3565.835232)
(1237.788707 -794.69246 3565.835232)
(1512.726086 -794.69246 3565.835232)
(1787.663466 -794.69246 3565.835232)
(2062.600845 -794.69246 3565.835232)
(2337.538224 -794.69246 3565.835232)
(2612.475603 -794.69246 3565.835232)
(2887.412983 -794.69246 3565.835232)
(3162.350362 -794.69246 3565.835232)
(3437.287741 -794.69246 3565.835232)
(3712.225121 -794.69246 3565.835232)
(3987.1625 -794.69246 3565.835232)
(-3986.0215 -566.8872 3565.835232)
(-3711.084121 -566.8872 3565.835232)
(-3436.146741 -566.8872 3565.835232)
(-3161.209362 -566.8872 3565.835232)
(-2886.271983 -566.8872 3565.835232)
(-2611.334603 -566.8872 3565.835232)
(-2336.397224 -566.8872 3565.835232)
(-2061.459845 -566.8872 3565.835232)
(-1786.522466 -566.8872 3565.835232)
(-1511.585086 -566.8872 3565.835232)
(-1236.647707 -566.8872 3565.835232)
(-961.7103276 -566.8872 3565.835232)
(-686.7729483 -566.8872 3565.835232)
(-411.835569 -566.8872 3565.835232)
(-136.8981897 -566.8872 3565.835232)
(138.0391897 -566.8872 3565.835232)
(412.976569 -566.8872 3565.835232)
(687.9139483 -566.8872 3565.835232)
(962.8513276 -566.8872 3565.835232)
(1237.788707 -566.8872 3565.835232)
(1512.726086 -566.8872 3565.835232)
(1787.663466 -566.8872 3565.835232)
(2062.600845 -566.8872 3565.835232)
(2337.538224 -566.8872 3565.835232)
(2612.475603 -566.8872 3565.835232)
(2887.412983 -566.8872 3565.835232)
(3162.350362 -566.8872 3565.835232)
(3437.287741 -566.8872 3565.835232)
(3712.225121 -566.8872 3565.835232)
(3987.1625 -566.8872 3565.835232)
(-3986.0215 -339.08194 3565.835232)
(-3711.084121 -339.08194 3565.835232)
(-3436.146741 -339.08194 3565.835232)
(-3161.209362 -339.08194 3565.835232)
(-2886.271983 -339.08194 3565.835232)
(-2611.334603 -339.08194 3565.835232)
(-2336.397224 -339.08194 3565.835232)
(-2061.459845 -339.08194 3565.835232)
(-1786.522466 -339.08194 3565.835232)
(-1511.585086 -339.08194 3565.835232)
(-1236.647707 -339.08194 3565.835232)
(-961.7103276 -339.08194 3565.835232)
(-686.7729483 -339.08194 3565.835232)
(-411.835569 -339.08194 3565.835232)
(-136.8981897 -339.08194 3565.835232)
(138.0391897 -339.08194 3565.835232)
(412.976569 -339.08194 3565.835232)
(687.9139483 -339.08194 3565.835232)
(962.8513276 -339.08194 3565.835232)
(1237.788707 -339.08194 3565.835232)
(1512.726086 -339.08194 3565.835232)
(1787.663466 -339.08194 3565.835232)
(2062.600845 -339.08194 3565.835232)
(2337.538224 -339.08194 3565.835232)
(2612.475603 -339.08194 3565.835232)
(2887.412983 -339.08194 3565.835232)
(3162.350362 -339.08194 3565.835232)
(3437.287741 -339.08194 3565.835232)
(3712.225121 -339.08194 3565.835232)
(3987.1625 -339.08194 3565.835232)
(-3986.0215 -111.27668 3565.835232)
(-3711.084121 -111.27668 3565.835232)
(-3436.146741 -111.27668 3565.835232)
(-3161.209362 -111.27668 3565.835232)
(-2886.271983 -111.27668 3565.835232)
(-2611.334603 -111.27668 3565.835232)
(-2336.397224 -111.27668 3565.835232)
(-2061.459845 -111.27668 3565.835232)
(-1786.522466 -111.27668 3565.835232)
(-1511.585086 -111.27668 3565.835232)
(-1236.647707 -111.27668 3565.835232)
(-961.7103276 -111.27668 3565.835232)
(-686.7729483 -111.27668 3565.835232)
(-411.835569 -111.27668 3565.835232)
(-136.8981897 -111.27668 3565.835232)
(138.0391897 -111.27668 3565.835232)
(412.976569 -111.27668 3565.835232)
(687.9139483 -111.27668 3565.835232)
(962.8513276 -111.27668 3565.835232)
(1237.788707 -111.27668 3565.835232)
(1512.726086 -111.27668 3565.835232)
(1787.663466 -111.27668 3565.835232)
(2062.600845 -111.27668 3565.835232)
(2337.538224 -111.27668 3565.835232)
(2612.475603 -111.27668 3565.835232)
(2887.412983 -111.27668 3565.835232)
(3162.350362 -111.27668 3565.835232)
(3437.287741 -111.27668 3565.835232)
(3712.225121 -111.27668 3565.835232)
(3987.1625 -111.27668 3565.835232)
(-3986.0215 116.52858 3565.835232)
(-3711.084121 116.52858 3565.835232)
(-3436.146741 116.52858 3565.835232)
(-3161.209362 116.52858 3565.835232)
(-2886.271983 116.52858 3565.835232)
(-2611.334603 116.52858 3565.835232)
(-2336.397224 116.52858 3565.835232)
(-2061.459845 116.52858 3565.835232)
(-1786.522466 116.52858 3565.835232)
(-1511.585086 116.52858 3565.835232)
(-1236.647707 116.52858 3565.835232)
(-961.7103276 116.52858 3565.835232)
(-686.7729483 116.52858 3565.835232)
(-411.835569 116.52858 3565.835232)
(-136.8981897 116.52858 3565.835232)
(138.0391897 116.52858 3565.835232)
(412.976569 116.52858 3565.835232)
(687.9139483 116.52858 3565.835232)
(962.8513276 116.52858 3565.835232)
(1237.788707 116.52858 3565.835232)
(1512.726086 116.52858 3565.835232)
(1787.663466 116.52858 3565.835232)
(2062.600845 116.52858 3565.835232)
(2337.538224 116.52858 3565.835232)
(2612.475603 116.52858 3565.835232)
(2887.412983 116.52858 3565.835232)
(3162.350362 116.52858 3565.835232)
(3437.287741 116.52858 3565.835232)
(3712.225121 116.52858 3565.835232)
(3987.1625 116.52858 3565.835232)
(-3986.0215 344.33384 3565.835232)
(-3711.084121 344.33384 3565.835232)
(-3436.146741 344.33384 3565.835232)
(-3161.209362 344.33384 3565.835232)
(-2886.271983 344.33384 3565.835232)
(-2611.334603 344.33384 3565.835232)
(-2336.397224 344.33384 3565.835232)
(-2061.459845 344.33384 3565.835232)
(-1786.522466 344.33384 3565.835232)
(-1511.585086 344.33384 3565.835232)
(-1236.647707 344.33384 3565.835232)
(-961.7103276 344.33384 3565.835232)
(-686.7729483 344.33384 3565.835232)
(-411.835569 344.33384 3565.835232)
(-136.8981897 344.33384 3565.835232)
(138.0391897 344.33384 3565.835232)
(412.976569 344.33384 3565.835232)
(687.9139483 344.33384 3565.835232)
(962.8513276 344.33384 3565.835232)
(1237.788707 344.33384 3565.835232)
(1512.726086 344.33384 3565.835232)
(1787.663466 344.33384 3565.835232)
(2062.600845 344.33384 3565.835232)
(2337.538224 344.33384 3565.835232)
(2612.475603 344.33384 3565.835232)
(2887.412983 344.33384 3565.835232)
(3162.350362 344.33384 3565.835232)
(3437.287741 344.33384 3565.835232)
(3712.225121 344.33384 3565.835232)
(3987.1625 344.33384 3565.835232)
(-3986.0215 572.1391 3565.835232)
(-3711.084121 572.1391 3565.835232)
(-3436.146741 572.1391 3565.835232)
(-3161.209362 572.1391 3565.835232)
(-2886.271983 572.1391 3565.835232)
(-2611.334603 572.1391 3565.835232)
(-2336.397224 572.1391 3565.835232)
(-2061.459845 572.1391 3565.835232)
(-1786.522466 572.1391 3565.835232)
(-1511.585086 572.1391 3565.835232)
(-1236.647707 572.1391 3565.835232)
(-961.7103276 572.1391 3565.835232)
(-686.7729483 572.1391 3565.835232)
(-411.835569 572.1391 3565.835232)
(-136.8981897 572.1391 3565.835232)
(138.0391897 572.1391 3565.835232)
(412.976569 572.1391 3565.835232)
(687.9139483 572.1391 3565.835232)
(962.8513276 572.1391 3565.835232)
(1237.788707 572.1391 3565.835232)
(1512.726086 572.1391 3565.835232)
(1787.663466 572.1391 3565.835232)
(2062.600845 572.1391 3565.835232)
(2337.538224 572.1391 3565.835232)
(2612.475603 572.1391 3565.835232)
(2887.412983 572.1391 3565.835232)
(3162.350362 572.1391 3565.835232)
(3437.287741 572.1391 3565.835232)
(3712.225121 572.1391 3565.835232)
(3987.1625 572.1391 3565.835232)
(-3986.0215 799.94436 3565.835232)
(-3711.084121 799.94436 3565.835232)
(-3436.146741 799.94436 3565.835232)
(-3161.209362 799.94436 3565.835232)
(-2886.271983 799.94436 3565.835232)
(-2611.334603 799.94436 3565.835232)
(-2336.397224 799.94436 3565.835232)
(-2061.459845 799.94436 3565.835232)
(-1786.522466 799.94436 3565.835232)
(-1511.585086 799.94436 3565.835232)
(-1236.647707 799.94436 3565.835232)
(-961.7103276 799.94436 3565.835232)
(-686.7729483 799.94436 3565.835232)
(-411.835569 799.94436 3565.835232)
(-136.8981897 799.94436 3565.835232)
(138.0391897 799.94436 3565.835232)
(412.976569 799.94436 3565.835232)
(687.9139483 799.94436 3565.835232)
(962.8513276 799.94436 3565.835232)
(1237.788707 799.94436 3565.835232)
(1512.726086 799.94436 3565.835232)
(1787.663466 799.94436 3565.835232)
(2062.600845 799.94436 3565.835232)
(2337.538224 799.94436 3565.835232)
(2612.475603 799.94436 3565.835232)
(2887.412983 799.94436 3565.835232)
(3162.350362 799.94436 3565.835232)
(3437.287741 799.94436 3565.835232)
(3712.225121 799.94436 3565.835232)
(3987.1625 799.94436 3565.835232)
(-3986.0215 1027.74962 3565.835232)
(-3711.084121 1027.74962 3565.835232)
(-3436.146741 1027.74962 3565.835232)
(-3161.209362 1027.74962 3565.835232)
(-2886.271983 1027.74962 3565.835232)
(-2611.334603 1027.74962 3565.835232)
(-2336.397224 1027.74962 3565.835232)
(-2061.459845 1027.74962 3565.835232)
(-1786.522466 1027.74962 3565.835232)
(-1511.585086 1027.74962 3565.835232)
(-1236.647707 1027.74962 3565.835232)
(-961.7103276 1027.74962 3565.835232)
(-686.7729483 1027.74962 3565.835232)
(-411.835569 1027.74962 3565.835232)
(-136.8981897 1027.74962 3565.835232)
(138.0391897 1027.74962 3565.835232)
(412.976569 1027.74962 3565.835232)
(687.9139483 1027.74962 3565.835232)
(962.8513276 1027.74962 3565.835232)
(1237.788707 1027.74962 3565.835232)
(1512.726086 1027.74962 3565.835232)
(1787.663466 1027.74962 3565.835232)
(2062.600845 1027.74962 3565.835232)
(2337.538224 1027.74962 3565.835232)
(2612.475603 1027.74962 3565.835232)
(2887.412983 1027.74962 3565.835232)
(3162.350362 1027.74962 3565.835232)
(3437.287741 1027.74962 3565.835232)
(3712.225121 1027.74962 3565.835232)
(3987.1625 1027.74962 3565.835232)
(-3986.0215 1255.55488 3565.835232)
(-3711.084121 1255.55488 3565.835232)
(-3436.146741 1255.55488 3565.835232)
(-3161.209362 1255.55488 3565.835232)
(-2886.271983 1255.55488 3565.835232)
(-2611.334603 1255.55488 3565.835232)
(-2336.397224 1255.55488 3565.835232)
(-2061.459845 1255.55488 3565.835232)
(-1786.522466 1255.55488 3565.835232)
(-1511.585086 1255.55488 3565.835232)
(-1236.647707 1255.55488 3565.835232)
(-961.7103276 1255.55488 3565.835232)
(-686.7729483 1255.55488 3565.835232)
(-411.835569 1255.55488 3565.835232)
(-136.8981897 1255.55488 3565.835232)
(138.0391897 1255.55488 3565.835232)
(412.976569 1255.55488 3565.835232)
(687.9139483 1255.55488 3565.835232)
(962.8513276 1255.55488 3565.835232)
(1237.788707 1255.55488 3565.835232)
(1512.726086 1255.55488 3565.835232)
(1787.663466 1255.55488 3565.835232)
(2062.600845 1255.55488 3565.835232)
(2337.538224 1255.55488 3565.835232)
(2612.475603 1255.55488 3565.835232)
(2887.412983 1255.55488 3565.835232)
(3162.350362 1255.55488 3565.835232)
(3437.287741 1255.55488 3565.835232)
(3712.225121 1255.55488 3565.835232)
(3987.1625 1255.55488 3565.835232)
(-3986.0215 1483.36014 3565.835232)
(-3711.084121 1483.36014 3565.835232)
(-3436.146741 1483.36014 3565.835232)
(-3161.209362 1483.36014 3565.835232)
(-2886.271983 1483.36014 3565.835232)
(-2611.334603 1483.36014 3565.835232)
(-2336.397224 1483.36014 3565.835232)
(-2061.459845 1483.36014 3565.835232)
(-1786.522466 1483.36014 3565.835232)
(-1511.585086 1483.36014 3565.835232)
(-1236.647707 1483.36014 3565.835232)
(-961.7103276 1483.36014 3565.835232)
(-686.7729483 1483.36014 3565.835232)
(-411.835569 1483.36014 3565.835232)
(-136.8981897 1483.36014 3565.835232)
(138.0391897 1483.36014 3565.835232)
(412.976569 1483.36014 3565.835232)
(687.9139483 1483.36014 3565.835232)
(962.8513276 1483.36014 3565.835232)
(1237.788707 1483.36014 3565.835232)
(1512.726086 1483.36014 3565.835232)
(1787.663466 1483.36014 3565.835232)
(2062.600845 1483.36014 3565.835232)
(2337.538224 1483.36014 3565.835232)
(2612.475603 1483.36014 3565.835232)
(2887.412983 1483.36014 3565.835232)
(3162.350362 1483.36014 3565.835232)
(3437.287741 1483.36014 3565.835232)
(3712.225121 1483.36014 3565.835232)
(3987.1625 1483.36014 3565.835232)
(-3986.0215 1711.1654 3565.835232)
(-3711.084121 1711.1654 3565.835232)
(-3436.146741 1711.1654 3565.835232)
(-3161.209362 1711.1654 3565.835232)
(-2886.271983 1711.1654 3565.835232)
(-2611.334603 1711.1654 3565.835232)
(-2336.397224 1711.1654 3565.835232)
(-2061.459845 1711.1654 3565.835232)
(-1786.522466 1711.1654 3565.835232)
(-1511.585086 1711.1654 3565.835232)
(-1236.647707 1711.1654 3565.835232)
(-961.7103276 1711.1654 3565.835232)
(-686.7729483 1711.1654 3565.835232)
(-411.835569 1711.1654 3565.835232)
(-136.8981897 1711.1654 3565.835232)
(138.0391897 1711.1654 3565.835232)
(412.976569 1711.1654 3565.835232)
(687.9139483 1711.1654 3565.835232)
(962.8513276 1711.1654 3565.835232)
(1237.788707 1711.1654 3565.835232)
(1512.726086 1711.1654 3565.835232)
(1787.663466 1711.1654 3565.835232)
(2062.600845 1711.1654 3565.835232)
(2337.538224 1711.1654 3565.835232)
(2612.475603 1711.1654 3565.835232)
(2887.412983 1711.1654 3565.835232)
(3162.350362 1711.1654 3565.835232)
(3437.287741 1711.1654 3565.835232)
(3712.225121 1711.1654 3565.835232)
(3987.1625 1711.1654 3565.835232)
(-3986.0215 1938.97066 3565.835232)
(-3711.084121 1938.97066 3565.835232)
(-3436.146741 1938.97066 3565.835232)
(-3161.209362 1938.97066 3565.835232)
(-2886.271983 1938.97066 3565.835232)
(-2611.334603 1938.97066 3565.835232)
(-2336.397224 1938.97066 3565.835232)
(-2061.459845 1938.97066 3565.835232)
(-1786.522466 1938.97066 3565.835232)
(-1511.585086 1938.97066 3565.835232)
(-1236.647707 1938.97066 3565.835232)
(-961.7103276 1938.97066 3565.835232)
(-686.7729483 1938.97066 3565.835232)
(-411.835569 1938.97066 3565.835232)
(-136.8981897 1938.97066 3565.835232)
(138.0391897 1938.97066 3565.835232)
(412.976569 1938.97066 3565.835232)
(687.9139483 1938.97066 3565.835232)
(962.8513276 1938.97066 3565.835232)
(1237.788707 1938.97066 3565.835232)
(1512.726086 1938.97066 3565.835232)
(1787.663466 1938.97066 3565.835232)
(2062.600845 1938.97066 3565.835232)
(2337.538224 1938.97066 3565.835232)
(2612.475603 1938.97066 3565.835232)
(2887.412983 1938.97066 3565.835232)
(3162.350362 1938.97066 3565.835232)
(3437.287741 1938.97066 3565.835232)
(3712.225121 1938.97066 3565.835232)
(3987.1625 1938.97066 3565.835232)
(-3986.0215 2166.77592 3565.835232)
(-3711.084121 2166.77592 3565.835232)
(-3436.146741 2166.77592 3565.835232)
(-3161.209362 2166.77592 3565.835232)
(-2886.271983 2166.77592 3565.835232)
(-2611.334603 2166.77592 3565.835232)
(-2336.397224 2166.77592 3565.835232)
(-2061.459845 2166.77592 3565.835232)
(-1786.522466 2166.77592 3565.835232)
(-1511.585086 2166.77592 3565.835232)
(-1236.647707 2166.77592 3565.835232)
(-961.7103276 2166.77592 3565.835232)
(-686.7729483 2166.77592 3565.835232)
(-411.835569 2166.77592 3565.835232)
(-136.8981897 2166.77592 3565.835232)
(138.0391897 2166.77592 3565.835232)
(412.976569 2166.77592 3565.835232)
(687.9139483 2166.77592 3565.835232)
(962.8513276 2166.77592 3565.835232)
(1237.788707 2166.77592 3565.835232)
(1512.726086 2166.77592 3565.835232)
(1787.663466 2166.77592 3565.835232)
(2062.600845 2166.77592 3565.835232)
(2337.538224 2166.77592 3565.835232)
(2612.475603 2166.77592 3565.835232)
(2887.412983 2166.77592 3565.835232)
(3162.350362 2166.77592 3565.835232)
(3437.287741 2166.77592 3565.835232)
(3712.225121 2166.77592 3565.835232)
(3987.1625 2166.77592 3565.835232)
(-3986.0215 2394.58118 3565.835232)
(-3711.084121 2394.58118 3565.835232)
(-3436.146741 2394.58118 3565.835232)
(-3161.209362 2394.58118 3565.835232)
(-2886.271983 2394.58118 3565.835232)
(-2611.334603 2394.58118 3565.835232)
(-2336.397224 2394.58118 3565.835232)
(-2061.459845 2394.58118 3565.835232)
(-1786.522466 2394.58118 3565.835232)
(-1511.585086 2394.58118 3565.835232)
(-1236.647707 2394.58118 3565.835232)
(-961.7103276 2394.58118 3565.835232)
(-686.7729483 2394.58118 3565.835232)
(-411.835569 2394.58118 3565.835232)
(-136.8981897 2394.58118 3565.835232)
(138.0391897 2394.58118 3565.835232)
(412.976569 2394.58118 3565.835232)
(687.9139483 2394.58118 3565.835232)
(962.8513276 2394.58118 3565.835232)
(1237.788707 2394.58118 3565.835232)
(1512.726086 2394.58118 3565.835232)
(1787.663466 2394.58118 3565.835232)
(2062.600845 2394.58118 3565.835232)
(2337.538224 2394.58118 3565.835232)
(2612.475603 2394.58118 3565.835232)
(2887.412983 2394.58118 3565.835232)
(3162.350362 2394.58118 3565.835232)
(3437.287741 2394.58118 3565.835232)
(3712.225121 2394.58118 3565.835232)
(3987.1625 2394.58118 3565.835232)
(-3986.0215 2622.38644 3565.835232)
(-3711.084121 2622.38644 3565.835232)
(-3436.146741 2622.38644 3565.835232)
(-3161.209362 2622.38644 3565.835232)
(-2886.271983 2622.38644 3565.835232)
(-2611.334603 2622.38644 3565.835232)
(-2336.397224 2622.38644 3565.835232)
(-2061.459845 2622.38644 3565.835232)
(-1786.522466 2622.38644 3565.835232)
(-1511.585086 2622.38644 3565.835232)
(-1236.647707 2622.38644 3565.835232)
(-961.7103276 2622.38644 3565.835232)
(-686.7729483 2622.38644 3565.835232)
(-411.835569 2622.38644 3565.835232)
(-136.8981897 2622.38644 3565.835232)
(138.0391897 2622.38644 3565.835232)
(412.976569 2622.38644 3565.835232)
(687.9139483 2622.38644 3565.835232)
(962.8513276 2622.38644 3565.835232)
(1237.788707 2622.38644 3565.835232)
(1512.726086 2622.38644 3565.835232)
(1787.663466 2622.38644 3565.835232)
(2062.600845 2622.38644 3565.835232)
(2337.538224 2622.38644 3565.835232)
(2612.475603 2622.38644 3565.835232)
(2887.412983 2622.38644 3565.835232)
(3162.350362 2622.38644 3565.835232)
(3437.287741 2622.38644 3565.835232)
(3712.225121 2622.38644 3565.835232)
(3987.1625 2622.38644 3565.835232)
(-3986.0215 2850.1917 3565.835232)
(-3711.084121 2850.1917 3565.835232)
(-3436.146741 2850.1917 3565.835232)
(-3161.209362 2850.1917 3565.835232)
(-2886.271983 2850.1917 3565.835232)
(-2611.334603 2850.1917 3565.835232)
(-2336.397224 2850.1917 3565.835232)
(-2061.459845 2850.1917 3565.835232)
(-1786.522466 2850.1917 3565.835232)
(-1511.585086 2850.1917 3565.835232)
(-1236.647707 2850.1917 3565.835232)
(-961.7103276 2850.1917 3565.835232)
(-686.7729483 2850.1917 3565.835232)
(-411.835569 2850.1917 3565.835232)
(-136.8981897 2850.1917 3565.835232)
(138.0391897 2850.1917 3565.835232)
(412.976569 2850.1917 3565.835232)
(687.9139483 2850.1917 3565.835232)
(962.8513276 2850.1917 3565.835232)
(1237.788707 2850.1917 3565.835232)
(1512.726086 2850.1917 3565.835232)
(1787.663466 2850.1917 3565.835232)
(2062.600845 2850.1917 3565.835232)
(2337.538224 2850.1917 3565.835232)
(2612.475603 2850.1917 3565.835232)
(2887.412983 2850.1917 3565.835232)
(3162.350362 2850.1917 3565.835232)
(3437.287741 2850.1917 3565.835232)
(3712.225121 2850.1917 3565.835232)
(3987.1625 2850.1917 3565.835232)
(-3986.0215 3077.99696 3565.835232)
(-3711.084121 3077.99696 3565.835232)
(-3436.146741 3077.99696 3565.835232)
(-3161.209362 3077.99696 3565.835232)
(-2886.271983 3077.99696 3565.835232)
(-2611.334603 3077.99696 3565.835232)
(-2336.397224 3077.99696 3565.835232)
(-2061.459845 3077.99696 3565.835232)
(-1786.522466 3077.99696 3565.835232)
(-1511.585086 3077.99696 3565.835232)
(-1236.647707 3077.99696 3565.835232)
(-961.7103276 3077.99696 3565.835232)
(-686.7729483 3077.99696 3565.835232)
(-411.835569 3077.99696 3565.835232)
(-136.8981897 3077.99696 3565.835232)
(138.0391897 3077.99696 3565.835232)
(412.976569 3077.99696 3565.835232)
(687.9139483 3077.99696 3565.835232)
(962.8513276 3077.99696 3565.835232)
(1237.788707 3077.99696 3565.835232)
(1512.726086 3077.99696 3565.835232)
(1787.663466 3077.99696 3565.835232)
(2062.600845 3077.99696 3565.835232)
(2337.538224 3077.99696 3565.835232)
(2612.475603 3077.99696 3565.835232)
(2887.412983 3077.99696 3565.835232)
(3162.350362 3077.99696 3565.835232)
(3437.287741 3077.99696 3565.835232)
(3712.225121 3077.99696 3565.835232)
(3987.1625 3077.99696 3565.835232)
(-3986.0215 3305.80222 3565.835232)
(-3711.084121 3305.80222 3565.835232)
(-3436.146741 3305.80222 3565.835232)
(-3161.209362 3305.80222 3565.835232)
(-2886.271983 3305.80222 3565.835232)
(-2611.334603 3305.80222 3565.835232)
(-2336.397224 3305.80222 3565.835232)
(-2061.459845 3305.80222 3565.835232)
(-1786.522466 3305.80222 3565.835232)
(-1511.585086 3305.80222 3565.835232)
(-1236.647707 3305.80222 3565.835232)
(-961.7103276 3305.80222 3565.835232)
(-686.7729483 3305.80222 3565.835232)
(-411.835569 3305.80222 3565.835232)
(-136.8981897 3305.80222 3565.835232)
(138.0391897 3305.80222 3565.835232)
(412.976569 3305.80222 3565.835232)
(687.9139483 3305.80222 3565.835232)
(962.8513276 3305.80222 3565.835232)
(1237.788707 3305.80222 3565.835232)
(1512.726086 3305.80222 3565.835232)
(1787.663466 3305.80222 3565.835232)
(2062.600845 3305.80222 3565.835232)
(2337.538224 3305.80222 3565.835232)
(2612.475603 3305.80222 3565.835232)
(2887.412983 3305.80222 3565.835232)
(3162.350362 3305.80222 3565.835232)
(3437.287741 3305.80222 3565.835232)
(3712.225121 3305.80222 3565.835232)
(3987.1625 3305.80222 3565.835232)
(-3986.0215 3533.60748 3565.835232)
(-3711.084121 3533.60748 3565.835232)
(-3436.146741 3533.60748 3565.835232)
(-3161.209362 3533.60748 3565.835232)
(-2886.271983 3533.60748 3565.835232)
(-2611.334603 3533.60748 3565.835232)
(-2336.397224 3533.60748 3565.835232)
(-2061.459845 3533.60748 3565.835232)
(-1786.522466 3533.60748 3565.835232)
(-1511.585086 3533.60748 3565.835232)
(-1236.647707 3533.60748 3565.835232)
(-961.7103276 3533.60748 3565.835232)
(-686.7729483 3533.60748 3565.835232)
(-411.835569 3533.60748 3565.835232)
(-136.8981897 3533.60748 3565.835232)
(138.0391897 3533.60748 3565.835232)
(412.976569 3533.60748 3565.835232)
(687.9139483 3533.60748 3565.835232)
(962.8513276 3533.60748 3565.835232)
(1237.788707 3533.60748 3565.835232)
(1512.726086 3533.60748 3565.835232)
(1787.663466 3533.60748 3565.835232)
(2062.600845 3533.60748 3565.835232)
(2337.538224 3533.60748 3565.835232)
(2612.475603 3533.60748 3565.835232)
(2887.412983 3533.60748 3565.835232)
(3162.350362 3533.60748 3565.835232)
(3437.287741 3533.60748 3565.835232)
(3712.225121 3533.60748 3565.835232)
(3987.1625 3533.60748 3565.835232)
(-3986.0215 3761.41274 3565.835232)
(-3711.084121 3761.41274 3565.835232)
(-3436.146741 3761.41274 3565.835232)
(-3161.209362 3761.41274 3565.835232)
(-2886.271983 3761.41274 3565.835232)
(-2611.334603 3761.41274 3565.835232)
(-2336.397224 3761.41274 3565.835232)
(-2061.459845 3761.41274 3565.835232)
(-1786.522466 3761.41274 3565.835232)
(-1511.585086 3761.41274 3565.835232)
(-1236.647707 3761.41274 3565.835232)
(-961.7103276 3761.41274 3565.835232)
(-686.7729483 3761.41274 3565.835232)
(-411.835569 3761.41274 3565.835232)
(-136.8981897 3761.41274 3565.835232)
(138.0391897 3761.41274 3565.835232)
(412.976569 3761.41274 3565.835232)
(687.9139483 3761.41274 3565.835232)
(962.8513276 3761.41274 3565.835232)
(1237.788707 3761.41274 3565.835232)
(1512.726086 3761.41274 3565.835232)
(1787.663466 3761.41274 3565.835232)
(2062.600845 3761.41274 3565.835232)
(2337.538224 3761.41274 3565.835232)
(2612.475603 3761.41274 3565.835232)
(2887.412983 3761.41274 3565.835232)
(3162.350362 3761.41274 3565.835232)
(3437.287741 3761.41274 3565.835232)
(3712.225121 3761.41274 3565.835232)
(3987.1625 3761.41274 3565.835232)
(-3986.0215 3989.218 3565.835232)
(-3711.084121 3989.218 3565.835232)
(-3436.146741 3989.218 3565.835232)
(-3161.209362 3989.218 3565.835232)
(-2886.271983 3989.218 3565.835232)
(-2611.334603 3989.218 3565.835232)
(-2336.397224 3989.218 3565.835232)
(-2061.459845 3989.218 3565.835232)
(-1786.522466 3989.218 3565.835232)
(-1511.585086 3989.218 3565.835232)
(-1236.647707 3989.218 3565.835232)
(-961.7103276 3989.218 3565.835232)
(-686.7729483 3989.218 3565.835232)
(-411.835569 3989.218 3565.835232)
(-136.8981897 3989.218 3565.835232)
(138.0391897 3989.218 3565.835232)
(412.976569 3989.218 3565.835232)
(687.9139483 3989.218 3565.835232)
(962.8513276 3989.218 3565.835232)
(1237.788707 3989.218 3565.835232)
(1512.726086 3989.218 3565.835232)
(1787.663466 3989.218 3565.835232)
(2062.600845 3989.218 3565.835232)
(2337.538224 3989.218 3565.835232)
(2612.475603 3989.218 3565.835232)
(2887.412983 3989.218 3565.835232)
(3162.350362 3989.218 3565.835232)
(3437.287741 3989.218 3565.835232)
(3712.225121 3989.218 3565.835232)
(3987.1625 3989.218 3565.835232)
(-3986.0215 -3983.9661 3985.4765)
(-3711.084121 -3983.9661 3985.4765)
(-3436.146741 -3983.9661 3985.4765)
(-3161.209362 -3983.9661 3985.4765)
(-2886.271983 -3983.9661 3985.4765)
(-2611.334603 -3983.9661 3985.4765)
(-2336.397224 -3983.9661 3985.4765)
(-2061.459845 -3983.9661 3985.4765)
(-1786.522466 -3983.9661 3985.4765)
(-1511.585086 -3983.9661 3985.4765)
(-1236.647707 -3983.9661 3985.4765)
(-961.7103276 -3983.9661 3985.4765)
(-686.7729483 -3983.9661 3985.4765)
(-411.835569 -3983.9661 3985.4765)
(-136.8981897 -3983.9661 3985.4765)
(138.0391897 -3983.9661 3985.4765)
(412.976569 -3983.9661 3985.4765)
(687.9139483 -3983.9661 3985.4765)
(962.8513276 -3983.9661 3985.4765)
(1237.788707 -3983.9661 3985.4765)
(1512.726086 -3983.9661 3985.4765)
(1787.663466 -3983.9661 3985.4765)
(2062.600845 -3983.9661 3985.4765)
(2337.538224 -3983.9661 3985.4765)
(2612.475603 -3983.9661 3985.4765)
(2887.412983 -3983.9661 3985.4765)
(3162.350362 -3983.9661 3985.4765)
(3437.287741 -3983.9661 3985.4765)
(3712.225121 -3983.9661 3985.4765)
(3987.1625 -3983.9661 3985.4765)
(-3986.0215 -3756.16084 3985.4765)
(-3711.084121 -3756.16084 3985.4765)
(-3436.146741 -3756.16084 3985.4765)
(-3161.209362 -3756.16084 3985.4765)
(-2886.271983 -3756.16084 3985.4765)
(-2611.334603 -3756.16084 3985.4765)
(-2336.397224 -3756.16084 3985.4765)
(-2061.459845 -3756.16084 3985.4765)
(-1786.522466 -3756.16084 3985.4765)
(-1511.585086 -3756.16084 3985.4765)
(-1236.647707 -3756.16084 3985.4765)
(-961.7103276 -3756.16084 3985.4765)
(-686.7729483 -3756.16084 3985.4765)
(-411.835569 -3756.16084 3985.4765)
(-136.8981897 -3756.16084 3985.4765)
(138.0391897 -3756.16084 3985.4765)
(412.976569 -3756.16084 3985.4765)
(687.9139483 -3756.16084 3985.4765)
(962.8513276 -3756.16084 3985.4765)
(1237.788707 -3756.16084 3985.4765)
(1512.726086 -3756.16084 3985.4765)
(1787.663466 -3756.16084 3985.4765)
(2062.600845 -3756.16084 3985.4765)
(2337.538224 -3756.16084 3985.4765)
(2612.475603 -3756.16084 3985.4765)
(2887.412983 -3756.16084 3985.4765)
(3162.350362 -3756.16084 3985.4765)
(3437.287741 -3756.16084 3985.4765)
(3712.225121 -3756.16084 3985.4765)
(3987.1625 -3756.16084 3985.4765)
(-3986.0215 -3528.35558 3985.4765)
(-3711.084121 -3528.35558 3985.4765)
(-3436.146741 -3528.35558 3985.4765)
(-3161.209362 -3528.35558 3985.4765)
(-2886.271983 -3528.35558 3985.4765)
(-2611.334603 -3528.35558 3985.4765)
(-2336.397224 -3528.35558 3985.4765)
(-2061.459845 -3528.35558 3985.4765)
(-1786.522466 -3528.35558 3985.4765)
(-1511.585086 -3528.35558 3985.4765)
(-1236.647707 -3528.35558 3985.4765)
(-961.7103276 -3528.35558 3985.4765)
(-686.7729483 -3528.35558 3985.4765)
(-411.835569 -3528.35558 3985.4765)
(-136.8981897 -3528.35558 3985.4765)
(138.0391897 -3528.35558 3985.4765)
(412.976569 -3528.35558 3985.4765)
(687.9139483 -3528.35558 3985.4765)
(962.8513276 -3528.35558 3985.4765)
(1237.788707 -3528.35558 3985.4765)
(1512.726086 -3528.35558 3985.4765)
(1787.663466 -3528.35558 3985.4765)
(2062.600845 -3528.35558 3985.4765)
(2337.538224 -3528.35558 3985.4765)
(2612.475603 -3528.35558 3985.4765)
(2887.412983 -3528.35558 3985.4765)
(3162.350362 -3528.35558 3985.4765)
(3437.287741 -3528.35558 3985.4765)
(3712.225121 -3528.35558 3985.4765)
(3987.1625 -3528.35558 3985.4765)
(-3986.0215 -3300.55032 3985.4765)
(-3711.084121 -3300.55032 3985.4765)
(-3436.146741 -3300.55032 3985.4765)
(-3161.209362 -3300.55032 3985.4765)
(-2886.271983 -3300.55032 3985.4765)
(-2611.334603 -3300.55032 3985.4765)
(-2336.397224 -3300.55032 3985.4765)
(-2061.459845 -3300.55032 3985.4765)
(-1786.522466 -3300.55032 3985.4765)
(-1511.585086 -3300.55032 3985.4765)
(-1236.647707 -3300.55032 3985.4765)
(-961.7103276 -3300.55032 3985.4765)
(-686.7729483 -3300.55032 3985.4765)
(-411.835569 -3300.55032 3985.4765)
(-136.8981897 -3300.55032 3985.4765)
(138.0391897 -3300.55032 3985.4765)
(412.976569 -3300.55032 3985.4765)
(687.9139483 -3300.55032 3985.4765)
(962.8513276 -3300.55032 3985.4765)
(1237.788707 -3300.55032 3985.4765)
(1512.726086 -3300.55032 3985.4765)
(1787.663466 -3300.55032 3985.4765)
(2062.600845 -3300.55032 3985.4765)
(2337.538224 -3300.55032 3985.4765)
(2612.475603 -3300.55032 3985.4765)
(2887.412983 -3300.55032 3985.4765)
(3162.350362 -3300.55032 3985.4765)
(3437.287741 -3300.55032 3985.4765)
(3712.225121 -3300.55032 3985.4765)
(3987.1625 -3300.55032 3985.4765)
(-3986.0215 -3072.74506 3985.4765)
(-3711.084121 -3072.74506 3985.4765)
(-3436.146741 -3072.74506 3985.4765)
(-3161.209362 -3072.74506 3985.4765)
(-2886.271983 -3072.74506 3985.4765)
(-2611.334603 -3072.74506 3985.4765)
(-2336.397224 -3072.74506 3985.4765)
(-2061.459845 -3072.74506 3985.4765)
(-1786.522466 -3072.74506 3985.4765)
(-1511.585086 -3072.74506 3985.4765)
(-1236.647707 -3072.74506 3985.4765)
(-961.7103276 -3072.74506 3985.4765)
(-686.7729483 -3072.74506 3985.4765)
(-411.835569 -3072.74506 3985.4765)
(-136.8981897 -3072.74506 3985.4765)
(138.0391897 -3072.74506 3985.4765)
(412.976569 -3072.74506 3985.4765)
(687.9139483 -3072.74506 3985.4765)
(962.8513276 -3072.74506 3985.4765)
(1237.788707 -3072.74506 3985.4765)
(1512.726086 -3072.74506 3985.4765)
(1787.663466 -3072.74506 3985.4765)
(2062.600845 -3072.74506 3985.4765)
(2337.538224 -3072.74506 3985.4765)
(2612.475603 -3072.74506 3985.4765)
(2887.412983 -3072.74506 3985.4765)
(3162.350362 -3072.74506 3985.4765)
(3437.287741 -3072.74506 3985.4765)
(3712.225121 -3072.74506 3985.4765)
(3987.1625 -3072.74506 3985.4765)
(-3986.0215 -2844.9398 3985.4765)
(-3711.084121 -2844.9398 3985.4765)
(-3436.146741 -2844.9398 3985.4765)
(-3161.209362 -2844.9398 3985.4765)
(-2886.271983 -2844.9398 3985.4765)
(-2611.334603 -2844.9398 3985.4765)
(-2336.397224 -2844.9398 3985.4765)
(-2061.459845 -2844.9398 3985.4765)
(-1786.522466 -2844.9398 3985.4765)
(-1511.585086 -2844.9398 3985.4765)
(-1236.647707 -2844.9398 3985.4765)
(-961.7103276 -2844.9398 3985.4765)
(-686.7729483 -2844.9398 3985.4765)
(-411.835569 -2844.9398 3985.4765)
(-136.8981897 -2844.9398 3985.4765)
(138.0391897 -2844.9398 3985.4765)
(412.976569 -2844.9398 3985.4765)
(687.9139483 -2844.9398 3985.4765)
(962.8513276 -2844.9398 3985.4765)
(1237.788707 -2844.9398 3985.4765)
(1512.726086 -2844.9398 3985.4765)
(1787.663466 -2844.9398 3985.4765)
(2062.600845 -2844.9398 3985.4765)
(2337.538224 -2844.9398 3985.4765)
(2612.475603 -2844.9398 3985.4765)
(2887.412983 -2844.9398 3985.4765)
(3162.350362 -2844.9398 3985.4765)
(3437.287741 -2844.9398 3985.4765)
(3712.225121 -2844.9398 3985.4765)
(3987.1625 -2844.9398 3985.4765)
(-3986.0215 -2617.13454 3985.4765)
(-3711.084121 -2617.13454 3985.4765)
(-3436.146741 -2617.13454 3985.4765)
(-3161.209362 -2617.13454 3985.4765)
(-2886.271983 -2617.13454 3985.4765)
(-2611.334603 -2617.13454 3985.4765)
(-2336.397224 -2617.13454 3985.4765)
(-2061.459845 -2617.13454 3985.4765)
(-1786.522466 -2617.13454 3985.4765)
(-1511.585086 -2617.13454 3985.4765)
(-1236.647707 -2617.13454 3985.4765)
(-961.7103276 -2617.13454 3985.4765)
(-686.7729483 -2617.13454 3985.4765)
(-411.835569 -2617.13454 3985.4765)
(-136.8981897 -2617.13454 3985.4765)
(138.0391897 -2617.13454 3985.4765)
(412.976569 -2617.13454 3985.4765)
(687.9139483 -2617.13454 3985.4765)
(962.8513276 -2617.13454 3985.4765)
(1237.788707 -2617.13454 3985.4765)
(1512.726086 -2617.13454 3985.4765)
(1787.663466 -2617.13454 3985.4765)
(2062.600845 -2617.13454 3985.4765)
(2337.538224 -2617.13454 3985.4765)
(2612.475603 -2617.13454 3985.4765)
(2887.412983 -2617.13454 3985.4765)
(3162.350362 -2617.13454 3985.4765)
(3437.287741 -2617.13454 3985.4765)
(3712.225121 -2617.13454 3985.4765)
(3987.1625 -2617.13454 3985.4765)
(-3986.0215 -2389.32928 3985.4765)
(-3711.084121 -2389.32928 3985.4765)
(-3436.146741 -2389.32928 3985.4765)
(-3161.209362 -2389.32928 3985.4765)
(-2886.271983 -2389.32928 3985.4765)
(-2611.334603 -2389.32928 3985.4765)
(-2336.397224 -2389.32928 3985.4765)
(-2061.459845 -2389.32928 3985.4765)
(-1786.522466 -2389.32928 3985.4765)
(-1511.585086 -2389.32928 3985.4765)
(-1236.647707 -2389.32928 3985.4765)
(-961.7103276 -2389.32928 3985.4765)
(-686.7729483 -2389.32928 3985.4765)
(-411.835569 -2389.32928 3985.4765)
(-136.8981897 -2389.32928 3985.4765)
(138.0391897 -2389.32928 3985.4765)
(412.976569 -2389.32928 3985.4765)
(687.9139483 -2389.32928 3985.4765)
(962.8513276 -2389.32928 3985.4765)
(1237.788707 -2389.32928 3985.4765)
(1512.726086 -2389.32928 3985.4765)
(1787.663466 -2389.32928 3985.4765)
(2062.600845 -2389.32928 3985.4765)
(2337.538224 -2389.32928 3985.4765)
(2612.475603 -2389.32928 3985.4765)
(2887.412983 -2389.32928 3985.4765)
(3162.350362 -2389.32928 3985.4765)
(3437.287741 -2389.32928 3985.4765)
(3712.225121 -2389.32928 3985.4765)
(3987.1625 -2389.32928 3985.4765)
(-3986.0215 -2161.52402 3985.4765)
(-3711.084121 -2161.52402 3985.4765)
(-3436.146741 -2161.52402 3985.4765)
(-3161.209362 -2161.52402 3985.4765)
(-2886.271983 -2161.52402 3985.4765)
(-2611.334603 -2161.52402 3985.4765)
(-2336.397224 -2161.52402 3985.4765)
(-2061.459845 -2161.52402 3985.4765)
(-1786.522466 -2161.52402 3985.4765)
(-1511.585086 -2161.52402 3985.4765)
(-1236.647707 -2161.52402 3985.4765)
(-961.7103276 -2161.52402 3985.4765)
(-686.7729483 -2161.52402 3985.4765)
(-411.835569 -2161.52402 3985.4765)
(-136.8981897 -2161.52402 3985.4765)
(138.0391897 -2161.52402 3985.4765)
(412.976569 -2161.52402 3985.4765)
(687.9139483 -2161.52402 3985.4765)
(962.8513276 -2161.52402 3985.4765)
(1237.788707 -2161.52402 3985.4765)
(1512.726086 -2161.52402 3985.4765)
(1787.663466 -2161.52402 3985.4765)
(2062.600845 -2161.52402 3985.4765)
(2337.538224 -2161.52402 3985.4765)
(2612.475603 -2161.52402 3985.4765)
(2887.412983 -2161.52402 3985.4765)
(3162.350362 -2161.52402 3985.4765)
(3437.287741 -2161.52402 3985.4765)
(3712.225121 -2161.52402 3985.4765)
(3987.1625 -2161.52402 3985.4765)
(-3986.0215 -1933.71876 3985.4765)
(-3711.084121 -1933.71876 3985.4765)
(-3436.146741 -1933.71876 3985.4765)
(-3161.209362 -1933.71876 3985.4765)
(-2886.271983 -1933.71876 3985.4765)
(-2611.334603 -1933.71876 3985.4765)
(-2336.397224 -1933.71876 3985.4765)
(-2061.459845 -1933.71876 3985.4765)
(-1786.522466 -1933.71876 3985.4765)
(-1511.585086 -1933.71876 3985.4765)
(-1236.647707 -1933.71876 3985.4765)
(-961.7103276 -1933.71876 3985.4765)
(-686.7729483 -1933.71876 3985.4765)
(-411.835569 -1933.71876 3985.4765)
(-136.8981897 -1933.71876 3985.4765)
(138.0391897 -1933.71876 3985.4765)
(412.976569 -1933.71876 3985.4765)
(687.9139483 -1933.71876 3985.4765)
(962.8513276 -1933.71876 3985.4765)
(1237.788707 -1933.71876 3985.4765)
(1512.726086 -1933.71876 3985.4765)
(1787.663466 -1933.71876 3985.4765)
(2062.600845 -1933.71876 3985.4765)
(2337.538224 -1933.71876 3985.4765)
(2612.475603 -1933.71876 3985.4765)
(2887.412983 -1933.71876 3985.4765)
(3162.350362 -1933.71876 3985.4765)
(3437.287741 -1933.71876 3985.4765)
(3712.225121 -1933.71876 3985.4765)
(3987.1625 -1933.71876 3985.4765)
(-3986.0215 -1705.9135 3985.4765)
(-3711.084121 -1705.9135 3985.4765)
(-3436.146741 -1705.9135 3985.4765)
(-3161.209362 -1705.9135 3985.4765)
(-2886.271983 -1705.9135 3985.4765)
(-2611.334603 -1705.9135 3985.4765)
(-2336.397224 -1705.9135 3985.4765)
(-2061.459845 -1705.9135 3985.4765)
(-1786.522466 -1705.9135 3985.4765)
(-1511.585086 -1705.9135 3985.4765)
(-1236.647707 -1705.9135 3985.4765)
(-961.7103276 -1705.9135 3985.4765)
(-686.7729483 -1705.9135 3985.4765)
(-411.835569 -1705.9135 3985.4765)
(-136.8981897 -1705.9135 3985.4765)
(138.0391897 -1705.9135 3985.4765)
(412.976569 -1705.9135 3985.4765)
(687.9139483 -1705.9135 3985.4765)
(962.8513276 -1705.9135 3985.4765)
(1237.788707 -1705.9135 3985.4765)
(1512.726086 -1705.9135 3985.4765)
(1787.663466 -1705.9135 3985.4765)
(2062.600845 -1705.9135 3985.4765)
(2337.538224 -1705.9135 3985.4765)
(2612.475603 -1705.9135 3985.4765)
(2887.412983 -1705.9135 3985.4765)
(3162.350362 -1705.9135 3985.4765)
(3437.287741 -1705.9135 3985.4765)
(3712.225121 -1705.9135 3985.4765)
(3987.1625 -1705.9135 3985.4765)
(-3986.0215 -1478.10824 3985.4765)
(-3711.084121 -1478.10824 3985.4765)
(-3436.146741 -1478.10824 3985.4765)
(-3161.209362 -1478.10824 3985.4765)
(-2886.271983 -1478.10824 3985.4765)
(-2611.334603 -1478.10824 3985.4765)
(-2336.397224 -1478.10824 3985.4765)
(-2061.459845 -1478.10824 3985.4765)
(-1786.522466 -1478.10824 3985.4765)
(-1511.585086 -1478.10824 3985.4765)
(-1236.647707 -1478.10824 3985.4765)
(-961.7103276 -1478.10824 3985.4765)
(-686.7729483 -1478.10824 3985.4765)
(-411.835569 -1478.10824 3985.4765)
(-136.8981897 -1478.10824 3985.4765)
(138.0391897 -1478.10824 3985.4765)
(412.976569 -1478.10824 3985.4765)
(687.9139483 -1478.10824 3985.4765)
(962.8513276 -1478.10824 3985.4765)
(1237.788707 -1478.10824 3985.4765)
(1512.726086 -1478.10824 3985.4765)
(1787.663466 -1478.10824 3985.4765)
(2062.600845 -1478.10824 3985.4765)
(2337.538224 -1478.10824 3985.4765)
(2612.475603 -1478.10824 3985.4765)
(2887.412983 -1478.10824 3985.4765)
(3162.350362 -1478.10824 3985.4765)
(3437.287741 -1478.10824 3985.4765)
(3712.225121 -1478.10824 3985.4765)
(3987.1625 -1478.10824 3985.4765)
(-3986.0215 -1250.30298 3985.4765)
(-3711.084121 -1250.30298 3985.4765)
(-3436.146741 -1250.30298 3985.4765)
(-3161.209362 -1250.30298 3985.4765)
(-2886.271983 -1250.30298 3985.4765)
(-2611.334603 -1250.30298 3985.4765)
(-2336.397224 -1250.30298 3985.4765)
(-2061.459845 -1250.30298 3985.4765)
(-1786.522466 -1250.30298 3985.4765)
(-1511.585086 -1250.30298 3985.4765)
(-1236.647707 -1250.30298 3985.4765)
(-961.7103276 -1250.30298 3985.4765)
(-686.7729483 -1250.30298 3985.4765)
(-411.835569 -1250.30298 3985.4765)
(-136.8981897 -1250.30298 3985.4765)
(138.0391897 -1250.30298 3985.4765)
(412.976569 -1250.30298 3985.4765)
(687.9139483 -1250.30298 3985.4765)
(962.8513276 -1250.30298 3985.4765)
(1237.788707 -1250.30298 3985.4765)
(1512.726086 -1250.30298 3985.4765)
(1787.663466 -1250.30298 3985.4765)
(2062.600845 -1250.30298 3985.4765)
(2337.538224 -1250.30298 3985.4765)
(2612.475603 -1250.30298 3985.4765)
(2887.412983 -1250.30298 3985.4765)
(3162.350362 -1250.30298 3985.4765)
(3437.287741 -1250.30298 3985.4765)
(3712.225121 -1250.30298 3985.4765)
(3987.1625 -1250.30298 3985.4765)
(-3986.0215 -1022.49772 3985.4765)
(-3711.084121 -1022.49772 3985.4765)
(-3436.146741 -1022.49772 3985.4765)
(-3161.209362 -1022.49772 3985.4765)
(-2886.271983 -1022.49772 3985.4765)
(-2611.334603 -1022.49772 3985.4765)
(-2336.397224 -1022.49772 3985.4765)
(-2061.459845 -1022.49772 3985.4765)
(-1786.522466 -1022.49772 3985.4765)
(-1511.585086 -1022.49772 3985.4765)
(-1236.647707 -1022.49772 3985.4765)
(-961.7103276 -1022.49772 3985.4765)
(-686.7729483 -1022.49772 3985.4765)
(-411.835569 -1022.49772 3985.4765)
(-136.8981897 -1022.49772 3985.4765)
(138.0391897 -1022.49772 3985.4765)
(412.976569 -1022.49772 3985.4765)
(687.9139483 -1022.49772 3985.4765)
(962.8513276 -1022.49772 3985.4765)
(1237.788707 -1022.49772 3985.4765)
(1512.726086 -1022.49772 3985.4765)
(1787.663466 -1022.49772 3985.4765)
(2062.600845 -1022.49772 3985.4765)
(2337.538224 -1022.49772 3985.4765)
(2612.475603 -1022.49772 3985.4765)
(2887.412983 -1022.49772 3985.4765)
(3162.350362 -1022.49772 3985.4765)
(3437.287741 -1022.49772 3985.4765)
(3712.225121 -1022.49772 3985.4765)
(3987.1625 -1022.49772 3985.4765)
(-3986.0215 -794.69246 3985.4765)
(-3711.084121 -794.69246 3985.4765)
(-3436.146741 -794.69246 3985.4765)
(-3161.209362 -794.69246 3985.4765)
(-2886.271983 -794.69246 3985.4765)
(-2611.334603 -794.69246 3985.4765)
(-2336.397224 -794.69246 3985.4765)
(-2061.459845 -794.69246 3985.4765)
(-1786.522466 -794.69246 3985.4765)
(-1511.585086 -794.69246 3985.4765)
(-1236.647707 -794.69246 3985.4765)
(-961.7103276 -794.69246 3985.4765)
(-686.7729483 -794.69246 3985.4765)
(-411.835569 -794.69246 3985.4765)
(-136.8981897 -794.69246 3985.4765)
(138.0391897 -794.69246 3985.4765)
(412.976569 -794.69246 3985.4765)
(687.9139483 -794.69246 3985.4765)
(962.8513276 -794.69246 3985.4765)
(1237.788707 -794.69246 3985.4765)
(1512.726086 -794.69246 3985.4765)
(1787.663466 -794.69246 3985.4765)
(2062.600845 -794.69246 3985.4765)
(2337.538224 -794.69246 3985.4765)
(2612.475603 -794.69246 3985.4765)
(2887.412983 -794.69246 3985.4765)
(3162.350362 -794.69246 3985.4765)
(3437.287741 -794.69246 3985.4765)
(3712.225121 -794.69246 3985.4765)
(3987.1625 -794.69246 3985.4765)
(-3986.0215 -566.8872 3985.4765)
(-3711.084121 -566.8872 3985.4765)
(-3436.146741 -566.8872 3985.4765)
(-3161.209362 -566.8872 3985.4765)
(-2886.271983 -566.8872 3985.4765)
(-2611.334603 -566.8872 3985.4765)
(-2336.397224 -566.8872 3985.4765)
(-2061.459845 -566.8872 3985.4765)
(-1786.522466 -566.8872 3985.4765)
(-1511.585086 -566.8872 3985.4765)
(-1236.647707 -566.8872 3985.4765)
(-961.7103276 -566.8872 3985.4765)
(-686.7729483 -566.8872 3985.4765)
(-411.835569 -566.8872 3985.4765)
(-136.8981897 -566.8872 3985.4765)
(138.0391897 -566.8872 3985.4765)
(412.976569 -566.8872 3985.4765)
(687.9139483 -566.8872 3985.4765)
(962.8513276 -566.8872 3985.4765)
(1237.788707 -566.8872 3985.4765)
(1512.726086 -566.8872 3985.4765)
(1787.663466 -566.8872 3985.4765)
(2062.600845 -566.8872 3985.4765)
(2337.538224 -566.8872 3985.4765)
(2612.475603 -566.8872 3985.4765)
(2887.412983 -566.8872 3985.4765)
(3162.350362 -566.8872 3985.4765)
(3437.287741 -566.8872 3985.4765)
(3712.225121 -566.8872 3985.4765)
(3987.1625 -566.8872 3985.4765)
(-3986.0215 -339.08194 3985.4765)
(-3711.084121 -339.08194 3985.4765)
(-3436.146741 -339.08194 3985.4765)
(-3161.209362 -339.08194 3985.4765)
(-2886.271983 -339.08194 3985.4765)
(-2611.334603 -339.08194 3985.4765)
(-2336.397224 -339.08194 3985.4765)
(-2061.459845 -339.08194 3985.4765)
(-1786.522466 -339.08194 3985.4765)
(-1511.585086 -339.08194 3985.4765)
(-1236.647707 -339.08194 3985.4765)
(-961.7103276 -339.08194 3985.4765)
(-686.7729483 -339.08194 3985.4765)
(-411.835569 -339.08194 3985.4765)
(-136.8981897 -339.08194 3985.4765)
(138.0391897 -339.08194 3985.4765)
(412.976569 -339.08194 3985.4765)
(687.9139483 -339.08194 3985.4765)
(962.8513276 -339.08194 3985.4765)
(1237.788707 -339.08194 3985.4765)
(1512.726086 -339.08194 3985.4765)
(1787.663466 -339.08194 3985.4765)
(2062.600845 -339.08194 3985.4765)
(2337.538224 -339.08194 3985.4765)
(2612.475603 -339.08194 3985.4765)
(2887.412983 -339.08194 3985.4765)
(3162.350362 -339.08194 3985.4765)
(3437.287741 -339.08194 3985.4765)
(3712.225121 -339.08194 3985.4765)
(3987.1625 -339.08194 3985.4765)
(-3986.0215 -111.27668 3985.4765)
(-3711.084121 -111.27668 3985.4765)
(-3436.146741 -111.27668 3985.4765)
(-3161.209362 -111.27668 3985.4765)
(-2886.271983 -111.27668 3985.4765)
(-2611.334603 -111.27668 3985.4765)
(-2336.397224 -111.27668 3985.4765)
(-2061.459845 -111.27668 3985.4765)
(-1786.522466 -111.27668 3985.4765)
(-1511.585086 -111.27668 3985.4765)
(-1236.647707 -111.27668 3985.4765)
(-961.7103276 -111.27668 3985.4765)
(-686.7729483 -111.27668 3985.4765)
(-411.835569 -111.27668 3985.4765)
(-136.8981897 -111.27668 3985.4765)
(138.0391897 -111.27668 3985.4765)
(412.976569 -111.27668 3985.4765)
(687.9139483 -111.27668 3985.4765)
(962.8513276 -111.27668 3985.4765)
(1237.788707 -111.27668 3985.4765)
(1512.726086 -111.27668 3985.4765)
(1787.663466 -111.27668 3985.4765)
(2062.600845 -111.27668 3985.4765)
(2337.538224 -111.27668 3985.4765)
(2612.475603 -111.27668 3985.4765)
(2887.412983 -111.27668 3985.4765)
(3162.350362 -111.27668 3985.4765)
(3437.287741 -111.27668 3985.4765)
(3712.225121 -111.27668 3985.4765)
(3987.1625 -111.27668 3985.4765)
(-3986.0215 116.52858 3985.4765)
(-3711.084121 116.52858 3985.4765)
(-3436.146741 116.52858 3985.4765)
(-3161.209362 116.52858 3985.4765)
(-2886.271983 116.52858 3985.4765)
(-2611.334603 116.52858 3985.4765)
(-2336.397224 116.52858 3985.4765)
(-2061.459845 116.52858 3985.4765)
(-1786.522466 116.52858 3985.4765)
(-1511.585086 116.52858 3985.4765)
(-1236.647707 116.52858 3985.4765)
(-961.7103276 116.52858 3985.4765)
(-686.7729483 116.52858 3985.4765)
(-411.835569 116.52858 3985.4765)
(-136.8981897 116.52858 3985.4765)
(138.0391897 116.52858 3985.4765)
(412.976569 116.52858 3985.4765)
(687.9139483 116.52858 3985.4765)
(962.8513276 116.52858 3985.4765)
(1237.788707 116.52858 3985.4765)
(1512.726086 116.52858 3985.4765)
(1787.663466 116.52858 3985.4765)
(2062.600845 116.52858 3985.4765)
(2337.538224 116.52858 3985.4765)
(2612.475603 116.52858 3985.4765)
(2887.412983 116.52858 3985.4765)
(3162.350362 116.52858 3985.4765)
(3437.287741 116.52858 3985.4765)
(3712.225121 116.52858 3985.4765)
(3987.1625 116.52858 3985.4765)
(-3986.0215 344.33384 3985.4765)
(-3711.084121 344.33384 3985.4765)
(-3436.146741 344.33384 3985.4765)
(-3161.209362 344.33384 3985.4765)
(-2886.271983 344.33384 3985.4765)
(-2611.334603 344.33384 3985.4765)
(-2336.397224 344.33384 3985.4765)
(-2061.459845 344.33384 3985.4765)
(-1786.522466 344.33384 3985.4765)
(-1511.585086 344.33384 3985.4765)
(-1236.647707 344.33384 3985.4765)
(-961.7103276 344.33384 3985.4765)
(-686.7729483 344.33384 3985.4765)
(-411.835569 344.33384 3985.4765)
(-136.8981897 344.33384 3985.4765)
(138.0391897 344.33384 3985.4765)
(412.976569 344.33384 3985.4765)
(687.9139483 344.33384 3985.4765)
(962.8513276 344.33384 3985.4765)
(1237.788707 344.33384 3985.4765)
(1512.726086 344.33384 3985.4765)
(1787.663466 344.33384 3985.4765)
(2062.600845 344.33384 3985.4765)
(2337.538224 344.33384 3985.4765)
(2612.475603 344.33384 3985.4765)
(2887.412983 344.33384 3985.4765)
(3162.350362 344.33384 3985.4765)
(3437.287741 344.33384 3985.4765)
(3712.225121 344.33384 3985.4765)
(3987.1625 344.33384 3985.4765)
(-3986.0215 572.1391 3985.4765)
(-3711.084121 572.1391 3985.4765)
(-3436.146741 572.1391 3985.4765)
(-3161.209362 572.1391 3985.4765)
(-2886.271983 572.1391 3985.4765)
(-2611.334603 572.1391 3985.4765)
(-2336.397224 572.1391 3985.4765)
(-2061.459845 572.1391 3985.4765)
(-1786.522466 572.1391 3985.4765)
(-1511.585086 572.1391 3985.4765)
(-1236.647707 572.1391 3985.4765)
(-961.7103276 572.1391 3985.4765)
(-686.7729483 572.1391 3985.4765)
(-411.835569 572.1391 3985.4765)
(-136.8981897 572.1391 3985.4765)
(138.0391897 572.1391 3985.4765)
(412.976569 572.1391 3985.4765)
(687.9139483 572.1391 3985.4765)
(962.8513276 572.1391 3985.4765)
(1237.788707 572.1391 3985.4765)
(1512.726086 572.1391 3985.4765)
(1787.663466 572.1391 3985.4765)
(2062.600845 572.1391 3985.4765)
(2337.538224 572.1391 3985.4765)
(2612.475603 572.1391 3985.4765)
(2887.412983 572.1391 3985.4765)
(3162.350362 572.1391 3985.4765)
(3437.287741 572.1391 3985.4765)
(3712.225121 572.1391 3985.4765)
(3987.1625 572.1391 3985.4765)
(-3986.0215 799.94436 3985.4765)
(-3711.084121 799.94436 3985.4765)
(-3436.146741 799.94436 3985.4765)
(-3161.209362 799.94436 3985.4765)
(-2886.271983 799.94436 3985.4765)
(-2611.334603 799.94436 3985.4765)
(-2336.397224 799.94436 3985.4765)
(-2061.459845 799.94436 3985.4765)
(-1786.522466 799.94436 3985.4765)
(-1511.585086 799.94436 3985.4765)
(-1236.647707 799.94436 3985.4765)
(-961.7103276 799.94436 3985.4765)
(-686.7729483 799.94436 3985.4765)
(-411.835569 799.94436 3985.4765)
(-136.8981897 799.94436 3985.4765)
(138.0391897 799.94436 3985.4765)
(412.976569 799.94436 3985.4765)
(687.9139483 799.94436 3985.4765)
(962.8513276 799.94436 3985.4765)
(1237.788707 799.94436 3985.4765)
(1512.726086 799.94436 3985.4765)
(1787.663466 799.94436 3985.4765)
(2062.600845 799.94436 3985.4765)
(2337.538224 799.94436 3985.4765)
(2612.475603 799.94436 3985.4765)
(2887.412983 799.94436 3985.4765)
(3162.350362 799.94436 3985.4765)
(3437.287741 799.94436 3985.4765)
(3712.225121 799.94436 3985.4765)
(3987.1625 799.94436 3985.4765)
(-3986.0215 1027.74962 3985.4765)
(-3711.084121 1027.74962 3985.4765)
(-3436.146741 1027.74962 3985.4765)
(-3161.209362 1027.74962 3985.4765)
(-2886.271983 1027.74962 3985.4765)
(-2611.334603 1027.74962 3985.4765)
(-2336.397224 1027.74962 3985.4765)
(-2061.459845 1027.74962 3985.4765)
(-1786.522466 1027.74962 3985.4765)
(-1511.585086 1027.74962 3985.4765)
(-1236.647707 1027.74962 3985.4765)
(-961.7103276 1027.74962 3985.4765)
(-686.7729483 1027.74962 3985.4765)
(-411.835569 1027.74962 3985.4765)
(-136.8981897 1027.74962 3985.4765)
(138.0391897 1027.74962 3985.4765)
(412.976569 1027.74962 3985.4765)
(687.9139483 1027.74962 3985.4765)
(962.8513276 1027.74962 3985.4765)
(1237.788707 1027.74962 3985.4765)
(1512.726086 1027.74962 3985.4765)
(1787.663466 1027.74962 3985.4765)
(2062.600845 1027.74962 3985.4765)
(2337.538224 1027.74962 3985.4765)
(2612.475603 1027.74962 3985.4765)
(2887.412983 1027.74962 3985.4765)
(3162.350362 1027.74962 3985.4765)
(3437.287741 1027.74962 3985.4765)
(3712.225121 1027.74962 3985.4765)
(3987.1625 1027.74962 3985.4765)
(-3986.0215 1255.55488 3985.4765)
(-3711.084121 1255.55488 3985.4765)
(-3436.146741 1255.55488 3985.4765)
(-3161.209362 1255.55488 3985.4765)
(-2886.271983 1255.55488 3985.4765)
(-2611.334603 1255.55488 3985.4765)
(-2336.397224 1255.55488 3985.4765)
(-2061.459845 1255.55488 3985.4765)
(-1786.522466 1255.55488 3985.4765)
(-1511.585086 1255.55488 3985.4765)
(-1236.647707 1255.55488 3985.4765)
(-961.7103276 1255.55488 3985.4765)
(-686.7729483 1255.55488 3985.4765)
(-411.835569 1255.55488 3985.4765)
(-136.8981897 1255.55488 3985.4765)
(138.0391897 1255.55488 3985.4765)
(412.976569 1255.55488 3985.4765)
(687.9139483 1255.55488 3985.4765)
(962.8513276 1255.55488 3985.4765)
(1237.788707 1255.55488 3985.4765)
(1512.726086 1255.55488 3985.4765)
(1787.663466 1255.55488 3985.4765)
(2062.600845 1255.55488 3985.4765)
(2337.538224 1255.55488 3985.4765)
(2612.475603 1255.55488 3985.4765)
(2887.412983 1255.55488 3985.4765)
(3162.350362 1255.55488 3985.4765)
(3437.287741 1255.55488 3985.4765)
(3712.225121 1255.55488 3985.4765)
(3987.1625 1255.55488 3985.4765)
(-3986.0215 1483.36014 3985.4765)
(-3711.084121 1483.36014 3985.4765)
(-3436.146741 1483.36014 3985.4765)
(-3161.209362 1483.36014 3985.4765)
(-2886.271983 1483.36014 3985.4765)
(-2611.334603 1483.36014 3985.4765)
(-2336.397224 1483.36014 3985.4765)
(-2061.459845 1483.36014 3985.4765)
(-1786.522466 1483.36014 3985.4765)
(-1511.585086 1483.36014 3985.4765)
(-1236.647707 1483.36014 3985.4765)
(-961.7103276 1483.36014 3985.4765)
(-686.7729483 1483.36014 3985.4765)
(-411.835569 1483.36014 3985.4765)
(-136.8981897 1483.36014 3985.4765)
(138.0391897 1483.36014 3985.4765)
(412.976569 1483.36014 3985.4765)
(687.9139483 1483.36014 3985.4765)
(962.8513276 1483.36014 3985.4765)
(1237.788707 1483.36014 3985.4765)
(1512.726086 1483.36014 3985.4765)
(1787.663466 1483.36014 3985.4765)
(2062.600845 1483.36014 3985.4765)
(2337.538224 1483.36014 3985.4765)
(2612.475603 1483.36014 3985.4765)
(2887.412983 1483.36014 3985.4765)
(3162.350362 1483.36014 3985.4765)
(3437.287741 1483.36014 3985.4765)
(3712.225121 1483.36014 3985.4765)
(3987.1625 1483.36014 3985.4765)
(-3986.0215 1711.1654 3985.4765)
(-3711.084121 1711.1654 3985.4765)
(-3436.146741 1711.1654 3985.4765)
(-3161.209362 1711.1654 3985.4765)
(-2886.271983 1711.1654 3985.4765)
(-2611.334603 1711.1654 3985.4765)
(-2336.397224 1711.1654 3985.4765)
(-2061.459845 1711.1654 3985.4765)
(-1786.522466 1711.1654 3985.4765)
(-1511.585086 1711.1654 3985.4765)
(-1236.647707 1711.1654 3985.4765)
(-961.7103276 1711.1654 3985.4765)
(-686.7729483 1711.1654 3985.4765)
(-411.835569 1711.1654 3985.4765)
(-136.8981897 1711.1654 3985.4765)
(138.0391897 1711.1654 3985.4765)
(412.976569 1711.1654 3985.4765)
(687.9139483 1711.1654 3985.4765)
(962.8513276 1711.1654 3985.4765)
(1237.788707 1711.1654 3985.4765)
(1512.726086 1711.1654 3985.4765)
(1787.663466 1711.1654 3985.4765)
(2062.600845 1711.1654 3985.4765)
(2337.538224 1711.1654 3985.4765)
(2612.475603 1711.1654 3985.4765)
(2887.412983 1711.1654 3985.4765)
(3162.350362 1711.1654 3985.4765)
(3437.287741 1711.1654 3985.4765)
(3712.225121 1711.1654 3985.4765)
(3987.1625 1711.1654 3985.4765)
(-3986.0215 1938.97066 3985.4765)
(-3711.084121 1938.97066 3985.4765)
(-3436.146741 1938.97066 3985.4765)
(-3161.209362 1938.97066 3985.4765)
(-2886.271983 1938.97066 3985.4765)
(-2611.334603 1938.97066 3985.4765)
(-2336.397224 1938.97066 3985.4765)
(-2061.459845 1938.97066 3985.4765)
(-1786.522466 1938.97066 3985.4765)
(-1511.585086 1938.97066 3985.4765)
(-1236.647707 1938.97066 3985.4765)
(-961.7103276 1938.97066 3985.4765)
(-686.7729483 1938.97066 3985.4765)
(-411.835569 1938.97066 3985.4765)
(-136.8981897 1938.97066 3985.4765)
(138.0391897 1938.97066 3985.4765)
(412.976569 1938.97066 3985.4765)
(687.9139483 1938.97066 3985.4765)
(962.8513276 1938.97066 3985.4765)
(1237.788707 1938.97066 3985.4765)
(1512.726086 1938.97066 3985.4765)
(1787.663466 1938.97066 3985.4765)
(2062.600845 1938.97066 3985.4765)
(2337.538224 1938.97066 3985.4765)
(2612.475603 1938.97066 3985.4765)
(2887.412983 1938.97066 3985.4765)
(3162.350362 1938.97066 3985.4765)
(3437.287741 1938.97066 3985.4765)
(3712.225121 1938.97066 3985.4765)
(3987.1625 1938.97066 3985.4765)
(-3986.0215 2166.77592 3985.4765)
(-3711.084121 2166.77592 3985.4765)
(-3436.146741 2166.77592 3985.4765)
(-3161.209362 2166.77592 3985.4765)
(-2886.271983 2166.77592 3985.4765)
(-2611.334603 2166.77592 3985.4765)
(-2336.397224 2166.77592 3985.4765)
(-2061.459845 2166.77592 3985.4765)
(-1786.522466 2166.77592 3985.4765)
(-1511.585086 2166.77592 3985.4765)
(-1236.647707 2166.77592 3985.4765)
(-961.7103276 2166.77592 3985.4765)
(-686.7729483 2166.77592 3985.4765)
(-411.835569 2166.77592 3985.4765)
(-136.8981897 2166.77592 3985.4765)
(138.0391897 2166.77592 3985.4765)
(412.976569 2166.77592 3985.4765)
(687.9139483 2166.77592 3985.4765)
(962.8513276 2166.77592 3985.4765)
(1237.788707 2166.77592 3985.4765)
(1512.726086 2166.77592 3985.4765)
(1787.663466 2166.77592 3985.4765)
(2062.600845 2166.77592 3985.4765)
(2337.538224 2166.77592 3985.4765)
(2612.475603 2166.77592 3985.4765)
(2887.412983 2166.77592 3985.4765)
(3162.350362 2166.77592 3985.4765)
(3437.287741 2166.77592 3985.4765)
(3712.225121 2166.77592 3985.4765)
(3987.1625 2166.77592 3985.4765)
(-3986.0215 2394.58118 3985.4765)
(-3711.084121 2394.58118 3985.4765)
(-3436.146741 2394.58118 3985.4765)
(-3161.209362 2394.58118 3985.4765)
(-2886.271983 2394.58118 3985.4765)
(-2611.334603 2394.58118 3985.4765)
(-2336.397224 2394.58118 3985.4765)
(-2061.459845 2394.58118 3985.4765)
(-1786.522466 2394.58118 3985.4765)
(-1511.585086 2394.58118 3985.4765)
(-1236.647707 2394.58118 3985.4765)
(-961.7103276 2394.58118 3985.4765)
(-686.7729483 2394.58118 3985.4765)
(-411.835569 2394.58118 3985.4765)
(-136.8981897 2394.58118 3985.4765)
(138.0391897 2394.58118 3985.4765)
(412.976569 2394.58118 3985.4765)
(687.9139483 2394.58118 3985.4765)
(962.8513276 2394.58118 3985.4765)
(1237.788707 2394.58118 3985.4765)
(1512.726086 2394.58118 3985.4765)
(1787.663466 2394.58118 3985.4765)
(2062.600845 2394.58118 3985.4765)
(2337.538224 2394.58118 3985.4765)
(2612.475603 2394.58118 3985.4765)
(2887.412983 2394.58118 3985.4765)
(3162.350362 2394.58118 3985.4765)
(3437.287741 2394.58118 3985.4765)
(3712.225121 2394.58118 3985.4765)
(3987.1625 2394.58118 3985.4765)
(-3986.0215 2622.38644 3985.4765)
(-3711.084121 2622.38644 3985.4765)
(-3436.146741 2622.38644 3985.4765)
(-3161.209362 2622.38644 3985.4765)
(-2886.271983 2622.38644 3985.4765)
(-2611.334603 2622.38644 3985.4765)
(-2336.397224 2622.38644 3985.4765)
(-2061.459845 2622.38644 3985.4765)
(-1786.522466 2622.38644 3985.4765)
(-1511.585086 2622.38644 3985.4765)
(-1236.647707 2622.38644 3985.4765)
(-961.7103276 2622.38644 3985.4765)
(-686.7729483 2622.38644 3985.4765)
(-411.835569 2622.38644 3985.4765)
(-136.8981897 2622.38644 3985.4765)
(138.0391897 2622.38644 3985.4765)
(412.976569 2622.38644 3985.4765)
(687.9139483 2622.38644 3985.4765)
(962.8513276 2622.38644 3985.4765)
(1237.788707 2622.38644 3985.4765)
(1512.726086 2622.38644 3985.4765)
(1787.663466 2622.38644 3985.4765)
(2062.600845 2622.38644 3985.4765)
(2337.538224 2622.38644 3985.4765)
(2612.475603 2622.38644 3985.4765)
(2887.412983 2622.38644 3985.4765)
(3162.350362 2622.38644 3985.4765)
(3437.287741 2622.38644 3985.4765)
(3712.225121 2622.38644 3985.4765)
(3987.1625 2622.38644 3985.4765)
(-3986.0215 2850.1917 3985.4765)
(-3711.084121 2850.1917 3985.4765)
(-3436.146741 2850.1917 3985.4765)
(-3161.209362 2850.1917 3985.4765)
(-2886.271983 2850.1917 3985.4765)
(-2611.334603 2850.1917 3985.4765)
(-2336.397224 2850.1917 3985.4765)
(-2061.459845 2850.1917 3985.4765)
(-1786.522466 2850.1917 3985.4765)
(-1511.585086 2850.1917 3985.4765)
(-1236.647707 2850.1917 3985.4765)
(-961.7103276 2850.1917 3985.4765)
(-686.7729483 2850.1917 3985.4765)
(-411.835569 2850.1917 3985.4765)
(-136.8981897 2850.1917 3985.4765)
(138.0391897 2850.1917 3985.4765)
(412.976569 2850.1917 3985.4765)
(687.9139483 2850.1917 3985.4765)
(962.8513276 2850.1917 3985.4765)
(1237.788707 2850.1917 3985.4765)
(1512.726086 2850.1917 3985.4765)
(1787.663466 2850.1917 3985.4765)
(2062.600845 2850.1917 3985.4765)
(2337.538224 2850.1917 3985.4765)
(2612.475603 2850.1917 3985.4765)
(2887.412983 2850.1917 3985.4765)
(3162.350362 2850.1917 3985.4765)
(3437.287741 2850.1917 3985.4765)
(3712.225121 2850.1917 3985.4765)
(3987.1625 2850.1917 3985.4765)
(-3986.0215 3077.99696 3985.4765)
(-3711.084121 3077.99696 3985.4765)
(-3436.146741 3077.99696 3985.4765)
(-3161.209362 3077.99696 3985.4765)
(-2886.271983 3077.99696 3985.4765)
(-2611.334603 3077.99696 3985.4765)
(-2336.397224 3077.99696 3985.4765)
(-2061.459845 3077.99696 3985.4765)
(-1786.522466 3077.99696 3985.4765)
(-1511.585086 3077.99696 3985.4765)
(-1236.647707 3077.99696 3985.4765)
(-961.7103276 3077.99696 3985.4765)
(-686.7729483 3077.99696 3985.4765)
(-411.835569 3077.99696 3985.4765)
(-136.8981897 3077.99696 3985.4765)
(138.0391897 3077.99696 3985.4765)
(412.976569 3077.99696 3985.4765)
(687.9139483 3077.99696 3985.4765)
(962.8513276 3077.99696 3985.4765)
(1237.788707 3077.99696 3985.4765)
(1512.726086 3077.99696 3985.4765)
(1787.663466 3077.99696 3985.4765)
(2062.600845 3077.99696 3985.4765)
(2337.538224 3077.99696 3985.4765)
(2612.475603 3077.99696 3985.4765)
(2887.412983 3077.99696 3985.4765)
(3162.350362 3077.99696 3985.4765)
(3437.287741 3077.99696 3985.4765)
(3712.225121 3077.99696 3985.4765)
(3987.1625 3077.99696 3985.4765)
(-3986.0215 3305.80222 3985.4765)
(-3711.084121 3305.80222 3985.4765)
(-3436.146741 3305.80222 3985.4765)
(-3161.209362 3305.80222 3985.4765)
(-2886.271983 3305.80222 3985.4765)
(-2611.334603 3305.80222 3985.4765)
(-2336.397224 3305.80222 3985.4765)
(-2061.459845 3305.80222 3985.4765)
(-1786.522466 3305.80222 3985.4765)
(-1511.585086 3305.80222 3985.4765)
(-1236.647707 3305.80222 3985.4765)
(-961.7103276 3305.80222 3985.4765)
(-686.7729483 3305.80222 3985.4765)
(-411.835569 3305.80222 3985.4765)
(-136.8981897 3305.80222 3985.4765)
(138.0391897 3305.80222 3985.4765)
(412.976569 3305.80222 3985.4765)
(687.9139483 3305.80222 3985.4765)
(962.8513276 3305.80222 3985.4765)
(1237.788707 3305.80222 3985.4765)
(1512.726086 3305.80222 3985.4765)
(1787.663466 3305.80222 3985.4765)
(2062.600845 3305.80222 3985.4765)
(2337.538224 3305.80222 3985.4765)
(2612.475603 3305.80222 3985.4765)
(2887.412983 3305.80222 3985.4765)
(3162.350362 3305.80222 3985.4765)
(3437.287741 3305.80222 3985.4765)
(3712.225121 3305.80222 3985.4765)
(3987.1625 3305.80222 3985.4765)
(-3986.0215 3533.60748 3985.4765)
(-3711.084121 3533.60748 3985.4765)
(-3436.146741 3533.60748 3985.4765)
(-3161.209362 3533.60748 3985.4765)
(-2886.271983 3533.60748 3985.4765)
(-2611.334603 3533.60748 3985.4765)
(-2336.397224 3533.60748 3985.4765)
(-2061.459845 3533.60748 3985.4765)
(-1786.522466 3533.60748 3985.4765)
(-1511.585086 3533.60748 3985.4765)
(-1236.647707 3533.60748 3985.4765)
(-961.7103276 3533.60748 3985.4765)
(-686.7729483 3533.60748 3985.4765)
(-411.835569 3533.60748 3985.4765)
(-136.8981897 3533.60748 3985.4765)
(138.0391897 3533.60748 3985.4765)
(412.976569 3533.60748 3985.4765)
(687.9139483 3533.60748 3985.4765)
(962.8513276 3533.60748 3985.4765)
(1237.788707 3533.60748 3985.4765)
(1512.726086 3533.60748 3985.4765)
(1787.663466 3533.60748 3985.4765)
(2062.600845 3533.60748 3985.4765)
(2337.538224 3533.60748 3985.4765)
(2612.475603 3533.60748 3985.4765)
(2887.412983 3533.60748 3985.4765)
(3162.350362 3533.60748 3985.4765)
(3437.287741 3533.60748 3985.4765)
(3712.225121 3533.60748 3985.4765)
(3987.1625 3533.60748 3985.4765)
(-3986.0215 3761.41274 3985.4765)
(-3711.084121 3761.41274 3985.4765)
(-3436.146741 3761.41274 3985.4765)
(-3161.209362 3761.41274 3985.4765)
(-2886.271983 3761.41274 3985.4765)
(-2611.334603 3761.41274 3985.4765)
(-2336.397224 3761.41274 3985.4765)
(-2061.459845 3761.41274 3985.4765)
(-1786.522466 3761.41274 3985.4765)
(-1511.585086 3761.41274 3985.4765)
(-1236.647707 3761.41274 3985.4765)
(-961.7103276 3761.41274 3985.4765)
(-686.7729483 3761.41274 3985.4765)
(-411.835569 3761.41274 3985.4765)
(-136.8981897 3761.41274 3985.4765)
(138.0391897 3761.41274 3985.4765)
(412.976569 3761.41274 3985.4765)
(687.9139483 3761.41274 3985.4765)
(962.8513276 3761.41274 3985.4765)
(1237.788707 3761.41274 3985.4765)
(1512.726086 3761.41274 3985.4765)
(1787.663466 3761.41274 3985.4765)
(2062.600845 3761.41274 3985.4765)
(2337.538224 3761.41274 3985.4765)
(2612.475603 3761.41274 3985.4765)
(2887.412983 3761.41274 3985.4765)
(3162.350362 3761.41274 3985.4765)
(3437.287741 3761.41274 3985.4765)
(3712.225121 3761.41274 3985.4765)
(3987.1625 3761.41274 3985.4765)
(-3986.0215 3989.218 3985.4765)
(-3711.084121 3989.218 3985.4765)
(-3436.146741 3989.218 3985.4765)
(-3161.209362 3989.218 3985.4765)
(-2886.271983 3989.218 3985.4765)
(-2611.334603 3989.218 3985.4765)
(-2336.397224 3989.218 3985.4765)
(-2061.459845 3989.218 3985.4765)
(-1786.522466 3989.218 3985.4765)
(-1511.585086 3989.218 3985.4765)
(-1236.647707 3989.218 3985.4765)
(-961.7103276 3989.218 3985.4765)
(-686.7729483 3989.218 3985.4765)
(-411.835569 3989.218 3985.4765)
(-136.8981897 3989.218 3985.4765)
(138.0391897 3989.218 3985.4765)
(412.976569 3989.218 3985.4765)
(687.9139483 3989.218 3985.4765)
(962.8513276 3989.218 3985.4765)
(1237.788707 3989.218 3985.4765)
(1512.726086 3989.218 3985.4765)
(1787.663466 3989.218 3985.4765)
(2062.600845 3989.218 3985.4765)
(2337.538224 3989.218 3985.4765)
(2612.475603 3989.218 3985.4765)
(2887.412983 3989.218 3985.4765)
(3162.350362 3989.218 3985.4765)
(3437.287741 3989.218 3985.4765)
(3712.225121 3989.218 3985.4765)
(3987.1625 3989.218 3985.4765)
)


// ************************************************************************* //
